drug,pubchem_cid,smiles,adr,label
glipizide,3478,CC1=CN=C(C=N1)C(=O)NCCC2=CC=C(C=C2)S(=O)(=O)NC(=O)NC3CCCCC3,Constipation,1
nateglinide,5311309,CC(C)C1CCC(CC1)C(=O)NC(CC2=CC=CC=C2)C(=O)O,Hyperplastic cholecystopathy,0
metformin,4091,CN(C)C(=N)N=C(N)N,Hepatitis cholestatic,1
glyburide,3488,COC1=C(C=C(C=C1)Cl)C(=O)NCCC2=CC=C(C=C2)S(=O)(=O)NC(=O)NC3CCCCC3,Portal hypertension,0
glyburide,3488,COC1=C(C=C(C=C1)Cl)C(=O)NCCC2=CC=C(C=C2)S(=O)(=O)NC(=O)NC3CCCCC3,Hypotension,1
dapagliflozin,9887712,CCOC1=CC=C(C=C1)CC2=C(C=CC(=C2)C3C(C(C(C(O3)CO)O)O)O)Cl,Chorea,0
saxagliptin,11243969,C1C2CC2N(C1C#N)C(=O)C(C34CC5CC(C3)CC(C5)(C4)O)N,Vulvitis,0
acarbose,9811704,CC1C(C(C(C(O1)OC2C(OC(C(C2O)O)OC(C(CO)O)C(C(C=O)O)O)CO)O)O)NC3C=C(C(C(C3O)O)O)CO,Penis disorder,0
metformin,4091,CN(C)C(=N)N=C(N)N,Oral mucosal exfoliation,1
repaglinide,65981,CCOC1=C(C=CC(=C1)CC(=O)NC(CC(C)C)C2=CC=CC=C2N3CCCCC3)C(=O)O,Fat tissue increased,1
rosiglitazone,77999,CN(CCOC1=CC=C(C=C1)CC2C(=O)NC(=O)S2)C3=CC=CC=N3,Hypochromic anaemia,0
metformin,4091,CN(C)C(=N)N=C(N)N,Anion gap,1
sitagliptin,4369359,C1CN2C(=NN=C2C(F)(F)F)CN1C(=O)CC(CC3=CC(=C(C=C3F)F)F)N,Injury,0
dapagliflozin,9887712,CCOC1=CC=C(C=C1)CC2=C(C=CC(=C2)C3C(C(C(C(O3)CO)O)O)O)Cl,Septic shock,1
metformin,4091,CN(C)C(=N)N=C(N)N,Generalised oedema,1
pioglitazone,4829,CCC1=CN=C(C=C1)CCOC2=CC=C(C=C2)CC3C(=O)NC(=O)S3,Biliary tract disorder,0
pioglitazone,4829,CCC1=CN=C(C=C1)CCOC2=CC=C(C=C2)CC3C(=O)NC(=O)S3,Uterine operation,0
metformin,4091,CN(C)C(=N)N=C(N)N,Drug level increased,1
rosiglitazone,77999,CN(CCOC1=CC=C(C=C1)CC2C(=O)NC(=O)S2)C3=CC=CC=N3,Salivary hypersecretion,0
metformin,4091,CN(C)C(=N)N=C(N)N,Kidney enlargement,1
canagliflozin,24812758,CC1=C(C=C(C=C1)C2C(C(C(C(O2)CO)O)O)O)CC3=CC=C(S3)C4=CC=C(C=C4)F,Oral candidiasis,0
canagliflozin,24812758,CC1=C(C=C(C=C1)C2C(C(C(C(O2)CO)O)O)O)CC3=CC=C(S3)C4=CC=C(C=C4)F,Hypoaldosteronism,0
repaglinide,65981,CCOC1=C(C=CC(=C1)CC(=O)NC(CC(C)C)C2=CC=CC=C2N3CCCCC3)C(=O)O,Carbuncle,0
linagliptin,10096344,CC#CCN1C2=C(N=C1N3CCCC(C3)N)N(C(=O)N(C2=O)CC4=NC5=CC=CC=C5C(=N4)C)C,Erythema multiforme,0
glyburide,3488,COC1=C(C=C(C=C1)Cl)C(=O)NCCC2=CC=C(C=C2)S(=O)(=O)NC(=O)NC3CCCCC3,Urethral caruncle,0
empagliflozin,11949646,C1COCC1OC2=CC=C(C=C2)CC3=C(C=CC(=C3)C4C(C(C(C(O4)CO)O)O)O)Cl,Hypersomnia,0
empagliflozin,11949646,C1COCC1OC2=CC=C(C=C2)CC3=C(C=CC(=C3)C4C(C(C(C(O4)CO)O)O)O)Cl,Red blood cell count increased,1
canagliflozin,24812758,CC1=C(C=C(C=C1)C2C(C(C(C(O2)CO)O)O)O)CC3=CC=C(S3)C4=CC=C(C=C4)F,Gastrointestinal disorder,1
linagliptin,10096344,CC#CCN1C2=C(N=C1N3CCCC(C3)N)N(C(=O)N(C2=O)CC4=NC5=CC=CC=C5C(=N4)C)C,Joint instability,0
metformin,4091,CN(C)C(=N)N=C(N)N,Crying,1
glipizide,3478,CC1=CN=C(C=N1)C(=O)NCCC2=CC=C(C=C2)S(=O)(=O)NC(=O)NC3CCCCC3,Heart rate increased,1
metformin,4091,CN(C)C(=N)N=C(N)N,Dyspepsia,1
glipizide,3478,CC1=CN=C(C=N1)C(=O)NCCC2=CC=C(C=C2)S(=O)(=O)NC(=O)NC3CCCCC3,Blood calcium increased,0
repaglinide,65981,CCOC1=C(C=CC(=C1)CC(=O)NC(CC(C)C)C2=CC=CC=C2N3CCCCC3)C(=O)O,Diarrhoea,1
metformin,4091,CN(C)C(=N)N=C(N)N,Pulmonary arterial hypertension,0
saxagliptin,11243969,C1C2CC2N(C1C#N)C(=O)C(C34CC5CC(C3)CC(C5)(C4)O)N,Tongue neoplasm malignant stage unspecified,0
metformin,4091,CN(C)C(=N)N=C(N)N,Eosinophilic pneumonia,1
glipizide,3478,CC1=CN=C(C=N1)C(=O)NCCC2=CC=C(C=C2)S(=O)(=O)NC(=O)NC3CCCCC3,Respiratory arrest,1
metformin,4091,CN(C)C(=N)N=C(N)N,Liver disorder,1
metformin,4091,CN(C)C(=N)N=C(N)N,Hemiparesis,1
glyburide,3488,COC1=C(C=C(C=C1)Cl)C(=O)NCCC2=CC=C(C=C2)S(=O)(=O)NC(=O)NC3CCCCC3,Colon injury,0
metformin,4091,CN(C)C(=N)N=C(N)N,Haemorrhage,1
metformin,4091,CN(C)C(=N)N=C(N)N,Oral discomfort,1
canagliflozin,24812758,CC1=C(C=C(C=C1)C2C(C(C(C(O2)CO)O)O)O)CC3=CC=C(S3)C4=CC=C(C=C4)F,Hepatic enzyme abnormal,0
canagliflozin,24812758,CC1=C(C=C(C=C1)C2C(C(C(C(O2)CO)O)O)O)CC3=CC=C(S3)C4=CC=C(C=C4)F,Haemorrhage subcutaneous,1
glimepiride,3476,CCC1=C(CN(C1=O)C(=O)NCCC2=CC=C(C=C2)S(=O)(=O)NC(=O)NC3CCC(CC3)C)C,Peripheral swelling,1
metformin,4091,CN(C)C(=N)N=C(N)N,Stenosis,1
glimepiride,3476,CCC1=C(CN(C1=O)C(=O)NCCC2=CC=C(C=C2)S(=O)(=O)NC(=O)NC3CCC(CC3)C)C,Mucosal erosion,1
metformin,4091,CN(C)C(=N)N=C(N)N,Haemorrhoids,1
metformin,4091,CN(C)C(=N)N=C(N)N,Oropharyngeal pain,1
metformin,4091,CN(C)C(=N)N=C(N)N,Foetal macrosomia,1
metformin,4091,CN(C)C(=N)N=C(N)N,Intestinal resection,1
acarbose,9811704,CC1C(C(C(C(O1)OC2C(OC(C(C2O)O)OC(C(CO)O)C(C(C=O)O)O)CO)O)O)NC3C=C(C(C(C3O)O)O)CO,Enterococcal infection,0
glimepiride,3476,CCC1=C(CN(C1=O)C(=O)NCCC2=CC=C(C=C2)S(=O)(=O)NC(=O)NC3CCC(CC3)C)C,Mobility decreased,1
pioglitazone,4829,CCC1=CN=C(C=C1)CCOC2=CC=C(C=C2)CC3C(=O)NC(=O)S3,Palmar-plantar erythrodysaesthesia syndrome,1
empagliflozin,11949646,C1COCC1OC2=CC=C(C=C2)CC3=C(C=CC(=C3)C4C(C(C(C(O4)CO)O)O)O)Cl,Adrenal gland cancer metastatic,1
sitagliptin,4369359,C1CN2C(=NN=C2C(F)(F)F)CN1C(=O)CC(CC3=CC(=C(C=C3F)F)F)N,Myopia,0
rosiglitazone,77999,CN(CCOC1=CC=C(C=C1)CC2C(=O)NC(=O)S2)C3=CC=CC=N3,Perineal abscess,0
pioglitazone,4829,CCC1=CN=C(C=C1)CCOC2=CC=C(C=C2)CC3C(=O)NC(=O)S3,Wrong schedule,1
nateglinide,5311309,CC(C)C1CCC(CC1)C(=O)NC(CC2=CC=CC=C2)C(=O)O,Drug dose titration not performed,0
saxagliptin,11243969,C1C2CC2N(C1C#N)C(=O)C(C34CC5CC(C3)CC(C5)(C4)O)N,Seizure,1
metformin,4091,CN(C)C(=N)N=C(N)N,Small for dates baby,1
metformin,4091,CN(C)C(=N)N=C(N)N,Immune system disorder,1
glipizide,3478,CC1=CN=C(C=N1)C(=O)NCCC2=CC=C(C=C2)S(=O)(=O)NC(=O)NC3CCCCC3,Appendicitis perforated,0
sitagliptin,4369359,C1CN2C(=NN=C2C(F)(F)F)CN1C(=O)CC(CC3=CC(=C(C=C3F)F)F)N,Anorectal discomfort,0
nateglinide,5311309,CC(C)C1CCC(CC1)C(=O)NC(CC2=CC=CC=C2)C(=O)O,Dilatation ventricular,0
metformin,4091,CN(C)C(=N)N=C(N)N,Skin disorder,1
pioglitazone,4829,CCC1=CN=C(C=C1)CCOC2=CC=C(C=C2)CC3C(=O)NC(=O)S3,Carpal tunnel syndrome,0
glimepiride,3476,CCC1=C(CN(C1=O)C(=O)NCCC2=CC=C(C=C2)S(=O)(=O)NC(=O)NC3CCC(CC3)C)C,Electrocardiogram ST segment abnormal,0
nateglinide,5311309,CC(C)C1CCC(CC1)C(=O)NC(CC2=CC=CC=C2)C(=O)O,Limb amputation,0
glyburide,3488,COC1=C(C=C(C=C1)Cl)C(=O)NCCC2=CC=C(C=C2)S(=O)(=O)NC(=O)NC3CCCCC3,Proctitis,0
glipizide,3478,CC1=CN=C(C=N1)C(=O)NCCC2=CC=C(C=C2)S(=O)(=O)NC(=O)NC3CCCCC3,Vomiting,1
sitagliptin,4369359,C1CN2C(=NN=C2C(F)(F)F)CN1C(=O)CC(CC3=CC(=C(C=C3F)F)F)N,Disorientation,1
pioglitazone,4829,CCC1=CN=C(C=C1)CCOC2=CC=C(C=C2)CC3C(=O)NC(=O)S3,Cardiac failure congestive,1
metformin,4091,CN(C)C(=N)N=C(N)N,Product administration interrupted,1
glimepiride,3476,CCC1=C(CN(C1=O)C(=O)NCCC2=CC=C(C=C2)S(=O)(=O)NC(=O)NC3CCC(CC3)C)C,Coagulation time prolonged,0
linagliptin,10096344,CC#CCN1C2=C(N=C1N3CCCC(C3)N)N(C(=O)N(C2=O)CC4=NC5=CC=CC=C5C(=N4)C)C,Prolonged labour,0
glipizide,3478,CC1=CN=C(C=N1)C(=O)NCCC2=CC=C(C=C2)S(=O)(=O)NC(=O)NC3CCCCC3,Injection site hypersensitivity,0
repaglinide,65981,CCOC1=C(C=CC(=C1)CC(=O)NC(CC(C)C)C2=CC=CC=C2N3CCCCC3)C(=O)O,Urticaria,1
sitagliptin,4369359,C1CN2C(=NN=C2C(F)(F)F)CN1C(=O)CC(CC3=CC(=C(C=C3F)F)F)N,Water pollution,0
metformin,4091,CN(C)C(=N)N=C(N)N,Respiratory depression,1
acarbose,9811704,CC1C(C(C(C(O1)OC2C(OC(C(C2O)O)OC(C(CO)O)C(C(C=O)O)O)CO)O)O)NC3C=C(C(C(C3O)O)O)CO,Culture urine positive,0
metformin,4091,CN(C)C(=N)N=C(N)N,Emotional disorder,1
glipizide,3478,CC1=CN=C(C=N1)C(=O)NCCC2=CC=C(C=C2)S(=O)(=O)NC(=O)NC3CCCCC3,Drooling,1
canagliflozin,24812758,CC1=C(C=C(C=C1)C2C(C(C(C(O2)CO)O)O)O)CC3=CC=C(S3)C4=CC=C(C=C4)F,Fungal urethritis,0
rosiglitazone,77999,CN(CCOC1=CC=C(C=C1)CC2C(=O)NC(=O)S2)C3=CC=CC=N3,Adrenal insufficiency,0
metformin,4091,CN(C)C(=N)N=C(N)N,Necrosis ischaemic,1
metformin,4091,CN(C)C(=N)N=C(N)N,Nasopharyngitis,1
canagliflozin,24812758,CC1=C(C=C(C=C1)C2C(C(C(C(O2)CO)O)O)O)CC3=CC=C(S3)C4=CC=C(C=C4)F,Blood glucose decreased,1
linagliptin,10096344,CC#CCN1C2=C(N=C1N3CCCC(C3)N)N(C(=O)N(C2=O)CC4=NC5=CC=CC=C5C(=N4)C)C,Sinus arrest,0
sitagliptin,4369359,C1CN2C(=NN=C2C(F)(F)F)CN1C(=O)CC(CC3=CC(=C(C=C3F)F)F)N,Abdominal pain,1
metformin,4091,CN(C)C(=N)N=C(N)N,Poor venous access,1
empagliflozin,11949646,C1COCC1OC2=CC=C(C=C2)CC3=C(C=CC(=C3)C4C(C(C(C(O4)CO)O)O)O)Cl,Penile discomfort,1
sitagliptin,4369359,C1CN2C(=NN=C2C(F)(F)F)CN1C(=O)CC(CC3=CC(=C(C=C3F)F)F)N,Congenital hydrocephalus,0
dapagliflozin,9887712,CCOC1=CC=C(C=C1)CC2=C(C=CC(=C2)C3C(C(C(C(O3)CO)O)O)O)Cl,Pruritus genital,1
empagliflozin,11949646,C1COCC1OC2=CC=C(C=C2)CC3=C(C=CC(=C3)C4C(C(C(C(O4)CO)O)O)O)Cl,Nephrotic syndrome,1
repaglinide,65981,CCOC1=C(C=CC(=C1)CC(=O)NC(CC(C)C)C2=CC=CC=C2N3CCCCC3)C(=O)O,Product administration error,1
pioglitazone,4829,CCC1=CN=C(C=C1)CCOC2=CC=C(C=C2)CC3C(=O)NC(=O)S3,Respiratory arrest,0
glipizide,3478,CC1=CN=C(C=N1)C(=O)NCCC2=CC=C(C=C2)S(=O)(=O)NC(=O)NC3CCCCC3,Hypoglycaemic coma,1
sitagliptin,4369359,C1CN2C(=NN=C2C(F)(F)F)CN1C(=O)CC(CC3=CC(=C(C=C3F)F)F)N,Gastrointestinal infection,0
dapagliflozin,9887712,CCOC1=CC=C(C=C1)CC2=C(C=CC(=C2)C3C(C(C(C(O3)CO)O)O)O)Cl,Haemorrhage,1
metformin,4091,CN(C)C(=N)N=C(N)N,Atrial flutter,1
metformin,4091,CN(C)C(=N)N=C(N)N,Blood osmolarity increased,1
sitagliptin,4369359,C1CN2C(=NN=C2C(F)(F)F)CN1C(=O)CC(CC3=CC(=C(C=C3F)F)F)N,Product prescribing error,1
metformin,4091,CN(C)C(=N)N=C(N)N,Postmenopausal haemorrhage,1
glipizide,3478,CC1=CN=C(C=N1)C(=O)NCCC2=CC=C(C=C2)S(=O)(=O)NC(=O)NC3CCCCC3,Metastases to ovary,0
empagliflozin,11949646,C1COCC1OC2=CC=C(C=C2)CC3=C(C=CC(=C3)C4C(C(C(C(O4)CO)O)O)O)Cl,Hepatitis toxic,0
saxagliptin,11243969,C1C2CC2N(C1C#N)C(=O)C(C34CC5CC(C3)CC(C5)(C4)O)N,Campylobacter gastroenteritis,0
glyburide,3488,COC1=C(C=C(C=C1)Cl)C(=O)NCCC2=CC=C(C=C2)S(=O)(=O)NC(=O)NC3CCCCC3,Limb mass,0
linagliptin,10096344,CC#CCN1C2=C(N=C1N3CCCC(C3)N)N(C(=O)N(C2=O)CC4=NC5=CC=CC=C5C(=N4)C)C,Insulin-like growth factor increased,0
metformin,4091,CN(C)C(=N)N=C(N)N,Salivary hypersecretion,1
metformin,4091,CN(C)C(=N)N=C(N)N,Gastrooesophageal reflux disease,1
repaglinide,65981,CCOC1=C(C=CC(=C1)CC(=O)NC(CC(C)C)C2=CC=CC=C2N3CCCCC3)C(=O)O,Product formulation issue,0
metformin,4091,CN(C)C(=N)N=C(N)N,Colitis,1
saxagliptin,11243969,C1C2CC2N(C1C#N)C(=O)C(C34CC5CC(C3)CC(C5)(C4)O)N,Blood aldosterone increased,0
rosiglitazone,77999,CN(CCOC1=CC=C(C=C1)CC2C(=O)NC(=O)S2)C3=CC=CC=N3,Osteopenia,1
glyburide,3488,COC1=C(C=C(C=C1)Cl)C(=O)NCCC2=CC=C(C=C2)S(=O)(=O)NC(=O)NC3CCCCC3,Ectopia cordis,0
metformin,4091,CN(C)C(=N)N=C(N)N,Serum amyloid A protein increased,1
empagliflozin,11949646,C1COCC1OC2=CC=C(C=C2)CC3=C(C=CC(=C3)C4C(C(C(C(O4)CO)O)O)O)Cl,Drug level decreased,0
empagliflozin,11949646,C1COCC1OC2=CC=C(C=C2)CC3=C(C=CC(=C3)C4C(C(C(C(O4)CO)O)O)O)Cl,Thyroid cancer recurrent,0
glyburide,3488,COC1=C(C=C(C=C1)Cl)C(=O)NCCC2=CC=C(C=C2)S(=O)(=O)NC(=O)NC3CCCCC3,Multiple sclerosis relapse,0
empagliflozin,11949646,C1COCC1OC2=CC=C(C=C2)CC3=C(C=CC(=C3)C4C(C(C(C(O4)CO)O)O)O)Cl,Delusion,0
nateglinide,5311309,CC(C)C1CCC(CC1)C(=O)NC(CC2=CC=CC=C2)C(=O)O,Product packaging issue,0
canagliflozin,24812758,CC1=C(C=C(C=C1)C2C(C(C(C(O2)CO)O)O)O)CC3=CC=C(S3)C4=CC=C(C=C4)F,Gastrointestinal sounds abnormal,0
glyburide,3488,COC1=C(C=C(C=C1)Cl)C(=O)NCCC2=CC=C(C=C2)S(=O)(=O)NC(=O)NC3CCCCC3,Bronchial carcinoma,0
saxagliptin,11243969,C1C2CC2N(C1C#N)C(=O)C(C34CC5CC(C3)CC(C5)(C4)O)N,Blood prolactin increased,0
rosiglitazone,77999,CN(CCOC1=CC=C(C=C1)CC2C(=O)NC(=O)S2)C3=CC=CC=N3,Colorectal cancer stage IV,0
glyburide,3488,COC1=C(C=C(C=C1)Cl)C(=O)NCCC2=CC=C(C=C2)S(=O)(=O)NC(=O)NC3CCCCC3,Hyperpyrexia,0
glyburide,3488,COC1=C(C=C(C=C1)Cl)C(=O)NCCC2=CC=C(C=C2)S(=O)(=O)NC(=O)NC3CCCCC3,Transplant rejection,0
rosiglitazone,77999,CN(CCOC1=CC=C(C=C1)CC2C(=O)NC(=O)S2)C3=CC=CC=N3,Prostatic specific antigen increased,0
metformin,4091,CN(C)C(=N)N=C(N)N,Fatigue,1
nateglinide,5311309,CC(C)C1CCC(CC1)C(=O)NC(CC2=CC=CC=C2)C(=O)O,Bronchospasm,0
metformin,4091,CN(C)C(=N)N=C(N)N,Basedow's disease,1
metformin,4091,CN(C)C(=N)N=C(N)N,Atrophic vulvovaginitis,1
repaglinide,65981,CCOC1=C(C=CC(=C1)CC(=O)NC(CC(C)C)C2=CC=CC=C2N3CCCCC3)C(=O)O,Peritonitis,0
empagliflozin,11949646,C1COCC1OC2=CC=C(C=C2)CC3=C(C=CC(=C3)C4C(C(C(C(O4)CO)O)O)O)Cl,Blood cyanide increased,0
saxagliptin,11243969,C1C2CC2N(C1C#N)C(=O)C(C34CC5CC(C3)CC(C5)(C4)O)N,Pyelocaliectasis,0
dapagliflozin,9887712,CCOC1=CC=C(C=C1)CC2=C(C=CC(=C2)C3C(C(C(C(O3)CO)O)O)O)Cl,Dizziness,1
metformin,4091,CN(C)C(=N)N=C(N)N,Asthenopia,1
metformin,4091,CN(C)C(=N)N=C(N)N,Feeling of despair,1
repaglinide,65981,CCOC1=C(C=CC(=C1)CC(=O)NC(CC(C)C)C2=CC=CC=C2N3CCCCC3)C(=O)O,Genital disorder,0
nateglinide,5311309,CC(C)C1CCC(CC1)C(=O)NC(CC2=CC=CC=C2)C(=O)O,Bedridden,0
repaglinide,65981,CCOC1=C(C=CC(=C1)CC(=O)NC(CC(C)C)C2=CC=CC=C2N3CCCCC3)C(=O)O,Failure to thrive,0
glimepiride,3476,CCC1=C(CN(C1=O)C(=O)NCCC2=CC=C(C=C2)S(=O)(=O)NC(=O)NC3CCC(CC3)C)C,Alcoholic ketoacidosis,0
metformin,4091,CN(C)C(=N)N=C(N)N,Cartilage atrophy,0
acarbose,9811704,CC1C(C(C(C(O1)OC2C(OC(C(C2O)O)OC(C(CO)O)C(C(C=O)O)O)CO)O)O)NC3C=C(C(C(C3O)O)O)CO,Abdominal pain upper,1
empagliflozin,11949646,C1COCC1OC2=CC=C(C=C2)CC3=C(C=CC(=C3)C4C(C(C(C(O4)CO)O)O)O)Cl,Post procedural bile leak,0
metformin,4091,CN(C)C(=N)N=C(N)N,Enthesopathy,1
linagliptin,10096344,CC#CCN1C2=C(N=C1N3CCCC(C3)N)N(C(=O)N(C2=O)CC4=NC5=CC=CC=C5C(=N4)C)C,Exposure via skin contact,0
linagliptin,10096344,CC#CCN1C2=C(N=C1N3CCCC(C3)N)N(C(=O)N(C2=O)CC4=NC5=CC=CC=C5C(=N4)C)C,Invasive breast carcinoma,0
metformin,4091,CN(C)C(=N)N=C(N)N,Sinusitis,1
glipizide,3478,CC1=CN=C(C=N1)C(=O)NCCC2=CC=C(C=C2)S(=O)(=O)NC(=O)NC3CCCCC3,Gastrointestinal disorder,1
acarbose,9811704,CC1C(C(C(C(O1)OC2C(OC(C(C2O)O)OC(C(CO)O)C(C(C=O)O)O)CO)O)O)NC3C=C(C(C(C3O)O)O)CO,Floppy infant,0
metformin,4091,CN(C)C(=N)N=C(N)N,Adrenal disorder,1
repaglinide,65981,CCOC1=C(C=CC(=C1)CC(=O)NC(CC(C)C)C2=CC=CC=C2N3CCCCC3)C(=O)O,Metastases to lymph nodes,0
sitagliptin,4369359,C1CN2C(=NN=C2C(F)(F)F)CN1C(=O)CC(CC3=CC(=C(C=C3F)F)F)N,High density lipoprotein increased,0
linagliptin,10096344,CC#CCN1C2=C(N=C1N3CCCC(C3)N)N(C(=O)N(C2=O)CC4=NC5=CC=CC=C5C(=N4)C)C,Vulval ulceration,0
metformin,4091,CN(C)C(=N)N=C(N)N,Thrombocytopenia,1
acarbose,9811704,CC1C(C(C(C(O1)OC2C(OC(C(C2O)O)OC(C(CO)O)C(C(C=O)O)O)CO)O)O)NC3C=C(C(C(C3O)O)O)CO,Hepatitis fulminant,0
metformin,4091,CN(C)C(=N)N=C(N)N,Helicobacter infection,1
empagliflozin,11949646,C1COCC1OC2=CC=C(C=C2)CC3=C(C=CC(=C3)C4C(C(C(C(O4)CO)O)O)O)Cl,Sinus tachycardia,1
pioglitazone,4829,CCC1=CN=C(C=C1)CCOC2=CC=C(C=C2)CC3C(=O)NC(=O)S3,Renal failure,1
glyburide,3488,COC1=C(C=C(C=C1)Cl)C(=O)NCCC2=CC=C(C=C2)S(=O)(=O)NC(=O)NC3CCCCC3,Basedow's disease,0
metformin,4091,CN(C)C(=N)N=C(N)N,Frequent bowel movements,1
metformin,4091,CN(C)C(=N)N=C(N)N,Product prescribing error,1
sitagliptin,4369359,C1CN2C(=NN=C2C(F)(F)F)CN1C(=O)CC(CC3=CC(=C(C=C3F)F)F)N,Syncope,1
metformin,4091,CN(C)C(=N)N=C(N)N,Photophobia,1
pioglitazone,4829,CCC1=CN=C(C=C1)CCOC2=CC=C(C=C2)CC3C(=O)NC(=O)S3,Malaise,1
pioglitazone,4829,CCC1=CN=C(C=C1)CCOC2=CC=C(C=C2)CC3C(=O)NC(=O)S3,Respiratory syncytial virus infection,1
metformin,4091,CN(C)C(=N)N=C(N)N,Tonsillitis,1
metformin,4091,CN(C)C(=N)N=C(N)N,Tongue oedema,1
acarbose,9811704,CC1C(C(C(C(O1)OC2C(OC(C(C2O)O)OC(C(CO)O)C(C(C=O)O)O)CO)O)O)NC3C=C(C(C(C3O)O)O)CO,Parathyroid tumour benign,0
sitagliptin,4369359,C1CN2C(=NN=C2C(F)(F)F)CN1C(=O)CC(CC3=CC(=C(C=C3F)F)F)N,Interstitial lung disease,1
glipizide,3478,CC1=CN=C(C=N1)C(=O)NCCC2=CC=C(C=C2)S(=O)(=O)NC(=O)NC3CCCCC3,Complication of pregnancy,0
pioglitazone,4829,CCC1=CN=C(C=C1)CCOC2=CC=C(C=C2)CC3C(=O)NC(=O)S3,Muscular weakness,1
glipizide,3478,CC1=CN=C(C=N1)C(=O)NCCC2=CC=C(C=C2)S(=O)(=O)NC(=O)NC3CCCCC3,Malignant neoplasm of unknown primary site,0
acarbose,9811704,CC1C(C(C(C(O1)OC2C(OC(C(C2O)O)OC(C(CO)O)C(C(C=O)O)O)CO)O)O)NC3C=C(C(C(C3O)O)O)CO,Myelofibrosis,0
glipizide,3478,CC1=CN=C(C=N1)C(=O)NCCC2=CC=C(C=C2)S(=O)(=O)NC(=O)NC3CCCCC3,Temperature perception test abnormal,0
glimepiride,3476,CCC1=C(CN(C1=O)C(=O)NCCC2=CC=C(C=C2)S(=O)(=O)NC(=O)NC3CCC(CC3)C)C,Electrocardiogram ST segment elevation,1
rosiglitazone,77999,CN(CCOC1=CC=C(C=C1)CC2C(=O)NC(=O)S2)C3=CC=CC=N3,Environmental exposure,0
metformin,4091,CN(C)C(=N)N=C(N)N,Cluster headache,1
metformin,4091,CN(C)C(=N)N=C(N)N,Embolism venous,1
glyburide,3488,COC1=C(C=C(C=C1)Cl)C(=O)NCCC2=CC=C(C=C2)S(=O)(=O)NC(=O)NC3CCCCC3,Abnormal faeces,0
dapagliflozin,9887712,CCOC1=CC=C(C=C1)CC2=C(C=CC(=C2)C3C(C(C(C(O3)CO)O)O)O)Cl,Eyelid oedema,1
metformin,4091,CN(C)C(=N)N=C(N)N,Troponin I increased,1
empagliflozin,11949646,C1COCC1OC2=CC=C(C=C2)CC3=C(C=CC(=C3)C4C(C(C(C(O4)CO)O)O)O)Cl,Pain of skin,1
metformin,4091,CN(C)C(=N)N=C(N)N,Campylobacter infection,1
glimepiride,3476,CCC1=C(CN(C1=O)C(=O)NCCC2=CC=C(C=C2)S(=O)(=O)NC(=O)NC3CCC(CC3)C)C,Pulmonary vascular disorder,0
glipizide,3478,CC1=CN=C(C=N1)C(=O)NCCC2=CC=C(C=C2)S(=O)(=O)NC(=O)NC3CCCCC3,Blood phosphorus increased,0
dapagliflozin,9887712,CCOC1=CC=C(C=C1)CC2=C(C=CC(=C2)C3C(C(C(C(O3)CO)O)O)O)Cl,Hiccups,1
metformin,4091,CN(C)C(=N)N=C(N)N,Small intestinal obstruction,1
glyburide,3488,COC1=C(C=C(C=C1)Cl)C(=O)NCCC2=CC=C(C=C2)S(=O)(=O)NC(=O)NC3CCCCC3,Respiratory rate increased,0
canagliflozin,24812758,CC1=C(C=C(C=C1)C2C(C(C(C(O2)CO)O)O)O)CC3=CC=C(S3)C4=CC=C(C=C4)F,Cardiovascular disorder,1
linagliptin,10096344,CC#CCN1C2=C(N=C1N3CCCC(C3)N)N(C(=O)N(C2=O)CC4=NC5=CC=CC=C5C(=N4)C)C,Cholecystitis chronic,0
glyburide,3488,COC1=C(C=C(C=C1)Cl)C(=O)NCCC2=CC=C(C=C2)S(=O)(=O)NC(=O)NC3CCCCC3,Hirsutism,0
metformin,4091,CN(C)C(=N)N=C(N)N,Acute coronary syndrome,1
saxagliptin,11243969,C1C2CC2N(C1C#N)C(=O)C(C34CC5CC(C3)CC(C5)(C4)O)N,Vomiting,1
linagliptin,10096344,CC#CCN1C2=C(N=C1N3CCCC(C3)N)N(C(=O)N(C2=O)CC4=NC5=CC=CC=C5C(=N4)C)C,Evidence based treatment,0
linagliptin,10096344,CC#CCN1C2=C(N=C1N3CCCC(C3)N)N(C(=O)N(C2=O)CC4=NC5=CC=CC=C5C(=N4)C)C,Infected neoplasm,0
repaglinide,65981,CCOC1=C(C=CC(=C1)CC(=O)NC(CC(C)C)C2=CC=CC=C2N3CCCCC3)C(=O)O,Deafness unilateral,0
empagliflozin,11949646,C1COCC1OC2=CC=C(C=C2)CC3=C(C=CC(=C3)C4C(C(C(C(O4)CO)O)O)O)Cl,Abdominal symptom,0
canagliflozin,24812758,CC1=C(C=C(C=C1)C2C(C(C(C(O2)CO)O)O)O)CC3=CC=C(S3)C4=CC=C(C=C4)F,Gastrooesophageal reflux disease,1
metformin,4091,CN(C)C(=N)N=C(N)N,Spinal stenosis,1
metformin,4091,CN(C)C(=N)N=C(N)N,Ischaemic stroke,1
metformin,4091,CN(C)C(=N)N=C(N)N,Maternally inherited diabetes and deafness,0
sitagliptin,4369359,C1CN2C(=NN=C2C(F)(F)F)CN1C(=O)CC(CC3=CC(=C(C=C3F)F)F)N,Suicide attempt,1
empagliflozin,11949646,C1COCC1OC2=CC=C(C=C2)CC3=C(C=CC(=C3)C4C(C(C(C(O4)CO)O)O)O)Cl,Fall,1
pioglitazone,4829,CCC1=CN=C(C=C1)CCOC2=CC=C(C=C2)CC3C(=O)NC(=O)S3,Microvascular coronary artery disease,0
glyburide,3488,COC1=C(C=C(C=C1)Cl)C(=O)NCCC2=CC=C(C=C2)S(=O)(=O)NC(=O)NC3CCCCC3,Hyperlipidaemia,0
nateglinide,5311309,CC(C)C1CCC(CC1)C(=O)NC(CC2=CC=CC=C2)C(=O)O,Intestinal transit time decreased,0
repaglinide,65981,CCOC1=C(C=CC(=C1)CC(=O)NC(CC(C)C)C2=CC=CC=C2N3CCCCC3)C(=O)O,Knee arthroplasty,0
metformin,4091,CN(C)C(=N)N=C(N)N,Vasculitis,1
metformin,4091,CN(C)C(=N)N=C(N)N,Meniere's disease,1
glyburide,3488,COC1=C(C=C(C=C1)Cl)C(=O)NCCC2=CC=C(C=C2)S(=O)(=O)NC(=O)NC3CCCCC3,Neurodermatitis,0
saxagliptin,11243969,C1C2CC2N(C1C#N)C(=O)C(C34CC5CC(C3)CC(C5)(C4)O)N,Endophthalmitis,0
metformin,4091,CN(C)C(=N)N=C(N)N,Transient ischaemic attack,1
metformin,4091,CN(C)C(=N)N=C(N)N,Skin sensitisation,1
nateglinide,5311309,CC(C)C1CCC(CC1)C(=O)NC(CC2=CC=CC=C2)C(=O)O,Respiratory syncytial virus infection,0
pioglitazone,4829,CCC1=CN=C(C=C1)CCOC2=CC=C(C=C2)CC3C(=O)NC(=O)S3,Bone density abnormal,0
metformin,4091,CN(C)C(=N)N=C(N)N,Non-Hodgkin's lymphoma,1
metformin,4091,CN(C)C(=N)N=C(N)N,Sepsis,1
linagliptin,10096344,CC#CCN1C2=C(N=C1N3CCCC(C3)N)N(C(=O)N(C2=O)CC4=NC5=CC=CC=C5C(=N4)C)C,Stomach mass,0
glipizide,3478,CC1=CN=C(C=N1)C(=O)NCCC2=CC=C(C=C2)S(=O)(=O)NC(=O)NC3CCCCC3,General physical health deterioration,1
saxagliptin,11243969,C1C2CC2N(C1C#N)C(=O)C(C34CC5CC(C3)CC(C5)(C4)O)N,Abnormal behaviour,0
pioglitazone,4829,CCC1=CN=C(C=C1)CCOC2=CC=C(C=C2)CC3C(=O)NC(=O)S3,Therapeutic product effect decreased,0
metformin,4091,CN(C)C(=N)N=C(N)N,Sluggishness,1
glipizide,3478,CC1=CN=C(C=N1)C(=O)NCCC2=CC=C(C=C2)S(=O)(=O)NC(=O)NC3CCCCC3,Acute generalised exanthematous pustulosis,0
metformin,4091,CN(C)C(=N)N=C(N)N,Rash pruritic,1
metformin,4091,CN(C)C(=N)N=C(N)N,Pernicious anaemia,1
glimepiride,3476,CCC1=C(CN(C1=O)C(=O)NCCC2=CC=C(C=C2)S(=O)(=O)NC(=O)NC3CCC(CC3)C)C,Pancreatitis acute,1
metformin,4091,CN(C)C(=N)N=C(N)N,COVID-19,1
metformin,4091,CN(C)C(=N)N=C(N)N,Duodenal ulcer,1
repaglinide,65981,CCOC1=C(C=CC(=C1)CC(=O)NC(CC(C)C)C2=CC=CC=C2N3CCCCC3)C(=O)O,Anxiety,1
empagliflozin,11949646,C1COCC1OC2=CC=C(C=C2)CC3=C(C=CC(=C3)C4C(C(C(C(O4)CO)O)O)O)Cl,Peritoneal disorder,0
metformin,4091,CN(C)C(=N)N=C(N)N,Gastrointestinal infection,1
repaglinide,65981,CCOC1=C(C=CC(=C1)CC(=O)NC(CC(C)C)C2=CC=CC=C2N3CCCCC3)C(=O)O,Wrong technique in product usage process,1
metformin,4091,CN(C)C(=N)N=C(N)N,Respiratory arrest,1
acarbose,9811704,CC1C(C(C(C(O1)OC2C(OC(C(C2O)O)OC(C(CO)O)C(C(C=O)O)O)CO)O)O)NC3C=C(C(C(C3O)O)O)CO,Hyperammonaemia,0
empagliflozin,11949646,C1COCC1OC2=CC=C(C=C2)CC3=C(C=CC(=C3)C4C(C(C(C(O4)CO)O)O)O)Cl,Glucose urine,1
glyburide,3488,COC1=C(C=C(C=C1)Cl)C(=O)NCCC2=CC=C(C=C2)S(=O)(=O)NC(=O)NC3CCCCC3,Noninfective gingivitis,0
pioglitazone,4829,CCC1=CN=C(C=C1)CCOC2=CC=C(C=C2)CC3C(=O)NC(=O)S3,Renal impairment,1
glipizide,3478,CC1=CN=C(C=N1)C(=O)NCCC2=CC=C(C=C2)S(=O)(=O)NC(=O)NC3CCCCC3,Neuropathy peripheral,1
canagliflozin,24812758,CC1=C(C=C(C=C1)C2C(C(C(C(O2)CO)O)O)O)CC3=CC=C(S3)C4=CC=C(C=C4)F,Occult blood positive,0
empagliflozin,11949646,C1COCC1OC2=CC=C(C=C2)CC3=C(C=CC(=C3)C4C(C(C(C(O4)CO)O)O)O)Cl,Pulmonary oedema,1
pioglitazone,4829,CCC1=CN=C(C=C1)CCOC2=CC=C(C=C2)CC3C(=O)NC(=O)S3,Mood altered,0
metformin,4091,CN(C)C(=N)N=C(N)N,Amylase increased,1
saxagliptin,11243969,C1C2CC2N(C1C#N)C(=O)C(C34CC5CC(C3)CC(C5)(C4)O)N,Blood insulin increased,0
linagliptin,10096344,CC#CCN1C2=C(N=C1N3CCCC(C3)N)N(C(=O)N(C2=O)CC4=NC5=CC=CC=C5C(=N4)C)C,Antiphospholipid syndrome,0
metformin,4091,CN(C)C(=N)N=C(N)N,Cleft lip,1
linagliptin,10096344,CC#CCN1C2=C(N=C1N3CCCC(C3)N)N(C(=O)N(C2=O)CC4=NC5=CC=CC=C5C(=N4)C)C,Necrotising fasciitis,1
canagliflozin,24812758,CC1=C(C=C(C=C1)C2C(C(C(C(O2)CO)O)O)O)CC3=CC=C(S3)C4=CC=C(C=C4)F,Drug screen positive,0
dapagliflozin,9887712,CCOC1=CC=C(C=C1)CC2=C(C=CC(=C2)C3C(C(C(C(O3)CO)O)O)O)Cl,Ventricular fibrillation,1
dapagliflozin,9887712,CCOC1=CC=C(C=C1)CC2=C(C=CC(=C2)C3C(C(C(C(O3)CO)O)O)O)Cl,Genitourinary tract infection,1
canagliflozin,24812758,CC1=C(C=C(C=C1)C2C(C(C(C(O2)CO)O)O)O)CC3=CC=C(S3)C4=CC=C(C=C4)F,Product administered by wrong person,0
metformin,4091,CN(C)C(=N)N=C(N)N,Embolism,1
rosiglitazone,77999,CN(CCOC1=CC=C(C=C1)CC2C(=O)NC(=O)S2)C3=CC=CC=N3,Embolic cerebral infarction,0
sitagliptin,4369359,C1CN2C(=NN=C2C(F)(F)F)CN1C(=O)CC(CC3=CC(=C(C=C3F)F)F)N,Low density lipoprotein abnormal,0
canagliflozin,24812758,CC1=C(C=C(C=C1)C2C(C(C(C(O2)CO)O)O)O)CC3=CC=C(S3)C4=CC=C(C=C4)F,Traumatic lung injury,0
empagliflozin,11949646,C1COCC1OC2=CC=C(C=C2)CC3=C(C=CC(=C3)C4C(C(C(C(O4)CO)O)O)O)Cl,Metabolic disorder,0
dapagliflozin,9887712,CCOC1=CC=C(C=C1)CC2=C(C=CC(=C2)C3C(C(C(C(O3)CO)O)O)O)Cl,Chromaturia,1
canagliflozin,24812758,CC1=C(C=C(C=C1)C2C(C(C(C(O2)CO)O)O)O)CC3=CC=C(S3)C4=CC=C(C=C4)F,Lipids increased,0
linagliptin,10096344,CC#CCN1C2=C(N=C1N3CCCC(C3)N)N(C(=O)N(C2=O)CC4=NC5=CC=CC=C5C(=N4)C)C,Tongue disorder,0
glyburide,3488,COC1=C(C=C(C=C1)Cl)C(=O)NCCC2=CC=C(C=C2)S(=O)(=O)NC(=O)NC3CCCCC3,Dysplasia,0
canagliflozin,24812758,CC1=C(C=C(C=C1)C2C(C(C(C(O2)CO)O)O)O)CC3=CC=C(S3)C4=CC=C(C=C4)F,Abnormal loss of weight,1
canagliflozin,24812758,CC1=C(C=C(C=C1)C2C(C(C(C(O2)CO)O)O)O)CC3=CC=C(S3)C4=CC=C(C=C4)F,Abdominal pain upper,0
glyburide,3488,COC1=C(C=C(C=C1)Cl)C(=O)NCCC2=CC=C(C=C2)S(=O)(=O)NC(=O)NC3CCCCC3,Chronic graft versus host disease,0
glipizide,3478,CC1=CN=C(C=N1)C(=O)NCCC2=CC=C(C=C2)S(=O)(=O)NC(=O)NC3CCCCC3,Dyssomnia,0
glimepiride,3476,CCC1=C(CN(C1=O)C(=O)NCCC2=CC=C(C=C2)S(=O)(=O)NC(=O)NC3CCC(CC3)C)C,Abdominal discomfort,1
metformin,4091,CN(C)C(=N)N=C(N)N,Hyperreflexia,1
dapagliflozin,9887712,CCOC1=CC=C(C=C1)CC2=C(C=CC(=C2)C3C(C(C(C(O3)CO)O)O)O)Cl,Weight increased,1
canagliflozin,24812758,CC1=C(C=C(C=C1)C2C(C(C(C(O2)CO)O)O)O)CC3=CC=C(S3)C4=CC=C(C=C4)F,Chronic kidney disease,1
metformin,4091,CN(C)C(=N)N=C(N)N,Pruritus genital,1
linagliptin,10096344,CC#CCN1C2=C(N=C1N3CCCC(C3)N)N(C(=O)N(C2=O)CC4=NC5=CC=CC=C5C(=N4)C)C,Genitourinary tract infection,0
repaglinide,65981,CCOC1=C(C=CC(=C1)CC(=O)NC(CC(C)C)C2=CC=CC=C2N3CCCCC3)C(=O)O,Tumour invasion,0
sitagliptin,4369359,C1CN2C(=NN=C2C(F)(F)F)CN1C(=O)CC(CC3=CC(=C(C=C3F)F)F)N,Type V hyperlipidaemia,0
metformin,4091,CN(C)C(=N)N=C(N)N,Hyperaesthesia,1
canagliflozin,24812758,CC1=C(C=C(C=C1)C2C(C(C(C(O2)CO)O)O)O)CC3=CC=C(S3)C4=CC=C(C=C4)F,Hyponatraemic syndrome,0
empagliflozin,11949646,C1COCC1OC2=CC=C(C=C2)CC3=C(C=CC(=C3)C4C(C(C(C(O4)CO)O)O)O)Cl,Urinary retention,1
metformin,4091,CN(C)C(=N)N=C(N)N,Jaundice,1
metformin,4091,CN(C)C(=N)N=C(N)N,Tongue discomfort,1
nateglinide,5311309,CC(C)C1CCC(CC1)C(=O)NC(CC2=CC=CC=C2)C(=O)O,Laryngeal oedema,0
rosiglitazone,77999,CN(CCOC1=CC=C(C=C1)CC2C(=O)NC(=O)S2)C3=CC=CC=N3,Emphysema,0
metformin,4091,CN(C)C(=N)N=C(N)N,Invasive ductal breast carcinoma,1
dapagliflozin,9887712,CCOC1=CC=C(C=C1)CC2=C(C=CC(=C2)C3C(C(C(C(O3)CO)O)O)O)Cl,Performance status decreased,1
metformin,4091,CN(C)C(=N)N=C(N)N,Meconium aspiration syndrome,1
sitagliptin,4369359,C1CN2C(=NN=C2C(F)(F)F)CN1C(=O)CC(CC3=CC(=C(C=C3F)F)F)N,Chills,0
sitagliptin,4369359,C1CN2C(=NN=C2C(F)(F)F)CN1C(=O)CC(CC3=CC(=C(C=C3F)F)F)N,Sepsis,1
dapagliflozin,9887712,CCOC1=CC=C(C=C1)CC2=C(C=CC(=C2)C3C(C(C(C(O3)CO)O)O)O)Cl,Cardiac ablation,0
metformin,4091,CN(C)C(=N)N=C(N)N,Hepatojugular reflux,1
metformin,4091,CN(C)C(=N)N=C(N)N,Rales,1
sitagliptin,4369359,C1CN2C(=NN=C2C(F)(F)F)CN1C(=O)CC(CC3=CC(=C(C=C3F)F)F)N,Paraesthesia,0
metformin,4091,CN(C)C(=N)N=C(N)N,Blood chloride decreased,1
metformin,4091,CN(C)C(=N)N=C(N)N,Mechanical ventilation,1
linagliptin,10096344,CC#CCN1C2=C(N=C1N3CCCC(C3)N)N(C(=O)N(C2=O)CC4=NC5=CC=CC=C5C(=N4)C)C,Anginal equivalent,0
glimepiride,3476,CCC1=C(CN(C1=O)C(=O)NCCC2=CC=C(C=C2)S(=O)(=O)NC(=O)NC3CCC(CC3)C)C,Respiratory rate decreased,0
empagliflozin,11949646,C1COCC1OC2=CC=C(C=C2)CC3=C(C=CC(=C3)C4C(C(C(C(O4)CO)O)O)O)Cl,Thyroid stimulating hormone-producing pituitary tumour,0
metformin,4091,CN(C)C(=N)N=C(N)N,Post procedural bile leak,1
sitagliptin,4369359,C1CN2C(=NN=C2C(F)(F)F)CN1C(=O)CC(CC3=CC(=C(C=C3F)F)F)N,Adult failure to thrive,0
metformin,4091,CN(C)C(=N)N=C(N)N,Pancreatic neuroendocrine tumour,1
glimepiride,3476,CCC1=C(CN(C1=O)C(=O)NCCC2=CC=C(C=C2)S(=O)(=O)NC(=O)NC3CCC(CC3)C)C,Drug level increased,1
glipizide,3478,CC1=CN=C(C=N1)C(=O)NCCC2=CC=C(C=C2)S(=O)(=O)NC(=O)NC3CCCCC3,Blood count abnormal,1
glipizide,3478,CC1=CN=C(C=N1)C(=O)NCCC2=CC=C(C=C2)S(=O)(=O)NC(=O)NC3CCCCC3,Dermatitis contact,0
linagliptin,10096344,CC#CCN1C2=C(N=C1N3CCCC(C3)N)N(C(=O)N(C2=O)CC4=NC5=CC=CC=C5C(=N4)C)C,Colitis microscopic,0
metformin,4091,CN(C)C(=N)N=C(N)N,Therapeutic reaction time decreased,1
empagliflozin,11949646,C1COCC1OC2=CC=C(C=C2)CC3=C(C=CC(=C3)C4C(C(C(C(O4)CO)O)O)O)Cl,Blood glucose fluctuation,1
canagliflozin,24812758,CC1=C(C=C(C=C1)C2C(C(C(C(O2)CO)O)O)O)CC3=CC=C(S3)C4=CC=C(C=C4)F,Sepsis,1
metformin,4091,CN(C)C(=N)N=C(N)N,Affect lability,1
metformin,4091,CN(C)C(=N)N=C(N)N,Intestinal angioedema,1
pioglitazone,4829,CCC1=CN=C(C=C1)CCOC2=CC=C(C=C2)CC3C(=O)NC(=O)S3,Carbohydrate antigen 125 increased,0
glipizide,3478,CC1=CN=C(C=N1)C(=O)NCCC2=CC=C(C=C2)S(=O)(=O)NC(=O)NC3CCCCC3,Expiratory reserve volume decreased,1
saxagliptin,11243969,C1C2CC2N(C1C#N)C(=O)C(C34CC5CC(C3)CC(C5)(C4)O)N,Clostridium difficile colitis,0
metformin,4091,CN(C)C(=N)N=C(N)N,Contraindicated product administered,1
metformin,4091,CN(C)C(=N)N=C(N)N,Headache,1
glyburide,3488,COC1=C(C=C(C=C1)Cl)C(=O)NCCC2=CC=C(C=C2)S(=O)(=O)NC(=O)NC3CCCCC3,Lymphocytic hypophysitis,0
dapagliflozin,9887712,CCOC1=CC=C(C=C1)CC2=C(C=CC(=C2)C3C(C(C(C(O3)CO)O)O)O)Cl,Urinary tract infection,1
metformin,4091,CN(C)C(=N)N=C(N)N,Ketonuria,1
empagliflozin,11949646,C1COCC1OC2=CC=C(C=C2)CC3=C(C=CC(=C3)C4C(C(C(C(O4)CO)O)O)O)Cl,Epigastric discomfort,0
glimepiride,3476,CCC1=C(CN(C1=O)C(=O)NCCC2=CC=C(C=C2)S(=O)(=O)NC(=O)NC3CCC(CC3)C)C,Dysarthria,1
metformin,4091,CN(C)C(=N)N=C(N)N,Influenza like illness,1
metformin,4091,CN(C)C(=N)N=C(N)N,Endocrine disorder,1
glyburide,3488,COC1=C(C=C(C=C1)Cl)C(=O)NCCC2=CC=C(C=C2)S(=O)(=O)NC(=O)NC3CCCCC3,Vascular stenosis,0
glimepiride,3476,CCC1=C(CN(C1=O)C(=O)NCCC2=CC=C(C=C2)S(=O)(=O)NC(=O)NC3CCC(CC3)C)C,Hemiparesis,1
metformin,4091,CN(C)C(=N)N=C(N)N,Skin haemorrhage,1
glimepiride,3476,CCC1=C(CN(C1=O)C(=O)NCCC2=CC=C(C=C2)S(=O)(=O)NC(=O)NC3CCC(CC3)C)C,Muscular weakness,0
metformin,4091,CN(C)C(=N)N=C(N)N,Aneurysm ruptured,1
canagliflozin,24812758,CC1=C(C=C(C=C1)C2C(C(C(C(O2)CO)O)O)O)CC3=CC=C(S3)C4=CC=C(C=C4)F,Cystic fibrosis,0
canagliflozin,24812758,CC1=C(C=C(C=C1)C2C(C(C(C(O2)CO)O)O)O)CC3=CC=C(S3)C4=CC=C(C=C4)F,Bacteraemia,1
repaglinide,65981,CCOC1=C(C=CC(=C1)CC(=O)NC(CC(C)C)C2=CC=CC=C2N3CCCCC3)C(=O)O,Hepatic neoplasm,0
metformin,4091,CN(C)C(=N)N=C(N)N,Inspiratory capacity decreased,1
nateglinide,5311309,CC(C)C1CCC(CC1)C(=O)NC(CC2=CC=CC=C2)C(=O)O,Gastrointestinal injury,0
metformin,4091,CN(C)C(=N)N=C(N)N,Breast cancer female,1
empagliflozin,11949646,C1COCC1OC2=CC=C(C=C2)CC3=C(C=CC(=C3)C4C(C(C(C(O4)CO)O)O)O)Cl,Gastrointestinal pain,1
dapagliflozin,9887712,CCOC1=CC=C(C=C1)CC2=C(C=CC(=C2)C3C(C(C(C(O3)CO)O)O)O)Cl,Anaemia vitamin B12 deficiency,0
metformin,4091,CN(C)C(=N)N=C(N)N,Muscular weakness,1
metformin,4091,CN(C)C(=N)N=C(N)N,Pancreatitis chronic,1
metformin,4091,CN(C)C(=N)N=C(N)N,Pleuritic pain,1
empagliflozin,11949646,C1COCC1OC2=CC=C(C=C2)CC3=C(C=CC(=C3)C4C(C(C(C(O4)CO)O)O)O)Cl,Enthesopathy,0
empagliflozin,11949646,C1COCC1OC2=CC=C(C=C2)CC3=C(C=CC(=C3)C4C(C(C(C(O4)CO)O)O)O)Cl,Testicular disorder,0
pioglitazone,4829,CCC1=CN=C(C=C1)CCOC2=CC=C(C=C2)CC3C(=O)NC(=O)S3,Influenza like illness,0
metformin,4091,CN(C)C(=N)N=C(N)N,Blood lactic acid decreased,1
glimepiride,3476,CCC1=C(CN(C1=O)C(=O)NCCC2=CC=C(C=C2)S(=O)(=O)NC(=O)NC3CCC(CC3)C)C,Adrenal insufficiency,1
empagliflozin,11949646,C1COCC1OC2=CC=C(C=C2)CC3=C(C=CC(=C3)C4C(C(C(C(O4)CO)O)O)O)Cl,Nausea,1
nateglinide,5311309,CC(C)C1CCC(CC1)C(=O)NC(CC2=CC=CC=C2)C(=O)O,Tracheostomy,0
empagliflozin,11949646,C1COCC1OC2=CC=C(C=C2)CC3=C(C=CC(=C3)C4C(C(C(C(O4)CO)O)O)O)Cl,Pruritus genital,1
repaglinide,65981,CCOC1=C(C=CC(=C1)CC(=O)NC(CC(C)C)C2=CC=CC=C2N3CCCCC3)C(=O)O,Food intolerance,0
linagliptin,10096344,CC#CCN1C2=C(N=C1N3CCCC(C3)N)N(C(=O)N(C2=O)CC4=NC5=CC=CC=C5C(=N4)C)C,Application site hypersensitivity,0
metformin,4091,CN(C)C(=N)N=C(N)N,Personality disorder,1
rosiglitazone,77999,CN(CCOC1=CC=C(C=C1)CC2C(=O)NC(=O)S2)C3=CC=CC=N3,Breast mass,0
metformin,4091,CN(C)C(=N)N=C(N)N,Gastroenteritis salmonella,1
dapagliflozin,9887712,CCOC1=CC=C(C=C1)CC2=C(C=CC(=C2)C3C(C(C(C(O3)CO)O)O)O)Cl,Hypotension,1
metformin,4091,CN(C)C(=N)N=C(N)N,Postpartum sepsis,1
nateglinide,5311309,CC(C)C1CCC(CC1)C(=O)NC(CC2=CC=CC=C2)C(=O)O,Neuroendocrine carcinoma metastatic,0
sitagliptin,4369359,C1CN2C(=NN=C2C(F)(F)F)CN1C(=O)CC(CC3=CC(=C(C=C3F)F)F)N,Complex regional pain syndrome,0
glimepiride,3476,CCC1=C(CN(C1=O)C(=O)NCCC2=CC=C(C=C2)S(=O)(=O)NC(=O)NC3CCC(CC3)C)C,Altered state of consciousness,1
metformin,4091,CN(C)C(=N)N=C(N)N,Acoustic neuroma,1
pioglitazone,4829,CCC1=CN=C(C=C1)CCOC2=CC=C(C=C2)CC3C(=O)NC(=O)S3,Neoplasm malignant,1
glyburide,3488,COC1=C(C=C(C=C1)Cl)C(=O)NCCC2=CC=C(C=C2)S(=O)(=O)NC(=O)NC3CCCCC3,Intercepted product administration error,0
dapagliflozin,9887712,CCOC1=CC=C(C=C1)CC2=C(C=CC(=C2)C3C(C(C(C(O3)CO)O)O)O)Cl,Urosepsis,1
glyburide,3488,COC1=C(C=C(C=C1)Cl)C(=O)NCCC2=CC=C(C=C2)S(=O)(=O)NC(=O)NC3CCCCC3,Labelled drug-drug interaction medication error,0
glimepiride,3476,CCC1=C(CN(C1=O)C(=O)NCCC2=CC=C(C=C2)S(=O)(=O)NC(=O)NC3CCC(CC3)C)C,Pain in extremity,1
metformin,4091,CN(C)C(=N)N=C(N)N,Somnolence,1
metformin,4091,CN(C)C(=N)N=C(N)N,Gastrointestinal bacterial infection,1
metformin,4091,CN(C)C(=N)N=C(N)N,Ophthalmoplegia,1
nateglinide,5311309,CC(C)C1CCC(CC1)C(=O)NC(CC2=CC=CC=C2)C(=O)O,Spinal pain,0
metformin,4091,CN(C)C(=N)N=C(N)N,Antinuclear antibody positive,1
repaglinide,65981,CCOC1=C(C=CC(=C1)CC(=O)NC(CC(C)C)C2=CC=CC=C2N3CCCCC3)C(=O)O,Tension,0
metformin,4091,CN(C)C(=N)N=C(N)N,Encephalitis,1
dapagliflozin,9887712,CCOC1=CC=C(C=C1)CC2=C(C=CC(=C2)C3C(C(C(C(O3)CO)O)O)O)Cl,Staphylococcal sepsis,0
glimepiride,3476,CCC1=C(CN(C1=O)C(=O)NCCC2=CC=C(C=C2)S(=O)(=O)NC(=O)NC3CCC(CC3)C)C,Tooth injury,0
metformin,4091,CN(C)C(=N)N=C(N)N,Yawning,0
metformin,4091,CN(C)C(=N)N=C(N)N,Blood lactate dehydrogenase increased,1
metformin,4091,CN(C)C(=N)N=C(N)N,Spinal cord injury,1
metformin,4091,CN(C)C(=N)N=C(N)N,Hydroureter,0
glimepiride,3476,CCC1=C(CN(C1=O)C(=O)NCCC2=CC=C(C=C2)S(=O)(=O)NC(=O)NC3CCC(CC3)C)C,Diastolic dysfunction,0
acarbose,9811704,CC1C(C(C(C(O1)OC2C(OC(C(C2O)O)OC(C(CO)O)C(C(C=O)O)O)CO)O)O)NC3C=C(C(C(C3O)O)O)CO,Nocardiosis,0
metformin,4091,CN(C)C(=N)N=C(N)N,Lymphocyte count increased,1
glipizide,3478,CC1=CN=C(C=N1)C(=O)NCCC2=CC=C(C=C2)S(=O)(=O)NC(=O)NC3CCCCC3,Lymphocytic hypophysitis,0
nateglinide,5311309,CC(C)C1CCC(CC1)C(=O)NC(CC2=CC=CC=C2)C(=O)O,Chronic lymphocytic leukaemia,0
metformin,4091,CN(C)C(=N)N=C(N)N,Hypercholesterolaemia,1
metformin,4091,CN(C)C(=N)N=C(N)N,Haemolytic anaemia,1
dapagliflozin,9887712,CCOC1=CC=C(C=C1)CC2=C(C=CC(=C2)C3C(C(C(C(O3)CO)O)O)O)Cl,Mumps,0
dapagliflozin,9887712,CCOC1=CC=C(C=C1)CC2=C(C=CC(=C2)C3C(C(C(C(O3)CO)O)O)O)Cl,Gastrointestinal motility disorder,0
metformin,4091,CN(C)C(=N)N=C(N)N,Secretion discharge,1
dapagliflozin,9887712,CCOC1=CC=C(C=C1)CC2=C(C=CC(=C2)C3C(C(C(C(O3)CO)O)O)O)Cl,Bladder disorder,0
empagliflozin,11949646,C1COCC1OC2=CC=C(C=C2)CC3=C(C=CC(=C3)C4C(C(C(C(O4)CO)O)O)O)Cl,Nephropathy,1
glimepiride,3476,CCC1=C(CN(C1=O)C(=O)NCCC2=CC=C(C=C2)S(=O)(=O)NC(=O)NC3CCC(CC3)C)C,Myocardial infarction,1
metformin,4091,CN(C)C(=N)N=C(N)N,Bone lesion,1
repaglinide,65981,CCOC1=C(C=CC(=C1)CC(=O)NC(CC(C)C)C2=CC=CC=C2N3CCCCC3)C(=O)O,Escherichia infection,0
pioglitazone,4829,CCC1=CN=C(C=C1)CCOC2=CC=C(C=C2)CC3C(=O)NC(=O)S3,Gastrointestinal perforation,0
sitagliptin,4369359,C1CN2C(=NN=C2C(F)(F)F)CN1C(=O)CC(CC3=CC(=C(C=C3F)F)F)N,Psychomotor hyperactivity,0
metformin,4091,CN(C)C(=N)N=C(N)N,Abdominal discomfort,1
metformin,4091,CN(C)C(=N)N=C(N)N,Pharyngeal oedema,1
sitagliptin,4369359,C1CN2C(=NN=C2C(F)(F)F)CN1C(=O)CC(CC3=CC(=C(C=C3F)F)F)N,Eye disorder,0
empagliflozin,11949646,C1COCC1OC2=CC=C(C=C2)CC3=C(C=CC(=C3)C4C(C(C(C(O4)CO)O)O)O)Cl,Vomiting,1
repaglinide,65981,CCOC1=C(C=CC(=C1)CC(=O)NC(CC(C)C)C2=CC=CC=C2N3CCCCC3)C(=O)O,Expired product administered,0
glipizide,3478,CC1=CN=C(C=N1)C(=O)NCCC2=CC=C(C=C2)S(=O)(=O)NC(=O)NC3CCCCC3,Genital disorder,0
repaglinide,65981,CCOC1=C(C=CC(=C1)CC(=O)NC(CC(C)C)C2=CC=CC=C2N3CCCCC3)C(=O)O,Occult blood positive,0
dapagliflozin,9887712,CCOC1=CC=C(C=C1)CC2=C(C=CC(=C2)C3C(C(C(C(O3)CO)O)O)O)Cl,Secretion discharge,0
canagliflozin,24812758,CC1=C(C=C(C=C1)C2C(C(C(C(O2)CO)O)O)O)CC3=CC=C(S3)C4=CC=C(C=C4)F,Angiotensin converting enzyme increased,0
canagliflozin,24812758,CC1=C(C=C(C=C1)C2C(C(C(C(O2)CO)O)O)O)CC3=CC=C(S3)C4=CC=C(C=C4)F,Corneal dystrophy,0
dapagliflozin,9887712,CCOC1=CC=C(C=C1)CC2=C(C=CC(=C2)C3C(C(C(C(O3)CO)O)O)O)Cl,Inappropriate antidiuretic hormone secretion,0
metformin,4091,CN(C)C(=N)N=C(N)N,Ecthyma,1
glipizide,3478,CC1=CN=C(C=N1)C(=O)NCCC2=CC=C(C=C2)S(=O)(=O)NC(=O)NC3CCCCC3,Anaemia,1
glipizide,3478,CC1=CN=C(C=N1)C(=O)NCCC2=CC=C(C=C2)S(=O)(=O)NC(=O)NC3CCCCC3,Sleep terror,0
glipizide,3478,CC1=CN=C(C=N1)C(=O)NCCC2=CC=C(C=C2)S(=O)(=O)NC(=O)NC3CCCCC3,Wrong technique in product usage process,1
dapagliflozin,9887712,CCOC1=CC=C(C=C1)CC2=C(C=CC(=C2)C3C(C(C(C(O3)CO)O)O)O)Cl,Escherichia pyelonephritis,0
canagliflozin,24812758,CC1=C(C=C(C=C1)C2C(C(C(C(O2)CO)O)O)O)CC3=CC=C(S3)C4=CC=C(C=C4)F,Vertigo,1
glimepiride,3476,CCC1=C(CN(C1=O)C(=O)NCCC2=CC=C(C=C2)S(=O)(=O)NC(=O)NC3CCC(CC3)C)C,Fatigue,1
glimepiride,3476,CCC1=C(CN(C1=O)C(=O)NCCC2=CC=C(C=C2)S(=O)(=O)NC(=O)NC3CCC(CC3)C)C,Product communication issue,0
glipizide,3478,CC1=CN=C(C=N1)C(=O)NCCC2=CC=C(C=C2)S(=O)(=O)NC(=O)NC3CCCCC3,Clang associations,0
dapagliflozin,9887712,CCOC1=CC=C(C=C1)CC2=C(C=CC(=C2)C3C(C(C(C(O3)CO)O)O)O)Cl,Dry age-related macular degeneration,0
repaglinide,65981,CCOC1=C(C=CC(=C1)CC(=O)NC(CC(C)C)C2=CC=CC=C2N3CCCCC3)C(=O)O,Chromaturia,1
acarbose,9811704,CC1C(C(C(C(O1)OC2C(OC(C(C2O)O)OC(C(CO)O)C(C(C=O)O)O)CO)O)O)NC3C=C(C(C(C3O)O)O)CO,Epileptic encephalopathy,0
linagliptin,10096344,CC#CCN1C2=C(N=C1N3CCCC(C3)N)N(C(=O)N(C2=O)CC4=NC5=CC=CC=C5C(=N4)C)C,Expired product administered,0
canagliflozin,24812758,CC1=C(C=C(C=C1)C2C(C(C(C(O2)CO)O)O)O)CC3=CC=C(S3)C4=CC=C(C=C4)F,Vitreous floaters,0
glyburide,3488,COC1=C(C=C(C=C1)Cl)C(=O)NCCC2=CC=C(C=C2)S(=O)(=O)NC(=O)NC3CCCCC3,Coagulation time prolonged,0
dapagliflozin,9887712,CCOC1=CC=C(C=C1)CC2=C(C=CC(=C2)C3C(C(C(C(O3)CO)O)O)O)Cl,Hypoglycaemic coma,1
linagliptin,10096344,CC#CCN1C2=C(N=C1N3CCCC(C3)N)N(C(=O)N(C2=O)CC4=NC5=CC=CC=C5C(=N4)C)C,Gastrointestinal neoplasm,0
canagliflozin,24812758,CC1=C(C=C(C=C1)C2C(C(C(C(O2)CO)O)O)O)CC3=CC=C(S3)C4=CC=C(C=C4)F,Headache,1
glipizide,3478,CC1=CN=C(C=N1)C(=O)NCCC2=CC=C(C=C2)S(=O)(=O)NC(=O)NC3CCCCC3,Vein disorder,1
sitagliptin,4369359,C1CN2C(=NN=C2C(F)(F)F)CN1C(=O)CC(CC3=CC(=C(C=C3F)F)F)N,Intervertebral disc displacement,0
canagliflozin,24812758,CC1=C(C=C(C=C1)C2C(C(C(C(O2)CO)O)O)O)CC3=CC=C(S3)C4=CC=C(C=C4)F,Tonsillectomy,0
empagliflozin,11949646,C1COCC1OC2=CC=C(C=C2)CC3=C(C=CC(=C3)C4C(C(C(C(O4)CO)O)O)O)Cl,Euglycaemic diabetic ketoacidosis,1
metformin,4091,CN(C)C(=N)N=C(N)N,Throat irritation,1
pioglitazone,4829,CCC1=CN=C(C=C1)CCOC2=CC=C(C=C2)CC3C(=O)NC(=O)S3,Embolism,0
metformin,4091,CN(C)C(=N)N=C(N)N,Leg amputation,1
metformin,4091,CN(C)C(=N)N=C(N)N,Deafness neurosensory,1
metformin,4091,CN(C)C(=N)N=C(N)N,Blood pressure diastolic decreased,1
metformin,4091,CN(C)C(=N)N=C(N)N,Bronchiectasis,1
metformin,4091,CN(C)C(=N)N=C(N)N,Dermatomyositis,1
canagliflozin,24812758,CC1=C(C=C(C=C1)C2C(C(C(C(O2)CO)O)O)O)CC3=CC=C(S3)C4=CC=C(C=C4)F,Neuralgia,1
linagliptin,10096344,CC#CCN1C2=C(N=C1N3CCCC(C3)N)N(C(=O)N(C2=O)CC4=NC5=CC=CC=C5C(=N4)C)C,Neuroleptic malignant syndrome,0
sitagliptin,4369359,C1CN2C(=NN=C2C(F)(F)F)CN1C(=O)CC(CC3=CC(=C(C=C3F)F)F)N,Erythema,1
saxagliptin,11243969,C1C2CC2N(C1C#N)C(=O)C(C34CC5CC(C3)CC(C5)(C4)O)N,Injection site discomfort,0
saxagliptin,11243969,C1C2CC2N(C1C#N)C(=O)C(C34CC5CC(C3)CC(C5)(C4)O)N,Weight increased,0
metformin,4091,CN(C)C(=N)N=C(N)N,Throat cancer,1
rosiglitazone,77999,CN(CCOC1=CC=C(C=C1)CC2C(=O)NC(=O)S2)C3=CC=CC=N3,Recalled product administered,0
metformin,4091,CN(C)C(=N)N=C(N)N,Scleral pigmentation,1
pioglitazone,4829,CCC1=CN=C(C=C1)CCOC2=CC=C(C=C2)CC3C(=O)NC(=O)S3,Thrombocytopenia,1
metformin,4091,CN(C)C(=N)N=C(N)N,Colitis ulcerative,1
rosiglitazone,77999,CN(CCOC1=CC=C(C=C1)CC2C(=O)NC(=O)S2)C3=CC=CC=N3,Mucosal inflammation,0
canagliflozin,24812758,CC1=C(C=C(C=C1)C2C(C(C(C(O2)CO)O)O)O)CC3=CC=C(S3)C4=CC=C(C=C4)F,Non-alcoholic steatohepatitis,0
metformin,4091,CN(C)C(=N)N=C(N)N,Ocular discomfort,1
metformin,4091,CN(C)C(=N)N=C(N)N,Pulmonary granuloma,1
linagliptin,10096344,CC#CCN1C2=C(N=C1N3CCCC(C3)N)N(C(=O)N(C2=O)CC4=NC5=CC=CC=C5C(=N4)C)C,Dysphoria,0
repaglinide,65981,CCOC1=C(C=CC(=C1)CC(=O)NC(CC(C)C)C2=CC=CC=C2N3CCCCC3)C(=O)O,Malnutrition,0
empagliflozin,11949646,C1COCC1OC2=CC=C(C=C2)CC3=C(C=CC(=C3)C4C(C(C(C(O4)CO)O)O)O)Cl,Blood potassium decreased,1
repaglinide,65981,CCOC1=C(C=CC(=C1)CC(=O)NC(CC(C)C)C2=CC=CC=C2N3CCCCC3)C(=O)O,Intercepted product prescribing error,0
dapagliflozin,9887712,CCOC1=CC=C(C=C1)CC2=C(C=CC(=C2)C3C(C(C(C(O3)CO)O)O)O)Cl,Chest discomfort,1
empagliflozin,11949646,C1COCC1OC2=CC=C(C=C2)CC3=C(C=CC(=C3)C4C(C(C(C(O4)CO)O)O)O)Cl,Thrombocytosis,0
metformin,4091,CN(C)C(=N)N=C(N)N,Hyperchlorhydria,1
empagliflozin,11949646,C1COCC1OC2=CC=C(C=C2)CC3=C(C=CC(=C3)C4C(C(C(C(O4)CO)O)O)O)Cl,Chromaturia,1
canagliflozin,24812758,CC1=C(C=C(C=C1)C2C(C(C(C(O2)CO)O)O)O)CC3=CC=C(S3)C4=CC=C(C=C4)F,Metastatic malignant melanoma,0
metformin,4091,CN(C)C(=N)N=C(N)N,Anxiety,1
metformin,4091,CN(C)C(=N)N=C(N)N,Gluten sensitivity,1
glipizide,3478,CC1=CN=C(C=N1)C(=O)NCCC2=CC=C(C=C2)S(=O)(=O)NC(=O)NC3CCCCC3,Tongue discomfort,0
glimepiride,3476,CCC1=C(CN(C1=O)C(=O)NCCC2=CC=C(C=C2)S(=O)(=O)NC(=O)NC3CCC(CC3)C)C,Left ventricular end-diastolic pressure increased,0
glyburide,3488,COC1=C(C=C(C=C1)Cl)C(=O)NCCC2=CC=C(C=C2)S(=O)(=O)NC(=O)NC3CCCCC3,Neurotoxicity,0
metformin,4091,CN(C)C(=N)N=C(N)N,Persistent left superior vena cava,1
glipizide,3478,CC1=CN=C(C=N1)C(=O)NCCC2=CC=C(C=C2)S(=O)(=O)NC(=O)NC3CCCCC3,Troponin increased,0
metformin,4091,CN(C)C(=N)N=C(N)N,Lung hernia,1
linagliptin,10096344,CC#CCN1C2=C(N=C1N3CCCC(C3)N)N(C(=O)N(C2=O)CC4=NC5=CC=CC=C5C(=N4)C)C,Chest injury,0
metformin,4091,CN(C)C(=N)N=C(N)N,Conjunctival haemorrhage,0
glyburide,3488,COC1=C(C=C(C=C1)Cl)C(=O)NCCC2=CC=C(C=C2)S(=O)(=O)NC(=O)NC3CCCCC3,Myasthenia gravis,0
metformin,4091,CN(C)C(=N)N=C(N)N,Therapeutic product effect delayed,1
linagliptin,10096344,CC#CCN1C2=C(N=C1N3CCCC(C3)N)N(C(=O)N(C2=O)CC4=NC5=CC=CC=C5C(=N4)C)C,Hepatitis C,0
metformin,4091,CN(C)C(=N)N=C(N)N,Pruritus,1
glimepiride,3476,CCC1=C(CN(C1=O)C(=O)NCCC2=CC=C(C=C2)S(=O)(=O)NC(=O)NC3CCC(CC3)C)C,Blood magnesium increased,0
repaglinide,65981,CCOC1=C(C=CC(=C1)CC(=O)NC(CC(C)C)C2=CC=CC=C2N3CCCCC3)C(=O)O,Nerve injury,0
metformin,4091,CN(C)C(=N)N=C(N)N,Neuropathy vitamin B12 deficiency,1
glipizide,3478,CC1=CN=C(C=N1)C(=O)NCCC2=CC=C(C=C2)S(=O)(=O)NC(=O)NC3CCCCC3,Left ventricular end-diastolic pressure increased,0
metformin,4091,CN(C)C(=N)N=C(N)N,Change of bowel habit,0
metformin,4091,CN(C)C(=N)N=C(N)N,Pustular psoriasis,1
metformin,4091,CN(C)C(=N)N=C(N)N,Hypoacusis,1
metformin,4091,CN(C)C(=N)N=C(N)N,Sarcoma metastatic,1
metformin,4091,CN(C)C(=N)N=C(N)N,Hyperamylasaemia,1
glipizide,3478,CC1=CN=C(C=N1)C(=O)NCCC2=CC=C(C=C2)S(=O)(=O)NC(=O)NC3CCCCC3,Nail discolouration,0
nateglinide,5311309,CC(C)C1CCC(CC1)C(=O)NC(CC2=CC=CC=C2)C(=O)O,Flank pain,0
sitagliptin,4369359,C1CN2C(=NN=C2C(F)(F)F)CN1C(=O)CC(CC3=CC(=C(C=C3F)F)F)N,Calcinosis,0
acarbose,9811704,CC1C(C(C(C(O1)OC2C(OC(C(C2O)O)OC(C(CO)O)C(C(C=O)O)O)CO)O)O)NC3C=C(C(C(C3O)O)O)CO,Acute stress disorder,0
glimepiride,3476,CCC1=C(CN(C1=O)C(=O)NCCC2=CC=C(C=C2)S(=O)(=O)NC(=O)NC3CCC(CC3)C)C,Therapeutic product effect decreased,1
glipizide,3478,CC1=CN=C(C=N1)C(=O)NCCC2=CC=C(C=C2)S(=O)(=O)NC(=O)NC3CCCCC3,Chronic obstructive pulmonary disease,1
dapagliflozin,9887712,CCOC1=CC=C(C=C1)CC2=C(C=CC(=C2)C3C(C(C(C(O3)CO)O)O)O)Cl,Pollakiuria,1
canagliflozin,24812758,CC1=C(C=C(C=C1)C2C(C(C(C(O2)CO)O)O)O)CC3=CC=C(S3)C4=CC=C(C=C4)F,Product tampering,0
metformin,4091,CN(C)C(=N)N=C(N)N,Bradypnoea,1
metformin,4091,CN(C)C(=N)N=C(N)N,Choking sensation,1
canagliflozin,24812758,CC1=C(C=C(C=C1)C2C(C(C(C(O2)CO)O)O)O)CC3=CC=C(S3)C4=CC=C(C=C4)F,Nasal discomfort,0
metformin,4091,CN(C)C(=N)N=C(N)N,Injury,1
empagliflozin,11949646,C1COCC1OC2=CC=C(C=C2)CC3=C(C=CC(=C3)C4C(C(C(C(O4)CO)O)O)O)Cl,Glycosuria,1
empagliflozin,11949646,C1COCC1OC2=CC=C(C=C2)CC3=C(C=CC(=C3)C4C(C(C(C(O4)CO)O)O)O)Cl,Metastases to lung,0
glipizide,3478,CC1=CN=C(C=N1)C(=O)NCCC2=CC=C(C=C2)S(=O)(=O)NC(=O)NC3CCCCC3,Perineal abscess,0
rosiglitazone,77999,CN(CCOC1=CC=C(C=C1)CC2C(=O)NC(=O)S2)C3=CC=CC=N3,Scapula fracture,0
dapagliflozin,9887712,CCOC1=CC=C(C=C1)CC2=C(C=CC(=C2)C3C(C(C(C(O3)CO)O)O)O)Cl,Holmes-Adie pupil,0
linagliptin,10096344,CC#CCN1C2=C(N=C1N3CCCC(C3)N)N(C(=O)N(C2=O)CC4=NC5=CC=CC=C5C(=N4)C)C,Cardiac dysfunction,0
metformin,4091,CN(C)C(=N)N=C(N)N,Axillary mass,1
linagliptin,10096344,CC#CCN1C2=C(N=C1N3CCCC(C3)N)N(C(=O)N(C2=O)CC4=NC5=CC=CC=C5C(=N4)C)C,Peripheral circulatory failure,0
rosiglitazone,77999,CN(CCOC1=CC=C(C=C1)CC2C(=O)NC(=O)S2)C3=CC=CC=N3,Asthenopia,0
canagliflozin,24812758,CC1=C(C=C(C=C1)C2C(C(C(C(O2)CO)O)O)O)CC3=CC=C(S3)C4=CC=C(C=C4)F,Metastatic renal cell carcinoma,1
glimepiride,3476,CCC1=C(CN(C1=O)C(=O)NCCC2=CC=C(C=C2)S(=O)(=O)NC(=O)NC3CCC(CC3)C)C,Emphysema,0
rosiglitazone,77999,CN(CCOC1=CC=C(C=C1)CC2C(=O)NC(=O)S2)C3=CC=CC=N3,Purpura,0
dapagliflozin,9887712,CCOC1=CC=C(C=C1)CC2=C(C=CC(=C2)C3C(C(C(C(O3)CO)O)O)O)Cl,Emphysema,1
metformin,4091,CN(C)C(=N)N=C(N)N,Hypoparathyroidism,1
metformin,4091,CN(C)C(=N)N=C(N)N,Glycosuria,1
saxagliptin,11243969,C1C2CC2N(C1C#N)C(=O)C(C34CC5CC(C3)CC(C5)(C4)O)N,Glaucoma,0
glyburide,3488,COC1=C(C=C(C=C1)Cl)C(=O)NCCC2=CC=C(C=C2)S(=O)(=O)NC(=O)NC3CCCCC3,Erythema of eyelid,0
pioglitazone,4829,CCC1=CN=C(C=C1)CCOC2=CC=C(C=C2)CC3C(=O)NC(=O)S3,Posterior reversible encephalopathy syndrome,0
pioglitazone,4829,CCC1=CN=C(C=C1)CCOC2=CC=C(C=C2)CC3C(=O)NC(=O)S3,Injection site hypersensitivity,0
repaglinide,65981,CCOC1=C(C=CC(=C1)CC(=O)NC(CC(C)C)C2=CC=CC=C2N3CCCCC3)C(=O)O,Scrotal pain,0
glipizide,3478,CC1=CN=C(C=N1)C(=O)NCCC2=CC=C(C=C2)S(=O)(=O)NC(=O)NC3CCCCC3,Back pain,1
acarbose,9811704,CC1C(C(C(C(O1)OC2C(OC(C(C2O)O)OC(C(CO)O)C(C(C=O)O)O)CO)O)O)NC3C=C(C(C(C3O)O)O)CO,Left ventricular end-diastolic pressure decreased,0
glipizide,3478,CC1=CN=C(C=N1)C(=O)NCCC2=CC=C(C=C2)S(=O)(=O)NC(=O)NC3CCCCC3,Diabetic complication,0
metformin,4091,CN(C)C(=N)N=C(N)N,Maternal exposure before pregnancy,1
dapagliflozin,9887712,CCOC1=CC=C(C=C1)CC2=C(C=CC(=C2)C3C(C(C(C(O3)CO)O)O)O)Cl,Toothache,1
glyburide,3488,COC1=C(C=C(C=C1)Cl)C(=O)NCCC2=CC=C(C=C2)S(=O)(=O)NC(=O)NC3CCCCC3,Dandy-Walker syndrome,0
metformin,4091,CN(C)C(=N)N=C(N)N,Blood albumin decreased,1
glimepiride,3476,CCC1=C(CN(C1=O)C(=O)NCCC2=CC=C(C=C2)S(=O)(=O)NC(=O)NC3CCC(CC3)C)C,Stomach mass,0
sitagliptin,4369359,C1CN2C(=NN=C2C(F)(F)F)CN1C(=O)CC(CC3=CC(=C(C=C3F)F)F)N,Generalised oedema,0
metformin,4091,CN(C)C(=N)N=C(N)N,Metrorrhagia,1
dapagliflozin,9887712,CCOC1=CC=C(C=C1)CC2=C(C=CC(=C2)C3C(C(C(C(O3)CO)O)O)O)Cl,Hyperkalaemia,1
dapagliflozin,9887712,CCOC1=CC=C(C=C1)CC2=C(C=CC(=C2)C3C(C(C(C(O3)CO)O)O)O)Cl,Jaw fracture,1
empagliflozin,11949646,C1COCC1OC2=CC=C(C=C2)CC3=C(C=CC(=C3)C4C(C(C(C(O4)CO)O)O)O)Cl,Myalgia,1
glipizide,3478,CC1=CN=C(C=N1)C(=O)NCCC2=CC=C(C=C2)S(=O)(=O)NC(=O)NC3CCCCC3,Adverse event,1
nateglinide,5311309,CC(C)C1CCC(CC1)C(=O)NC(CC2=CC=CC=C2)C(=O)O,Injection site hypersensitivity,0
dapagliflozin,9887712,CCOC1=CC=C(C=C1)CC2=C(C=CC(=C2)C3C(C(C(C(O3)CO)O)O)O)Cl,Dysgeusia,0
canagliflozin,24812758,CC1=C(C=C(C=C1)C2C(C(C(C(O2)CO)O)O)O)CC3=CC=C(S3)C4=CC=C(C=C4)F,Aspiration,0
saxagliptin,11243969,C1C2CC2N(C1C#N)C(=O)C(C34CC5CC(C3)CC(C5)(C4)O)N,Fall,1
empagliflozin,11949646,C1COCC1OC2=CC=C(C=C2)CC3=C(C=CC(=C3)C4C(C(C(C(O4)CO)O)O)O)Cl,Hepatitis E,0
metformin,4091,CN(C)C(=N)N=C(N)N,Brain cancer metastatic,1
glyburide,3488,COC1=C(C=C(C=C1)Cl)C(=O)NCCC2=CC=C(C=C2)S(=O)(=O)NC(=O)NC3CCCCC3,Decreased appetite,0
dapagliflozin,9887712,CCOC1=CC=C(C=C1)CC2=C(C=CC(=C2)C3C(C(C(C(O3)CO)O)O)O)Cl,Hypovolaemia,1
empagliflozin,11949646,C1COCC1OC2=CC=C(C=C2)CC3=C(C=CC(=C3)C4C(C(C(C(O4)CO)O)O)O)Cl,Febrile bone marrow aplasia,0
metformin,4091,CN(C)C(=N)N=C(N)N,Faeces pale,1
acarbose,9811704,CC1C(C(C(C(O1)OC2C(OC(C(C2O)O)OC(C(CO)O)C(C(C=O)O)O)CO)O)O)NC3C=C(C(C(C3O)O)O)CO,Metrorrhagia,0
dapagliflozin,9887712,CCOC1=CC=C(C=C1)CC2=C(C=CC(=C2)C3C(C(C(C(O3)CO)O)O)O)Cl,Ejection fraction decreased,0
empagliflozin,11949646,C1COCC1OC2=CC=C(C=C2)CC3=C(C=CC(=C3)C4C(C(C(C(O4)CO)O)O)O)Cl,Haemorrhage intracranial,0
repaglinide,65981,CCOC1=C(C=CC(=C1)CC(=O)NC(CC(C)C)C2=CC=CC=C2N3CCCCC3)C(=O)O,Cataract operation,0
sitagliptin,4369359,C1CN2C(=NN=C2C(F)(F)F)CN1C(=O)CC(CC3=CC(=C(C=C3F)F)F)N,Herpes virus infection,0
metformin,4091,CN(C)C(=N)N=C(N)N,Sciatica,1
metformin,4091,CN(C)C(=N)N=C(N)N,Alopecia areata,1
glimepiride,3476,CCC1=C(CN(C1=O)C(=O)NCCC2=CC=C(C=C2)S(=O)(=O)NC(=O)NC3CCC(CC3)C)C,Fluid overload,1
metformin,4091,CN(C)C(=N)N=C(N)N,Genital infection fungal,1
metformin,4091,CN(C)C(=N)N=C(N)N,Gastrointestinal stromal tumour,1
acarbose,9811704,CC1C(C(C(C(O1)OC2C(OC(C(C2O)O)OC(C(CO)O)C(C(C=O)O)O)CO)O)O)NC3C=C(C(C(C3O)O)O)CO,Gastric disorder,1
acarbose,9811704,CC1C(C(C(C(O1)OC2C(OC(C(C2O)O)OC(C(CO)O)C(C(C=O)O)O)CO)O)O)NC3C=C(C(C(C3O)O)O)CO,Dyspepsia,1
metformin,4091,CN(C)C(=N)N=C(N)N,Retroperitoneal fibrosis,0
saxagliptin,11243969,C1C2CC2N(C1C#N)C(=O)C(C34CC5CC(C3)CC(C5)(C4)O)N,Heart transplant,0
glimepiride,3476,CCC1=C(CN(C1=O)C(=O)NCCC2=CC=C(C=C2)S(=O)(=O)NC(=O)NC3CCC(CC3)C)C,Brain natriuretic peptide increased,1
glipizide,3478,CC1=CN=C(C=N1)C(=O)NCCC2=CC=C(C=C2)S(=O)(=O)NC(=O)NC3CCCCC3,Asthma,1
glipizide,3478,CC1=CN=C(C=N1)C(=O)NCCC2=CC=C(C=C2)S(=O)(=O)NC(=O)NC3CCCCC3,Therapeutic product effect variable,1
metformin,4091,CN(C)C(=N)N=C(N)N,Drug dependence,1
sitagliptin,4369359,C1CN2C(=NN=C2C(F)(F)F)CN1C(=O)CC(CC3=CC(=C(C=C3F)F)F)N,Arteriosclerosis,0
glimepiride,3476,CCC1=C(CN(C1=O)C(=O)NCCC2=CC=C(C=C2)S(=O)(=O)NC(=O)NC3CCC(CC3)C)C,Discomfort,1
metformin,4091,CN(C)C(=N)N=C(N)N,Visual field defect,1
repaglinide,65981,CCOC1=C(C=CC(=C1)CC(=O)NC(CC(C)C)C2=CC=CC=C2N3CCCCC3)C(=O)O,Coronavirus infection,1
acarbose,9811704,CC1C(C(C(C(O1)OC2C(OC(C(C2O)O)OC(C(CO)O)C(C(C=O)O)O)CO)O)O)NC3C=C(C(C(C3O)O)O)CO,Ballismus,0
nateglinide,5311309,CC(C)C1CCC(CC1)C(=O)NC(CC2=CC=CC=C2)C(=O)O,Nephritis allergic,0
glimepiride,3476,CCC1=C(CN(C1=O)C(=O)NCCC2=CC=C(C=C2)S(=O)(=O)NC(=O)NC3CCC(CC3)C)C,Enlarged uvula,0
metformin,4091,CN(C)C(=N)N=C(N)N,Mass,1
linagliptin,10096344,CC#CCN1C2=C(N=C1N3CCCC(C3)N)N(C(=O)N(C2=O)CC4=NC5=CC=CC=C5C(=N4)C)C,Perineal pain,0
metformin,4091,CN(C)C(=N)N=C(N)N,Vital capacity decreased,1
metformin,4091,CN(C)C(=N)N=C(N)N,Soft tissue disorder,1
glipizide,3478,CC1=CN=C(C=N1)C(=O)NCCC2=CC=C(C=C2)S(=O)(=O)NC(=O)NC3CCCCC3,Acute kidney injury,1
metformin,4091,CN(C)C(=N)N=C(N)N,Sputum discoloured,1
glimepiride,3476,CCC1=C(CN(C1=O)C(=O)NCCC2=CC=C(C=C2)S(=O)(=O)NC(=O)NC3CCC(CC3)C)C,PCO2 decreased,0
nateglinide,5311309,CC(C)C1CCC(CC1)C(=O)NC(CC2=CC=CC=C2)C(=O)O,Faecaloma,0
linagliptin,10096344,CC#CCN1C2=C(N=C1N3CCCC(C3)N)N(C(=O)N(C2=O)CC4=NC5=CC=CC=C5C(=N4)C)C,Blood urea decreased,0
pioglitazone,4829,CCC1=CN=C(C=C1)CCOC2=CC=C(C=C2)CC3C(=O)NC(=O)S3,Coating in mouth,1
glyburide,3488,COC1=C(C=C(C=C1)Cl)C(=O)NCCC2=CC=C(C=C2)S(=O)(=O)NC(=O)NC3CCCCC3,Premature baby,0
empagliflozin,11949646,C1COCC1OC2=CC=C(C=C2)CC3=C(C=CC(=C3)C4C(C(C(C(O4)CO)O)O)O)Cl,Vision blurred,1
linagliptin,10096344,CC#CCN1C2=C(N=C1N3CCCC(C3)N)N(C(=O)N(C2=O)CC4=NC5=CC=CC=C5C(=N4)C)C,Urine calcium/creatinine ratio increased,0
sitagliptin,4369359,C1CN2C(=NN=C2C(F)(F)F)CN1C(=O)CC(CC3=CC(=C(C=C3F)F)F)N,Left atrial dilatation,0
nateglinide,5311309,CC(C)C1CCC(CC1)C(=O)NC(CC2=CC=CC=C2)C(=O)O,Soft tissue disorder,0
metformin,4091,CN(C)C(=N)N=C(N)N,Haemodialysis,1
glipizide,3478,CC1=CN=C(C=N1)C(=O)NCCC2=CC=C(C=C2)S(=O)(=O)NC(=O)NC3CCCCC3,White blood cells urine positive,0
empagliflozin,11949646,C1COCC1OC2=CC=C(C=C2)CC3=C(C=CC(=C3)C4C(C(C(C(O4)CO)O)O)O)Cl,Eczema asteatotic,1
metformin,4091,CN(C)C(=N)N=C(N)N,Breath sounds abnormal,1
glyburide,3488,COC1=C(C=C(C=C1)Cl)C(=O)NCCC2=CC=C(C=C2)S(=O)(=O)NC(=O)NC3CCCCC3,Renal replacement therapy,0
metformin,4091,CN(C)C(=N)N=C(N)N,Product use issue,1
rosiglitazone,77999,CN(CCOC1=CC=C(C=C1)CC2C(=O)NC(=O)S2)C3=CC=CC=N3,Subacute combined cord degeneration,0
metformin,4091,CN(C)C(=N)N=C(N)N,Vulvovaginal pruritus,1
metformin,4091,CN(C)C(=N)N=C(N)N,Feeling jittery,1
empagliflozin,11949646,C1COCC1OC2=CC=C(C=C2)CC3=C(C=CC(=C3)C4C(C(C(C(O4)CO)O)O)O)Cl,Preterm premature rupture of membranes,0
sitagliptin,4369359,C1CN2C(=NN=C2C(F)(F)F)CN1C(=O)CC(CC3=CC(=C(C=C3F)F)F)N,Fulminant type 1 diabetes mellitus,1
metformin,4091,CN(C)C(=N)N=C(N)N,Anovulatory cycle,1
nateglinide,5311309,CC(C)C1CCC(CC1)C(=O)NC(CC2=CC=CC=C2)C(=O)O,Irritability,0
dapagliflozin,9887712,CCOC1=CC=C(C=C1)CC2=C(C=CC(=C2)C3C(C(C(C(O3)CO)O)O)O)Cl,Peripheral ischaemia,1
rosiglitazone,77999,CN(CCOC1=CC=C(C=C1)CC2C(=O)NC(=O)S2)C3=CC=CC=N3,Product availability issue,0
nateglinide,5311309,CC(C)C1CCC(CC1)C(=O)NC(CC2=CC=CC=C2)C(=O)O,Hypoxic-ischaemic encephalopathy,0
pioglitazone,4829,CCC1=CN=C(C=C1)CCOC2=CC=C(C=C2)CC3C(=O)NC(=O)S3,Organ failure,0
acarbose,9811704,CC1C(C(C(C(O1)OC2C(OC(C(C2O)O)OC(C(CO)O)C(C(C=O)O)O)CO)O)O)NC3C=C(C(C(C3O)O)O)CO,Psoriatic arthropathy,0
repaglinide,65981,CCOC1=C(C=CC(=C1)CC(=O)NC(CC(C)C)C2=CC=CC=C2N3CCCCC3)C(=O)O,Physical examination abnormal,0
pioglitazone,4829,CCC1=CN=C(C=C1)CCOC2=CC=C(C=C2)CC3C(=O)NC(=O)S3,Spermatic cord inflammation,0
metformin,4091,CN(C)C(=N)N=C(N)N,Pulmonary vascular disorder,1
nateglinide,5311309,CC(C)C1CCC(CC1)C(=O)NC(CC2=CC=CC=C2)C(=O)O,Protein total increased,0
glyburide,3488,COC1=C(C=C(C=C1)Cl)C(=O)NCCC2=CC=C(C=C2)S(=O)(=O)NC(=O)NC3CCCCC3,Skin burning sensation,0
glimepiride,3476,CCC1=C(CN(C1=O)C(=O)NCCC2=CC=C(C=C2)S(=O)(=O)NC(=O)NC3CCC(CC3)C)C,Angioedema,0
empagliflozin,11949646,C1COCC1OC2=CC=C(C=C2)CC3=C(C=CC(=C3)C4C(C(C(C(O4)CO)O)O)O)Cl,Pelvic pain,0
glyburide,3488,COC1=C(C=C(C=C1)Cl)C(=O)NCCC2=CC=C(C=C2)S(=O)(=O)NC(=O)NC3CCCCC3,Tonsil cancer,0
empagliflozin,11949646,C1COCC1OC2=CC=C(C=C2)CC3=C(C=CC(=C3)C4C(C(C(C(O4)CO)O)O)O)Cl,Weight decreased,1
pioglitazone,4829,CCC1=CN=C(C=C1)CCOC2=CC=C(C=C2)CC3C(=O)NC(=O)S3,Lacrimation increased,1
metformin,4091,CN(C)C(=N)N=C(N)N,Blood thyroid stimulating hormone increased,1
glipizide,3478,CC1=CN=C(C=N1)C(=O)NCCC2=CC=C(C=C2)S(=O)(=O)NC(=O)NC3CCCCC3,Electrocardiogram QT prolonged,0
empagliflozin,11949646,C1COCC1OC2=CC=C(C=C2)CC3=C(C=CC(=C3)C4C(C(C(C(O4)CO)O)O)O)Cl,Splenic infarction,0
metformin,4091,CN(C)C(=N)N=C(N)N,Clumsiness,1
metformin,4091,CN(C)C(=N)N=C(N)N,Hip arthroplasty,1
canagliflozin,24812758,CC1=C(C=C(C=C1)C2C(C(C(C(O2)CO)O)O)O)CC3=CC=C(S3)C4=CC=C(C=C4)F,Diabetic retinopathy,1
pioglitazone,4829,CCC1=CN=C(C=C1)CCOC2=CC=C(C=C2)CC3C(=O)NC(=O)S3,Medication error,1
glipizide,3478,CC1=CN=C(C=N1)C(=O)NCCC2=CC=C(C=C2)S(=O)(=O)NC(=O)NC3CCCCC3,Hepatic infection,0
metformin,4091,CN(C)C(=N)N=C(N)N,Blood potassium decreased,1
dapagliflozin,9887712,CCOC1=CC=C(C=C1)CC2=C(C=CC(=C2)C3C(C(C(C(O3)CO)O)O)O)Cl,Goitre,0
metformin,4091,CN(C)C(=N)N=C(N)N,Blood creatine increased,1
glimepiride,3476,CCC1=C(CN(C1=O)C(=O)NCCC2=CC=C(C=C2)S(=O)(=O)NC(=O)NC3CCC(CC3)C)C,Hepatocellular injury,1
pioglitazone,4829,CCC1=CN=C(C=C1)CCOC2=CC=C(C=C2)CC3C(=O)NC(=O)S3,Dizziness,1
metformin,4091,CN(C)C(=N)N=C(N)N,Tongue blistering,1
rosiglitazone,77999,CN(CCOC1=CC=C(C=C1)CC2C(=O)NC(=O)S2)C3=CC=CC=N3,Poor quality sleep,0
metformin,4091,CN(C)C(=N)N=C(N)N,Blood testosterone decreased,1
sitagliptin,4369359,C1CN2C(=NN=C2C(F)(F)F)CN1C(=O)CC(CC3=CC(=C(C=C3F)F)F)N,Hyperkalaemia,1
glyburide,3488,COC1=C(C=C(C=C1)Cl)C(=O)NCCC2=CC=C(C=C2)S(=O)(=O)NC(=O)NC3CCCCC3,Gout,0
metformin,4091,CN(C)C(=N)N=C(N)N,Paraesthesia oral,1
canagliflozin,24812758,CC1=C(C=C(C=C1)C2C(C(C(C(O2)CO)O)O)O)CC3=CC=C(S3)C4=CC=C(C=C4)F,Posterior reversible encephalopathy syndrome,0
pioglitazone,4829,CCC1=CN=C(C=C1)CCOC2=CC=C(C=C2)CC3C(=O)NC(=O)S3,Ventricular extrasystoles,1
nateglinide,5311309,CC(C)C1CCC(CC1)C(=O)NC(CC2=CC=CC=C2)C(=O)O,Skin injury,0
metformin,4091,CN(C)C(=N)N=C(N)N,Cartilage injury,1
glyburide,3488,COC1=C(C=C(C=C1)Cl)C(=O)NCCC2=CC=C(C=C2)S(=O)(=O)NC(=O)NC3CCCCC3,Renal tubular necrosis,0
pioglitazone,4829,CCC1=CN=C(C=C1)CCOC2=CC=C(C=C2)CC3C(=O)NC(=O)S3,Aspartate aminotransferase decreased,0
empagliflozin,11949646,C1COCC1OC2=CC=C(C=C2)CC3=C(C=CC(=C3)C4C(C(C(C(O4)CO)O)O)O)Cl,Ventricular septal defect,0
metformin,4091,CN(C)C(=N)N=C(N)N,Paradoxical drug reaction,1
empagliflozin,11949646,C1COCC1OC2=CC=C(C=C2)CC3=C(C=CC(=C3)C4C(C(C(C(O4)CO)O)O)O)Cl,Treatment noncompliance,1
metformin,4091,CN(C)C(=N)N=C(N)N,"Hallucinations, mixed",1
repaglinide,65981,CCOC1=C(C=CC(=C1)CC(=O)NC(CC(C)C)C2=CC=CC=C2N3CCCCC3)C(=O)O,Circumstance or information capable of leading to medication error,0
rosiglitazone,77999,CN(CCOC1=CC=C(C=C1)CC2C(=O)NC(=O)S2)C3=CC=CC=N3,Rectal tenesmus,0
metformin,4091,CN(C)C(=N)N=C(N)N,Neck pain,1
rosiglitazone,77999,CN(CCOC1=CC=C(C=C1)CC2C(=O)NC(=O)S2)C3=CC=CC=N3,Retinopathy hypertensive,0
metformin,4091,CN(C)C(=N)N=C(N)N,Thalamic infarction,1
repaglinide,65981,CCOC1=C(C=CC(=C1)CC(=O)NC(CC(C)C)C2=CC=CC=C2N3CCCCC3)C(=O)O,Cogwheel rigidity,0
empagliflozin,11949646,C1COCC1OC2=CC=C(C=C2)CC3=C(C=CC(=C3)C4C(C(C(C(O4)CO)O)O)O)Cl,Antipsychotic drug level decreased,0
empagliflozin,11949646,C1COCC1OC2=CC=C(C=C2)CC3=C(C=CC(=C3)C4C(C(C(C(O4)CO)O)O)O)Cl,Chronic kidney disease,1
glimepiride,3476,CCC1=C(CN(C1=O)C(=O)NCCC2=CC=C(C=C2)S(=O)(=O)NC(=O)NC3CCC(CC3)C)C,Paralysis,1
metformin,4091,CN(C)C(=N)N=C(N)N,Serum ferritin abnormal,1
sitagliptin,4369359,C1CN2C(=NN=C2C(F)(F)F)CN1C(=O)CC(CC3=CC(=C(C=C3F)F)F)N,Catatonia,0
empagliflozin,11949646,C1COCC1OC2=CC=C(C=C2)CC3=C(C=CC(=C3)C4C(C(C(C(O4)CO)O)O)O)Cl,Alanine aminotransferase increased,1
metformin,4091,CN(C)C(=N)N=C(N)N,Atrophy,1
metformin,4091,CN(C)C(=N)N=C(N)N,Vasospasm,0
glimepiride,3476,CCC1=C(CN(C1=O)C(=O)NCCC2=CC=C(C=C2)S(=O)(=O)NC(=O)NC3CCC(CC3)C)C,Uterine leiomyoma,0
empagliflozin,11949646,C1COCC1OC2=CC=C(C=C2)CC3=C(C=CC(=C3)C4C(C(C(C(O4)CO)O)O)O)Cl,Full blood count abnormal,0
dapagliflozin,9887712,CCOC1=CC=C(C=C1)CC2=C(C=CC(=C2)C3C(C(C(C(O3)CO)O)O)O)Cl,Spinal cord disorder,0
repaglinide,65981,CCOC1=C(C=CC(=C1)CC(=O)NC(CC(C)C)C2=CC=CC=C2N3CCCCC3)C(=O)O,Drug hypersensitivity,1
metformin,4091,CN(C)C(=N)N=C(N)N,Abscess limb,1
acarbose,9811704,CC1C(C(C(C(O1)OC2C(OC(C(C2O)O)OC(C(CO)O)C(C(C=O)O)O)CO)O)O)NC3C=C(C(C(C3O)O)O)CO,Malignant neoplasm of spinal cord,0
dapagliflozin,9887712,CCOC1=CC=C(C=C1)CC2=C(C=CC(=C2)C3C(C(C(C(O3)CO)O)O)O)Cl,Foaming at mouth,0
metformin,4091,CN(C)C(=N)N=C(N)N,Intracranial pressure increased,1
empagliflozin,11949646,C1COCC1OC2=CC=C(C=C2)CC3=C(C=CC(=C3)C4C(C(C(C(O4)CO)O)O)O)Cl,SARS-CoV-2 test positive,1
metformin,4091,CN(C)C(=N)N=C(N)N,Lymphadenectomy,1
empagliflozin,11949646,C1COCC1OC2=CC=C(C=C2)CC3=C(C=CC(=C3)C4C(C(C(C(O4)CO)O)O)O)Cl,Cardiac failure congestive,1
glimepiride,3476,CCC1=C(CN(C1=O)C(=O)NCCC2=CC=C(C=C2)S(=O)(=O)NC(=O)NC3CCC(CC3)C)C,Purulent discharge,0
metformin,4091,CN(C)C(=N)N=C(N)N,Monoparesis,1
empagliflozin,11949646,C1COCC1OC2=CC=C(C=C2)CC3=C(C=CC(=C3)C4C(C(C(C(O4)CO)O)O)O)Cl,Groin pain,1
repaglinide,65981,CCOC1=C(C=CC(=C1)CC(=O)NC(CC(C)C)C2=CC=CC=C2N3CCCCC3)C(=O)O,Contraindicated product prescribed,0
canagliflozin,24812758,CC1=C(C=C(C=C1)C2C(C(C(C(O2)CO)O)O)O)CC3=CC=C(S3)C4=CC=C(C=C4)F,Parotid abscess,0
dapagliflozin,9887712,CCOC1=CC=C(C=C1)CC2=C(C=CC(=C2)C3C(C(C(C(O3)CO)O)O)O)Cl,Post procedural bile leak,0
glimepiride,3476,CCC1=C(CN(C1=O)C(=O)NCCC2=CC=C(C=C2)S(=O)(=O)NC(=O)NC3CCC(CC3)C)C,Livedo reticularis,0
pioglitazone,4829,CCC1=CN=C(C=C1)CCOC2=CC=C(C=C2)CC3C(=O)NC(=O)S3,Motor dysfunction,1
canagliflozin,24812758,CC1=C(C=C(C=C1)C2C(C(C(C(O2)CO)O)O)O)CC3=CC=C(S3)C4=CC=C(C=C4)F,Furuncle,0
metformin,4091,CN(C)C(=N)N=C(N)N,Colon injury,1
glipizide,3478,CC1=CN=C(C=N1)C(=O)NCCC2=CC=C(C=C2)S(=O)(=O)NC(=O)NC3CCCCC3,Product taste abnormal,1
pioglitazone,4829,CCC1=CN=C(C=C1)CCOC2=CC=C(C=C2)CC3C(=O)NC(=O)S3,Aortic valve stenosis,0
linagliptin,10096344,CC#CCN1C2=C(N=C1N3CCCC(C3)N)N(C(=O)N(C2=O)CC4=NC5=CC=CC=C5C(=N4)C)C,Hypercreatininaemia,0
metformin,4091,CN(C)C(=N)N=C(N)N,Failure to thrive,1
acarbose,9811704,CC1C(C(C(C(O1)OC2C(OC(C(C2O)O)OC(C(CO)O)C(C(C=O)O)O)CO)O)O)NC3C=C(C(C(C3O)O)O)CO,Neuroendocrine tumour,0
dapagliflozin,9887712,CCOC1=CC=C(C=C1)CC2=C(C=CC(=C2)C3C(C(C(C(O3)CO)O)O)O)Cl,Dry mouth,1
acarbose,9811704,CC1C(C(C(C(O1)OC2C(OC(C(C2O)O)OC(C(CO)O)C(C(C=O)O)O)CO)O)O)NC3C=C(C(C(C3O)O)O)CO,Renal injury,0
metformin,4091,CN(C)C(=N)N=C(N)N,Face oedema,1
canagliflozin,24812758,CC1=C(C=C(C=C1)C2C(C(C(C(O2)CO)O)O)O)CC3=CC=C(S3)C4=CC=C(C=C4)F,Pain in extremity,1
metformin,4091,CN(C)C(=N)N=C(N)N,Intestinal transit time decreased,1
rosiglitazone,77999,CN(CCOC1=CC=C(C=C1)CC2C(=O)NC(=O)S2)C3=CC=CC=N3,Vomiting projectile,0
repaglinide,65981,CCOC1=C(C=CC(=C1)CC(=O)NC(CC(C)C)C2=CC=CC=C2N3CCCCC3)C(=O)O,Endometriosis,0
canagliflozin,24812758,CC1=C(C=C(C=C1)C2C(C(C(C(O2)CO)O)O)O)CC3=CC=C(S3)C4=CC=C(C=C4)F,Medication error,1
glimepiride,3476,CCC1=C(CN(C1=O)C(=O)NCCC2=CC=C(C=C2)S(=O)(=O)NC(=O)NC3CCC(CC3)C)C,Inappropriate schedule of product administration,1
metformin,4091,CN(C)C(=N)N=C(N)N,Breath odour,1
canagliflozin,24812758,CC1=C(C=C(C=C1)C2C(C(C(C(O2)CO)O)O)O)CC3=CC=C(S3)C4=CC=C(C=C4)F,Jaw disorder,0
repaglinide,65981,CCOC1=C(C=CC(=C1)CC(=O)NC(CC(C)C)C2=CC=CC=C2N3CCCCC3)C(=O)O,Blood creatine decreased,0
dapagliflozin,9887712,CCOC1=CC=C(C=C1)CC2=C(C=CC(=C2)C3C(C(C(C(O3)CO)O)O)O)Cl,Corneal dystrophy,0
nateglinide,5311309,CC(C)C1CCC(CC1)C(=O)NC(CC2=CC=CC=C2)C(=O)O,Mechanical ileus,0
metformin,4091,CN(C)C(=N)N=C(N)N,Glomerulonephritis chronic,1
linagliptin,10096344,CC#CCN1C2=C(N=C1N3CCCC(C3)N)N(C(=O)N(C2=O)CC4=NC5=CC=CC=C5C(=N4)C)C,Blood pressure systolic decreased,0
glimepiride,3476,CCC1=C(CN(C1=O)C(=O)NCCC2=CC=C(C=C2)S(=O)(=O)NC(=O)NC3CCC(CC3)C)C,Hypotension,1
metformin,4091,CN(C)C(=N)N=C(N)N,Alkalosis,0
metformin,4091,CN(C)C(=N)N=C(N)N,Liver function test decreased,1
glimepiride,3476,CCC1=C(CN(C1=O)C(=O)NCCC2=CC=C(C=C2)S(=O)(=O)NC(=O)NC3CCC(CC3)C)C,Renal atrophy,0
glimepiride,3476,CCC1=C(CN(C1=O)C(=O)NCCC2=CC=C(C=C2)S(=O)(=O)NC(=O)NC3CCC(CC3)C)C,Dyspnoea,1
canagliflozin,24812758,CC1=C(C=C(C=C1)C2C(C(C(C(O2)CO)O)O)O)CC3=CC=C(S3)C4=CC=C(C=C4)F,Acute lymphocytic leukaemia,0
nateglinide,5311309,CC(C)C1CCC(CC1)C(=O)NC(CC2=CC=CC=C2)C(=O)O,International normalised ratio decreased,0
acarbose,9811704,CC1C(C(C(C(O1)OC2C(OC(C(C2O)O)OC(C(CO)O)C(C(C=O)O)O)CO)O)O)NC3C=C(C(C(C3O)O)O)CO,Suprapubic pain,0
metformin,4091,CN(C)C(=N)N=C(N)N,Food interaction,1
canagliflozin,24812758,CC1=C(C=C(C=C1)C2C(C(C(C(O2)CO)O)O)O)CC3=CC=C(S3)C4=CC=C(C=C4)F,Penile prosthesis removal,0
saxagliptin,11243969,C1C2CC2N(C1C#N)C(=O)C(C34CC5CC(C3)CC(C5)(C4)O)N,Physical deconditioning,0
sitagliptin,4369359,C1CN2C(=NN=C2C(F)(F)F)CN1C(=O)CC(CC3=CC(=C(C=C3F)F)F)N,Aspergillus infection,1
metformin,4091,CN(C)C(=N)N=C(N)N,Essential hypertension,1
metformin,4091,CN(C)C(=N)N=C(N)N,Pylorus dilatation,1
nateglinide,5311309,CC(C)C1CCC(CC1)C(=O)NC(CC2=CC=CC=C2)C(=O)O,Failure to thrive,0
metformin,4091,CN(C)C(=N)N=C(N)N,Labyrinthitis,1
canagliflozin,24812758,CC1=C(C=C(C=C1)C2C(C(C(C(O2)CO)O)O)O)CC3=CC=C(S3)C4=CC=C(C=C4)F,Hypocalcaemia,1
linagliptin,10096344,CC#CCN1C2=C(N=C1N3CCCC(C3)N)N(C(=O)N(C2=O)CC4=NC5=CC=CC=C5C(=N4)C)C,Product solubility abnormal,0
metformin,4091,CN(C)C(=N)N=C(N)N,Endocarditis,1
empagliflozin,11949646,C1COCC1OC2=CC=C(C=C2)CC3=C(C=CC(=C3)C4C(C(C(C(O4)CO)O)O)O)Cl,Infrequent bowel movements,0
metformin,4091,CN(C)C(=N)N=C(N)N,Congestive cardiomyopathy,1
glipizide,3478,CC1=CN=C(C=N1)C(=O)NCCC2=CC=C(C=C2)S(=O)(=O)NC(=O)NC3CCCCC3,Product residue present,1
glyburide,3488,COC1=C(C=C(C=C1)Cl)C(=O)NCCC2=CC=C(C=C2)S(=O)(=O)NC(=O)NC3CCCCC3,Alcohol poisoning,0
glipizide,3478,CC1=CN=C(C=N1)C(=O)NCCC2=CC=C(C=C2)S(=O)(=O)NC(=O)NC3CCCCC3,Extraocular muscle paresis,0
pioglitazone,4829,CCC1=CN=C(C=C1)CCOC2=CC=C(C=C2)CC3C(=O)NC(=O)S3,Hypoglycaemic encephalopathy,0
metformin,4091,CN(C)C(=N)N=C(N)N,Tooth loss,1
canagliflozin,24812758,CC1=C(C=C(C=C1)C2C(C(C(C(O2)CO)O)O)O)CC3=CC=C(S3)C4=CC=C(C=C4)F,Postoperative wound complication,0
repaglinide,65981,CCOC1=C(C=CC(=C1)CC(=O)NC(CC(C)C)C2=CC=CC=C2N3CCCCC3)C(=O)O,Adverse event,0
metformin,4091,CN(C)C(=N)N=C(N)N,Impaired quality of life,1
dapagliflozin,9887712,CCOC1=CC=C(C=C1)CC2=C(C=CC(=C2)C3C(C(C(C(O3)CO)O)O)O)Cl,Cardiac failure congestive,0
sitagliptin,4369359,C1CN2C(=NN=C2C(F)(F)F)CN1C(=O)CC(CC3=CC(=C(C=C3F)F)F)N,Haematoma,1
metformin,4091,CN(C)C(=N)N=C(N)N,Tension headache,1
canagliflozin,24812758,CC1=C(C=C(C=C1)C2C(C(C(C(O2)CO)O)O)O)CC3=CC=C(S3)C4=CC=C(C=C4)F,Weight decreased,1
sitagliptin,4369359,C1CN2C(=NN=C2C(F)(F)F)CN1C(=O)CC(CC3=CC(=C(C=C3F)F)F)N,Head injury,0
empagliflozin,11949646,C1COCC1OC2=CC=C(C=C2)CC3=C(C=CC(=C3)C4C(C(C(C(O4)CO)O)O)O)Cl,Retroperitonitis,0
dapagliflozin,9887712,CCOC1=CC=C(C=C1)CC2=C(C=CC(=C2)C3C(C(C(C(O3)CO)O)O)O)Cl,Hypertension,1
saxagliptin,11243969,C1C2CC2N(C1C#N)C(=O)C(C34CC5CC(C3)CC(C5)(C4)O)N,Joint stiffness,1
metformin,4091,CN(C)C(=N)N=C(N)N,Product odour abnormal,1
acarbose,9811704,CC1C(C(C(C(O1)OC2C(OC(C(C2O)O)OC(C(CO)O)C(C(C=O)O)O)CO)O)O)NC3C=C(C(C(C3O)O)O)CO,Abdominal adhesions,0
canagliflozin,24812758,CC1=C(C=C(C=C1)C2C(C(C(C(O2)CO)O)O)O)CC3=CC=C(S3)C4=CC=C(C=C4)F,Ketosis,1
saxagliptin,11243969,C1C2CC2N(C1C#N)C(=O)C(C34CC5CC(C3)CC(C5)(C4)O)N,Trisomy 18,0
canagliflozin,24812758,CC1=C(C=C(C=C1)C2C(C(C(C(O2)CO)O)O)O)CC3=CC=C(S3)C4=CC=C(C=C4)F,Diplegia,1
pioglitazone,4829,CCC1=CN=C(C=C1)CCOC2=CC=C(C=C2)CC3C(=O)NC(=O)S3,Blood magnesium decreased,0
acarbose,9811704,CC1C(C(C(C(O1)OC2C(OC(C(C2O)O)OC(C(CO)O)C(C(C=O)O)O)CO)O)O)NC3C=C(C(C(C3O)O)O)CO,Drug level above therapeutic,0
metformin,4091,CN(C)C(=N)N=C(N)N,Furuncle,1
empagliflozin,11949646,C1COCC1OC2=CC=C(C=C2)CC3=C(C=CC(=C3)C4C(C(C(C(O4)CO)O)O)O)Cl,Circulatory collapse,0
canagliflozin,24812758,CC1=C(C=C(C=C1)C2C(C(C(C(O2)CO)O)O)O)CC3=CC=C(S3)C4=CC=C(C=C4)F,Necrotising fasciitis,1
dapagliflozin,9887712,CCOC1=CC=C(C=C1)CC2=C(C=CC(=C2)C3C(C(C(C(O3)CO)O)O)O)Cl,Blister,1
glipizide,3478,CC1=CN=C(C=N1)C(=O)NCCC2=CC=C(C=C2)S(=O)(=O)NC(=O)NC3CCCCC3,Pemphigoid,1
pioglitazone,4829,CCC1=CN=C(C=C1)CCOC2=CC=C(C=C2)CC3C(=O)NC(=O)S3,Liver function test increased,1
linagliptin,10096344,CC#CCN1C2=C(N=C1N3CCCC(C3)N)N(C(=O)N(C2=O)CC4=NC5=CC=CC=C5C(=N4)C)C,Cytomegalovirus infection,0
glipizide,3478,CC1=CN=C(C=N1)C(=O)NCCC2=CC=C(C=C2)S(=O)(=O)NC(=O)NC3CCCCC3,Cholecystitis acute,0
dapagliflozin,9887712,CCOC1=CC=C(C=C1)CC2=C(C=CC(=C2)C3C(C(C(C(O3)CO)O)O)O)Cl,Diabetic nephropathy,1
saxagliptin,11243969,C1C2CC2N(C1C#N)C(=O)C(C34CC5CC(C3)CC(C5)(C4)O)N,Cerebral venous sinus thrombosis,0
acarbose,9811704,CC1C(C(C(C(O1)OC2C(OC(C(C2O)O)OC(C(CO)O)C(C(C=O)O)O)CO)O)O)NC3C=C(C(C(C3O)O)O)CO,Loss of consciousness,0
metformin,4091,CN(C)C(=N)N=C(N)N,Hyperkeratosis,1
metformin,4091,CN(C)C(=N)N=C(N)N,Psoriasis,1
rosiglitazone,77999,CN(CCOC1=CC=C(C=C1)CC2C(=O)NC(=O)S2)C3=CC=CC=N3,Haemophagocytic lymphohistiocytosis,0
metformin,4091,CN(C)C(=N)N=C(N)N,IgA nephropathy,1
metformin,4091,CN(C)C(=N)N=C(N)N,Muscle twitching,1
glipizide,3478,CC1=CN=C(C=N1)C(=O)NCCC2=CC=C(C=C2)S(=O)(=O)NC(=O)NC3CCCCC3,Diabetic metabolic decompensation,0
sitagliptin,4369359,C1CN2C(=NN=C2C(F)(F)F)CN1C(=O)CC(CC3=CC(=C(C=C3F)F)F)N,Neurodermatitis,1
repaglinide,65981,CCOC1=C(C=CC(=C1)CC(=O)NC(CC(C)C)C2=CC=CC=C2N3CCCCC3)C(=O)O,Feeling abnormal,0
rosiglitazone,77999,CN(CCOC1=CC=C(C=C1)CC2C(=O)NC(=O)S2)C3=CC=CC=N3,Kyphosis,1
saxagliptin,11243969,C1C2CC2N(C1C#N)C(=O)C(C34CC5CC(C3)CC(C5)(C4)O)N,Multiple sclerosis relapse,0
acarbose,9811704,CC1C(C(C(C(O1)OC2C(OC(C(C2O)O)OC(C(CO)O)C(C(C=O)O)O)CO)O)O)NC3C=C(C(C(C3O)O)O)CO,Benign prostatic hyperplasia,0
metformin,4091,CN(C)C(=N)N=C(N)N,Blood immunoglobulin M decreased,1
metformin,4091,CN(C)C(=N)N=C(N)N,Decreased immune responsiveness,1
dapagliflozin,9887712,CCOC1=CC=C(C=C1)CC2=C(C=CC(=C2)C3C(C(C(C(O3)CO)O)O)O)Cl,Nodular vasculitis,1
glimepiride,3476,CCC1=C(CN(C1=O)C(=O)NCCC2=CC=C(C=C2)S(=O)(=O)NC(=O)NC3CCC(CC3)C)C,Blister,1
empagliflozin,11949646,C1COCC1OC2=CC=C(C=C2)CC3=C(C=CC(=C3)C4C(C(C(C(O4)CO)O)O)O)Cl,Hepatic encephalopathy,1
canagliflozin,24812758,CC1=C(C=C(C=C1)C2C(C(C(C(O2)CO)O)O)O)CC3=CC=C(S3)C4=CC=C(C=C4)F,Blood gases abnormal,0
linagliptin,10096344,CC#CCN1C2=C(N=C1N3CCCC(C3)N)N(C(=O)N(C2=O)CC4=NC5=CC=CC=C5C(=N4)C)C,Mobility decreased,0
dapagliflozin,9887712,CCOC1=CC=C(C=C1)CC2=C(C=CC(=C2)C3C(C(C(C(O3)CO)O)O)O)Cl,Arthralgia,1
empagliflozin,11949646,C1COCC1OC2=CC=C(C=C2)CC3=C(C=CC(=C3)C4C(C(C(C(O4)CO)O)O)O)Cl,Hyponatraemia,1
glipizide,3478,CC1=CN=C(C=N1)C(=O)NCCC2=CC=C(C=C2)S(=O)(=O)NC(=O)NC3CCCCC3,Sleep disorder,1
rosiglitazone,77999,CN(CCOC1=CC=C(C=C1)CC2C(=O)NC(=O)S2)C3=CC=CC=N3,Capillary leak syndrome,0
glipizide,3478,CC1=CN=C(C=N1)C(=O)NCCC2=CC=C(C=C2)S(=O)(=O)NC(=O)NC3CCCCC3,Myalgia,1
metformin,4091,CN(C)C(=N)N=C(N)N,Hot flush,1
canagliflozin,24812758,CC1=C(C=C(C=C1)C2C(C(C(C(O2)CO)O)O)O)CC3=CC=C(S3)C4=CC=C(C=C4)F,Eosinophilic fasciitis,0
dapagliflozin,9887712,CCOC1=CC=C(C=C1)CC2=C(C=CC(=C2)C3C(C(C(C(O3)CO)O)O)O)Cl,Peripheral swelling,1
acarbose,9811704,CC1C(C(C(C(O1)OC2C(OC(C(C2O)O)OC(C(CO)O)C(C(C=O)O)O)CO)O)O)NC3C=C(C(C(C3O)O)O)CO,End stage renal disease,0
pioglitazone,4829,CCC1=CN=C(C=C1)CCOC2=CC=C(C=C2)CC3C(=O)NC(=O)S3,Infection,1
saxagliptin,11243969,C1C2CC2N(C1C#N)C(=O)C(C34CC5CC(C3)CC(C5)(C4)O)N,Urea urine increased,0
canagliflozin,24812758,CC1=C(C=C(C=C1)C2C(C(C(C(O2)CO)O)O)O)CC3=CC=C(S3)C4=CC=C(C=C4)F,Splenomegaly,0
metformin,4091,CN(C)C(=N)N=C(N)N,Thyroid mass,1
pioglitazone,4829,CCC1=CN=C(C=C1)CCOC2=CC=C(C=C2)CC3C(=O)NC(=O)S3,Abdominal distension,1
empagliflozin,11949646,C1COCC1OC2=CC=C(C=C2)CC3=C(C=CC(=C3)C4C(C(C(C(O4)CO)O)O)O)Cl,Post thrombotic syndrome,0
metformin,4091,CN(C)C(=N)N=C(N)N,Mitochondrial enzyme deficiency,1
pioglitazone,4829,CCC1=CN=C(C=C1)CCOC2=CC=C(C=C2)CC3C(=O)NC(=O)S3,Uterine cancer,0
glyburide,3488,COC1=C(C=C(C=C1)Cl)C(=O)NCCC2=CC=C(C=C2)S(=O)(=O)NC(=O)NC3CCCCC3,Listeria encephalitis,0
sitagliptin,4369359,C1CN2C(=NN=C2C(F)(F)F)CN1C(=O)CC(CC3=CC(=C(C=C3F)F)F)N,Gastroschisis,0
rosiglitazone,77999,CN(CCOC1=CC=C(C=C1)CC2C(=O)NC(=O)S2)C3=CC=CC=N3,N-terminal prohormone brain natriuretic peptide increased,0
glyburide,3488,COC1=C(C=C(C=C1)Cl)C(=O)NCCC2=CC=C(C=C2)S(=O)(=O)NC(=O)NC3CCCCC3,Oesophageal stenosis,0
metformin,4091,CN(C)C(=N)N=C(N)N,Meconium stain,0
pioglitazone,4829,CCC1=CN=C(C=C1)CCOC2=CC=C(C=C2)CC3C(=O)NC(=O)S3,Bladder wall calcification,1
metformin,4091,CN(C)C(=N)N=C(N)N,Disease progression,1
linagliptin,10096344,CC#CCN1C2=C(N=C1N3CCCC(C3)N)N(C(=O)N(C2=O)CC4=NC5=CC=CC=C5C(=N4)C)C,Malignant neoplasm progression,0
linagliptin,10096344,CC#CCN1C2=C(N=C1N3CCCC(C3)N)N(C(=O)N(C2=O)CC4=NC5=CC=CC=C5C(=N4)C)C,Breast tenderness,0
glyburide,3488,COC1=C(C=C(C=C1)Cl)C(=O)NCCC2=CC=C(C=C2)S(=O)(=O)NC(=O)NC3CCCCC3,Proctalgia,0
metformin,4091,CN(C)C(=N)N=C(N)N,Varicella,1
metformin,4091,CN(C)C(=N)N=C(N)N,Coronary artery disease,1
metformin,4091,CN(C)C(=N)N=C(N)N,Anuria,1
dapagliflozin,9887712,CCOC1=CC=C(C=C1)CC2=C(C=CC(=C2)C3C(C(C(C(O3)CO)O)O)O)Cl,Benign mediastinal neoplasm,0
glimepiride,3476,CCC1=C(CN(C1=O)C(=O)NCCC2=CC=C(C=C2)S(=O)(=O)NC(=O)NC3CCC(CC3)C)C,Product packaging confusion,1
linagliptin,10096344,CC#CCN1C2=C(N=C1N3CCCC(C3)N)N(C(=O)N(C2=O)CC4=NC5=CC=CC=C5C(=N4)C)C,Therapeutic response changed,0
metformin,4091,CN(C)C(=N)N=C(N)N,Hypokinesia,1
metformin,4091,CN(C)C(=N)N=C(N)N,Presyncope,1
canagliflozin,24812758,CC1=C(C=C(C=C1)C2C(C(C(C(O2)CO)O)O)O)CC3=CC=C(S3)C4=CC=C(C=C4)F,Creatinine urine increased,0
glimepiride,3476,CCC1=C(CN(C1=O)C(=O)NCCC2=CC=C(C=C2)S(=O)(=O)NC(=O)NC3CCC(CC3)C)C,Blood glucose increased,1
dapagliflozin,9887712,CCOC1=CC=C(C=C1)CC2=C(C=CC(=C2)C3C(C(C(C(O3)CO)O)O)O)Cl,Hyperamylasaemia,0
metformin,4091,CN(C)C(=N)N=C(N)N,Alveolar capillary dysplasia,1
metformin,4091,CN(C)C(=N)N=C(N)N,Metabolic acidosis,1
glipizide,3478,CC1=CN=C(C=N1)C(=O)NCCC2=CC=C(C=C2)S(=O)(=O)NC(=O)NC3CCCCC3,Wheezing,1
canagliflozin,24812758,CC1=C(C=C(C=C1)C2C(C(C(C(O2)CO)O)O)O)CC3=CC=C(S3)C4=CC=C(C=C4)F,Loss of consciousness,0
metformin,4091,CN(C)C(=N)N=C(N)N,Skin burning sensation,1
metformin,4091,CN(C)C(=N)N=C(N)N,Seborrhoeic dermatitis,1
dapagliflozin,9887712,CCOC1=CC=C(C=C1)CC2=C(C=CC(=C2)C3C(C(C(C(O3)CO)O)O)O)Cl,Dysmenorrhoea,0
glipizide,3478,CC1=CN=C(C=N1)C(=O)NCCC2=CC=C(C=C2)S(=O)(=O)NC(=O)NC3CCCCC3,Pancytopenia,1
metformin,4091,CN(C)C(=N)N=C(N)N,Left ventricular dysfunction,1
acarbose,9811704,CC1C(C(C(C(O1)OC2C(OC(C(C2O)O)OC(C(CO)O)C(C(C=O)O)O)CO)O)O)NC3C=C(C(C(C3O)O)O)CO,Guillain-Barre syndrome,0
glyburide,3488,COC1=C(C=C(C=C1)Cl)C(=O)NCCC2=CC=C(C=C2)S(=O)(=O)NC(=O)NC3CCCCC3,Ear swelling,0
sitagliptin,4369359,C1CN2C(=NN=C2C(F)(F)F)CN1C(=O)CC(CC3=CC(=C(C=C3F)F)F)N,Perineal rash,0
repaglinide,65981,CCOC1=C(C=CC(=C1)CC(=O)NC(CC(C)C)C2=CC=CC=C2N3CCCCC3)C(=O)O,Ventricular tachycardia,0
metformin,4091,CN(C)C(=N)N=C(N)N,Pigmentation disorder,1
saxagliptin,11243969,C1C2CC2N(C1C#N)C(=O)C(C34CC5CC(C3)CC(C5)(C4)O)N,Drug-disease interaction,0
metformin,4091,CN(C)C(=N)N=C(N)N,Enterococcal infection,1
metformin,4091,CN(C)C(=N)N=C(N)N,Hyperaesthesia teeth,1
rosiglitazone,77999,CN(CCOC1=CC=C(C=C1)CC2C(=O)NC(=O)S2)C3=CC=CC=N3,Low density lipoprotein increased,0
metformin,4091,CN(C)C(=N)N=C(N)N,Blood culture positive,0
acarbose,9811704,CC1C(C(C(C(O1)OC2C(OC(C(C2O)O)OC(C(CO)O)C(C(C=O)O)O)CO)O)O)NC3C=C(C(C(C3O)O)O)CO,Hepatocellular injury,1
metformin,4091,CN(C)C(=N)N=C(N)N,Accidental poisoning,1
metformin,4091,CN(C)C(=N)N=C(N)N,Transurethral bladder resection,0
linagliptin,10096344,CC#CCN1C2=C(N=C1N3CCCC(C3)N)N(C(=O)N(C2=O)CC4=NC5=CC=CC=C5C(=N4)C)C,Penis disorder,0
empagliflozin,11949646,C1COCC1OC2=CC=C(C=C2)CC3=C(C=CC(=C3)C4C(C(C(C(O4)CO)O)O)O)Cl,Therapeutic product effect variable,0
metformin,4091,CN(C)C(=N)N=C(N)N,Colon neoplasm,1
metformin,4091,CN(C)C(=N)N=C(N)N,Retroperitoneal oedema,1
acarbose,9811704,CC1C(C(C(C(O1)OC2C(OC(C(C2O)O)OC(C(CO)O)C(C(C=O)O)O)CO)O)O)NC3C=C(C(C(C3O)O)O)CO,Swelling,0
pioglitazone,4829,CCC1=CN=C(C=C1)CCOC2=CC=C(C=C2)CC3C(=O)NC(=O)S3,Necrotising fasciitis,0
metformin,4091,CN(C)C(=N)N=C(N)N,Aortic disorder,1
metformin,4091,CN(C)C(=N)N=C(N)N,Incorrect route of product administration,1
canagliflozin,24812758,CC1=C(C=C(C=C1)C2C(C(C(C(O2)CO)O)O)O)CC3=CC=C(S3)C4=CC=C(C=C4)F,Infection,1
linagliptin,10096344,CC#CCN1C2=C(N=C1N3CCCC(C3)N)N(C(=O)N(C2=O)CC4=NC5=CC=CC=C5C(=N4)C)C,Stomatitis,0
metformin,4091,CN(C)C(=N)N=C(N)N,Breast cancer recurrent,1
dapagliflozin,9887712,CCOC1=CC=C(C=C1)CC2=C(C=CC(=C2)C3C(C(C(C(O3)CO)O)O)O)Cl,Enuresis,0
empagliflozin,11949646,C1COCC1OC2=CC=C(C=C2)CC3=C(C=CC(=C3)C4C(C(C(C(O4)CO)O)O)O)Cl,Complicated appendicitis,1
canagliflozin,24812758,CC1=C(C=C(C=C1)C2C(C(C(C(O2)CO)O)O)O)CC3=CC=C(S3)C4=CC=C(C=C4)F,Extremity necrosis,1
pioglitazone,4829,CCC1=CN=C(C=C1)CCOC2=CC=C(C=C2)CC3C(=O)NC(=O)S3,Haemorrhagic necrotic pancreatitis,1
metformin,4091,CN(C)C(=N)N=C(N)N,Trichophytosis,0
metformin,4091,CN(C)C(=N)N=C(N)N,Vitreous haemorrhage,1
dapagliflozin,9887712,CCOC1=CC=C(C=C1)CC2=C(C=CC(=C2)C3C(C(C(C(O3)CO)O)O)O)Cl,Ileus,0
metformin,4091,CN(C)C(=N)N=C(N)N,Adenoma benign,1
metformin,4091,CN(C)C(=N)N=C(N)N,Arteriosclerosis coronary artery,1
repaglinide,65981,CCOC1=C(C=CC(=C1)CC(=O)NC(CC(C)C)C2=CC=CC=C2N3CCCCC3)C(=O)O,Medication error,1
metformin,4091,CN(C)C(=N)N=C(N)N,Atrioventricular block first degree,1
nateglinide,5311309,CC(C)C1CCC(CC1)C(=O)NC(CC2=CC=CC=C2)C(=O)O,Neck pain,0
metformin,4091,CN(C)C(=N)N=C(N)N,Metastases to pancreas,1
canagliflozin,24812758,CC1=C(C=C(C=C1)C2C(C(C(C(O2)CO)O)O)O)CC3=CC=C(S3)C4=CC=C(C=C4)F,Urine ketone body present,1
metformin,4091,CN(C)C(=N)N=C(N)N,Creatinine renal clearance decreased,1
pioglitazone,4829,CCC1=CN=C(C=C1)CCOC2=CC=C(C=C2)CC3C(=O)NC(=O)S3,Blood creatinine increased,0
pioglitazone,4829,CCC1=CN=C(C=C1)CCOC2=CC=C(C=C2)CC3C(=O)NC(=O)S3,Pneumonia,1
pioglitazone,4829,CCC1=CN=C(C=C1)CCOC2=CC=C(C=C2)CC3C(=O)NC(=O)S3,Choking sensation,0
metformin,4091,CN(C)C(=N)N=C(N)N,Haemophilus infection,1
metformin,4091,CN(C)C(=N)N=C(N)N,Hyperkinesia,1
linagliptin,10096344,CC#CCN1C2=C(N=C1N3CCCC(C3)N)N(C(=O)N(C2=O)CC4=NC5=CC=CC=C5C(=N4)C)C,Abortion spontaneous,0
repaglinide,65981,CCOC1=C(C=CC(=C1)CC(=O)NC(CC(C)C)C2=CC=CC=C2N3CCCCC3)C(=O)O,Oesophageal perforation,0
glipizide,3478,CC1=CN=C(C=N1)C(=O)NCCC2=CC=C(C=C2)S(=O)(=O)NC(=O)NC3CCCCC3,Mitochondrial myopathy,0
acarbose,9811704,CC1C(C(C(C(O1)OC2C(OC(C(C2O)O)OC(C(CO)O)C(C(C=O)O)O)CO)O)O)NC3C=C(C(C(C3O)O)O)CO,Chills,0
metformin,4091,CN(C)C(=N)N=C(N)N,Eosinophil count decreased,1
metformin,4091,CN(C)C(=N)N=C(N)N,Acute respiratory distress syndrome,1
metformin,4091,CN(C)C(=N)N=C(N)N,Acne,1
pioglitazone,4829,CCC1=CN=C(C=C1)CCOC2=CC=C(C=C2)CC3C(=O)NC(=O)S3,Pancreatic neoplasm,0
dapagliflozin,9887712,CCOC1=CC=C(C=C1)CC2=C(C=CC(=C2)C3C(C(C(C(O3)CO)O)O)O)Cl,Pulmonary hypertension,1
repaglinide,65981,CCOC1=C(C=CC(=C1)CC(=O)NC(CC(C)C)C2=CC=CC=C2N3CCCCC3)C(=O)O,Faeces pale,0
linagliptin,10096344,CC#CCN1C2=C(N=C1N3CCCC(C3)N)N(C(=O)N(C2=O)CC4=NC5=CC=CC=C5C(=N4)C)C,Hand fracture,0
metformin,4091,CN(C)C(=N)N=C(N)N,Pneumonia staphylococcal,1
acarbose,9811704,CC1C(C(C(C(O1)OC2C(OC(C(C2O)O)OC(C(CO)O)C(C(C=O)O)O)CO)O)O)NC3C=C(C(C(C3O)O)O)CO,Blood viscosity increased,0
metformin,4091,CN(C)C(=N)N=C(N)N,Pneumonia aspiration,1
metformin,4091,CN(C)C(=N)N=C(N)N,Knee arthroplasty,1
nateglinide,5311309,CC(C)C1CCC(CC1)C(=O)NC(CC2=CC=CC=C2)C(=O)O,Prescribed overdose,0
metformin,4091,CN(C)C(=N)N=C(N)N,Cyanosis,1
glimepiride,3476,CCC1=C(CN(C1=O)C(=O)NCCC2=CC=C(C=C2)S(=O)(=O)NC(=O)NC3CCC(CC3)C)C,Sleep apnoea syndrome,0
sitagliptin,4369359,C1CN2C(=NN=C2C(F)(F)F)CN1C(=O)CC(CC3=CC(=C(C=C3F)F)F)N,Developmental hip dysplasia,0
glimepiride,3476,CCC1=C(CN(C1=O)C(=O)NCCC2=CC=C(C=C2)S(=O)(=O)NC(=O)NC3CCC(CC3)C)C,Conjunctival haemorrhage,0
empagliflozin,11949646,C1COCC1OC2=CC=C(C=C2)CC3=C(C=CC(=C3)C4C(C(C(C(O4)CO)O)O)O)Cl,Dyspepsia,0
metformin,4091,CN(C)C(=N)N=C(N)N,Skin discolouration,1
nateglinide,5311309,CC(C)C1CCC(CC1)C(=O)NC(CC2=CC=CC=C2)C(=O)O,Product prescribing issue,0
canagliflozin,24812758,CC1=C(C=C(C=C1)C2C(C(C(C(O2)CO)O)O)O)CC3=CC=C(S3)C4=CC=C(C=C4)F,Adenocarcinoma of colon,1
pioglitazone,4829,CCC1=CN=C(C=C1)CCOC2=CC=C(C=C2)CC3C(=O)NC(=O)S3,Glycosylated haemoglobin increased,1
glipizide,3478,CC1=CN=C(C=N1)C(=O)NCCC2=CC=C(C=C2)S(=O)(=O)NC(=O)NC3CCCCC3,Therapeutic response prolonged,0
glipizide,3478,CC1=CN=C(C=N1)C(=O)NCCC2=CC=C(C=C2)S(=O)(=O)NC(=O)NC3CCCCC3,Glycosylated haemoglobin decreased,1
glipizide,3478,CC1=CN=C(C=N1)C(=O)NCCC2=CC=C(C=C2)S(=O)(=O)NC(=O)NC3CCCCC3,Sinus congestion,0
saxagliptin,11243969,C1C2CC2N(C1C#N)C(=O)C(C34CC5CC(C3)CC(C5)(C4)O)N,Vitamin B12 deficiency,0
metformin,4091,CN(C)C(=N)N=C(N)N,Metastases to bone,1
metformin,4091,CN(C)C(=N)N=C(N)N,Rash,1
canagliflozin,24812758,CC1=C(C=C(C=C1)C2C(C(C(C(O2)CO)O)O)O)CC3=CC=C(S3)C4=CC=C(C=C4)F,Rheumatic fever,0
pioglitazone,4829,CCC1=CN=C(C=C1)CCOC2=CC=C(C=C2)CC3C(=O)NC(=O)S3,Laboratory test abnormal,1
empagliflozin,11949646,C1COCC1OC2=CC=C(C=C2)CC3=C(C=CC(=C3)C4C(C(C(C(O4)CO)O)O)O)Cl,Dysgeusia,0
sitagliptin,4369359,C1CN2C(=NN=C2C(F)(F)F)CN1C(=O)CC(CC3=CC(=C(C=C3F)F)F)N,Mitral valve disease,0
sitagliptin,4369359,C1CN2C(=NN=C2C(F)(F)F)CN1C(=O)CC(CC3=CC(=C(C=C3F)F)F)N,Malaise,1
metformin,4091,CN(C)C(=N)N=C(N)N,Therapeutic response decreased,1
canagliflozin,24812758,CC1=C(C=C(C=C1)C2C(C(C(C(O2)CO)O)O)O)CC3=CC=C(S3)C4=CC=C(C=C4)F,Arthroscopy,0
rosiglitazone,77999,CN(CCOC1=CC=C(C=C1)CC2C(=O)NC(=O)S2)C3=CC=CC=N3,Injection site erythema,0
acarbose,9811704,CC1C(C(C(C(O1)OC2C(OC(C(C2O)O)OC(C(CO)O)C(C(C=O)O)O)CO)O)O)NC3C=C(C(C(C3O)O)O)CO,Cardiac failure congestive,1
metformin,4091,CN(C)C(=N)N=C(N)N,Skin laceration,1
repaglinide,65981,CCOC1=C(C=CC(=C1)CC(=O)NC(CC(C)C)C2=CC=CC=C2N3CCCCC3)C(=O)O,Angina pectoris,1
sitagliptin,4369359,C1CN2C(=NN=C2C(F)(F)F)CN1C(=O)CC(CC3=CC(=C(C=C3F)F)F)N,Ileus paralytic,0
metformin,4091,CN(C)C(=N)N=C(N)N,Blood immunoglobulin E increased,1
empagliflozin,11949646,C1COCC1OC2=CC=C(C=C2)CC3=C(C=CC(=C3)C4C(C(C(C(O4)CO)O)O)O)Cl,Colon cancer stage IV,0
dapagliflozin,9887712,CCOC1=CC=C(C=C1)CC2=C(C=CC(=C2)C3C(C(C(C(O3)CO)O)O)O)Cl,Spinal pain,1
glyburide,3488,COC1=C(C=C(C=C1)Cl)C(=O)NCCC2=CC=C(C=C2)S(=O)(=O)NC(=O)NC3CCCCC3,Osmolar gap,0
metformin,4091,CN(C)C(=N)N=C(N)N,Vitello-intestinal duct remnant,1
glipizide,3478,CC1=CN=C(C=N1)C(=O)NCCC2=CC=C(C=C2)S(=O)(=O)NC(=O)NC3CCCCC3,Hand deformity,0
sitagliptin,4369359,C1CN2C(=NN=C2C(F)(F)F)CN1C(=O)CC(CC3=CC(=C(C=C3F)F)F)N,Hyperparathyroidism primary,0
pioglitazone,4829,CCC1=CN=C(C=C1)CCOC2=CC=C(C=C2)CC3C(=O)NC(=O)S3,Gastrointestinal disorder,1
metformin,4091,CN(C)C(=N)N=C(N)N,Liver function test abnormal,1
repaglinide,65981,CCOC1=C(C=CC(=C1)CC(=O)NC(CC(C)C)C2=CC=CC=C2N3CCCCC3)C(=O)O,Carbon dioxide decreased,0
glyburide,3488,COC1=C(C=C(C=C1)Cl)C(=O)NCCC2=CC=C(C=C2)S(=O)(=O)NC(=O)NC3CCCCC3,Intentional dose omission,0
dapagliflozin,9887712,CCOC1=CC=C(C=C1)CC2=C(C=CC(=C2)C3C(C(C(C(O3)CO)O)O)O)Cl,Orthostatic hypotension,1
glimepiride,3476,CCC1=C(CN(C1=O)C(=O)NCCC2=CC=C(C=C2)S(=O)(=O)NC(=O)NC3CCC(CC3)C)C,Candida urethritis,0
glimepiride,3476,CCC1=C(CN(C1=O)C(=O)NCCC2=CC=C(C=C2)S(=O)(=O)NC(=O)NC3CCC(CC3)C)C,Breath odour,0
nateglinide,5311309,CC(C)C1CCC(CC1)C(=O)NC(CC2=CC=CC=C2)C(=O)O,Inspiratory capacity decreased,0
acarbose,9811704,CC1C(C(C(C(O1)OC2C(OC(C(C2O)O)OC(C(CO)O)C(C(C=O)O)O)CO)O)O)NC3C=C(C(C(C3O)O)O)CO,Erythema,0
dapagliflozin,9887712,CCOC1=CC=C(C=C1)CC2=C(C=CC(=C2)C3C(C(C(C(O3)CO)O)O)O)Cl,Lymphoma,0
canagliflozin,24812758,CC1=C(C=C(C=C1)C2C(C(C(C(O2)CO)O)O)O)CC3=CC=C(S3)C4=CC=C(C=C4)F,Urine chloride decreased,0
metformin,4091,CN(C)C(=N)N=C(N)N,PO2 decreased,1
linagliptin,10096344,CC#CCN1C2=C(N=C1N3CCCC(C3)N)N(C(=O)N(C2=O)CC4=NC5=CC=CC=C5C(=N4)C)C,Abdominal pain,1
metformin,4091,CN(C)C(=N)N=C(N)N,Glucose-6-phosphate dehydrogenase deficiency,1
linagliptin,10096344,CC#CCN1C2=C(N=C1N3CCCC(C3)N)N(C(=O)N(C2=O)CC4=NC5=CC=CC=C5C(=N4)C)C,Fluid replacement,0
nateglinide,5311309,CC(C)C1CCC(CC1)C(=O)NC(CC2=CC=CC=C2)C(=O)O,Premature rupture of membranes,0
metformin,4091,CN(C)C(=N)N=C(N)N,Labelled drug-disease interaction medication error,1
linagliptin,10096344,CC#CCN1C2=C(N=C1N3CCCC(C3)N)N(C(=O)N(C2=O)CC4=NC5=CC=CC=C5C(=N4)C)C,Labelled drug-disease interaction medication error,0
acarbose,9811704,CC1C(C(C(C(O1)OC2C(OC(C(C2O)O)OC(C(CO)O)C(C(C=O)O)O)CO)O)O)NC3C=C(C(C(C3O)O)O)CO,Contraindicated product administered,0
metformin,4091,CN(C)C(=N)N=C(N)N,Intestinal haemorrhage,1
pioglitazone,4829,CCC1=CN=C(C=C1)CCOC2=CC=C(C=C2)CC3C(=O)NC(=O)S3,Drug intolerance,1
linagliptin,10096344,CC#CCN1C2=C(N=C1N3CCCC(C3)N)N(C(=O)N(C2=O)CC4=NC5=CC=CC=C5C(=N4)C)C,Urosepsis,0
glipizide,3478,CC1=CN=C(C=N1)C(=O)NCCC2=CC=C(C=C2)S(=O)(=O)NC(=O)NC3CCCCC3,Amylase increased,0
canagliflozin,24812758,CC1=C(C=C(C=C1)C2C(C(C(C(O2)CO)O)O)O)CC3=CC=C(S3)C4=CC=C(C=C4)F,Metastases to ovary,0
linagliptin,10096344,CC#CCN1C2=C(N=C1N3CCCC(C3)N)N(C(=O)N(C2=O)CC4=NC5=CC=CC=C5C(=N4)C)C,Faeces soft,0
glimepiride,3476,CCC1=C(CN(C1=O)C(=O)NCCC2=CC=C(C=C2)S(=O)(=O)NC(=O)NC3CCC(CC3)C)C,Decreased appetite,1
glyburide,3488,COC1=C(C=C(C=C1)Cl)C(=O)NCCC2=CC=C(C=C2)S(=O)(=O)NC(=O)NC3CCCCC3,Cerebral artery occlusion,0
rosiglitazone,77999,CN(CCOC1=CC=C(C=C1)CC2C(=O)NC(=O)S2)C3=CC=CC=N3,Multiple congenital abnormalities,0
glimepiride,3476,CCC1=C(CN(C1=O)C(=O)NCCC2=CC=C(C=C2)S(=O)(=O)NC(=O)NC3CCC(CC3)C)C,Polycythaemia vera,0
metformin,4091,CN(C)C(=N)N=C(N)N,Aspartate aminotransferase increased,1
empagliflozin,11949646,C1COCC1OC2=CC=C(C=C2)CC3=C(C=CC(=C3)C4C(C(C(C(O4)CO)O)O)O)Cl,Vasculitis,1
metformin,4091,CN(C)C(=N)N=C(N)N,Inflammatory marker increased,1
canagliflozin,24812758,CC1=C(C=C(C=C1)C2C(C(C(C(O2)CO)O)O)O)CC3=CC=C(S3)C4=CC=C(C=C4)F,Serum ferritin increased,0
pioglitazone,4829,CCC1=CN=C(C=C1)CCOC2=CC=C(C=C2)CC3C(=O)NC(=O)S3,Transaminases increased,1
metformin,4091,CN(C)C(=N)N=C(N)N,Wrong technique in product usage process,1
glipizide,3478,CC1=CN=C(C=N1)C(=O)NCCC2=CC=C(C=C2)S(=O)(=O)NC(=O)NC3CCCCC3,Microalbuminuria,0
metformin,4091,CN(C)C(=N)N=C(N)N,Staphylococcal infection,1
metformin,4091,CN(C)C(=N)N=C(N)N,Electrolyte imbalance,1
glipizide,3478,CC1=CN=C(C=N1)C(=O)NCCC2=CC=C(C=C2)S(=O)(=O)NC(=O)NC3CCCCC3,Fatigue,1
canagliflozin,24812758,CC1=C(C=C(C=C1)C2C(C(C(C(O2)CO)O)O)O)CC3=CC=C(S3)C4=CC=C(C=C4)F,Erythema multiforme,1
saxagliptin,11243969,C1C2CC2N(C1C#N)C(=O)C(C34CC5CC(C3)CC(C5)(C4)O)N,Humidity intolerance,0
metformin,4091,CN(C)C(=N)N=C(N)N,Ulcerative gastritis,1
acarbose,9811704,CC1C(C(C(C(O1)OC2C(OC(C(C2O)O)OC(C(CO)O)C(C(C=O)O)O)CO)O)O)NC3C=C(C(C(C3O)O)O)CO,Rhinorrhoea,0
metformin,4091,CN(C)C(=N)N=C(N)N,Coeliac disease,1
repaglinide,65981,CCOC1=C(C=CC(=C1)CC(=O)NC(CC(C)C)C2=CC=CC=C2N3CCCCC3)C(=O)O,Metastatic malignant melanoma,0
linagliptin,10096344,CC#CCN1C2=C(N=C1N3CCCC(C3)N)N(C(=O)N(C2=O)CC4=NC5=CC=CC=C5C(=N4)C)C,Ligament rupture,0
metformin,4091,CN(C)C(=N)N=C(N)N,Biliary sepsis,0
glyburide,3488,COC1=C(C=C(C=C1)Cl)C(=O)NCCC2=CC=C(C=C2)S(=O)(=O)NC(=O)NC3CCCCC3,Irritability,0
glyburide,3488,COC1=C(C=C(C=C1)Cl)C(=O)NCCC2=CC=C(C=C2)S(=O)(=O)NC(=O)NC3CCCCC3,Diabetic foot infection,0
metformin,4091,CN(C)C(=N)N=C(N)N,Lactose intolerance,1
metformin,4091,CN(C)C(=N)N=C(N)N,Metastases to pelvis,1
glimepiride,3476,CCC1=C(CN(C1=O)C(=O)NCCC2=CC=C(C=C2)S(=O)(=O)NC(=O)NC3CCC(CC3)C)C,Coronavirus infection,0
pioglitazone,4829,CCC1=CN=C(C=C1)CCOC2=CC=C(C=C2)CC3C(=O)NC(=O)S3,Eye discharge,1
canagliflozin,24812758,CC1=C(C=C(C=C1)C2C(C(C(C(O2)CO)O)O)O)CC3=CC=C(S3)C4=CC=C(C=C4)F,Bladder catheterisation,0
dapagliflozin,9887712,CCOC1=CC=C(C=C1)CC2=C(C=CC(=C2)C3C(C(C(C(O3)CO)O)O)O)Cl,Pulmonary oedema,1
metformin,4091,CN(C)C(=N)N=C(N)N,Weight fluctuation,1
pioglitazone,4829,CCC1=CN=C(C=C1)CCOC2=CC=C(C=C2)CC3C(=O)NC(=O)S3,Photosensitivity reaction,0
sitagliptin,4369359,C1CN2C(=NN=C2C(F)(F)F)CN1C(=O)CC(CC3=CC(=C(C=C3F)F)F)N,Retroperitonitis,0
dapagliflozin,9887712,CCOC1=CC=C(C=C1)CC2=C(C=CC(=C2)C3C(C(C(C(O3)CO)O)O)O)Cl,Ketosis,1
rosiglitazone,77999,CN(CCOC1=CC=C(C=C1)CC2C(=O)NC(=O)S2)C3=CC=CC=N3,Serum ferritin decreased,0
sitagliptin,4369359,C1CN2C(=NN=C2C(F)(F)F)CN1C(=O)CC(CC3=CC(=C(C=C3F)F)F)N,Thrombocytopenia,1
glyburide,3488,COC1=C(C=C(C=C1)Cl)C(=O)NCCC2=CC=C(C=C2)S(=O)(=O)NC(=O)NC3CCCCC3,Dystonia,0
sitagliptin,4369359,C1CN2C(=NN=C2C(F)(F)F)CN1C(=O)CC(CC3=CC(=C(C=C3F)F)F)N,Exposure to toxic agent,0
pioglitazone,4829,CCC1=CN=C(C=C1)CCOC2=CC=C(C=C2)CC3C(=O)NC(=O)S3,Psychotic disorder,0
dapagliflozin,9887712,CCOC1=CC=C(C=C1)CC2=C(C=CC(=C2)C3C(C(C(C(O3)CO)O)O)O)Cl,Hypokalaemia,1
pioglitazone,4829,CCC1=CN=C(C=C1)CCOC2=CC=C(C=C2)CC3C(=O)NC(=O)S3,Erythema,1
empagliflozin,11949646,C1COCC1OC2=CC=C(C=C2)CC3=C(C=CC(=C3)C4C(C(C(C(O4)CO)O)O)O)Cl,Carbohydrate antigen 125 increased,0
glimepiride,3476,CCC1=C(CN(C1=O)C(=O)NCCC2=CC=C(C=C2)S(=O)(=O)NC(=O)NC3CCC(CC3)C)C,Metastases to bone,0
empagliflozin,11949646,C1COCC1OC2=CC=C(C=C2)CC3=C(C=CC(=C3)C4C(C(C(C(O4)CO)O)O)O)Cl,Teratoma,0
pioglitazone,4829,CCC1=CN=C(C=C1)CCOC2=CC=C(C=C2)CC3C(=O)NC(=O)S3,Colon cancer stage II,0
sitagliptin,4369359,C1CN2C(=NN=C2C(F)(F)F)CN1C(=O)CC(CC3=CC(=C(C=C3F)F)F)N,Gastrointestinal oedema,0
rosiglitazone,77999,CN(CCOC1=CC=C(C=C1)CC2C(=O)NC(=O)S2)C3=CC=CC=N3,Chondropathy,0
metformin,4091,CN(C)C(=N)N=C(N)N,Intraventricular haemorrhage neonatal,1
dapagliflozin,9887712,CCOC1=CC=C(C=C1)CC2=C(C=CC(=C2)C3C(C(C(C(O3)CO)O)O)O)Cl,Liver function test abnormal,0
rosiglitazone,77999,CN(CCOC1=CC=C(C=C1)CC2C(=O)NC(=O)S2)C3=CC=CC=N3,Stress cardiomyopathy,0
canagliflozin,24812758,CC1=C(C=C(C=C1)C2C(C(C(C(O2)CO)O)O)O)CC3=CC=C(S3)C4=CC=C(C=C4)F,Foreign body aspiration,0
sitagliptin,4369359,C1CN2C(=NN=C2C(F)(F)F)CN1C(=O)CC(CC3=CC(=C(C=C3F)F)F)N,Renal cancer metastatic,0
metformin,4091,CN(C)C(=N)N=C(N)N,Gastritis,1
pioglitazone,4829,CCC1=CN=C(C=C1)CCOC2=CC=C(C=C2)CC3C(=O)NC(=O)S3,Altered state of consciousness,1
empagliflozin,11949646,C1COCC1OC2=CC=C(C=C2)CC3=C(C=CC(=C3)C4C(C(C(C(O4)CO)O)O)O)Cl,Tinea cruris,0
sitagliptin,4369359,C1CN2C(=NN=C2C(F)(F)F)CN1C(=O)CC(CC3=CC(=C(C=C3F)F)F)N,Vasculitis,1
sitagliptin,4369359,C1CN2C(=NN=C2C(F)(F)F)CN1C(=O)CC(CC3=CC(=C(C=C3F)F)F)N,Hypoglycaemia,1
empagliflozin,11949646,C1COCC1OC2=CC=C(C=C2)CC3=C(C=CC(=C3)C4C(C(C(C(O4)CO)O)O)O)Cl,Tubulointerstitial nephritis,1
repaglinide,65981,CCOC1=C(C=CC(=C1)CC(=O)NC(CC(C)C)C2=CC=CC=C2N3CCCCC3)C(=O)O,Skin discolouration,0
linagliptin,10096344,CC#CCN1C2=C(N=C1N3CCCC(C3)N)N(C(=O)N(C2=O)CC4=NC5=CC=CC=C5C(=N4)C)C,Accident at home,0
metformin,4091,CN(C)C(=N)N=C(N)N,Body mass index abnormal,1
metformin,4091,CN(C)C(=N)N=C(N)N,Pain,1
rosiglitazone,77999,CN(CCOC1=CC=C(C=C1)CC2C(=O)NC(=O)S2)C3=CC=CC=N3,Allergic reaction to excipient,0
metformin,4091,CN(C)C(=N)N=C(N)N,MELAS syndrome,1
metformin,4091,CN(C)C(=N)N=C(N)N,Insomnia,1
glimepiride,3476,CCC1=C(CN(C1=O)C(=O)NCCC2=CC=C(C=C2)S(=O)(=O)NC(=O)NC3CCC(CC3)C)C,Oncocytoma,0
dapagliflozin,9887712,CCOC1=CC=C(C=C1)CC2=C(C=CC(=C2)C3C(C(C(C(O3)CO)O)O)O)Cl,Dermatitis,1
dapagliflozin,9887712,CCOC1=CC=C(C=C1)CC2=C(C=CC(=C2)C3C(C(C(C(O3)CO)O)O)O)Cl,Pulmonary vasculitis,0
metformin,4091,CN(C)C(=N)N=C(N)N,Foetal exposure during pregnancy,1
metformin,4091,CN(C)C(=N)N=C(N)N,Alcohol interaction,1
empagliflozin,11949646,C1COCC1OC2=CC=C(C=C2)CC3=C(C=CC(=C3)C4C(C(C(C(O4)CO)O)O)O)Cl,Body temperature abnormal,0
metformin,4091,CN(C)C(=N)N=C(N)N,Lipids abnormal,1
pioglitazone,4829,CCC1=CN=C(C=C1)CCOC2=CC=C(C=C2)CC3C(=O)NC(=O)S3,Hypotension,1
nateglinide,5311309,CC(C)C1CCC(CC1)C(=O)NC(CC2=CC=CC=C2)C(=O)O,Cold sweat,0
dapagliflozin,9887712,CCOC1=CC=C(C=C1)CC2=C(C=CC(=C2)C3C(C(C(C(O3)CO)O)O)O)Cl,Ruptured cerebral aneurysm,0
metformin,4091,CN(C)C(=N)N=C(N)N,Multi-organ disorder,1
empagliflozin,11949646,C1COCC1OC2=CC=C(C=C2)CC3=C(C=CC(=C3)C4C(C(C(C(O4)CO)O)O)O)Cl,Angioedema,1
dapagliflozin,9887712,CCOC1=CC=C(C=C1)CC2=C(C=CC(=C2)C3C(C(C(C(O3)CO)O)O)O)Cl,Product use in unapproved indication,1
metformin,4091,CN(C)C(=N)N=C(N)N,Diastolic dysfunction,1
saxagliptin,11243969,C1C2CC2N(C1C#N)C(=O)C(C34CC5CC(C3)CC(C5)(C4)O)N,Haemangioma of liver,0
metformin,4091,CN(C)C(=N)N=C(N)N,Coxsackie viral infection,1
canagliflozin,24812758,CC1=C(C=C(C=C1)C2C(C(C(C(O2)CO)O)O)O)CC3=CC=C(S3)C4=CC=C(C=C4)F,Sinus tachycardia,0
empagliflozin,11949646,C1COCC1OC2=CC=C(C=C2)CC3=C(C=CC(=C3)C4C(C(C(C(O4)CO)O)O)O)Cl,Lung neoplasm,1
metformin,4091,CN(C)C(=N)N=C(N)N,Spinal disorder,1
sitagliptin,4369359,C1CN2C(=NN=C2C(F)(F)F)CN1C(=O)CC(CC3=CC(=C(C=C3F)F)F)N,Brain cancer metastatic,0
glipizide,3478,CC1=CN=C(C=N1)C(=O)NCCC2=CC=C(C=C2)S(=O)(=O)NC(=O)NC3CCCCC3,Renal tubular necrosis,1
pioglitazone,4829,CCC1=CN=C(C=C1)CCOC2=CC=C(C=C2)CC3C(=O)NC(=O)S3,Radius fracture,1
canagliflozin,24812758,CC1=C(C=C(C=C1)C2C(C(C(C(O2)CO)O)O)O)CC3=CC=C(S3)C4=CC=C(C=C4)F,Renal injury,1
glipizide,3478,CC1=CN=C(C=N1)C(=O)NCCC2=CC=C(C=C2)S(=O)(=O)NC(=O)NC3CCCCC3,Biliary sepsis,0
repaglinide,65981,CCOC1=C(C=CC(=C1)CC(=O)NC(CC(C)C)C2=CC=CC=C2N3CCCCC3)C(=O)O,Lipodystrophy acquired,0
metformin,4091,CN(C)C(=N)N=C(N)N,Extrasystoles,1
glyburide,3488,COC1=C(C=C(C=C1)Cl)C(=O)NCCC2=CC=C(C=C2)S(=O)(=O)NC(=O)NC3CCCCC3,Prostatitis,0
metformin,4091,CN(C)C(=N)N=C(N)N,Cavernous sinus thrombosis,1
canagliflozin,24812758,CC1=C(C=C(C=C1)C2C(C(C(C(O2)CO)O)O)O)CC3=CC=C(S3)C4=CC=C(C=C4)F,Lactate pyruvate ratio abnormal,0
glimepiride,3476,CCC1=C(CN(C1=O)C(=O)NCCC2=CC=C(C=C2)S(=O)(=O)NC(=O)NC3CCC(CC3)C)C,Ketosis,0
glipizide,3478,CC1=CN=C(C=N1)C(=O)NCCC2=CC=C(C=C2)S(=O)(=O)NC(=O)NC3CCCCC3,Bacteroides infection,0
nateglinide,5311309,CC(C)C1CCC(CC1)C(=O)NC(CC2=CC=CC=C2)C(=O)O,Reduced facial expression,0
sitagliptin,4369359,C1CN2C(=NN=C2C(F)(F)F)CN1C(=O)CC(CC3=CC(=C(C=C3F)F)F)N,Hyperglycaemia,1
glyburide,3488,COC1=C(C=C(C=C1)Cl)C(=O)NCCC2=CC=C(C=C2)S(=O)(=O)NC(=O)NC3CCCCC3,Drug exposure before pregnancy,0
repaglinide,65981,CCOC1=C(C=CC(=C1)CC(=O)NC(CC(C)C)C2=CC=CC=C2N3CCCCC3)C(=O)O,Rectal tenesmus,0
metformin,4091,CN(C)C(=N)N=C(N)N,Bronchial carcinoma,1
nateglinide,5311309,CC(C)C1CCC(CC1)C(=O)NC(CC2=CC=CC=C2)C(=O)O,Injection site rash,0
acarbose,9811704,CC1C(C(C(C(O1)OC2C(OC(C(C2O)O)OC(C(CO)O)C(C(C=O)O)O)CO)O)O)NC3C=C(C(C(C3O)O)O)CO,Lymphadenectomy,0
metformin,4091,CN(C)C(=N)N=C(N)N,Endometriosis,1
glipizide,3478,CC1=CN=C(C=N1)C(=O)NCCC2=CC=C(C=C2)S(=O)(=O)NC(=O)NC3CCCCC3,Hemiparaesthesia,0
rosiglitazone,77999,CN(CCOC1=CC=C(C=C1)CC2C(=O)NC(=O)S2)C3=CC=CC=N3,Sacroiliitis,0
metformin,4091,CN(C)C(=N)N=C(N)N,Tongue disorder,1
glyburide,3488,COC1=C(C=C(C=C1)Cl)C(=O)NCCC2=CC=C(C=C2)S(=O)(=O)NC(=O)NC3CCCCC3,Nephrosclerosis,0
dapagliflozin,9887712,CCOC1=CC=C(C=C1)CC2=C(C=CC(=C2)C3C(C(C(C(O3)CO)O)O)O)Cl,Ankle deformity,0
glimepiride,3476,CCC1=C(CN(C1=O)C(=O)NCCC2=CC=C(C=C2)S(=O)(=O)NC(=O)NC3CCC(CC3)C)C,Eye pruritus,0
saxagliptin,11243969,C1C2CC2N(C1C#N)C(=O)C(C34CC5CC(C3)CC(C5)(C4)O)N,Electrolyte imbalance,1
metformin,4091,CN(C)C(=N)N=C(N)N,Electrocardiogram abnormal,1
saxagliptin,11243969,C1C2CC2N(C1C#N)C(=O)C(C34CC5CC(C3)CC(C5)(C4)O)N,Injection site warmth,0
metformin,4091,CN(C)C(=N)N=C(N)N,Bilirubin conjugated increased,0
nateglinide,5311309,CC(C)C1CCC(CC1)C(=O)NC(CC2=CC=CC=C2)C(=O)O,Aspartate aminotransferase decreased,0
metformin,4091,CN(C)C(=N)N=C(N)N,Adenomatous polyposis coli,1
nateglinide,5311309,CC(C)C1CCC(CC1)C(=O)NC(CC2=CC=CC=C2)C(=O)O,Lung opacity,0
pioglitazone,4829,CCC1=CN=C(C=C1)CCOC2=CC=C(C=C2)CC3C(=O)NC(=O)S3,Bradyphrenia,0
metformin,4091,CN(C)C(=N)N=C(N)N,Abnormal weight gain,1
metformin,4091,CN(C)C(=N)N=C(N)N,Laryngeal oedema,1
sitagliptin,4369359,C1CN2C(=NN=C2C(F)(F)F)CN1C(=O)CC(CC3=CC(=C(C=C3F)F)F)N,Pemphigoid,1
sitagliptin,4369359,C1CN2C(=NN=C2C(F)(F)F)CN1C(=O)CC(CC3=CC(=C(C=C3F)F)F)N,Meniscus injury,0
metformin,4091,CN(C)C(=N)N=C(N)N,Bronchospasm,1
metformin,4091,CN(C)C(=N)N=C(N)N,Sinus tachycardia,1
sitagliptin,4369359,C1CN2C(=NN=C2C(F)(F)F)CN1C(=O)CC(CC3=CC(=C(C=C3F)F)F)N,Oedema peripheral,1
linagliptin,10096344,CC#CCN1C2=C(N=C1N3CCCC(C3)N)N(C(=O)N(C2=O)CC4=NC5=CC=CC=C5C(=N4)C)C,Hypereosinophilic syndrome,0
metformin,4091,CN(C)C(=N)N=C(N)N,Renal tubular acidosis,1
metformin,4091,CN(C)C(=N)N=C(N)N,Schizophrenia,1
dapagliflozin,9887712,CCOC1=CC=C(C=C1)CC2=C(C=CC(=C2)C3C(C(C(C(O3)CO)O)O)O)Cl,Blood bilirubin abnormal,0
rosiglitazone,77999,CN(CCOC1=CC=C(C=C1)CC2C(=O)NC(=O)S2)C3=CC=CC=N3,Pneumonia viral,0
sitagliptin,4369359,C1CN2C(=NN=C2C(F)(F)F)CN1C(=O)CC(CC3=CC(=C(C=C3F)F)F)N,Gait inability,1
nateglinide,5311309,CC(C)C1CCC(CC1)C(=O)NC(CC2=CC=CC=C2)C(=O)O,Vulvovaginitis,0
canagliflozin,24812758,CC1=C(C=C(C=C1)C2C(C(C(C(O2)CO)O)O)O)CC3=CC=C(S3)C4=CC=C(C=C4)F,Injection site reaction,0
rosiglitazone,77999,CN(CCOC1=CC=C(C=C1)CC2C(=O)NC(=O)S2)C3=CC=CC=N3,Klebsiella sepsis,0
empagliflozin,11949646,C1COCC1OC2=CC=C(C=C2)CC3=C(C=CC(=C3)C4C(C(C(C(O4)CO)O)O)O)Cl,Glycosylated haemoglobin increased,1
dapagliflozin,9887712,CCOC1=CC=C(C=C1)CC2=C(C=CC(=C2)C3C(C(C(C(O3)CO)O)O)O)Cl,Musculoskeletal disorder,0
acarbose,9811704,CC1C(C(C(C(O1)OC2C(OC(C(C2O)O)OC(C(CO)O)C(C(C=O)O)O)CO)O)O)NC3C=C(C(C(C3O)O)O)CO,Pelvic cyst,0
canagliflozin,24812758,CC1=C(C=C(C=C1)C2C(C(C(C(O2)CO)O)O)O)CC3=CC=C(S3)C4=CC=C(C=C4)F,Hepatic function abnormal,1
repaglinide,65981,CCOC1=C(C=CC(=C1)CC(=O)NC(CC(C)C)C2=CC=CC=C2N3CCCCC3)C(=O)O,Immune-mediated neurological disorder,0
metformin,4091,CN(C)C(=N)N=C(N)N,Paraesthesia,1
metformin,4091,CN(C)C(=N)N=C(N)N,Peripheral venous disease,1
canagliflozin,24812758,CC1=C(C=C(C=C1)C2C(C(C(C(O2)CO)O)O)O)CC3=CC=C(S3)C4=CC=C(C=C4)F,Thyroid cancer,1
acarbose,9811704,CC1C(C(C(C(O1)OC2C(OC(C(C2O)O)OC(C(CO)O)C(C(C=O)O)O)CO)O)O)NC3C=C(C(C(C3O)O)O)CO,Cryptococcosis,0
metformin,4091,CN(C)C(=N)N=C(N)N,Ear swelling,1
empagliflozin,11949646,C1COCC1OC2=CC=C(C=C2)CC3=C(C=CC(=C3)C4C(C(C(C(O4)CO)O)O)O)Cl,Cholelithiasis,1
saxagliptin,11243969,C1C2CC2N(C1C#N)C(=O)C(C34CC5CC(C3)CC(C5)(C4)O)N,Catarrh,0
metformin,4091,CN(C)C(=N)N=C(N)N,Hyperaldosteronism,1
acarbose,9811704,CC1C(C(C(C(O1)OC2C(OC(C(C2O)O)OC(C(CO)O)C(C(C=O)O)O)CO)O)O)NC3C=C(C(C(C3O)O)O)CO,Sinus node dysfunction,0
canagliflozin,24812758,CC1=C(C=C(C=C1)C2C(C(C(C(O2)CO)O)O)O)CC3=CC=C(S3)C4=CC=C(C=C4)F,Decreased appetite,1
canagliflozin,24812758,CC1=C(C=C(C=C1)C2C(C(C(C(O2)CO)O)O)O)CC3=CC=C(S3)C4=CC=C(C=C4)F,Anal haemorrhage,1
rosiglitazone,77999,CN(CCOC1=CC=C(C=C1)CC2C(=O)NC(=O)S2)C3=CC=CC=N3,Bacteroides infection,0
nateglinide,5311309,CC(C)C1CCC(CC1)C(=O)NC(CC2=CC=CC=C2)C(=O)O,Brain natriuretic peptide increased,0
saxagliptin,11243969,C1C2CC2N(C1C#N)C(=O)C(C34CC5CC(C3)CC(C5)(C4)O)N,Weight abnormal,0
metformin,4091,CN(C)C(=N)N=C(N)N,Pemphigoid,1
metformin,4091,CN(C)C(=N)N=C(N)N,Lip oedema,1
metformin,4091,CN(C)C(=N)N=C(N)N,Epigastric discomfort,1
canagliflozin,24812758,CC1=C(C=C(C=C1)C2C(C(C(C(O2)CO)O)O)O)CC3=CC=C(S3)C4=CC=C(C=C4)F,Intestinal obstruction,1
repaglinide,65981,CCOC1=C(C=CC(=C1)CC(=O)NC(CC(C)C)C2=CC=CC=C2N3CCCCC3)C(=O)O,Hyperphosphataemia,0
canagliflozin,24812758,CC1=C(C=C(C=C1)C2C(C(C(C(O2)CO)O)O)O)CC3=CC=C(S3)C4=CC=C(C=C4)F,Blood creatinine decreased,0
metformin,4091,CN(C)C(=N)N=C(N)N,Urinary retention,1
glipizide,3478,CC1=CN=C(C=N1)C(=O)NCCC2=CC=C(C=C2)S(=O)(=O)NC(=O)NC3CCCCC3,Foaming at mouth,0
metformin,4091,CN(C)C(=N)N=C(N)N,Product coating issue,1
metformin,4091,CN(C)C(=N)N=C(N)N,Bradycardia,1
empagliflozin,11949646,C1COCC1OC2=CC=C(C=C2)CC3=C(C=CC(=C3)C4C(C(C(C(O4)CO)O)O)O)Cl,Hypothermia,0
dapagliflozin,9887712,CCOC1=CC=C(C=C1)CC2=C(C=CC(=C2)C3C(C(C(C(O3)CO)O)O)O)Cl,Polyuria,1
glyburide,3488,COC1=C(C=C(C=C1)Cl)C(=O)NCCC2=CC=C(C=C2)S(=O)(=O)NC(=O)NC3CCCCC3,Confusional state,1
metformin,4091,CN(C)C(=N)N=C(N)N,Drooling,1
metformin,4091,CN(C)C(=N)N=C(N)N,Right aortic arch,1
metformin,4091,CN(C)C(=N)N=C(N)N,Abscess,1
metformin,4091,CN(C)C(=N)N=C(N)N,Infected dermal cyst,1
empagliflozin,11949646,C1COCC1OC2=CC=C(C=C2)CC3=C(C=CC(=C3)C4C(C(C(C(O4)CO)O)O)O)Cl,Cholestatic liver injury,0
metformin,4091,CN(C)C(=N)N=C(N)N,Pulmonary arterial pressure abnormal,1
glimepiride,3476,CCC1=C(CN(C1=O)C(=O)NCCC2=CC=C(C=C2)S(=O)(=O)NC(=O)NC3CCC(CC3)C)C,Erysipelas,1
canagliflozin,24812758,CC1=C(C=C(C=C1)C2C(C(C(C(O2)CO)O)O)O)CC3=CC=C(S3)C4=CC=C(C=C4)F,Product label issue,1
metformin,4091,CN(C)C(=N)N=C(N)N,Pharyngeal swelling,1
pioglitazone,4829,CCC1=CN=C(C=C1)CCOC2=CC=C(C=C2)CC3C(=O)NC(=O)S3,"Bladder cancer stage 0, with cancer in situ",1
metformin,4091,CN(C)C(=N)N=C(N)N,Pancreatic injury,1
dapagliflozin,9887712,CCOC1=CC=C(C=C1)CC2=C(C=CC(=C2)C3C(C(C(C(O3)CO)O)O)O)Cl,Drug-induced liver injury,1
metformin,4091,CN(C)C(=N)N=C(N)N,Hypophagia,1
metformin,4091,CN(C)C(=N)N=C(N)N,Loss of consciousness,1
metformin,4091,CN(C)C(=N)N=C(N)N,Blindness unilateral,1
nateglinide,5311309,CC(C)C1CCC(CC1)C(=O)NC(CC2=CC=CC=C2)C(=O)O,Diabetic ulcer,0
canagliflozin,24812758,CC1=C(C=C(C=C1)C2C(C(C(C(O2)CO)O)O)O)CC3=CC=C(S3)C4=CC=C(C=C4)F,Euglycaemic diabetic ketoacidosis,1
metformin,4091,CN(C)C(=N)N=C(N)N,Steroid diabetes,1
metformin,4091,CN(C)C(=N)N=C(N)N,Alveolitis,1
metformin,4091,CN(C)C(=N)N=C(N)N,Brain natriuretic peptide abnormal,1
dapagliflozin,9887712,CCOC1=CC=C(C=C1)CC2=C(C=CC(=C2)C3C(C(C(C(O3)CO)O)O)O)Cl,Hyperglycaemia,1
canagliflozin,24812758,CC1=C(C=C(C=C1)C2C(C(C(C(O2)CO)O)O)O)CC3=CC=C(S3)C4=CC=C(C=C4)F,Oral mucosal blistering,0
empagliflozin,11949646,C1COCC1OC2=CC=C(C=C2)CC3=C(C=CC(=C3)C4C(C(C(C(O4)CO)O)O)O)Cl,Anuria,1
nateglinide,5311309,CC(C)C1CCC(CC1)C(=O)NC(CC2=CC=CC=C2)C(=O)O,Pancytopenia,0
metformin,4091,CN(C)C(=N)N=C(N)N,Helicobacter test positive,1
rosiglitazone,77999,CN(CCOC1=CC=C(C=C1)CC2C(=O)NC(=O)S2)C3=CC=CC=N3,Hypophysitis,0
rosiglitazone,77999,CN(CCOC1=CC=C(C=C1)CC2C(=O)NC(=O)S2)C3=CC=CC=N3,Perfume sensitivity,0
sitagliptin,4369359,C1CN2C(=NN=C2C(F)(F)F)CN1C(=O)CC(CC3=CC(=C(C=C3F)F)F)N,Alanine aminotransferase increased,0
dapagliflozin,9887712,CCOC1=CC=C(C=C1)CC2=C(C=CC(=C2)C3C(C(C(C(O3)CO)O)O)O)Cl,Diabetic neuropathy,1
acarbose,9811704,CC1C(C(C(C(O1)OC2C(OC(C(C2O)O)OC(C(CO)O)C(C(C=O)O)O)CO)O)O)NC3C=C(C(C(C3O)O)O)CO,Aortic stenosis,0
linagliptin,10096344,CC#CCN1C2=C(N=C1N3CCCC(C3)N)N(C(=O)N(C2=O)CC4=NC5=CC=CC=C5C(=N4)C)C,Weight increased,0
glimepiride,3476,CCC1=C(CN(C1=O)C(=O)NCCC2=CC=C(C=C2)S(=O)(=O)NC(=O)NC3CCC(CC3)C)C,Dyspnoea exertional,0
saxagliptin,11243969,C1C2CC2N(C1C#N)C(=O)C(C34CC5CC(C3)CC(C5)(C4)O)N,Ocular discomfort,0
sitagliptin,4369359,C1CN2C(=NN=C2C(F)(F)F)CN1C(=O)CC(CC3=CC(=C(C=C3F)F)F)N,Thyroiditis subacute,0
glimepiride,3476,CCC1=C(CN(C1=O)C(=O)NCCC2=CC=C(C=C2)S(=O)(=O)NC(=O)NC3CCC(CC3)C)C,Aspiration,0
glipizide,3478,CC1=CN=C(C=N1)C(=O)NCCC2=CC=C(C=C2)S(=O)(=O)NC(=O)NC3CCCCC3,Gingival blister,0
metformin,4091,CN(C)C(=N)N=C(N)N,Prolonged labour,0
metformin,4091,CN(C)C(=N)N=C(N)N,Sudden death,1
linagliptin,10096344,CC#CCN1C2=C(N=C1N3CCCC(C3)N)N(C(=O)N(C2=O)CC4=NC5=CC=CC=C5C(=N4)C)C,Yawning,0
dapagliflozin,9887712,CCOC1=CC=C(C=C1)CC2=C(C=CC(=C2)C3C(C(C(C(O3)CO)O)O)O)Cl,Shock,1
glipizide,3478,CC1=CN=C(C=N1)C(=O)NCCC2=CC=C(C=C2)S(=O)(=O)NC(=O)NC3CCCCC3,Neuroendocrine tumour,0
dapagliflozin,9887712,CCOC1=CC=C(C=C1)CC2=C(C=CC(=C2)C3C(C(C(C(O3)CO)O)O)O)Cl,Neuropathy peripheral,1
metformin,4091,CN(C)C(=N)N=C(N)N,Skin swelling,1
dapagliflozin,9887712,CCOC1=CC=C(C=C1)CC2=C(C=CC(=C2)C3C(C(C(C(O3)CO)O)O)O)Cl,IIIrd nerve paralysis,0
saxagliptin,11243969,C1C2CC2N(C1C#N)C(=O)C(C34CC5CC(C3)CC(C5)(C4)O)N,Extraocular muscle paresis,0
linagliptin,10096344,CC#CCN1C2=C(N=C1N3CCCC(C3)N)N(C(=O)N(C2=O)CC4=NC5=CC=CC=C5C(=N4)C)C,Urethral caruncle,0
metformin,4091,CN(C)C(=N)N=C(N)N,Vitamin B complex deficiency,1
saxagliptin,11243969,C1C2CC2N(C1C#N)C(=O)C(C34CC5CC(C3)CC(C5)(C4)O)N,Blood pressure fluctuation,1
linagliptin,10096344,CC#CCN1C2=C(N=C1N3CCCC(C3)N)N(C(=O)N(C2=O)CC4=NC5=CC=CC=C5C(=N4)C)C,Diabetic mononeuropathy,0
metformin,4091,CN(C)C(=N)N=C(N)N,Delirium,1
nateglinide,5311309,CC(C)C1CCC(CC1)C(=O)NC(CC2=CC=CC=C2)C(=O)O,Infarction,0
metformin,4091,CN(C)C(=N)N=C(N)N,PCO2 decreased,1
nateglinide,5311309,CC(C)C1CCC(CC1)C(=O)NC(CC2=CC=CC=C2)C(=O)O,Hypoglycaemia neonatal,0
repaglinide,65981,CCOC1=C(C=CC(=C1)CC(=O)NC(CC(C)C)C2=CC=CC=C2N3CCCCC3)C(=O)O,Fibrous histiocytoma,0
dapagliflozin,9887712,CCOC1=CC=C(C=C1)CC2=C(C=CC(=C2)C3C(C(C(C(O3)CO)O)O)O)Cl,Neuropsychiatric symptoms,0
dapagliflozin,9887712,CCOC1=CC=C(C=C1)CC2=C(C=CC(=C2)C3C(C(C(C(O3)CO)O)O)O)Cl,Left ventricular hypertrophy,1
metformin,4091,CN(C)C(=N)N=C(N)N,Drug resistance,1
pioglitazone,4829,CCC1=CN=C(C=C1)CCOC2=CC=C(C=C2)CC3C(=O)NC(=O)S3,Myeloma cast nephropathy,0
repaglinide,65981,CCOC1=C(C=CC(=C1)CC(=O)NC(CC(C)C)C2=CC=CC=C2N3CCCCC3)C(=O)O,Vision blurred,0
glimepiride,3476,CCC1=C(CN(C1=O)C(=O)NCCC2=CC=C(C=C2)S(=O)(=O)NC(=O)NC3CCC(CC3)C)C,Biliary tract disorder,0
metformin,4091,CN(C)C(=N)N=C(N)N,High density lipoprotein increased,1
rosiglitazone,77999,CN(CCOC1=CC=C(C=C1)CC2C(=O)NC(=O)S2)C3=CC=CC=N3,Heat illness,0
canagliflozin,24812758,CC1=C(C=C(C=C1)C2C(C(C(C(O2)CO)O)O)O)CC3=CC=C(S3)C4=CC=C(C=C4)F,Epididymitis,1
empagliflozin,11949646,C1COCC1OC2=CC=C(C=C2)CC3=C(C=CC(=C3)C4C(C(C(C(O4)CO)O)O)O)Cl,Dermatitis,1
repaglinide,65981,CCOC1=C(C=CC(=C1)CC(=O)NC(CC(C)C)C2=CC=CC=C2N3CCCCC3)C(=O)O,Cardiac myxoma,0
pioglitazone,4829,CCC1=CN=C(C=C1)CCOC2=CC=C(C=C2)CC3C(=O)NC(=O)S3,Diarrhoea,1
metformin,4091,CN(C)C(=N)N=C(N)N,Recalled product administered,1
empagliflozin,11949646,C1COCC1OC2=CC=C(C=C2)CC3=C(C=CC(=C3)C4C(C(C(C(O4)CO)O)O)O)Cl,Confusional state,1
pioglitazone,4829,CCC1=CN=C(C=C1)CCOC2=CC=C(C=C2)CC3C(=O)NC(=O)S3,Fulminant type 1 diabetes mellitus,0
empagliflozin,11949646,C1COCC1OC2=CC=C(C=C2)CC3=C(C=CC(=C3)C4C(C(C(C(O4)CO)O)O)O)Cl,Hypertension,1
glimepiride,3476,CCC1=C(CN(C1=O)C(=O)NCCC2=CC=C(C=C2)S(=O)(=O)NC(=O)NC3CCC(CC3)C)C,Cholestasis,1
metformin,4091,CN(C)C(=N)N=C(N)N,Azotaemia,1
saxagliptin,11243969,C1C2CC2N(C1C#N)C(=O)C(C34CC5CC(C3)CC(C5)(C4)O)N,General physical health deterioration,1
metformin,4091,CN(C)C(=N)N=C(N)N,Musculoskeletal pain,1
nateglinide,5311309,CC(C)C1CCC(CC1)C(=O)NC(CC2=CC=CC=C2)C(=O)O,Bone erosion,0
linagliptin,10096344,CC#CCN1C2=C(N=C1N3CCCC(C3)N)N(C(=O)N(C2=O)CC4=NC5=CC=CC=C5C(=N4)C)C,Tongue oedema,0
repaglinide,65981,CCOC1=C(C=CC(=C1)CC(=O)NC(CC(C)C)C2=CC=CC=C2N3CCCCC3)C(=O)O,Product administration interrupted,0
glipizide,3478,CC1=CN=C(C=N1)C(=O)NCCC2=CC=C(C=C2)S(=O)(=O)NC(=O)NC3CCCCC3,Drug screen positive,1
metformin,4091,CN(C)C(=N)N=C(N)N,Aspiration,1
acarbose,9811704,CC1C(C(C(C(O1)OC2C(OC(C(C2O)O)OC(C(CO)O)C(C(C=O)O)O)CO)O)O)NC3C=C(C(C(C3O)O)O)CO,Restlessness,0
glimepiride,3476,CCC1=C(CN(C1=O)C(=O)NCCC2=CC=C(C=C2)S(=O)(=O)NC(=O)NC3CCC(CC3)C)C,Drug monitoring procedure not performed,0
linagliptin,10096344,CC#CCN1C2=C(N=C1N3CCCC(C3)N)N(C(=O)N(C2=O)CC4=NC5=CC=CC=C5C(=N4)C)C,Fasciitis,0
glipizide,3478,CC1=CN=C(C=N1)C(=O)NCCC2=CC=C(C=C2)S(=O)(=O)NC(=O)NC3CCCCC3,Cerebellar syndrome,0
canagliflozin,24812758,CC1=C(C=C(C=C1)C2C(C(C(C(O2)CO)O)O)O)CC3=CC=C(S3)C4=CC=C(C=C4)F,Nephrogenic anaemia,1
pioglitazone,4829,CCC1=CN=C(C=C1)CCOC2=CC=C(C=C2)CC3C(=O)NC(=O)S3,Hernia,0
glimepiride,3476,CCC1=C(CN(C1=O)C(=O)NCCC2=CC=C(C=C2)S(=O)(=O)NC(=O)NC3CCC(CC3)C)C,Skin discolouration,1
nateglinide,5311309,CC(C)C1CCC(CC1)C(=O)NC(CC2=CC=CC=C2)C(=O)O,Jaundice neonatal,0
empagliflozin,11949646,C1COCC1OC2=CC=C(C=C2)CC3=C(C=CC(=C3)C4C(C(C(C(O4)CO)O)O)O)Cl,Genitourinary tract infection,1
metformin,4091,CN(C)C(=N)N=C(N)N,Aphonia,1
linagliptin,10096344,CC#CCN1C2=C(N=C1N3CCCC(C3)N)N(C(=O)N(C2=O)CC4=NC5=CC=CC=C5C(=N4)C)C,Increased appetite,0
glimepiride,3476,CCC1=C(CN(C1=O)C(=O)NCCC2=CC=C(C=C2)S(=O)(=O)NC(=O)NC3CCC(CC3)C)C,Cystic fibrosis,0
metformin,4091,CN(C)C(=N)N=C(N)N,Multiple organ dysfunction syndrome,1
glimepiride,3476,CCC1=C(CN(C1=O)C(=O)NCCC2=CC=C(C=C2)S(=O)(=O)NC(=O)NC3CCC(CC3)C)C,Vascular insufficiency,0
metformin,4091,CN(C)C(=N)N=C(N)N,Heavy menstrual bleeding,1
metformin,4091,CN(C)C(=N)N=C(N)N,Ocular hyperaemia,1
rosiglitazone,77999,CN(CCOC1=CC=C(C=C1)CC2C(=O)NC(=O)S2)C3=CC=CC=N3,Meconium aspiration syndrome,0
rosiglitazone,77999,CN(CCOC1=CC=C(C=C1)CC2C(=O)NC(=O)S2)C3=CC=CC=N3,Ejection fraction,0
metformin,4091,CN(C)C(=N)N=C(N)N,Lung carcinoma cell type unspecified stage II,1
rosiglitazone,77999,CN(CCOC1=CC=C(C=C1)CC2C(=O)NC(=O)S2)C3=CC=CC=N3,Catheter placement,0
canagliflozin,24812758,CC1=C(C=C(C=C1)C2C(C(C(C(O2)CO)O)O)O)CC3=CC=C(S3)C4=CC=C(C=C4)F,Tension,0
canagliflozin,24812758,CC1=C(C=C(C=C1)C2C(C(C(C(O2)CO)O)O)O)CC3=CC=C(S3)C4=CC=C(C=C4)F,Takayasu's arteritis,0
metformin,4091,CN(C)C(=N)N=C(N)N,Cystitis,1
glipizide,3478,CC1=CN=C(C=N1)C(=O)NCCC2=CC=C(C=C2)S(=O)(=O)NC(=O)NC3CCCCC3,Impaired gastric emptying,0
repaglinide,65981,CCOC1=C(C=CC(=C1)CC(=O)NC(CC(C)C)C2=CC=CC=C2N3CCCCC3)C(=O)O,Abdominal pain upper,1
canagliflozin,24812758,CC1=C(C=C(C=C1)C2C(C(C(C(O2)CO)O)O)O)CC3=CC=C(S3)C4=CC=C(C=C4)F,Congenital hyperinsulinaemic hypoglycaemia,0
metformin,4091,CN(C)C(=N)N=C(N)N,Expiratory reserve volume decreased,1
glyburide,3488,COC1=C(C=C(C=C1)Cl)C(=O)NCCC2=CC=C(C=C2)S(=O)(=O)NC(=O)NC3CCCCC3,Staphylococcal bacteraemia,0
glimepiride,3476,CCC1=C(CN(C1=O)C(=O)NCCC2=CC=C(C=C2)S(=O)(=O)NC(=O)NC3CCC(CC3)C)C,FEV1/FVC ratio decreased,0
rosiglitazone,77999,CN(CCOC1=CC=C(C=C1)CC2C(=O)NC(=O)S2)C3=CC=CC=N3,Hyperkeratosis,0
sitagliptin,4369359,C1CN2C(=NN=C2C(F)(F)F)CN1C(=O)CC(CC3=CC(=C(C=C3F)F)F)N,Umbilical hernia,0
sitagliptin,4369359,C1CN2C(=NN=C2C(F)(F)F)CN1C(=O)CC(CC3=CC(=C(C=C3F)F)F)N,Fluid retention,0
dapagliflozin,9887712,CCOC1=CC=C(C=C1)CC2=C(C=CC(=C2)C3C(C(C(C(O3)CO)O)O)O)Cl,Lactic acidosis,1
metformin,4091,CN(C)C(=N)N=C(N)N,Acute interstitial pneumonitis,1
rosiglitazone,77999,CN(CCOC1=CC=C(C=C1)CC2C(=O)NC(=O)S2)C3=CC=CC=N3,Urinary tract obstruction,0
glipizide,3478,CC1=CN=C(C=N1)C(=O)NCCC2=CC=C(C=C2)S(=O)(=O)NC(=O)NC3CCCCC3,Out of specification test results,0
nateglinide,5311309,CC(C)C1CCC(CC1)C(=O)NC(CC2=CC=CC=C2)C(=O)O,Syringe issue,0
acarbose,9811704,CC1C(C(C(C(O1)OC2C(OC(C(C2O)O)OC(C(CO)O)C(C(C=O)O)O)CO)O)O)NC3C=C(C(C(C3O)O)O)CO,Genital burning sensation,0
metformin,4091,CN(C)C(=N)N=C(N)N,Pyoderma,1
metformin,4091,CN(C)C(=N)N=C(N)N,Coronary artery stenosis,1
empagliflozin,11949646,C1COCC1OC2=CC=C(C=C2)CC3=C(C=CC(=C3)C4C(C(C(C(O4)CO)O)O)O)Cl,Tachypnoea,1
sitagliptin,4369359,C1CN2C(=NN=C2C(F)(F)F)CN1C(=O)CC(CC3=CC(=C(C=C3F)F)F)N,Feelings of worthlessness,0
canagliflozin,24812758,CC1=C(C=C(C=C1)C2C(C(C(C(O2)CO)O)O)O)CC3=CC=C(S3)C4=CC=C(C=C4)F,Femoral neck fracture,0
glyburide,3488,COC1=C(C=C(C=C1)Cl)C(=O)NCCC2=CC=C(C=C2)S(=O)(=O)NC(=O)NC3CCCCC3,Product solubility abnormal,1
glimepiride,3476,CCC1=C(CN(C1=O)C(=O)NCCC2=CC=C(C=C2)S(=O)(=O)NC(=O)NC3CCC(CC3)C)C,Wrong drug,0
linagliptin,10096344,CC#CCN1C2=C(N=C1N3CCCC(C3)N)N(C(=O)N(C2=O)CC4=NC5=CC=CC=C5C(=N4)C)C,Wrong drug,0
canagliflozin,24812758,CC1=C(C=C(C=C1)C2C(C(C(C(O2)CO)O)O)O)CC3=CC=C(S3)C4=CC=C(C=C4)F,Hypochromic anaemia,0
glimepiride,3476,CCC1=C(CN(C1=O)C(=O)NCCC2=CC=C(C=C2)S(=O)(=O)NC(=O)NC3CCC(CC3)C)C,Hypoglycaemia,1
metformin,4091,CN(C)C(=N)N=C(N)N,Gastrointestinal angiectasia,1
glipizide,3478,CC1=CN=C(C=N1)C(=O)NCCC2=CC=C(C=C2)S(=O)(=O)NC(=O)NC3CCCCC3,Glycosylated haemoglobin increased,1
saxagliptin,11243969,C1C2CC2N(C1C#N)C(=O)C(C34CC5CC(C3)CC(C5)(C4)O)N,Polycythaemia,0
repaglinide,65981,CCOC1=C(C=CC(=C1)CC(=O)NC(CC(C)C)C2=CC=CC=C2N3CCCCC3)C(=O)O,Congenital hydrocephalus,0
acarbose,9811704,CC1C(C(C(C(O1)OC2C(OC(C(C2O)O)OC(C(CO)O)C(C(C=O)O)O)CO)O)O)NC3C=C(C(C(C3O)O)O)CO,Asymptomatic COVID-19,0
glimepiride,3476,CCC1=C(CN(C1=O)C(=O)NCCC2=CC=C(C=C2)S(=O)(=O)NC(=O)NC3CCC(CC3)C)C,Throat cancer,0
acarbose,9811704,CC1C(C(C(C(O1)OC2C(OC(C(C2O)O)OC(C(CO)O)C(C(C=O)O)O)CO)O)O)NC3C=C(C(C(C3O)O)O)CO,Costovertebral angle tenderness,0
repaglinide,65981,CCOC1=C(C=CC(=C1)CC(=O)NC(CC(C)C)C2=CC=CC=C2N3CCCCC3)C(=O)O,Facial asymmetry,0
metformin,4091,CN(C)C(=N)N=C(N)N,Myelodysplastic syndrome,1
dapagliflozin,9887712,CCOC1=CC=C(C=C1)CC2=C(C=CC(=C2)C3C(C(C(C(O3)CO)O)O)O)Cl,Paranasal sinus discomfort,0
sitagliptin,4369359,C1CN2C(=NN=C2C(F)(F)F)CN1C(=O)CC(CC3=CC(=C(C=C3F)F)F)N,Anal rash,0
linagliptin,10096344,CC#CCN1C2=C(N=C1N3CCCC(C3)N)N(C(=O)N(C2=O)CC4=NC5=CC=CC=C5C(=N4)C)C,Product administration error,0
repaglinide,65981,CCOC1=C(C=CC(=C1)CC(=O)NC(CC(C)C)C2=CC=CC=C2N3CCCCC3)C(=O)O,Anal blister,0
dapagliflozin,9887712,CCOC1=CC=C(C=C1)CC2=C(C=CC(=C2)C3C(C(C(C(O3)CO)O)O)O)Cl,Congenital great vessel anomaly,0
metformin,4091,CN(C)C(=N)N=C(N)N,Adrenocortical carcinoma,0
canagliflozin,24812758,CC1=C(C=C(C=C1)C2C(C(C(C(O2)CO)O)O)O)CC3=CC=C(S3)C4=CC=C(C=C4)F,Fanconi syndrome,1
saxagliptin,11243969,C1C2CC2N(C1C#N)C(=O)C(C34CC5CC(C3)CC(C5)(C4)O)N,Cholestatic liver injury,0
glimepiride,3476,CCC1=C(CN(C1=O)C(=O)NCCC2=CC=C(C=C2)S(=O)(=O)NC(=O)NC3CCC(CC3)C)C,Product administration error,1
glyburide,3488,COC1=C(C=C(C=C1)Cl)C(=O)NCCC2=CC=C(C=C2)S(=O)(=O)NC(=O)NC3CCCCC3,Autoimmune nephritis,0
canagliflozin,24812758,CC1=C(C=C(C=C1)C2C(C(C(C(O2)CO)O)O)O)CC3=CC=C(S3)C4=CC=C(C=C4)F,Oedema peripheral,1
rosiglitazone,77999,CN(CCOC1=CC=C(C=C1)CC2C(=O)NC(=O)S2)C3=CC=CC=N3,Panic attack,0
glyburide,3488,COC1=C(C=C(C=C1)Cl)C(=O)NCCC2=CC=C(C=C2)S(=O)(=O)NC(=O)NC3CCCCC3,Balanoposthitis,0
glimepiride,3476,CCC1=C(CN(C1=O)C(=O)NCCC2=CC=C(C=C2)S(=O)(=O)NC(=O)NC3CCC(CC3)C)C,Rhabdomyolysis,1
glipizide,3478,CC1=CN=C(C=N1)C(=O)NCCC2=CC=C(C=C2)S(=O)(=O)NC(=O)NC3CCCCC3,Blood albumin decreased,0
metformin,4091,CN(C)C(=N)N=C(N)N,Cataract,1
glyburide,3488,COC1=C(C=C(C=C1)Cl)C(=O)NCCC2=CC=C(C=C2)S(=O)(=O)NC(=O)NC3CCCCC3,Hip arthroplasty,0
pioglitazone,4829,CCC1=CN=C(C=C1)CCOC2=CC=C(C=C2)CC3C(=O)NC(=O)S3,Pleural effusion,1
metformin,4091,CN(C)C(=N)N=C(N)N,Balance disorder,1
pioglitazone,4829,CCC1=CN=C(C=C1)CCOC2=CC=C(C=C2)CC3C(=O)NC(=O)S3,Necrotising myositis,1
metformin,4091,CN(C)C(=N)N=C(N)N,Blood fibrinogen increased,1
rosiglitazone,77999,CN(CCOC1=CC=C(C=C1)CC2C(=O)NC(=O)S2)C3=CC=CC=N3,Tonsillitis fungal,0
nateglinide,5311309,CC(C)C1CCC(CC1)C(=O)NC(CC2=CC=CC=C2)C(=O)O,Lymphocyte count increased,0
glimepiride,3476,CCC1=C(CN(C1=O)C(=O)NCCC2=CC=C(C=C2)S(=O)(=O)NC(=O)NC3CCC(CC3)C)C,Therapy interrupted,1
empagliflozin,11949646,C1COCC1OC2=CC=C(C=C2)CC3=C(C=CC(=C3)C4C(C(C(C(O4)CO)O)O)O)Cl,Carotid intima-media thickness increased,0
empagliflozin,11949646,C1COCC1OC2=CC=C(C=C2)CC3=C(C=CC(=C3)C4C(C(C(C(O4)CO)O)O)O)Cl,Cartilage injury,0
repaglinide,65981,CCOC1=C(C=CC(=C1)CC(=O)NC(CC(C)C)C2=CC=CC=C2N3CCCCC3)C(=O)O,Sensitive skin,0
rosiglitazone,77999,CN(CCOC1=CC=C(C=C1)CC2C(=O)NC(=O)S2)C3=CC=CC=N3,Mitochondrial cytopathy,0
rosiglitazone,77999,CN(CCOC1=CC=C(C=C1)CC2C(=O)NC(=O)S2)C3=CC=CC=N3,Factitious disorder,0
dapagliflozin,9887712,CCOC1=CC=C(C=C1)CC2=C(C=CC(=C2)C3C(C(C(C(O3)CO)O)O)O)Cl,Euglycaemic diabetic ketoacidosis,1
repaglinide,65981,CCOC1=C(C=CC(=C1)CC(=O)NC(CC(C)C)C2=CC=CC=C2N3CCCCC3)C(=O)O,Product availability issue,1
empagliflozin,11949646,C1COCC1OC2=CC=C(C=C2)CC3=C(C=CC(=C3)C4C(C(C(C(O4)CO)O)O)O)Cl,Pulmonary embolism,1
pioglitazone,4829,CCC1=CN=C(C=C1)CCOC2=CC=C(C=C2)CC3C(=O)NC(=O)S3,Culture wound positive,0
sitagliptin,4369359,C1CN2C(=NN=C2C(F)(F)F)CN1C(=O)CC(CC3=CC(=C(C=C3F)F)F)N,Retinal detachment,0
canagliflozin,24812758,CC1=C(C=C(C=C1)C2C(C(C(C(O2)CO)O)O)O)CC3=CC=C(S3)C4=CC=C(C=C4)F,Adverse drug reaction,1
sitagliptin,4369359,C1CN2C(=NN=C2C(F)(F)F)CN1C(=O)CC(CC3=CC(=C(C=C3F)F)F)N,Secondary hypothyroidism,0
metformin,4091,CN(C)C(=N)N=C(N)N,C-reactive protein abnormal,0
repaglinide,65981,CCOC1=C(C=CC(=C1)CC(=O)NC(CC(C)C)C2=CC=CC=C2N3CCCCC3)C(=O)O,Breast enlargement,0
glyburide,3488,COC1=C(C=C(C=C1)Cl)C(=O)NCCC2=CC=C(C=C2)S(=O)(=O)NC(=O)NC3CCCCC3,Cholestatic liver injury,0
empagliflozin,11949646,C1COCC1OC2=CC=C(C=C2)CC3=C(C=CC(=C3)C4C(C(C(C(O4)CO)O)O)O)Cl,Biliary colic,1
metformin,4091,CN(C)C(=N)N=C(N)N,C-reactive protein increased,1
glimepiride,3476,CCC1=C(CN(C1=O)C(=O)NCCC2=CC=C(C=C2)S(=O)(=O)NC(=O)NC3CCC(CC3)C)C,Left ventricular dysfunction,1
metformin,4091,CN(C)C(=N)N=C(N)N,Urine sodium decreased,1
sitagliptin,4369359,C1CN2C(=NN=C2C(F)(F)F)CN1C(=O)CC(CC3=CC(=C(C=C3F)F)F)N,Diarrhoea,1
rosiglitazone,77999,CN(CCOC1=CC=C(C=C1)CC2C(=O)NC(=O)S2)C3=CC=CC=N3,Neonatal seizure,0
rosiglitazone,77999,CN(CCOC1=CC=C(C=C1)CC2C(=O)NC(=O)S2)C3=CC=CC=N3,Hypoglycaemia unawareness,0
metformin,4091,CN(C)C(=N)N=C(N)N,Klebsiella infection,1
metformin,4091,CN(C)C(=N)N=C(N)N,Therapeutic response unexpected,1
repaglinide,65981,CCOC1=C(C=CC(=C1)CC(=O)NC(CC(C)C)C2=CC=CC=C2N3CCCCC3)C(=O)O,Product odour abnormal,0
acarbose,9811704,CC1C(C(C(C(O1)OC2C(OC(C(C2O)O)OC(C(CO)O)C(C(C=O)O)O)CO)O)O)NC3C=C(C(C(C3O)O)O)CO,Second primary malignancy,0
metformin,4091,CN(C)C(=N)N=C(N)N,Nephritis allergic,1
metformin,4091,CN(C)C(=N)N=C(N)N,Treatment noncompliance,1
metformin,4091,CN(C)C(=N)N=C(N)N,Somnambulism,1
rosiglitazone,77999,CN(CCOC1=CC=C(C=C1)CC2C(=O)NC(=O)S2)C3=CC=CC=N3,Tachycardia induced cardiomyopathy,0
metformin,4091,CN(C)C(=N)N=C(N)N,Migraine,1
metformin,4091,CN(C)C(=N)N=C(N)N,Blood count abnormal,1
acarbose,9811704,CC1C(C(C(C(O1)OC2C(OC(C(C2O)O)OC(C(CO)O)C(C(C=O)O)O)CO)O)O)NC3C=C(C(C(C3O)O)O)CO,Congenital anomaly in offspring,0
canagliflozin,24812758,CC1=C(C=C(C=C1)C2C(C(C(C(O2)CO)O)O)O)CC3=CC=C(S3)C4=CC=C(C=C4)F,Muscle spasms,1
glipizide,3478,CC1=CN=C(C=N1)C(=O)NCCC2=CC=C(C=C2)S(=O)(=O)NC(=O)NC3CCCCC3,Blood pressure increased,1
glimepiride,3476,CCC1=C(CN(C1=O)C(=O)NCCC2=CC=C(C=C2)S(=O)(=O)NC(=O)NC3CCC(CC3)C)C,Malignant melanoma,0
glipizide,3478,CC1=CN=C(C=N1)C(=O)NCCC2=CC=C(C=C2)S(=O)(=O)NC(=O)NC3CCCCC3,Genital ulceration,0
nateglinide,5311309,CC(C)C1CCC(CC1)C(=O)NC(CC2=CC=CC=C2)C(=O)O,Serum ferritin decreased,0
empagliflozin,11949646,C1COCC1OC2=CC=C(C=C2)CC3=C(C=CC(=C3)C4C(C(C(C(O4)CO)O)O)O)Cl,Serum ferritin decreased,0
nateglinide,5311309,CC(C)C1CCC(CC1)C(=O)NC(CC2=CC=CC=C2)C(=O)O,Oculomucocutaneous syndrome,0
glyburide,3488,COC1=C(C=C(C=C1)Cl)C(=O)NCCC2=CC=C(C=C2)S(=O)(=O)NC(=O)NC3CCCCC3,Pancreatic failure,0
glimepiride,3476,CCC1=C(CN(C1=O)C(=O)NCCC2=CC=C(C=C2)S(=O)(=O)NC(=O)NC3CCC(CC3)C)C,Hypokinesia,1
glyburide,3488,COC1=C(C=C(C=C1)Cl)C(=O)NCCC2=CC=C(C=C2)S(=O)(=O)NC(=O)NC3CCCCC3,Neonatal disorder,1
empagliflozin,11949646,C1COCC1OC2=CC=C(C=C2)CC3=C(C=CC(=C3)C4C(C(C(C(O4)CO)O)O)O)Cl,Ventricular extrasystoles,1
rosiglitazone,77999,CN(CCOC1=CC=C(C=C1)CC2C(=O)NC(=O)S2)C3=CC=CC=N3,Chemotherapy,0
metformin,4091,CN(C)C(=N)N=C(N)N,Pulmonary embolism,1
rosiglitazone,77999,CN(CCOC1=CC=C(C=C1)CC2C(=O)NC(=O)S2)C3=CC=CC=N3,Cardiovascular disorder,0
sitagliptin,4369359,C1CN2C(=NN=C2C(F)(F)F)CN1C(=O)CC(CC3=CC(=C(C=C3F)F)F)N,Manganese increased,0
metformin,4091,CN(C)C(=N)N=C(N)N,Prescription drug used without a prescription,1
metformin,4091,CN(C)C(=N)N=C(N)N,Pelvic pain,1
saxagliptin,11243969,C1C2CC2N(C1C#N)C(=O)C(C34CC5CC(C3)CC(C5)(C4)O)N,Intestinal haemorrhage,0
saxagliptin,11243969,C1C2CC2N(C1C#N)C(=O)C(C34CC5CC(C3)CC(C5)(C4)O)N,Vaginal ulceration,0
glimepiride,3476,CCC1=C(CN(C1=O)C(=O)NCCC2=CC=C(C=C2)S(=O)(=O)NC(=O)NC3CCC(CC3)C)C,Ejection fraction abnormal,0
glipizide,3478,CC1=CN=C(C=N1)C(=O)NCCC2=CC=C(C=C2)S(=O)(=O)NC(=O)NC3CCCCC3,Therapeutic product effect decreased,0
pioglitazone,4829,CCC1=CN=C(C=C1)CCOC2=CC=C(C=C2)CC3C(=O)NC(=O)S3,Arrhythmia supraventricular,0
metformin,4091,CN(C)C(=N)N=C(N)N,Therapeutic response changed,1
nateglinide,5311309,CC(C)C1CCC(CC1)C(=O)NC(CC2=CC=CC=C2)C(=O)O,Chronic coronary syndrome,0
empagliflozin,11949646,C1COCC1OC2=CC=C(C=C2)CC3=C(C=CC(=C3)C4C(C(C(C(O4)CO)O)O)O)Cl,Xerophthalmia,0
metformin,4091,CN(C)C(=N)N=C(N)N,Biliary colic,1
glimepiride,3476,CCC1=C(CN(C1=O)C(=O)NCCC2=CC=C(C=C2)S(=O)(=O)NC(=O)NC3CCC(CC3)C)C,Adenomatous polyposis coli,0
nateglinide,5311309,CC(C)C1CCC(CC1)C(=O)NC(CC2=CC=CC=C2)C(=O)O,Gynaecomastia,0
glimepiride,3476,CCC1=C(CN(C1=O)C(=O)NCCC2=CC=C(C=C2)S(=O)(=O)NC(=O)NC3CCC(CC3)C)C,Chromaturia,1
metformin,4091,CN(C)C(=N)N=C(N)N,Exposure during pregnancy,1
acarbose,9811704,CC1C(C(C(C(O1)OC2C(OC(C(C2O)O)OC(C(CO)O)C(C(C=O)O)O)CO)O)O)NC3C=C(C(C(C3O)O)O)CO,Drug effective for unapproved indication,1
glipizide,3478,CC1=CN=C(C=N1)C(=O)NCCC2=CC=C(C=C2)S(=O)(=O)NC(=O)NC3CCCCC3,Febrile neutropenia,0
metformin,4091,CN(C)C(=N)N=C(N)N,Tryptase increased,0
nateglinide,5311309,CC(C)C1CCC(CC1)C(=O)NC(CC2=CC=CC=C2)C(=O)O,Urinary tract infection viral,0
linagliptin,10096344,CC#CCN1C2=C(N=C1N3CCCC(C3)N)N(C(=O)N(C2=O)CC4=NC5=CC=CC=C5C(=N4)C)C,Metastases to ovary,0
saxagliptin,11243969,C1C2CC2N(C1C#N)C(=O)C(C34CC5CC(C3)CC(C5)(C4)O)N,Arrhythmia,1
metformin,4091,CN(C)C(=N)N=C(N)N,Blood homocysteine increased,1
metformin,4091,CN(C)C(=N)N=C(N)N,Drug reaction with eosinophilia and systemic symptoms,1
glyburide,3488,COC1=C(C=C(C=C1)Cl)C(=O)NCCC2=CC=C(C=C2)S(=O)(=O)NC(=O)NC3CCCCC3,Duplicate therapy error,0
empagliflozin,11949646,C1COCC1OC2=CC=C(C=C2)CC3=C(C=CC(=C3)C4C(C(C(C(O4)CO)O)O)O)Cl,Polyuria,1
rosiglitazone,77999,CN(CCOC1=CC=C(C=C1)CC2C(=O)NC(=O)S2)C3=CC=CC=N3,Creatinine urine increased,0
metformin,4091,CN(C)C(=N)N=C(N)N,Ankylosing spondylitis,1
metformin,4091,CN(C)C(=N)N=C(N)N,Psoriatic arthropathy,1
metformin,4091,CN(C)C(=N)N=C(N)N,Hypophysitis,1
metformin,4091,CN(C)C(=N)N=C(N)N,Abdominal pain,1
glipizide,3478,CC1=CN=C(C=N1)C(=O)NCCC2=CC=C(C=C2)S(=O)(=O)NC(=O)NC3CCCCC3,Chest pain,1
sitagliptin,4369359,C1CN2C(=NN=C2C(F)(F)F)CN1C(=O)CC(CC3=CC(=C(C=C3F)F)F)N,Joint swelling,1
dapagliflozin,9887712,CCOC1=CC=C(C=C1)CC2=C(C=CC(=C2)C3C(C(C(C(O3)CO)O)O)O)Cl,Vascular insufficiency,1
metformin,4091,CN(C)C(=N)N=C(N)N,Erectile dysfunction,1
glimepiride,3476,CCC1=C(CN(C1=O)C(=O)NCCC2=CC=C(C=C2)S(=O)(=O)NC(=O)NC3CCC(CC3)C)C,Nephroangiosclerosis,1
acarbose,9811704,CC1C(C(C(C(O1)OC2C(OC(C(C2O)O)OC(C(CO)O)C(C(C=O)O)O)CO)O)O)NC3C=C(C(C(C3O)O)O)CO,Erythrodermic psoriasis,0
metformin,4091,CN(C)C(=N)N=C(N)N,Gastrointestinal motility disorder,1
dapagliflozin,9887712,CCOC1=CC=C(C=C1)CC2=C(C=CC(=C2)C3C(C(C(C(O3)CO)O)O)O)Cl,Snoring,0
metformin,4091,CN(C)C(=N)N=C(N)N,Chromaturia,1
glipizide,3478,CC1=CN=C(C=N1)C(=O)NCCC2=CC=C(C=C2)S(=O)(=O)NC(=O)NC3CCCCC3,Demyelination,0
metformin,4091,CN(C)C(=N)N=C(N)N,Large for dates baby,1
empagliflozin,11949646,C1COCC1OC2=CC=C(C=C2)CC3=C(C=CC(=C3)C4C(C(C(C(O4)CO)O)O)O)Cl,Factor V inhibition,0
metformin,4091,CN(C)C(=N)N=C(N)N,Autoimmune hepatitis,1
empagliflozin,11949646,C1COCC1OC2=CC=C(C=C2)CC3=C(C=CC(=C3)C4C(C(C(C(O4)CO)O)O)O)Cl,Diabetic retinopathy,1
glipizide,3478,CC1=CN=C(C=N1)C(=O)NCCC2=CC=C(C=C2)S(=O)(=O)NC(=O)NC3CCCCC3,Cardiac arrest,1
rosiglitazone,77999,CN(CCOC1=CC=C(C=C1)CC2C(=O)NC(=O)S2)C3=CC=CC=N3,Faeces pale,0
repaglinide,65981,CCOC1=C(C=CC(=C1)CC(=O)NC(CC(C)C)C2=CC=CC=C2N3CCCCC3)C(=O)O,Bundle branch block left,0
rosiglitazone,77999,CN(CCOC1=CC=C(C=C1)CC2C(=O)NC(=O)S2)C3=CC=CC=N3,Soft tissue disorder,0
glipizide,3478,CC1=CN=C(C=N1)C(=O)NCCC2=CC=C(C=C2)S(=O)(=O)NC(=O)NC3CCCCC3,Drug intolerance,1
empagliflozin,11949646,C1COCC1OC2=CC=C(C=C2)CC3=C(C=CC(=C3)C4C(C(C(C(O4)CO)O)O)O)Cl,Hepatic cancer,1
glipizide,3478,CC1=CN=C(C=N1)C(=O)NCCC2=CC=C(C=C2)S(=O)(=O)NC(=O)NC3CCCCC3,Product odour abnormal,1
metformin,4091,CN(C)C(=N)N=C(N)N,Sleep disorder due to a general medical condition,1
metformin,4091,CN(C)C(=N)N=C(N)N,Platelet disorder,1
empagliflozin,11949646,C1COCC1OC2=CC=C(C=C2)CC3=C(C=CC(=C3)C4C(C(C(C(O4)CO)O)O)O)Cl,Abnormal sensation in eye,0
glyburide,3488,COC1=C(C=C(C=C1)Cl)C(=O)NCCC2=CC=C(C=C2)S(=O)(=O)NC(=O)NC3CCCCC3,Fungal skin infection,0
metformin,4091,CN(C)C(=N)N=C(N)N,Tongue ulceration,1
empagliflozin,11949646,C1COCC1OC2=CC=C(C=C2)CC3=C(C=CC(=C3)C4C(C(C(C(O4)CO)O)O)O)Cl,Hormone level abnormal,0
rosiglitazone,77999,CN(CCOC1=CC=C(C=C1)CC2C(=O)NC(=O)S2)C3=CC=CC=N3,Thrombotic cerebral infarction,0
metformin,4091,CN(C)C(=N)N=C(N)N,Peripheral sensory neuropathy,1
nateglinide,5311309,CC(C)C1CCC(CC1)C(=O)NC(CC2=CC=CC=C2)C(=O)O,Hunger,0
metformin,4091,CN(C)C(=N)N=C(N)N,Product label issue,1
nateglinide,5311309,CC(C)C1CCC(CC1)C(=O)NC(CC2=CC=CC=C2)C(=O)O,Animal scratch,0
glimepiride,3476,CCC1=C(CN(C1=O)C(=O)NCCC2=CC=C(C=C2)S(=O)(=O)NC(=O)NC3CCC(CC3)C)C,Mucosal haemorrhage,0
saxagliptin,11243969,C1C2CC2N(C1C#N)C(=O)C(C34CC5CC(C3)CC(C5)(C4)O)N,Hypophysitis,0
repaglinide,65981,CCOC1=C(C=CC(=C1)CC(=O)NC(CC(C)C)C2=CC=CC=C2N3CCCCC3)C(=O)O,Pulmonary valve incompetence,0
acarbose,9811704,CC1C(C(C(C(O1)OC2C(OC(C(C2O)O)OC(C(CO)O)C(C(C=O)O)O)CO)O)O)NC3C=C(C(C(C3O)O)O)CO,Lung neoplasm malignant,0
canagliflozin,24812758,CC1=C(C=C(C=C1)C2C(C(C(C(O2)CO)O)O)O)CC3=CC=C(S3)C4=CC=C(C=C4)F,Lower urinary tract symptoms,0
sitagliptin,4369359,C1CN2C(=NN=C2C(F)(F)F)CN1C(=O)CC(CC3=CC(=C(C=C3F)F)F)N,Nasal congestion,0
linagliptin,10096344,CC#CCN1C2=C(N=C1N3CCCC(C3)N)N(C(=O)N(C2=O)CC4=NC5=CC=CC=C5C(=N4)C)C,Hypertensive emergency,0
canagliflozin,24812758,CC1=C(C=C(C=C1)C2C(C(C(C(O2)CO)O)O)O)CC3=CC=C(S3)C4=CC=C(C=C4)F,Large intestine infection,0
dapagliflozin,9887712,CCOC1=CC=C(C=C1)CC2=C(C=CC(=C2)C3C(C(C(C(O3)CO)O)O)O)Cl,Fungal cystitis,0
metformin,4091,CN(C)C(=N)N=C(N)N,Blood aldosterone increased,1
metformin,4091,CN(C)C(=N)N=C(N)N,Cholestasis of pregnancy,1
glimepiride,3476,CCC1=C(CN(C1=O)C(=O)NCCC2=CC=C(C=C2)S(=O)(=O)NC(=O)NC3CCC(CC3)C)C,Aspartate aminotransferase increased,1
glipizide,3478,CC1=CN=C(C=N1)C(=O)NCCC2=CC=C(C=C2)S(=O)(=O)NC(=O)NC3CCCCC3,Intestinal obstruction,0
glyburide,3488,COC1=C(C=C(C=C1)Cl)C(=O)NCCC2=CC=C(C=C2)S(=O)(=O)NC(=O)NC3CCCCC3,Altered state of consciousness,0
metformin,4091,CN(C)C(=N)N=C(N)N,Renal cell carcinoma,1
metformin,4091,CN(C)C(=N)N=C(N)N,Drug withdrawal syndrome,1
metformin,4091,CN(C)C(=N)N=C(N)N,Hair growth abnormal,1
empagliflozin,11949646,C1COCC1OC2=CC=C(C=C2)CC3=C(C=CC(=C3)C4C(C(C(C(O4)CO)O)O)O)Cl,Skin fibrosis,0
dapagliflozin,9887712,CCOC1=CC=C(C=C1)CC2=C(C=CC(=C2)C3C(C(C(C(O3)CO)O)O)O)Cl,Abnormal loss of weight,1
metformin,4091,CN(C)C(=N)N=C(N)N,Carcinoid tumour,1
saxagliptin,11243969,C1C2CC2N(C1C#N)C(=O)C(C34CC5CC(C3)CC(C5)(C4)O)N,Obstructive airways disorder,0
canagliflozin,24812758,CC1=C(C=C(C=C1)C2C(C(C(C(O2)CO)O)O)O)CC3=CC=C(S3)C4=CC=C(C=C4)F,Acute kidney injury,1
metformin,4091,CN(C)C(=N)N=C(N)N,Varicose vein ruptured,1
glimepiride,3476,CCC1=C(CN(C1=O)C(=O)NCCC2=CC=C(C=C2)S(=O)(=O)NC(=O)NC3CCC(CC3)C)C,Acquired mitochondrial DNA mutation,0
metformin,4091,CN(C)C(=N)N=C(N)N,Hypocalcaemia,1
linagliptin,10096344,CC#CCN1C2=C(N=C1N3CCCC(C3)N)N(C(=O)N(C2=O)CC4=NC5=CC=CC=C5C(=N4)C)C,Hilar lymphadenopathy,0
repaglinide,65981,CCOC1=C(C=CC(=C1)CC(=O)NC(CC(C)C)C2=CC=CC=C2N3CCCCC3)C(=O)O,Hyperkalaemia,0
metformin,4091,CN(C)C(=N)N=C(N)N,Cerebral haemorrhage,1
glipizide,3478,CC1=CN=C(C=N1)C(=O)NCCC2=CC=C(C=C2)S(=O)(=O)NC(=O)NC3CCCCC3,Erythromelalgia,0
nateglinide,5311309,CC(C)C1CCC(CC1)C(=O)NC(CC2=CC=CC=C2)C(=O)O,Blood pressure diastolic abnormal,0
metformin,4091,CN(C)C(=N)N=C(N)N,Apgar score low,1
repaglinide,65981,CCOC1=C(C=CC(=C1)CC(=O)NC(CC(C)C)C2=CC=CC=C2N3CCCCC3)C(=O)O,Bacteriuria,0
acarbose,9811704,CC1C(C(C(C(O1)OC2C(OC(C(C2O)O)OC(C(CO)O)C(C(C=O)O)O)CO)O)O)NC3C=C(C(C(C3O)O)O)CO,Pneumonitis,0
metformin,4091,CN(C)C(=N)N=C(N)N,Hernia,1
glipizide,3478,CC1=CN=C(C=N1)C(=O)NCCC2=CC=C(C=C2)S(=O)(=O)NC(=O)NC3CCCCC3,Weight decreased,1
dapagliflozin,9887712,CCOC1=CC=C(C=C1)CC2=C(C=CC(=C2)C3C(C(C(C(O3)CO)O)O)O)Cl,False positive investigation result,0
canagliflozin,24812758,CC1=C(C=C(C=C1)C2C(C(C(C(O2)CO)O)O)O)CC3=CC=C(S3)C4=CC=C(C=C4)F,Injection site discomfort,0
glipizide,3478,CC1=CN=C(C=N1)C(=O)NCCC2=CC=C(C=C2)S(=O)(=O)NC(=O)NC3CCCCC3,Formication,0
glyburide,3488,COC1=C(C=C(C=C1)Cl)C(=O)NCCC2=CC=C(C=C2)S(=O)(=O)NC(=O)NC3CCCCC3,Hepatitis A,0
saxagliptin,11243969,C1C2CC2N(C1C#N)C(=O)C(C34CC5CC(C3)CC(C5)(C4)O)N,Cardiac failure acute,1
glimepiride,3476,CCC1=C(CN(C1=O)C(=O)NCCC2=CC=C(C=C2)S(=O)(=O)NC(=O)NC3CCC(CC3)C)C,Hydronephrosis,0
metformin,4091,CN(C)C(=N)N=C(N)N,Tooth repair,1
empagliflozin,11949646,C1COCC1OC2=CC=C(C=C2)CC3=C(C=CC(=C3)C4C(C(C(C(O4)CO)O)O)O)Cl,Vulval cancer,1
nateglinide,5311309,CC(C)C1CCC(CC1)C(=O)NC(CC2=CC=CC=C2)C(=O)O,Synovial cyst,0
metformin,4091,CN(C)C(=N)N=C(N)N,Skin infection,1
metformin,4091,CN(C)C(=N)N=C(N)N,Bone density decreased,1
canagliflozin,24812758,CC1=C(C=C(C=C1)C2C(C(C(C(O2)CO)O)O)O)CC3=CC=C(S3)C4=CC=C(C=C4)F,Circulatory collapse,0
pioglitazone,4829,CCC1=CN=C(C=C1)CCOC2=CC=C(C=C2)CC3C(=O)NC(=O)S3,Vision blurred,1
rosiglitazone,77999,CN(CCOC1=CC=C(C=C1)CC2C(=O)NC(=O)S2)C3=CC=CC=N3,Bone density decreased,1
canagliflozin,24812758,CC1=C(C=C(C=C1)C2C(C(C(C(O2)CO)O)O)O)CC3=CC=C(S3)C4=CC=C(C=C4)F,Incorrect product administration duration,0
glyburide,3488,COC1=C(C=C(C=C1)Cl)C(=O)NCCC2=CC=C(C=C2)S(=O)(=O)NC(=O)NC3CCCCC3,Haemarthrosis,0
saxagliptin,11243969,C1C2CC2N(C1C#N)C(=O)C(C34CC5CC(C3)CC(C5)(C4)O)N,Viral myocarditis,0
glimepiride,3476,CCC1=C(CN(C1=O)C(=O)NCCC2=CC=C(C=C2)S(=O)(=O)NC(=O)NC3CCC(CC3)C)C,Rash pruritic,1
pioglitazone,4829,CCC1=CN=C(C=C1)CCOC2=CC=C(C=C2)CC3C(=O)NC(=O)S3,False positive investigation result,0
pioglitazone,4829,CCC1=CN=C(C=C1)CCOC2=CC=C(C=C2)CC3C(=O)NC(=O)S3,Narcolepsy,0
pioglitazone,4829,CCC1=CN=C(C=C1)CCOC2=CC=C(C=C2)CC3C(=O)NC(=O)S3,Rhinorrhoea,1
canagliflozin,24812758,CC1=C(C=C(C=C1)C2C(C(C(C(O2)CO)O)O)O)CC3=CC=C(S3)C4=CC=C(C=C4)F,Catarrh,0
empagliflozin,11949646,C1COCC1OC2=CC=C(C=C2)CC3=C(C=CC(=C3)C4C(C(C(C(O4)CO)O)O)O)Cl,Cytotoxic oedema,0
sitagliptin,4369359,C1CN2C(=NN=C2C(F)(F)F)CN1C(=O)CC(CC3=CC(=C(C=C3F)F)F)N,Eye infection,0
empagliflozin,11949646,C1COCC1OC2=CC=C(C=C2)CC3=C(C=CC(=C3)C4C(C(C(C(O4)CO)O)O)O)Cl,Therapeutic reaction time decreased,0
canagliflozin,24812758,CC1=C(C=C(C=C1)C2C(C(C(C(O2)CO)O)O)O)CC3=CC=C(S3)C4=CC=C(C=C4)F,Treatment noncompliance,1
nateglinide,5311309,CC(C)C1CCC(CC1)C(=O)NC(CC2=CC=CC=C2)C(=O)O,Aplasia pure red cell,0
metformin,4091,CN(C)C(=N)N=C(N)N,Product use complaint,1
metformin,4091,CN(C)C(=N)N=C(N)N,Eye irritation,1
nateglinide,5311309,CC(C)C1CCC(CC1)C(=O)NC(CC2=CC=CC=C2)C(=O)O,Vulval ulceration,0
canagliflozin,24812758,CC1=C(C=C(C=C1)C2C(C(C(C(O2)CO)O)O)O)CC3=CC=C(S3)C4=CC=C(C=C4)F,Chondropathy,0
glimepiride,3476,CCC1=C(CN(C1=O)C(=O)NCCC2=CC=C(C=C2)S(=O)(=O)NC(=O)NC3CCC(CC3)C)C,Multisystem inflammatory syndrome in children,0
empagliflozin,11949646,C1COCC1OC2=CC=C(C=C2)CC3=C(C=CC(=C3)C4C(C(C(C(O4)CO)O)O)O)Cl,Genital discomfort,1
dapagliflozin,9887712,CCOC1=CC=C(C=C1)CC2=C(C=CC(=C2)C3C(C(C(C(O3)CO)O)O)O)Cl,Abdominal tenderness,1
pioglitazone,4829,CCC1=CN=C(C=C1)CCOC2=CC=C(C=C2)CC3C(=O)NC(=O)S3,Atrioventricular node dysfunction,0
pioglitazone,4829,CCC1=CN=C(C=C1)CCOC2=CC=C(C=C2)CC3C(=O)NC(=O)S3,Splenic thrombosis,0
metformin,4091,CN(C)C(=N)N=C(N)N,Chondromalacia,1
sitagliptin,4369359,C1CN2C(=NN=C2C(F)(F)F)CN1C(=O)CC(CC3=CC(=C(C=C3F)F)F)N,Carbohydrate antigen 125 increased,0
glimepiride,3476,CCC1=C(CN(C1=O)C(=O)NCCC2=CC=C(C=C2)S(=O)(=O)NC(=O)NC3CCC(CC3)C)C,Varicella,0
metformin,4091,CN(C)C(=N)N=C(N)N,Joint swelling,1
glyburide,3488,COC1=C(C=C(C=C1)Cl)C(=O)NCCC2=CC=C(C=C2)S(=O)(=O)NC(=O)NC3CCCCC3,Blood glucose increased,1
acarbose,9811704,CC1C(C(C(C(O1)OC2C(OC(C(C2O)O)OC(C(CO)O)C(C(C=O)O)O)CO)O)O)NC3C=C(C(C(C3O)O)O)CO,Sciatic nerve injury,0
canagliflozin,24812758,CC1=C(C=C(C=C1)C2C(C(C(C(O2)CO)O)O)O)CC3=CC=C(S3)C4=CC=C(C=C4)F,Cerebral infarction,1
metformin,4091,CN(C)C(=N)N=C(N)N,Effusion,1
canagliflozin,24812758,CC1=C(C=C(C=C1)C2C(C(C(C(O2)CO)O)O)O)CC3=CC=C(S3)C4=CC=C(C=C4)F,Occult blood,0
metformin,4091,CN(C)C(=N)N=C(N)N,Menstruation delayed,1
glimepiride,3476,CCC1=C(CN(C1=O)C(=O)NCCC2=CC=C(C=C2)S(=O)(=O)NC(=O)NC3CCC(CC3)C)C,Choroidal effusion,0
canagliflozin,24812758,CC1=C(C=C(C=C1)C2C(C(C(C(O2)CO)O)O)O)CC3=CC=C(S3)C4=CC=C(C=C4)F,Eructation,1
glyburide,3488,COC1=C(C=C(C=C1)Cl)C(=O)NCCC2=CC=C(C=C2)S(=O)(=O)NC(=O)NC3CCCCC3,Gamma-glutamyltransferase increased,0
empagliflozin,11949646,C1COCC1OC2=CC=C(C=C2)CC3=C(C=CC(=C3)C4C(C(C(C(O4)CO)O)O)O)Cl,Paraneoplastic syndrome,1
sitagliptin,4369359,C1CN2C(=NN=C2C(F)(F)F)CN1C(=O)CC(CC3=CC(=C(C=C3F)F)F)N,Food interaction,0
repaglinide,65981,CCOC1=C(C=CC(=C1)CC(=O)NC(CC(C)C)C2=CC=CC=C2N3CCCCC3)C(=O)O,Mouth swelling,0
glimepiride,3476,CCC1=C(CN(C1=O)C(=O)NCCC2=CC=C(C=C2)S(=O)(=O)NC(=O)NC3CCC(CC3)C)C,Economic problem,0
dapagliflozin,9887712,CCOC1=CC=C(C=C1)CC2=C(C=CC(=C2)C3C(C(C(C(O3)CO)O)O)O)Cl,Embolism venous,0
empagliflozin,11949646,C1COCC1OC2=CC=C(C=C2)CC3=C(C=CC(=C3)C4C(C(C(C(O4)CO)O)O)O)Cl,Drug hypersensitivity,0
dapagliflozin,9887712,CCOC1=CC=C(C=C1)CC2=C(C=CC(=C2)C3C(C(C(C(O3)CO)O)O)O)Cl,Skin swelling,0
linagliptin,10096344,CC#CCN1C2=C(N=C1N3CCCC(C3)N)N(C(=O)N(C2=O)CC4=NC5=CC=CC=C5C(=N4)C)C,Haemolysis,0
metformin,4091,CN(C)C(=N)N=C(N)N,Product dose omission in error,1
metformin,4091,CN(C)C(=N)N=C(N)N,Vasodilatation,1
metformin,4091,CN(C)C(=N)N=C(N)N,Blood glucose,1
canagliflozin,24812758,CC1=C(C=C(C=C1)C2C(C(C(C(O2)CO)O)O)O)CC3=CC=C(S3)C4=CC=C(C=C4)F,International normalised ratio increased,1
repaglinide,65981,CCOC1=C(C=CC(=C1)CC(=O)NC(CC(C)C)C2=CC=CC=C2N3CCCCC3)C(=O)O,Discomfort,0
linagliptin,10096344,CC#CCN1C2=C(N=C1N3CCCC(C3)N)N(C(=O)N(C2=O)CC4=NC5=CC=CC=C5C(=N4)C)C,Blood urea increased,0
glimepiride,3476,CCC1=C(CN(C1=O)C(=O)NCCC2=CC=C(C=C2)S(=O)(=O)NC(=O)NC3CCC(CC3)C)C,Anal abscess,0
repaglinide,65981,CCOC1=C(C=CC(=C1)CC(=O)NC(CC(C)C)C2=CC=CC=C2N3CCCCC3)C(=O)O,Febrile neutropenia,0
pioglitazone,4829,CCC1=CN=C(C=C1)CCOC2=CC=C(C=C2)CC3C(=O)NC(=O)S3,Clavicle fracture,1
dapagliflozin,9887712,CCOC1=CC=C(C=C1)CC2=C(C=CC(=C2)C3C(C(C(C(O3)CO)O)O)O)Cl,Serum ferritin abnormal,0
glipizide,3478,CC1=CN=C(C=N1)C(=O)NCCC2=CC=C(C=C2)S(=O)(=O)NC(=O)NC3CCCCC3,Hypoaesthesia,1
metformin,4091,CN(C)C(=N)N=C(N)N,Joint noise,1
glimepiride,3476,CCC1=C(CN(C1=O)C(=O)NCCC2=CC=C(C=C2)S(=O)(=O)NC(=O)NC3CCC(CC3)C)C,Limb discomfort,1
glipizide,3478,CC1=CN=C(C=N1)C(=O)NCCC2=CC=C(C=C2)S(=O)(=O)NC(=O)NC3CCCCC3,Drug abuse,0
glyburide,3488,COC1=C(C=C(C=C1)Cl)C(=O)NCCC2=CC=C(C=C2)S(=O)(=O)NC(=O)NC3CCCCC3,Blood magnesium abnormal,0
metformin,4091,CN(C)C(=N)N=C(N)N,Mumps,1
pioglitazone,4829,CCC1=CN=C(C=C1)CCOC2=CC=C(C=C2)CC3C(=O)NC(=O)S3,Neuroendocrine tumour of the lung metastatic,0
saxagliptin,11243969,C1C2CC2N(C1C#N)C(=O)C(C34CC5CC(C3)CC(C5)(C4)O)N,Hypertension,1
pioglitazone,4829,CCC1=CN=C(C=C1)CCOC2=CC=C(C=C2)CC3C(=O)NC(=O)S3,Eyelid margin crusting,1
acarbose,9811704,CC1C(C(C(C(O1)OC2C(OC(C(C2O)O)OC(C(CO)O)C(C(C=O)O)O)CO)O)O)NC3C=C(C(C(C3O)O)O)CO,Vertebrobasilar insufficiency,0
dapagliflozin,9887712,CCOC1=CC=C(C=C1)CC2=C(C=CC(=C2)C3C(C(C(C(O3)CO)O)O)O)Cl,Implantable defibrillator insertion,0
canagliflozin,24812758,CC1=C(C=C(C=C1)C2C(C(C(C(O2)CO)O)O)O)CC3=CC=C(S3)C4=CC=C(C=C4)F,Nervous system disorder,1
repaglinide,65981,CCOC1=C(C=CC(=C1)CC(=O)NC(CC(C)C)C2=CC=CC=C2N3CCCCC3)C(=O)O,Thyroxine free decreased,0
linagliptin,10096344,CC#CCN1C2=C(N=C1N3CCCC(C3)N)N(C(=O)N(C2=O)CC4=NC5=CC=CC=C5C(=N4)C)C,Product shape issue,0
metformin,4091,CN(C)C(=N)N=C(N)N,Syringomyelia,1
glyburide,3488,COC1=C(C=C(C=C1)Cl)C(=O)NCCC2=CC=C(C=C2)S(=O)(=O)NC(=O)NC3CCCCC3,Prostate examination abnormal,0
metformin,4091,CN(C)C(=N)N=C(N)N,Pain of skin,1
nateglinide,5311309,CC(C)C1CCC(CC1)C(=O)NC(CC2=CC=CC=C2)C(=O)O,Needle issue,0
saxagliptin,11243969,C1C2CC2N(C1C#N)C(=O)C(C34CC5CC(C3)CC(C5)(C4)O)N,Bradykinesia,0
glipizide,3478,CC1=CN=C(C=N1)C(=O)NCCC2=CC=C(C=C2)S(=O)(=O)NC(=O)NC3CCCCC3,Pemphigus,0
acarbose,9811704,CC1C(C(C(C(O1)OC2C(OC(C(C2O)O)OC(C(CO)O)C(C(C=O)O)O)CO)O)O)NC3C=C(C(C(C3O)O)O)CO,Sleep deficit,0
rosiglitazone,77999,CN(CCOC1=CC=C(C=C1)CC2C(=O)NC(=O)S2)C3=CC=CC=N3,Granuloma annulare,0
sitagliptin,4369359,C1CN2C(=NN=C2C(F)(F)F)CN1C(=O)CC(CC3=CC(=C(C=C3F)F)F)N,Arrhythmia,1
metformin,4091,CN(C)C(=N)N=C(N)N,Neural tube defect,1
rosiglitazone,77999,CN(CCOC1=CC=C(C=C1)CC2C(=O)NC(=O)S2)C3=CC=CC=N3,Aphonia,0
acarbose,9811704,CC1C(C(C(C(O1)OC2C(OC(C(C2O)O)OC(C(CO)O)C(C(C=O)O)O)CO)O)O)NC3C=C(C(C(C3O)O)O)CO,Chapped lips,0
metformin,4091,CN(C)C(=N)N=C(N)N,Consciousness fluctuating,1
saxagliptin,11243969,C1C2CC2N(C1C#N)C(=O)C(C34CC5CC(C3)CC(C5)(C4)O)N,Candida sepsis,0
glyburide,3488,COC1=C(C=C(C=C1)Cl)C(=O)NCCC2=CC=C(C=C2)S(=O)(=O)NC(=O)NC3CCCCC3,N-terminal prohormone brain natriuretic peptide increased,0
saxagliptin,11243969,C1C2CC2N(C1C#N)C(=O)C(C34CC5CC(C3)CC(C5)(C4)O)N,Infected cyst,0
metformin,4091,CN(C)C(=N)N=C(N)N,Choking,1
glimepiride,3476,CCC1=C(CN(C1=O)C(=O)NCCC2=CC=C(C=C2)S(=O)(=O)NC(=O)NC3CCC(CC3)C)C,Dementia Alzheimer's type,1
metformin,4091,CN(C)C(=N)N=C(N)N,White blood cell count increased,1
metformin,4091,CN(C)C(=N)N=C(N)N,Cardiac hypertrophy,1
linagliptin,10096344,CC#CCN1C2=C(N=C1N3CCCC(C3)N)N(C(=O)N(C2=O)CC4=NC5=CC=CC=C5C(=N4)C)C,Renin decreased,0
glipizide,3478,CC1=CN=C(C=N1)C(=O)NCCC2=CC=C(C=C2)S(=O)(=O)NC(=O)NC3CCCCC3,Blood pressure fluctuation,1
glipizide,3478,CC1=CN=C(C=N1)C(=O)NCCC2=CC=C(C=C2)S(=O)(=O)NC(=O)NC3CCCCC3,Postictal paralysis,0
canagliflozin,24812758,CC1=C(C=C(C=C1)C2C(C(C(C(O2)CO)O)O)O)CC3=CC=C(S3)C4=CC=C(C=C4)F,Small intestine carcinoma,0
sitagliptin,4369359,C1CN2C(=NN=C2C(F)(F)F)CN1C(=O)CC(CC3=CC(=C(C=C3F)F)F)N,Loss of consciousness,1
pioglitazone,4829,CCC1=CN=C(C=C1)CCOC2=CC=C(C=C2)CC3C(=O)NC(=O)S3,Vomiting,1
nateglinide,5311309,CC(C)C1CCC(CC1)C(=O)NC(CC2=CC=CC=C2)C(=O)O,Movement disorder,0
linagliptin,10096344,CC#CCN1C2=C(N=C1N3CCCC(C3)N)N(C(=O)N(C2=O)CC4=NC5=CC=CC=C5C(=N4)C)C,Hyperglycaemic hyperosmolar nonketotic syndrome,0
metformin,4091,CN(C)C(=N)N=C(N)N,Cerebral haematoma,1
metformin,4091,CN(C)C(=N)N=C(N)N,Abdominal pain lower,1
metformin,4091,CN(C)C(=N)N=C(N)N,Hysterectomy,1
canagliflozin,24812758,CC1=C(C=C(C=C1)C2C(C(C(C(O2)CO)O)O)O)CC3=CC=C(S3)C4=CC=C(C=C4)F,Lacunar infarction,1
canagliflozin,24812758,CC1=C(C=C(C=C1)C2C(C(C(C(O2)CO)O)O)O)CC3=CC=C(S3)C4=CC=C(C=C4)F,Alcohol poisoning,0
repaglinide,65981,CCOC1=C(C=CC(=C1)CC(=O)NC(CC(C)C)C2=CC=CC=C2N3CCCCC3)C(=O)O,Nuchal rigidity,0
metformin,4091,CN(C)C(=N)N=C(N)N,Haemorrhagic necrotic pancreatitis,0
nateglinide,5311309,CC(C)C1CCC(CC1)C(=O)NC(CC2=CC=CC=C2)C(=O)O,Transplant rejection,0
saxagliptin,11243969,C1C2CC2N(C1C#N)C(=O)C(C34CC5CC(C3)CC(C5)(C4)O)N,Impaired healing,0
metformin,4091,CN(C)C(=N)N=C(N)N,Mood altered,1
metformin,4091,CN(C)C(=N)N=C(N)N,Acromegaly,1
saxagliptin,11243969,C1C2CC2N(C1C#N)C(=O)C(C34CC5CC(C3)CC(C5)(C4)O)N,Diabetic amyotrophy,0
metformin,4091,CN(C)C(=N)N=C(N)N,Right ventricular dysfunction,1
metformin,4091,CN(C)C(=N)N=C(N)N,Skin plaque,1
sitagliptin,4369359,C1CN2C(=NN=C2C(F)(F)F)CN1C(=O)CC(CC3=CC(=C(C=C3F)F)F)N,Pain,1
metformin,4091,CN(C)C(=N)N=C(N)N,Incorrect disposal of product,1
metformin,4091,CN(C)C(=N)N=C(N)N,Type 2 diabetes mellitus,1
glimepiride,3476,CCC1=C(CN(C1=O)C(=O)NCCC2=CC=C(C=C2)S(=O)(=O)NC(=O)NC3CCC(CC3)C)C,Pancreatic injury,0
metformin,4091,CN(C)C(=N)N=C(N)N,Hepatitis E,1
glimepiride,3476,CCC1=C(CN(C1=O)C(=O)NCCC2=CC=C(C=C2)S(=O)(=O)NC(=O)NC3CCC(CC3)C)C,Pancreatic fistula,0
repaglinide,65981,CCOC1=C(C=CC(=C1)CC(=O)NC(CC(C)C)C2=CC=CC=C2N3CCCCC3)C(=O)O,Multiple use of single-use product,0
metformin,4091,CN(C)C(=N)N=C(N)N,Basal cell carcinoma,1
empagliflozin,11949646,C1COCC1OC2=CC=C(C=C2)CC3=C(C=CC(=C3)C4C(C(C(C(O4)CO)O)O)O)Cl,Dizziness,1
metformin,4091,CN(C)C(=N)N=C(N)N,Cardio-respiratory arrest,1
metformin,4091,CN(C)C(=N)N=C(N)N,Fluid overload,1
empagliflozin,11949646,C1COCC1OC2=CC=C(C=C2)CC3=C(C=CC(=C3)C4C(C(C(C(O4)CO)O)O)O)Cl,Vulvovaginal erythema,0
glipizide,3478,CC1=CN=C(C=N1)C(=O)NCCC2=CC=C(C=C2)S(=O)(=O)NC(=O)NC3CCCCC3,Urinary tract infection staphylococcal,0
glimepiride,3476,CCC1=C(CN(C1=O)C(=O)NCCC2=CC=C(C=C2)S(=O)(=O)NC(=O)NC3CCC(CC3)C)C,Glycosylated haemoglobin increased,1
sitagliptin,4369359,C1CN2C(=NN=C2C(F)(F)F)CN1C(=O)CC(CC3=CC(=C(C=C3F)F)F)N,Dysarthria,1
metformin,4091,CN(C)C(=N)N=C(N)N,Blast cell crisis,1
rosiglitazone,77999,CN(CCOC1=CC=C(C=C1)CC2C(=O)NC(=O)S2)C3=CC=CC=N3,Substance use,0
metformin,4091,CN(C)C(=N)N=C(N)N,Thyroid function test abnormal,1
canagliflozin,24812758,CC1=C(C=C(C=C1)C2C(C(C(C(O2)CO)O)O)O)CC3=CC=C(S3)C4=CC=C(C=C4)F,Neurogenic bladder,1
pioglitazone,4829,CCC1=CN=C(C=C1)CCOC2=CC=C(C=C2)CC3C(=O)NC(=O)S3,Glycogen storage disorder,0
nateglinide,5311309,CC(C)C1CCC(CC1)C(=O)NC(CC2=CC=CC=C2)C(=O)O,Sacroiliitis,0
metformin,4091,CN(C)C(=N)N=C(N)N,Lung transplant,0
metformin,4091,CN(C)C(=N)N=C(N)N,Skin abrasion,1
canagliflozin,24812758,CC1=C(C=C(C=C1)C2C(C(C(C(O2)CO)O)O)O)CC3=CC=C(S3)C4=CC=C(C=C4)F,Perineal infection,1
saxagliptin,11243969,C1C2CC2N(C1C#N)C(=O)C(C34CC5CC(C3)CC(C5)(C4)O)N,Blood glucose increased,1
dapagliflozin,9887712,CCOC1=CC=C(C=C1)CC2=C(C=CC(=C2)C3C(C(C(C(O3)CO)O)O)O)Cl,Hyperphosphatasaemia,0
empagliflozin,11949646,C1COCC1OC2=CC=C(C=C2)CC3=C(C=CC(=C3)C4C(C(C(C(O4)CO)O)O)O)Cl,Feeding intolerance,0
dapagliflozin,9887712,CCOC1=CC=C(C=C1)CC2=C(C=CC(=C2)C3C(C(C(C(O3)CO)O)O)O)Cl,Haematoma,1
metformin,4091,CN(C)C(=N)N=C(N)N,Angiopathy,1
metformin,4091,CN(C)C(=N)N=C(N)N,Amniotic cavity infection,1
pioglitazone,4829,CCC1=CN=C(C=C1)CCOC2=CC=C(C=C2)CC3C(=O)NC(=O)S3,Pulseless electrical activity,0
metformin,4091,CN(C)C(=N)N=C(N)N,Hypoglycaemia neonatal,1
metformin,4091,CN(C)C(=N)N=C(N)N,Skin operation,1
repaglinide,65981,CCOC1=C(C=CC(=C1)CC(=O)NC(CC(C)C)C2=CC=CC=C2N3CCCCC3)C(=O)O,Vitreous detachment,0
saxagliptin,11243969,C1C2CC2N(C1C#N)C(=O)C(C34CC5CC(C3)CC(C5)(C4)O)N,Motor dysfunction,0
acarbose,9811704,CC1C(C(C(C(O1)OC2C(OC(C(C2O)O)OC(C(CO)O)C(C(C=O)O)O)CO)O)O)NC3C=C(C(C(C3O)O)O)CO,Dysgraphia,0
canagliflozin,24812758,CC1=C(C=C(C=C1)C2C(C(C(C(O2)CO)O)O)O)CC3=CC=C(S3)C4=CC=C(C=C4)F,Fungal infection,1
acarbose,9811704,CC1C(C(C(C(O1)OC2C(OC(C(C2O)O)OC(C(CO)O)C(C(C=O)O)O)CO)O)O)NC3C=C(C(C(C3O)O)O)CO,Mental disorder,0
empagliflozin,11949646,C1COCC1OC2=CC=C(C=C2)CC3=C(C=CC(=C3)C4C(C(C(C(O4)CO)O)O)O)Cl,Staphylococcal bacteraemia,1
acarbose,9811704,CC1C(C(C(C(O1)OC2C(OC(C(C2O)O)OC(C(CO)O)C(C(C=O)O)O)CO)O)O)NC3C=C(C(C(C3O)O)O)CO,Overweight,0
acarbose,9811704,CC1C(C(C(C(O1)OC2C(OC(C(C2O)O)OC(C(CO)O)C(C(C=O)O)O)CO)O)O)NC3C=C(C(C(C3O)O)O)CO,Lip disorder,0
glipizide,3478,CC1=CN=C(C=N1)C(=O)NCCC2=CC=C(C=C2)S(=O)(=O)NC(=O)NC3CCCCC3,Pelvic discomfort,0
linagliptin,10096344,CC#CCN1C2=C(N=C1N3CCCC(C3)N)N(C(=O)N(C2=O)CC4=NC5=CC=CC=C5C(=N4)C)C,Alcoholic pancreatitis,0
metformin,4091,CN(C)C(=N)N=C(N)N,Genital infection female,1
metformin,4091,CN(C)C(=N)N=C(N)N,Sneezing,1
metformin,4091,CN(C)C(=N)N=C(N)N,Disturbance in attention,1
glimepiride,3476,CCC1=C(CN(C1=O)C(=O)NCCC2=CC=C(C=C2)S(=O)(=O)NC(=O)NC3CCC(CC3)C)C,Cholelithiasis obstructive,0
metformin,4091,CN(C)C(=N)N=C(N)N,Allergic pharyngitis,1
sitagliptin,4369359,C1CN2C(=NN=C2C(F)(F)F)CN1C(=O)CC(CC3=CC(=C(C=C3F)F)F)N,Hepatitis viral,0
glipizide,3478,CC1=CN=C(C=N1)C(=O)NCCC2=CC=C(C=C2)S(=O)(=O)NC(=O)NC3CCCCC3,Polyarthritis,0
metformin,4091,CN(C)C(=N)N=C(N)N,Skin hypertrophy,0
linagliptin,10096344,CC#CCN1C2=C(N=C1N3CCCC(C3)N)N(C(=O)N(C2=O)CC4=NC5=CC=CC=C5C(=N4)C)C,Livedo reticularis,0
sitagliptin,4369359,C1CN2C(=NN=C2C(F)(F)F)CN1C(=O)CC(CC3=CC(=C(C=C3F)F)F)N,Liver function test abnormal,0
canagliflozin,24812758,CC1=C(C=C(C=C1)C2C(C(C(C(O2)CO)O)O)O)CC3=CC=C(S3)C4=CC=C(C=C4)F,Brain operation,0
repaglinide,65981,CCOC1=C(C=CC(=C1)CC(=O)NC(CC(C)C)C2=CC=CC=C2N3CCCCC3)C(=O)O,Inadequate diet,0
sitagliptin,4369359,C1CN2C(=NN=C2C(F)(F)F)CN1C(=O)CC(CC3=CC(=C(C=C3F)F)F)N,Renal artery thrombosis,0
metformin,4091,CN(C)C(=N)N=C(N)N,Capillary leak syndrome,1
metformin,4091,CN(C)C(=N)N=C(N)N,Abortion induced,1
glyburide,3488,COC1=C(C=C(C=C1)Cl)C(=O)NCCC2=CC=C(C=C2)S(=O)(=O)NC(=O)NC3CCCCC3,Renal cancer metastatic,0
sitagliptin,4369359,C1CN2C(=NN=C2C(F)(F)F)CN1C(=O)CC(CC3=CC(=C(C=C3F)F)F)N,Pulse absent,0
metformin,4091,CN(C)C(=N)N=C(N)N,Hair colour changes,1
canagliflozin,24812758,CC1=C(C=C(C=C1)C2C(C(C(C(O2)CO)O)O)O)CC3=CC=C(S3)C4=CC=C(C=C4)F,Product dose omission,1
metformin,4091,CN(C)C(=N)N=C(N)N,Gastrointestinal tract irritation,0
rosiglitazone,77999,CN(CCOC1=CC=C(C=C1)CC2C(=O)NC(=O)S2)C3=CC=CC=N3,Lumbosacral radiculoplexus neuropathy,0
glimepiride,3476,CCC1=C(CN(C1=O)C(=O)NCCC2=CC=C(C=C2)S(=O)(=O)NC(=O)NC3CCC(CC3)C)C,Apparent death,0
canagliflozin,24812758,CC1=C(C=C(C=C1)C2C(C(C(C(O2)CO)O)O)O)CC3=CC=C(S3)C4=CC=C(C=C4)F,Osmolar gap abnormal,0
sitagliptin,4369359,C1CN2C(=NN=C2C(F)(F)F)CN1C(=O)CC(CC3=CC(=C(C=C3F)F)F)N,Splenomegaly,1
metformin,4091,CN(C)C(=N)N=C(N)N,"Hallucination, auditory",1
metformin,4091,CN(C)C(=N)N=C(N)N,Pyoderma gangrenosum,1
pioglitazone,4829,CCC1=CN=C(C=C1)CCOC2=CC=C(C=C2)CC3C(=O)NC(=O)S3,Myopathy,1
dapagliflozin,9887712,CCOC1=CC=C(C=C1)CC2=C(C=CC(=C2)C3C(C(C(C(O3)CO)O)O)O)Cl,Injection site hypersensitivity,0
pioglitazone,4829,CCC1=CN=C(C=C1)CCOC2=CC=C(C=C2)CC3C(=O)NC(=O)S3,Agitation,1
acarbose,9811704,CC1C(C(C(C(O1)OC2C(OC(C(C2O)O)OC(C(CO)O)C(C(C=O)O)O)CO)O)O)NC3C=C(C(C(C3O)O)O)CO,Corneal dystrophy,0
metformin,4091,CN(C)C(=N)N=C(N)N,Skin induration,1
metformin,4091,CN(C)C(=N)N=C(N)N,Hypoglycaemic coma,1
metformin,4091,CN(C)C(=N)N=C(N)N,Back disorder,1
metformin,4091,CN(C)C(=N)N=C(N)N,Pericardial effusion,1
canagliflozin,24812758,CC1=C(C=C(C=C1)C2C(C(C(C(O2)CO)O)O)O)CC3=CC=C(S3)C4=CC=C(C=C4)F,Vomiting,1
metformin,4091,CN(C)C(=N)N=C(N)N,Obstruction gastric,1
metformin,4091,CN(C)C(=N)N=C(N)N,Postrenal failure,1
glyburide,3488,COC1=C(C=C(C=C1)Cl)C(=O)NCCC2=CC=C(C=C2)S(=O)(=O)NC(=O)NC3CCCCC3,Genital herpes,0
nateglinide,5311309,CC(C)C1CCC(CC1)C(=O)NC(CC2=CC=CC=C2)C(=O)O,Diverticulum intestinal,0
rosiglitazone,77999,CN(CCOC1=CC=C(C=C1)CC2C(=O)NC(=O)S2)C3=CC=CC=N3,Gastrointestinal neoplasm,0
glimepiride,3476,CCC1=C(CN(C1=O)C(=O)NCCC2=CC=C(C=C2)S(=O)(=O)NC(=O)NC3CCC(CC3)C)C,Seizure,1
metformin,4091,CN(C)C(=N)N=C(N)N,Diabetic foetopathy,1
repaglinide,65981,CCOC1=C(C=CC(=C1)CC(=O)NC(CC(C)C)C2=CC=CC=C2N3CCCCC3)C(=O)O,Diabetes mellitus,1
empagliflozin,11949646,C1COCC1OC2=CC=C(C=C2)CC3=C(C=CC(=C3)C4C(C(C(C(O4)CO)O)O)O)Cl,Orchitis,1
pioglitazone,4829,CCC1=CN=C(C=C1)CCOC2=CC=C(C=C2)CC3C(=O)NC(=O)S3,Neuropathy peripheral,1
metformin,4091,CN(C)C(=N)N=C(N)N,Inflammatory bowel disease,1
dapagliflozin,9887712,CCOC1=CC=C(C=C1)CC2=C(C=CC(=C2)C3C(C(C(C(O3)CO)O)O)O)Cl,Aortic valve incompetence,1
glipizide,3478,CC1=CN=C(C=N1)C(=O)NCCC2=CC=C(C=C2)S(=O)(=O)NC(=O)NC3CCCCC3,Oedema genital,0
metformin,4091,CN(C)C(=N)N=C(N)N,Renal cancer,1
glimepiride,3476,CCC1=C(CN(C1=O)C(=O)NCCC2=CC=C(C=C2)S(=O)(=O)NC(=O)NC3CCC(CC3)C)C,Pregnancy,0
empagliflozin,11949646,C1COCC1OC2=CC=C(C=C2)CC3=C(C=CC(=C3)C4C(C(C(C(O4)CO)O)O)O)Cl,Bronchial neoplasm,0
saxagliptin,11243969,C1C2CC2N(C1C#N)C(=O)C(C34CC5CC(C3)CC(C5)(C4)O)N,Electrocardiogram abnormal,0
sitagliptin,4369359,C1CN2C(=NN=C2C(F)(F)F)CN1C(=O)CC(CC3=CC(=C(C=C3F)F)F)N,Renal replacement therapy,0
saxagliptin,11243969,C1C2CC2N(C1C#N)C(=O)C(C34CC5CC(C3)CC(C5)(C4)O)N,Myelitis transverse,0
glimepiride,3476,CCC1=C(CN(C1=O)C(=O)NCCC2=CC=C(C=C2)S(=O)(=O)NC(=O)NC3CCC(CC3)C)C,Product impurity,0
acarbose,9811704,CC1C(C(C(C(O1)OC2C(OC(C(C2O)O)OC(C(CO)O)C(C(C=O)O)O)CO)O)O)NC3C=C(C(C(C3O)O)O)CO,Ovarian cyst ruptured,0
metformin,4091,CN(C)C(=N)N=C(N)N,Cerebrospinal fluid leakage,1
dapagliflozin,9887712,CCOC1=CC=C(C=C1)CC2=C(C=CC(=C2)C3C(C(C(C(O3)CO)O)O)O)Cl,Asthenia,1
metformin,4091,CN(C)C(=N)N=C(N)N,Angina unstable,1
rosiglitazone,77999,CN(CCOC1=CC=C(C=C1)CC2C(=O)NC(=O)S2)C3=CC=CC=N3,Rash pruritic,0
dapagliflozin,9887712,CCOC1=CC=C(C=C1)CC2=C(C=CC(=C2)C3C(C(C(C(O3)CO)O)O)O)Cl,Respiratory alkalosis,1
canagliflozin,24812758,CC1=C(C=C(C=C1)C2C(C(C(C(O2)CO)O)O)O)CC3=CC=C(S3)C4=CC=C(C=C4)F,Pyrexia,1
acarbose,9811704,CC1C(C(C(C(O1)OC2C(OC(C(C2O)O)OC(C(CO)O)C(C(C=O)O)O)CO)O)O)NC3C=C(C(C(C3O)O)O)CO,Drug intolerance,1
empagliflozin,11949646,C1COCC1OC2=CC=C(C=C2)CC3=C(C=CC(=C3)C4C(C(C(C(O4)CO)O)O)O)Cl,Incorrect dose administered,1
glipizide,3478,CC1=CN=C(C=N1)C(=O)NCCC2=CC=C(C=C2)S(=O)(=O)NC(=O)NC3CCCCC3,Pulmonary embolism,1
saxagliptin,11243969,C1C2CC2N(C1C#N)C(=O)C(C34CC5CC(C3)CC(C5)(C4)O)N,Metabolic myopathy,0
saxagliptin,11243969,C1C2CC2N(C1C#N)C(=O)C(C34CC5CC(C3)CC(C5)(C4)O)N,Blood magnesium abnormal,0
glipizide,3478,CC1=CN=C(C=N1)C(=O)NCCC2=CC=C(C=C2)S(=O)(=O)NC(=O)NC3CCCCC3,Periodontitis,0
glimepiride,3476,CCC1=C(CN(C1=O)C(=O)NCCC2=CC=C(C=C2)S(=O)(=O)NC(=O)NC3CCC(CC3)C)C,Amyloidosis,0
canagliflozin,24812758,CC1=C(C=C(C=C1)C2C(C(C(C(O2)CO)O)O)O)CC3=CC=C(S3)C4=CC=C(C=C4)F,Product communication issue,0
metformin,4091,CN(C)C(=N)N=C(N)N,Hyperglycaemic hyperosmolar nonketotic syndrome,1
saxagliptin,11243969,C1C2CC2N(C1C#N)C(=O)C(C34CC5CC(C3)CC(C5)(C4)O)N,Peripheral arterial occlusive disease,0
dapagliflozin,9887712,CCOC1=CC=C(C=C1)CC2=C(C=CC(=C2)C3C(C(C(C(O3)CO)O)O)O)Cl,Ecchymosis,0
linagliptin,10096344,CC#CCN1C2=C(N=C1N3CCCC(C3)N)N(C(=O)N(C2=O)CC4=NC5=CC=CC=C5C(=N4)C)C,Heart sounds,0
glipizide,3478,CC1=CN=C(C=N1)C(=O)NCCC2=CC=C(C=C2)S(=O)(=O)NC(=O)NC3CCCCC3,Insulin-like growth factor decreased,0
metformin,4091,CN(C)C(=N)N=C(N)N,Tunnel vision,1
dapagliflozin,9887712,CCOC1=CC=C(C=C1)CC2=C(C=CC(=C2)C3C(C(C(C(O3)CO)O)O)O)Cl,Peripheral vascular disorder,1
dapagliflozin,9887712,CCOC1=CC=C(C=C1)CC2=C(C=CC(=C2)C3C(C(C(C(O3)CO)O)O)O)Cl,Hypersensitivity,1
pioglitazone,4829,CCC1=CN=C(C=C1)CCOC2=CC=C(C=C2)CC3C(=O)NC(=O)S3,Cardiac disorder,1
canagliflozin,24812758,CC1=C(C=C(C=C1)C2C(C(C(C(O2)CO)O)O)O)CC3=CC=C(S3)C4=CC=C(C=C4)F,Urinary tract infection,1
metformin,4091,CN(C)C(=N)N=C(N)N,Arthritis infective,1
metformin,4091,CN(C)C(=N)N=C(N)N,Palpitations,1
sitagliptin,4369359,C1CN2C(=NN=C2C(F)(F)F)CN1C(=O)CC(CC3=CC(=C(C=C3F)F)F)N,Resting tremor,0
dapagliflozin,9887712,CCOC1=CC=C(C=C1)CC2=C(C=CC(=C2)C3C(C(C(C(O3)CO)O)O)O)Cl,Acute coronary syndrome,1
metformin,4091,CN(C)C(=N)N=C(N)N,Foetal heart rate deceleration abnormality,1
pioglitazone,4829,CCC1=CN=C(C=C1)CCOC2=CC=C(C=C2)CC3C(=O)NC(=O)S3,Foetal heart rate deceleration abnormality,0
metformin,4091,CN(C)C(=N)N=C(N)N,Caesarean section,1
glimepiride,3476,CCC1=C(CN(C1=O)C(=O)NCCC2=CC=C(C=C2)S(=O)(=O)NC(=O)NC3CCC(CC3)C)C,Stress cardiomyopathy,1
glimepiride,3476,CCC1=C(CN(C1=O)C(=O)NCCC2=CC=C(C=C2)S(=O)(=O)NC(=O)NC3CCC(CC3)C)C,Eye infection fungal,0
empagliflozin,11949646,C1COCC1OC2=CC=C(C=C2)CC3=C(C=CC(=C3)C4C(C(C(C(O4)CO)O)O)O)Cl,Urethral pain,0
linagliptin,10096344,CC#CCN1C2=C(N=C1N3CCCC(C3)N)N(C(=O)N(C2=O)CC4=NC5=CC=CC=C5C(=N4)C)C,Urine magnesium,0
linagliptin,10096344,CC#CCN1C2=C(N=C1N3CCCC(C3)N)N(C(=O)N(C2=O)CC4=NC5=CC=CC=C5C(=N4)C)C,Portal hypertension,0
empagliflozin,11949646,C1COCC1OC2=CC=C(C=C2)CC3=C(C=CC(=C3)C4C(C(C(C(O4)CO)O)O)O)Cl,Extraocular muscle paresis,0
empagliflozin,11949646,C1COCC1OC2=CC=C(C=C2)CC3=C(C=CC(=C3)C4C(C(C(C(O4)CO)O)O)O)Cl,Cardiac failure,1
dapagliflozin,9887712,CCOC1=CC=C(C=C1)CC2=C(C=CC(=C2)C3C(C(C(C(O3)CO)O)O)O)Cl,Therapeutic drug monitoring analysis not performed,0
pioglitazone,4829,CCC1=CN=C(C=C1)CCOC2=CC=C(C=C2)CC3C(=O)NC(=O)S3,Cerebrovascular accident,1
canagliflozin,24812758,CC1=C(C=C(C=C1)C2C(C(C(C(O2)CO)O)O)O)CC3=CC=C(S3)C4=CC=C(C=C4)F,Unevaluable event,1
metformin,4091,CN(C)C(=N)N=C(N)N,Anaemia,1
pioglitazone,4829,CCC1=CN=C(C=C1)CCOC2=CC=C(C=C2)CC3C(=O)NC(=O)S3,Vascular insufficiency,0
glimepiride,3476,CCC1=C(CN(C1=O)C(=O)NCCC2=CC=C(C=C2)S(=O)(=O)NC(=O)NC3CCC(CC3)C)C,Decubitus ulcer,0
glimepiride,3476,CCC1=C(CN(C1=O)C(=O)NCCC2=CC=C(C=C2)S(=O)(=O)NC(=O)NC3CCC(CC3)C)C,Blood insulin increased,1
linagliptin,10096344,CC#CCN1C2=C(N=C1N3CCCC(C3)N)N(C(=O)N(C2=O)CC4=NC5=CC=CC=C5C(=N4)C)C,Hemivertebra,0
metformin,4091,CN(C)C(=N)N=C(N)N,Left ventricular end-diastolic pressure increased,1
canagliflozin,24812758,CC1=C(C=C(C=C1)C2C(C(C(C(O2)CO)O)O)O)CC3=CC=C(S3)C4=CC=C(C=C4)F,Glomerulonephritis chronic,0
canagliflozin,24812758,CC1=C(C=C(C=C1)C2C(C(C(C(O2)CO)O)O)O)CC3=CC=C(S3)C4=CC=C(C=C4)F,Adverse event,1
repaglinide,65981,CCOC1=C(C=CC(=C1)CC(=O)NC(CC(C)C)C2=CC=CC=C2N3CCCCC3)C(=O)O,Syncope,1
metformin,4091,CN(C)C(=N)N=C(N)N,Altered state of consciousness,1
metformin,4091,CN(C)C(=N)N=C(N)N,Body temperature increased,1
metformin,4091,CN(C)C(=N)N=C(N)N,Palmar-plantar erythrodysaesthesia syndrome,1
sitagliptin,4369359,C1CN2C(=NN=C2C(F)(F)F)CN1C(=O)CC(CC3=CC(=C(C=C3F)F)F)N,Urinary tract candidiasis,0
rosiglitazone,77999,CN(CCOC1=CC=C(C=C1)CC2C(=O)NC(=O)S2)C3=CC=CC=N3,Renal replacement therapy,0
metformin,4091,CN(C)C(=N)N=C(N)N,Peripheral arterial occlusive disease,1
metformin,4091,CN(C)C(=N)N=C(N)N,Hypertension,1
metformin,4091,CN(C)C(=N)N=C(N)N,Pelvic deformity,1
glipizide,3478,CC1=CN=C(C=N1)C(=O)NCCC2=CC=C(C=C2)S(=O)(=O)NC(=O)NC3CCCCC3,Transaminases increased,0
glimepiride,3476,CCC1=C(CN(C1=O)C(=O)NCCC2=CC=C(C=C2)S(=O)(=O)NC(=O)NC3CCC(CC3)C)C,Urinary retention,1
metformin,4091,CN(C)C(=N)N=C(N)N,Product size issue,1
metformin,4091,CN(C)C(=N)N=C(N)N,Oesophagitis,1
empagliflozin,11949646,C1COCC1OC2=CC=C(C=C2)CC3=C(C=CC(=C3)C4C(C(C(C(O4)CO)O)O)O)Cl,Neutrophil count decreased,0
linagliptin,10096344,CC#CCN1C2=C(N=C1N3CCCC(C3)N)N(C(=O)N(C2=O)CC4=NC5=CC=CC=C5C(=N4)C)C,Gastric cancer,0
metformin,4091,CN(C)C(=N)N=C(N)N,Stroke volume,1
metformin,4091,CN(C)C(=N)N=C(N)N,Mouth injury,1
empagliflozin,11949646,C1COCC1OC2=CC=C(C=C2)CC3=C(C=CC(=C3)C4C(C(C(C(O4)CO)O)O)O)Cl,Torsade de pointes,0
rosiglitazone,77999,CN(CCOC1=CC=C(C=C1)CC2C(=O)NC(=O)S2)C3=CC=CC=N3,Hypercreatininaemia,0
repaglinide,65981,CCOC1=C(C=CC(=C1)CC(=O)NC(CC(C)C)C2=CC=CC=C2N3CCCCC3)C(=O)O,Attention deficit hyperactivity disorder,0
metformin,4091,CN(C)C(=N)N=C(N)N,Tourette's disorder,1
acarbose,9811704,CC1C(C(C(C(O1)OC2C(OC(C(C2O)O)OC(C(CO)O)C(C(C=O)O)O)CO)O)O)NC3C=C(C(C(C3O)O)O)CO,Increased appetite,0
metformin,4091,CN(C)C(=N)N=C(N)N,Aptyalism,1
metformin,4091,CN(C)C(=N)N=C(N)N,Antineutrophil cytoplasmic antibody positive,1
dapagliflozin,9887712,CCOC1=CC=C(C=C1)CC2=C(C=CC(=C2)C3C(C(C(C(O3)CO)O)O)O)Cl,Thrombotic cerebral infarction,0
pioglitazone,4829,CCC1=CN=C(C=C1)CCOC2=CC=C(C=C2)CC3C(=O)NC(=O)S3,Nervousness,1
saxagliptin,11243969,C1C2CC2N(C1C#N)C(=O)C(C34CC5CC(C3)CC(C5)(C4)O)N,Myelosuppression,0
metformin,4091,CN(C)C(=N)N=C(N)N,Eye movement disorder,1
metformin,4091,CN(C)C(=N)N=C(N)N,Skin hyperpigmentation,1
canagliflozin,24812758,CC1=C(C=C(C=C1)C2C(C(C(C(O2)CO)O)O)O)CC3=CC=C(S3)C4=CC=C(C=C4)F,Enterococcal infection,0
metformin,4091,CN(C)C(=N)N=C(N)N,Vaginal haemorrhage,1
empagliflozin,11949646,C1COCC1OC2=CC=C(C=C2)CC3=C(C=CC(=C3)C4C(C(C(C(O4)CO)O)O)O)Cl,Insulin resistance,0
dapagliflozin,9887712,CCOC1=CC=C(C=C1)CC2=C(C=CC(=C2)C3C(C(C(C(O3)CO)O)O)O)Cl,Ketonuria,1
pioglitazone,4829,CCC1=CN=C(C=C1)CCOC2=CC=C(C=C2)CC3C(=O)NC(=O)S3,Hyperkeratosis,1
pioglitazone,4829,CCC1=CN=C(C=C1)CCOC2=CC=C(C=C2)CC3C(=O)NC(=O)S3,Sedation,0
metformin,4091,CN(C)C(=N)N=C(N)N,Drug abuse,1
empagliflozin,11949646,C1COCC1OC2=CC=C(C=C2)CC3=C(C=CC(=C3)C4C(C(C(C(O4)CO)O)O)O)Cl,Cavernous sinus thrombosis,0
metformin,4091,CN(C)C(=N)N=C(N)N,Thrombotic thrombocytopenic purpura,1
linagliptin,10096344,CC#CCN1C2=C(N=C1N3CCCC(C3)N)N(C(=O)N(C2=O)CC4=NC5=CC=CC=C5C(=N4)C)C,Product substitution issue,0
glimepiride,3476,CCC1=C(CN(C1=O)C(=O)NCCC2=CC=C(C=C2)S(=O)(=O)NC(=O)NC3CCC(CC3)C)C,Therapeutic response changed,0
repaglinide,65981,CCOC1=C(C=CC(=C1)CC(=O)NC(CC(C)C)C2=CC=CC=C2N3CCCCC3)C(=O)O,Abdominal discomfort,1
pioglitazone,4829,CCC1=CN=C(C=C1)CCOC2=CC=C(C=C2)CC3C(=O)NC(=O)S3,Toxic skin eruption,0
canagliflozin,24812758,CC1=C(C=C(C=C1)C2C(C(C(C(O2)CO)O)O)O)CC3=CC=C(S3)C4=CC=C(C=C4)F,Femur fracture,1
metformin,4091,CN(C)C(=N)N=C(N)N,Urinary tract infection bacterial,1
acarbose,9811704,CC1C(C(C(C(O1)OC2C(OC(C(C2O)O)OC(C(CO)O)C(C(C=O)O)O)CO)O)O)NC3C=C(C(C(C3O)O)O)CO,Syncope,0
glimepiride,3476,CCC1=C(CN(C1=O)C(=O)NCCC2=CC=C(C=C2)S(=O)(=O)NC(=O)NC3CCC(CC3)C)C,Gastric disorder,0
linagliptin,10096344,CC#CCN1C2=C(N=C1N3CCCC(C3)N)N(C(=O)N(C2=O)CC4=NC5=CC=CC=C5C(=N4)C)C,Documented hypersensitivity to administered product,0
glyburide,3488,COC1=C(C=C(C=C1)Cl)C(=O)NCCC2=CC=C(C=C2)S(=O)(=O)NC(=O)NC3CCCCC3,Cerebrovascular accident,0
glyburide,3488,COC1=C(C=C(C=C1)Cl)C(=O)NCCC2=CC=C(C=C2)S(=O)(=O)NC(=O)NC3CCCCC3,Mydriasis,0
saxagliptin,11243969,C1C2CC2N(C1C#N)C(=O)C(C34CC5CC(C3)CC(C5)(C4)O)N,Blood pressure diastolic abnormal,1
metformin,4091,CN(C)C(=N)N=C(N)N,Anal cancer,1
metformin,4091,CN(C)C(=N)N=C(N)N,Congenital central nervous system anomaly,1
glipizide,3478,CC1=CN=C(C=N1)C(=O)NCCC2=CC=C(C=C2)S(=O)(=O)NC(=O)NC3CCCCC3,Blood immunoglobulin A decreased,0
pioglitazone,4829,CCC1=CN=C(C=C1)CCOC2=CC=C(C=C2)CC3C(=O)NC(=O)S3,Peripheral sensory neuropathy,0
pioglitazone,4829,CCC1=CN=C(C=C1)CCOC2=CC=C(C=C2)CC3C(=O)NC(=O)S3,Aspergillus infection,0
acarbose,9811704,CC1C(C(C(C(O1)OC2C(OC(C(C2O)O)OC(C(CO)O)C(C(C=O)O)O)CO)O)O)NC3C=C(C(C(C3O)O)O)CO,"Hallucinations, mixed",0
sitagliptin,4369359,C1CN2C(=NN=C2C(F)(F)F)CN1C(=O)CC(CC3=CC(=C(C=C3F)F)F)N,Glomerular filtration rate decreased,0
metformin,4091,CN(C)C(=N)N=C(N)N,Slow response to stimuli,1
linagliptin,10096344,CC#CCN1C2=C(N=C1N3CCCC(C3)N)N(C(=O)N(C2=O)CC4=NC5=CC=CC=C5C(=N4)C)C,Injection site mass,0
rosiglitazone,77999,CN(CCOC1=CC=C(C=C1)CC2C(=O)NC(=O)S2)C3=CC=CC=N3,Product blister packaging issue,0
canagliflozin,24812758,CC1=C(C=C(C=C1)C2C(C(C(C(O2)CO)O)O)O)CC3=CC=C(S3)C4=CC=C(C=C4)F,"Hallucination, visual",0
metformin,4091,CN(C)C(=N)N=C(N)N,Haemorrhage urinary tract,1
glyburide,3488,COC1=C(C=C(C=C1)Cl)C(=O)NCCC2=CC=C(C=C2)S(=O)(=O)NC(=O)NC3CCCCC3,Soft tissue infection,0
dapagliflozin,9887712,CCOC1=CC=C(C=C1)CC2=C(C=CC(=C2)C3C(C(C(C(O3)CO)O)O)O)Cl,Cervix carcinoma,0
saxagliptin,11243969,C1C2CC2N(C1C#N)C(=O)C(C34CC5CC(C3)CC(C5)(C4)O)N,Areflexia,0
pioglitazone,4829,CCC1=CN=C(C=C1)CCOC2=CC=C(C=C2)CC3C(=O)NC(=O)S3,Incorrect dose administered,1
saxagliptin,11243969,C1C2CC2N(C1C#N)C(=O)C(C34CC5CC(C3)CC(C5)(C4)O)N,Angina unstable,0
linagliptin,10096344,CC#CCN1C2=C(N=C1N3CCCC(C3)N)N(C(=O)N(C2=O)CC4=NC5=CC=CC=C5C(=N4)C)C,Musculoskeletal discomfort,0
metformin,4091,CN(C)C(=N)N=C(N)N,Body height decreased,1
repaglinide,65981,CCOC1=C(C=CC(=C1)CC(=O)NC(CC(C)C)C2=CC=CC=C2N3CCCCC3)C(=O)O,Asthenia,1
glyburide,3488,COC1=C(C=C(C=C1)Cl)C(=O)NCCC2=CC=C(C=C2)S(=O)(=O)NC(=O)NC3CCCCC3,Blood urea,0
pioglitazone,4829,CCC1=CN=C(C=C1)CCOC2=CC=C(C=C2)CC3C(=O)NC(=O)S3,Loss of consciousness,1
acarbose,9811704,CC1C(C(C(C(O1)OC2C(OC(C(C2O)O)OC(C(CO)O)C(C(C=O)O)O)CO)O)O)NC3C=C(C(C(C3O)O)O)CO,Anal atresia,0
empagliflozin,11949646,C1COCC1OC2=CC=C(C=C2)CC3=C(C=CC(=C3)C4C(C(C(C(O4)CO)O)O)O)Cl,Renal cancer metastatic,0
metformin,4091,CN(C)C(=N)N=C(N)N,Grip strength decreased,1
canagliflozin,24812758,CC1=C(C=C(C=C1)C2C(C(C(C(O2)CO)O)O)O)CC3=CC=C(S3)C4=CC=C(C=C4)F,Abdominal distension,1
metformin,4091,CN(C)C(=N)N=C(N)N,Hepatorenal failure,1
dapagliflozin,9887712,CCOC1=CC=C(C=C1)CC2=C(C=CC(=C2)C3C(C(C(C(O3)CO)O)O)O)Cl,Slow response to stimuli,0
linagliptin,10096344,CC#CCN1C2=C(N=C1N3CCCC(C3)N)N(C(=O)N(C2=O)CC4=NC5=CC=CC=C5C(=N4)C)C,Clostridial sepsis,0
saxagliptin,11243969,C1C2CC2N(C1C#N)C(=O)C(C34CC5CC(C3)CC(C5)(C4)O)N,Metabolic function test abnormal,0
repaglinide,65981,CCOC1=C(C=CC(=C1)CC(=O)NC(CC(C)C)C2=CC=CC=C2N3CCCCC3)C(=O)O,Bilirubinuria,0
metformin,4091,CN(C)C(=N)N=C(N)N,Renal haematoma,1
linagliptin,10096344,CC#CCN1C2=C(N=C1N3CCCC(C3)N)N(C(=O)N(C2=O)CC4=NC5=CC=CC=C5C(=N4)C)C,Anal abscess,0
canagliflozin,24812758,CC1=C(C=C(C=C1)C2C(C(C(C(O2)CO)O)O)O)CC3=CC=C(S3)C4=CC=C(C=C4)F,Cataract,1
metformin,4091,CN(C)C(=N)N=C(N)N,Cardiac discomfort,1
canagliflozin,24812758,CC1=C(C=C(C=C1)C2C(C(C(C(O2)CO)O)O)O)CC3=CC=C(S3)C4=CC=C(C=C4)F,Ejection fraction abnormal,0
linagliptin,10096344,CC#CCN1C2=C(N=C1N3CCCC(C3)N)N(C(=O)N(C2=O)CC4=NC5=CC=CC=C5C(=N4)C)C,Alanine aminotransferase increased,0
sitagliptin,4369359,C1CN2C(=NN=C2C(F)(F)F)CN1C(=O)CC(CC3=CC(=C(C=C3F)F)F)N,Invasive breast carcinoma,0
dapagliflozin,9887712,CCOC1=CC=C(C=C1)CC2=C(C=CC(=C2)C3C(C(C(C(O3)CO)O)O)O)Cl,Splenectomy,0
empagliflozin,11949646,C1COCC1OC2=CC=C(C=C2)CC3=C(C=CC(=C3)C4C(C(C(C(O4)CO)O)O)O)Cl,Diabetic coma,0
pioglitazone,4829,CCC1=CN=C(C=C1)CCOC2=CC=C(C=C2)CC3C(=O)NC(=O)S3,Cholelithiasis,1
pioglitazone,4829,CCC1=CN=C(C=C1)CCOC2=CC=C(C=C2)CC3C(=O)NC(=O)S3,Ankle fracture,1
glimepiride,3476,CCC1=C(CN(C1=O)C(=O)NCCC2=CC=C(C=C2)S(=O)(=O)NC(=O)NC3CCC(CC3)C)C,Oedema peripheral,1
pioglitazone,4829,CCC1=CN=C(C=C1)CCOC2=CC=C(C=C2)CC3C(=O)NC(=O)S3,Hepatic cirrhosis,0
dapagliflozin,9887712,CCOC1=CC=C(C=C1)CC2=C(C=CC(=C2)C3C(C(C(C(O3)CO)O)O)O)Cl,Calculus urethral,0
metformin,4091,CN(C)C(=N)N=C(N)N,Ileus,1
dapagliflozin,9887712,CCOC1=CC=C(C=C1)CC2=C(C=CC(=C2)C3C(C(C(C(O3)CO)O)O)O)Cl,Postprandial hypoglycaemia,1
nateglinide,5311309,CC(C)C1CCC(CC1)C(=O)NC(CC2=CC=CC=C2)C(=O)O,Myxoedema coma,0
empagliflozin,11949646,C1COCC1OC2=CC=C(C=C2)CC3=C(C=CC(=C3)C4C(C(C(C(O4)CO)O)O)O)Cl,Phlebitis,0
glimepiride,3476,CCC1=C(CN(C1=O)C(=O)NCCC2=CC=C(C=C2)S(=O)(=O)NC(=O)NC3CCC(CC3)C)C,Laboratory test abnormal,1
glyburide,3488,COC1=C(C=C(C=C1)Cl)C(=O)NCCC2=CC=C(C=C2)S(=O)(=O)NC(=O)NC3CCCCC3,Exposure during pregnancy,1
rosiglitazone,77999,CN(CCOC1=CC=C(C=C1)CC2C(=O)NC(=O)S2)C3=CC=CC=N3,Hypoplastic left heart syndrome,0
empagliflozin,11949646,C1COCC1OC2=CC=C(C=C2)CC3=C(C=CC(=C3)C4C(C(C(C(O4)CO)O)O)O)Cl,Fluid imbalance,0
glyburide,3488,COC1=C(C=C(C=C1)Cl)C(=O)NCCC2=CC=C(C=C2)S(=O)(=O)NC(=O)NC3CCCCC3,Hyperleukocytosis,0
acarbose,9811704,CC1C(C(C(C(O1)OC2C(OC(C(C2O)O)OC(C(CO)O)C(C(C=O)O)O)CO)O)O)NC3C=C(C(C(C3O)O)O)CO,Penile oedema,0
metformin,4091,CN(C)C(=N)N=C(N)N,Administration site discomfort,1
empagliflozin,11949646,C1COCC1OC2=CC=C(C=C2)CC3=C(C=CC(=C3)C4C(C(C(C(O4)CO)O)O)O)Cl,Medication error,0
glipizide,3478,CC1=CN=C(C=N1)C(=O)NCCC2=CC=C(C=C2)S(=O)(=O)NC(=O)NC3CCCCC3,Atypical haemolytic uraemic syndrome,0
canagliflozin,24812758,CC1=C(C=C(C=C1)C2C(C(C(C(O2)CO)O)O)O)CC3=CC=C(S3)C4=CC=C(C=C4)F,Wrong technique in product usage process,1
sitagliptin,4369359,C1CN2C(=NN=C2C(F)(F)F)CN1C(=O)CC(CC3=CC(=C(C=C3F)F)F)N,Mental status changes,1
glimepiride,3476,CCC1=C(CN(C1=O)C(=O)NCCC2=CC=C(C=C2)S(=O)(=O)NC(=O)NC3CCC(CC3)C)C,Paraesthesia,1
metformin,4091,CN(C)C(=N)N=C(N)N,Precancerous skin lesion,1
sitagliptin,4369359,C1CN2C(=NN=C2C(F)(F)F)CN1C(=O)CC(CC3=CC(=C(C=C3F)F)F)N,Rash macular,0
saxagliptin,11243969,C1C2CC2N(C1C#N)C(=O)C(C34CC5CC(C3)CC(C5)(C4)O)N,Adenocarcinoma pancreas,0
glipizide,3478,CC1=CN=C(C=N1)C(=O)NCCC2=CC=C(C=C2)S(=O)(=O)NC(=O)NC3CCCCC3,Hyperparathyroidism,0
metformin,4091,CN(C)C(=N)N=C(N)N,Urine calcium/creatinine ratio increased,1
metformin,4091,CN(C)C(=N)N=C(N)N,Nocturia,1
metformin,4091,CN(C)C(=N)N=C(N)N,Viral infection,1
dapagliflozin,9887712,CCOC1=CC=C(C=C1)CC2=C(C=CC(=C2)C3C(C(C(C(O3)CO)O)O)O)Cl,Abdominal pain,1
sitagliptin,4369359,C1CN2C(=NN=C2C(F)(F)F)CN1C(=O)CC(CC3=CC(=C(C=C3F)F)F)N,Unmasking of previously unidentified disease,0
nateglinide,5311309,CC(C)C1CCC(CC1)C(=O)NC(CC2=CC=CC=C2)C(=O)O,Faeces hard,0
nateglinide,5311309,CC(C)C1CCC(CC1)C(=O)NC(CC2=CC=CC=C2)C(=O)O,Electrocardiogram ST-T change,0
glyburide,3488,COC1=C(C=C(C=C1)Cl)C(=O)NCCC2=CC=C(C=C2)S(=O)(=O)NC(=O)NC3CCCCC3,Lymphadenectomy,0
pioglitazone,4829,CCC1=CN=C(C=C1)CCOC2=CC=C(C=C2)CC3C(=O)NC(=O)S3,Mood swings,1
canagliflozin,24812758,CC1=C(C=C(C=C1)C2C(C(C(C(O2)CO)O)O)O)CC3=CC=C(S3)C4=CC=C(C=C4)F,Fluid overload,1
metformin,4091,CN(C)C(=N)N=C(N)N,Myelitis transverse,0
metformin,4091,CN(C)C(=N)N=C(N)N,Tachycardia,1
dapagliflozin,9887712,CCOC1=CC=C(C=C1)CC2=C(C=CC(=C2)C3C(C(C(C(O3)CO)O)O)O)Cl,Increased viscosity of upper respiratory secretion,0
empagliflozin,11949646,C1COCC1OC2=CC=C(C=C2)CC3=C(C=CC(=C3)C4C(C(C(C(O4)CO)O)O)O)Cl,Uterine leiomyoma,1
metformin,4091,CN(C)C(=N)N=C(N)N,Prostate examination abnormal,1
dapagliflozin,9887712,CCOC1=CC=C(C=C1)CC2=C(C=CC(=C2)C3C(C(C(C(O3)CO)O)O)O)Cl,Apgar score low,0
metformin,4091,CN(C)C(=N)N=C(N)N,Parosmia,1
metformin,4091,CN(C)C(=N)N=C(N)N,Diabetic coma,1
metformin,4091,CN(C)C(=N)N=C(N)N,Breast cancer,1
dapagliflozin,9887712,CCOC1=CC=C(C=C1)CC2=C(C=CC(=C2)C3C(C(C(C(O3)CO)O)O)O)Cl,Multiple fractures,0
empagliflozin,11949646,C1COCC1OC2=CC=C(C=C2)CC3=C(C=CC(=C3)C4C(C(C(C(O4)CO)O)O)O)Cl,Asthmatic crisis,0
empagliflozin,11949646,C1COCC1OC2=CC=C(C=C2)CC3=C(C=CC(=C3)C4C(C(C(C(O4)CO)O)O)O)Cl,Lung neoplasm malignant,1
linagliptin,10096344,CC#CCN1C2=C(N=C1N3CCCC(C3)N)N(C(=O)N(C2=O)CC4=NC5=CC=CC=C5C(=N4)C)C,Agitated depression,0
glipizide,3478,CC1=CN=C(C=N1)C(=O)NCCC2=CC=C(C=C2)S(=O)(=O)NC(=O)NC3CCCCC3,Pyrexia,1
metformin,4091,CN(C)C(=N)N=C(N)N,Carotid artery stenosis,1
glyburide,3488,COC1=C(C=C(C=C1)Cl)C(=O)NCCC2=CC=C(C=C2)S(=O)(=O)NC(=O)NC3CCCCC3,Night sweats,1
linagliptin,10096344,CC#CCN1C2=C(N=C1N3CCCC(C3)N)N(C(=O)N(C2=O)CC4=NC5=CC=CC=C5C(=N4)C)C,Arterial occlusive disease,0
canagliflozin,24812758,CC1=C(C=C(C=C1)C2C(C(C(C(O2)CO)O)O)O)CC3=CC=C(S3)C4=CC=C(C=C4)F,Diabetic ulcer,0
metformin,4091,CN(C)C(=N)N=C(N)N,Musculoskeletal discomfort,1
metformin,4091,CN(C)C(=N)N=C(N)N,Circulatory collapse,1
metformin,4091,CN(C)C(=N)N=C(N)N,Product contamination chemical,1
acarbose,9811704,CC1C(C(C(C(O1)OC2C(OC(C(C2O)O)OC(C(CO)O)C(C(C=O)O)O)CO)O)O)NC3C=C(C(C(C3O)O)O)CO,Vascular operation,0
metformin,4091,CN(C)C(=N)N=C(N)N,Ischaemic hepatitis,1
nateglinide,5311309,CC(C)C1CCC(CC1)C(=O)NC(CC2=CC=CC=C2)C(=O)O,Gastrointestinal oedema,0
metformin,4091,CN(C)C(=N)N=C(N)N,Cellulitis gangrenous,1
glipizide,3478,CC1=CN=C(C=N1)C(=O)NCCC2=CC=C(C=C2)S(=O)(=O)NC(=O)NC3CCCCC3,Left ventricular dilatation,0
sitagliptin,4369359,C1CN2C(=NN=C2C(F)(F)F)CN1C(=O)CC(CC3=CC(=C(C=C3F)F)F)N,Nodular rash,1
glimepiride,3476,CCC1=C(CN(C1=O)C(=O)NCCC2=CC=C(C=C2)S(=O)(=O)NC(=O)NC3CCC(CC3)C)C,Status epilepticus,0
acarbose,9811704,CC1C(C(C(C(O1)OC2C(OC(C(C2O)O)OC(C(CO)O)C(C(C=O)O)O)CO)O)O)NC3C=C(C(C(C3O)O)O)CO,Aortic bruit,0
metformin,4091,CN(C)C(=N)N=C(N)N,Product substitution error,1
metformin,4091,CN(C)C(=N)N=C(N)N,Skin papilloma,1
linagliptin,10096344,CC#CCN1C2=C(N=C1N3CCCC(C3)N)N(C(=O)N(C2=O)CC4=NC5=CC=CC=C5C(=N4)C)C,Diabetic ketosis,0
metformin,4091,CN(C)C(=N)N=C(N)N,Placental insufficiency,1
glipizide,3478,CC1=CN=C(C=N1)C(=O)NCCC2=CC=C(C=C2)S(=O)(=O)NC(=O)NC3CCCCC3,Product prescribing error,1
glimepiride,3476,CCC1=C(CN(C1=O)C(=O)NCCC2=CC=C(C=C2)S(=O)(=O)NC(=O)NC3CCC(CC3)C)C,Confusional state,1
saxagliptin,11243969,C1C2CC2N(C1C#N)C(=O)C(C34CC5CC(C3)CC(C5)(C4)O)N,Ischaemic cardiomyopathy,0
canagliflozin,24812758,CC1=C(C=C(C=C1)C2C(C(C(C(O2)CO)O)O)O)CC3=CC=C(S3)C4=CC=C(C=C4)F,Accidental overdose,1
dapagliflozin,9887712,CCOC1=CC=C(C=C1)CC2=C(C=CC(=C2)C3C(C(C(C(O3)CO)O)O)O)Cl,Penile discomfort,1
metformin,4091,CN(C)C(=N)N=C(N)N,Pneumonia viral,1
glimepiride,3476,CCC1=C(CN(C1=O)C(=O)NCCC2=CC=C(C=C2)S(=O)(=O)NC(=O)NC3CCC(CC3)C)C,Asthenia,1
canagliflozin,24812758,CC1=C(C=C(C=C1)C2C(C(C(C(O2)CO)O)O)O)CC3=CC=C(S3)C4=CC=C(C=C4)F,Cystitis,1
metformin,4091,CN(C)C(=N)N=C(N)N,Cardiac disorder,1
glimepiride,3476,CCC1=C(CN(C1=O)C(=O)NCCC2=CC=C(C=C2)S(=O)(=O)NC(=O)NC3CCC(CC3)C)C,Renal impairment,1
metformin,4091,CN(C)C(=N)N=C(N)N,Transferrin saturation decreased,1
glyburide,3488,COC1=C(C=C(C=C1)Cl)C(=O)NCCC2=CC=C(C=C2)S(=O)(=O)NC(=O)NC3CCCCC3,Increased tendency to bruise,0
dapagliflozin,9887712,CCOC1=CC=C(C=C1)CC2=C(C=CC(=C2)C3C(C(C(C(O3)CO)O)O)O)Cl,Urine abnormality,1
metformin,4091,CN(C)C(=N)N=C(N)N,Partial seizures,1
empagliflozin,11949646,C1COCC1OC2=CC=C(C=C2)CC3=C(C=CC(=C3)C4C(C(C(C(O4)CO)O)O)O)Cl,Weight abnormal,0
pioglitazone,4829,CCC1=CN=C(C=C1)CCOC2=CC=C(C=C2)CC3C(=O)NC(=O)S3,Caesarean section,0
metformin,4091,CN(C)C(=N)N=C(N)N,General physical health deterioration,1
metformin,4091,CN(C)C(=N)N=C(N)N,Antipsychotic drug level increased,1
metformin,4091,CN(C)C(=N)N=C(N)N,Abortion spontaneous,1
dapagliflozin,9887712,CCOC1=CC=C(C=C1)CC2=C(C=CC(=C2)C3C(C(C(C(O3)CO)O)O)O)Cl,Pulmonary congestion,1
nateglinide,5311309,CC(C)C1CCC(CC1)C(=O)NC(CC2=CC=CC=C2)C(=O)O,Chalazion,0
metformin,4091,CN(C)C(=N)N=C(N)N,Bronchitis,1
metformin,4091,CN(C)C(=N)N=C(N)N,Candida infection,1
dapagliflozin,9887712,CCOC1=CC=C(C=C1)CC2=C(C=CC(=C2)C3C(C(C(C(O3)CO)O)O)O)Cl,Cough,1
glipizide,3478,CC1=CN=C(C=N1)C(=O)NCCC2=CC=C(C=C2)S(=O)(=O)NC(=O)NC3CCCCC3,Body mass index increased,1
glyburide,3488,COC1=C(C=C(C=C1)Cl)C(=O)NCCC2=CC=C(C=C2)S(=O)(=O)NC(=O)NC3CCCCC3,Constipation,0
metformin,4091,CN(C)C(=N)N=C(N)N,Amaurosis,1
saxagliptin,11243969,C1C2CC2N(C1C#N)C(=O)C(C34CC5CC(C3)CC(C5)(C4)O)N,Hyponatraemia,0
canagliflozin,24812758,CC1=C(C=C(C=C1)C2C(C(C(C(O2)CO)O)O)O)CC3=CC=C(S3)C4=CC=C(C=C4)F,Neurological examination abnormal,0
metformin,4091,CN(C)C(=N)N=C(N)N,Hyperalbuminaemia,1
metformin,4091,CN(C)C(=N)N=C(N)N,Fixed eruption,1
metformin,4091,CN(C)C(=N)N=C(N)N,Nephrogenic anaemia,1
dapagliflozin,9887712,CCOC1=CC=C(C=C1)CC2=C(C=CC(=C2)C3C(C(C(C(O3)CO)O)O)O)Cl,Pyuria,0
metformin,4091,CN(C)C(=N)N=C(N)N,Thrombosis,1
metformin,4091,CN(C)C(=N)N=C(N)N,Respiratory disorder,1
metformin,4091,CN(C)C(=N)N=C(N)N,Deformity thorax,1
metformin,4091,CN(C)C(=N)N=C(N)N,Skin fibrosis,1
metformin,4091,CN(C)C(=N)N=C(N)N,Serum ferritin increased,1
metformin,4091,CN(C)C(=N)N=C(N)N,Yellow skin,1
glipizide,3478,CC1=CN=C(C=N1)C(=O)NCCC2=CC=C(C=C2)S(=O)(=O)NC(=O)NC3CCCCC3,Disorientation,1
linagliptin,10096344,CC#CCN1C2=C(N=C1N3CCCC(C3)N)N(C(=O)N(C2=O)CC4=NC5=CC=CC=C5C(=N4)C)C,Systemic infection,0
dapagliflozin,9887712,CCOC1=CC=C(C=C1)CC2=C(C=CC(=C2)C3C(C(C(C(O3)CO)O)O)O)Cl,Schizophrenia,1
metformin,4091,CN(C)C(=N)N=C(N)N,Petechiae,1
metformin,4091,CN(C)C(=N)N=C(N)N,Adverse reaction,1
canagliflozin,24812758,CC1=C(C=C(C=C1)C2C(C(C(C(O2)CO)O)O)O)CC3=CC=C(S3)C4=CC=C(C=C4)F,Pollakiuria,1
empagliflozin,11949646,C1COCC1OC2=CC=C(C=C2)CC3=C(C=CC(=C3)C4C(C(C(C(O4)CO)O)O)O)Cl,Urine ketone body present,1
glimepiride,3476,CCC1=C(CN(C1=O)C(=O)NCCC2=CC=C(C=C2)S(=O)(=O)NC(=O)NC3CCC(CC3)C)C,Bradypnoea,1
sitagliptin,4369359,C1CN2C(=NN=C2C(F)(F)F)CN1C(=O)CC(CC3=CC(=C(C=C3F)F)F)N,5-hydroxyindolacetic acid in urine increased,0
sitagliptin,4369359,C1CN2C(=NN=C2C(F)(F)F)CN1C(=O)CC(CC3=CC(=C(C=C3F)F)F)N,Nephrotic syndrome,0
metformin,4091,CN(C)C(=N)N=C(N)N,Hepatic enzyme decreased,1
dapagliflozin,9887712,CCOC1=CC=C(C=C1)CC2=C(C=CC(=C2)C3C(C(C(C(O3)CO)O)O)O)Cl,Pancreatic carcinoma metastatic,0
pioglitazone,4829,CCC1=CN=C(C=C1)CCOC2=CC=C(C=C2)CC3C(=O)NC(=O)S3,Dry throat,1
rosiglitazone,77999,CN(CCOC1=CC=C(C=C1)CC2C(=O)NC(=O)S2)C3=CC=CC=N3,Dry mouth,0
canagliflozin,24812758,CC1=C(C=C(C=C1)C2C(C(C(C(O2)CO)O)O)O)CC3=CC=C(S3)C4=CC=C(C=C4)F,Onycholysis,0
metformin,4091,CN(C)C(=N)N=C(N)N,Aortic bruit,1
metformin,4091,CN(C)C(=N)N=C(N)N,Gastrointestinal carcinoma,1
sitagliptin,4369359,C1CN2C(=NN=C2C(F)(F)F)CN1C(=O)CC(CC3=CC(=C(C=C3F)F)F)N,Papule,1
repaglinide,65981,CCOC1=C(C=CC(=C1)CC(=O)NC(CC(C)C)C2=CC=CC=C2N3CCCCC3)C(=O)O,Magnetic resonance imaging head abnormal,0
glyburide,3488,COC1=C(C=C(C=C1)Cl)C(=O)NCCC2=CC=C(C=C2)S(=O)(=O)NC(=O)NC3CCCCC3,Rash pustular,0
saxagliptin,11243969,C1C2CC2N(C1C#N)C(=O)C(C34CC5CC(C3)CC(C5)(C4)O)N,Cardiorenal syndrome,0
nateglinide,5311309,CC(C)C1CCC(CC1)C(=O)NC(CC2=CC=CC=C2)C(=O)O,Uterine rupture,0
glipizide,3478,CC1=CN=C(C=N1)C(=O)NCCC2=CC=C(C=C2)S(=O)(=O)NC(=O)NC3CCCCC3,Mean cell haemoglobin decreased,0
metformin,4091,CN(C)C(=N)N=C(N)N,Fluid replacement,0
canagliflozin,24812758,CC1=C(C=C(C=C1)C2C(C(C(C(O2)CO)O)O)O)CC3=CC=C(S3)C4=CC=C(C=C4)F,Intervertebral disc protrusion,1
canagliflozin,24812758,CC1=C(C=C(C=C1)C2C(C(C(C(O2)CO)O)O)O)CC3=CC=C(S3)C4=CC=C(C=C4)F,Purpura,0
empagliflozin,11949646,C1COCC1OC2=CC=C(C=C2)CC3=C(C=CC(=C3)C4C(C(C(C(O4)CO)O)O)O)Cl,Anxiety,1
metformin,4091,CN(C)C(=N)N=C(N)N,Vertigo,1
sitagliptin,4369359,C1CN2C(=NN=C2C(F)(F)F)CN1C(=O)CC(CC3=CC(=C(C=C3F)F)F)N,Intestinal atresia,0
pioglitazone,4829,CCC1=CN=C(C=C1)CCOC2=CC=C(C=C2)CC3C(=O)NC(=O)S3,Quadriplegia,0
glimepiride,3476,CCC1=C(CN(C1=O)C(=O)NCCC2=CC=C(C=C2)S(=O)(=O)NC(=O)NC3CCC(CC3)C)C,Increased tendency to bruise,0
glipizide,3478,CC1=CN=C(C=N1)C(=O)NCCC2=CC=C(C=C2)S(=O)(=O)NC(=O)NC3CCCCC3,Oesophageal varices haemorrhage,0
empagliflozin,11949646,C1COCC1OC2=CC=C(C=C2)CC3=C(C=CC(=C3)C4C(C(C(C(O4)CO)O)O)O)Cl,Nocardiosis,1
metformin,4091,CN(C)C(=N)N=C(N)N,Mutism,1
sitagliptin,4369359,C1CN2C(=NN=C2C(F)(F)F)CN1C(=O)CC(CC3=CC(=C(C=C3F)F)F)N,Ventricular arrhythmia,1
empagliflozin,11949646,C1COCC1OC2=CC=C(C=C2)CC3=C(C=CC(=C3)C4C(C(C(C(O4)CO)O)O)O)Cl,Cleft lip and palate,0
canagliflozin,24812758,CC1=C(C=C(C=C1)C2C(C(C(C(O2)CO)O)O)O)CC3=CC=C(S3)C4=CC=C(C=C4)F,Blister,1
pioglitazone,4829,CCC1=CN=C(C=C1)CCOC2=CC=C(C=C2)CC3C(=O)NC(=O)S3,Delirium,1
dapagliflozin,9887712,CCOC1=CC=C(C=C1)CC2=C(C=CC(=C2)C3C(C(C(C(O3)CO)O)O)O)Cl,Blood pressure fluctuation,0
metformin,4091,CN(C)C(=N)N=C(N)N,Chronic lymphocytic leukaemia recurrent,1
linagliptin,10096344,CC#CCN1C2=C(N=C1N3CCCC(C3)N)N(C(=O)N(C2=O)CC4=NC5=CC=CC=C5C(=N4)C)C,Urethral discharge,0
metformin,4091,CN(C)C(=N)N=C(N)N,Immunosuppressant drug level increased,1
dapagliflozin,9887712,CCOC1=CC=C(C=C1)CC2=C(C=CC(=C2)C3C(C(C(C(O3)CO)O)O)O)Cl,Penile rash,0
metformin,4091,CN(C)C(=N)N=C(N)N,Documented hypersensitivity to administered product,1
linagliptin,10096344,CC#CCN1C2=C(N=C1N3CCCC(C3)N)N(C(=O)N(C2=O)CC4=NC5=CC=CC=C5C(=N4)C)C,Polyuria,0
canagliflozin,24812758,CC1=C(C=C(C=C1)C2C(C(C(C(O2)CO)O)O)O)CC3=CC=C(S3)C4=CC=C(C=C4)F,Diabetic vascular disorder,0
rosiglitazone,77999,CN(CCOC1=CC=C(C=C1)CC2C(=O)NC(=O)S2)C3=CC=CC=N3,SJS-TEN overlap,0
rosiglitazone,77999,CN(CCOC1=CC=C(C=C1)CC2C(=O)NC(=O)S2)C3=CC=CC=N3,Ulcerative gastritis,0
acarbose,9811704,CC1C(C(C(C(O1)OC2C(OC(C(C2O)O)OC(C(CO)O)C(C(C=O)O)O)CO)O)O)NC3C=C(C(C(C3O)O)O)CO,Polycythaemia,0
glipizide,3478,CC1=CN=C(C=N1)C(=O)NCCC2=CC=C(C=C2)S(=O)(=O)NC(=O)NC3CCCCC3,Type 2 diabetes mellitus,1
metformin,4091,CN(C)C(=N)N=C(N)N,Ovarian cyst,1
glimepiride,3476,CCC1=C(CN(C1=O)C(=O)NCCC2=CC=C(C=C2)S(=O)(=O)NC(=O)NC3CCC(CC3)C)C,Oral mucosal blistering,1
empagliflozin,11949646,C1COCC1OC2=CC=C(C=C2)CC3=C(C=CC(=C3)C4C(C(C(C(O4)CO)O)O)O)Cl,Axillary mass,0
metformin,4091,CN(C)C(=N)N=C(N)N,Forced vital capacity decreased,1
glyburide,3488,COC1=C(C=C(C=C1)Cl)C(=O)NCCC2=CC=C(C=C2)S(=O)(=O)NC(=O)NC3CCCCC3,Hypertrophy,0
metformin,4091,CN(C)C(=N)N=C(N)N,Hypertensive heart disease,1
metformin,4091,CN(C)C(=N)N=C(N)N,Epicondylitis,1
saxagliptin,11243969,C1C2CC2N(C1C#N)C(=O)C(C34CC5CC(C3)CC(C5)(C4)O)N,Dyspepsia,1
sitagliptin,4369359,C1CN2C(=NN=C2C(F)(F)F)CN1C(=O)CC(CC3=CC(=C(C=C3F)F)F)N,Pyoderma gangrenosum,1
empagliflozin,11949646,C1COCC1OC2=CC=C(C=C2)CC3=C(C=CC(=C3)C4C(C(C(C(O4)CO)O)O)O)Cl,Peripheral sensory neuropathy,0
nateglinide,5311309,CC(C)C1CCC(CC1)C(=O)NC(CC2=CC=CC=C2)C(=O)O,Immune-mediated myositis,0
rosiglitazone,77999,CN(CCOC1=CC=C(C=C1)CC2C(=O)NC(=O)S2)C3=CC=CC=N3,Hypoproteinaemia,0
metformin,4091,CN(C)C(=N)N=C(N)N,Electrocardiogram Q wave abnormal,1
glyburide,3488,COC1=C(C=C(C=C1)Cl)C(=O)NCCC2=CC=C(C=C2)S(=O)(=O)NC(=O)NC3CCCCC3,Feeding intolerance,0
saxagliptin,11243969,C1C2CC2N(C1C#N)C(=O)C(C34CC5CC(C3)CC(C5)(C4)O)N,Bladder transitional cell carcinoma,0
sitagliptin,4369359,C1CN2C(=NN=C2C(F)(F)F)CN1C(=O)CC(CC3=CC(=C(C=C3F)F)F)N,Postoperative wound complication,0
dapagliflozin,9887712,CCOC1=CC=C(C=C1)CC2=C(C=CC(=C2)C3C(C(C(C(O3)CO)O)O)O)Cl,Fall,1
glyburide,3488,COC1=C(C=C(C=C1)Cl)C(=O)NCCC2=CC=C(C=C2)S(=O)(=O)NC(=O)NC3CCCCC3,Helicobacter gastritis,0
dapagliflozin,9887712,CCOC1=CC=C(C=C1)CC2=C(C=CC(=C2)C3C(C(C(C(O3)CO)O)O)O)Cl,Coronavirus infection,1
repaglinide,65981,CCOC1=C(C=CC(=C1)CC(=O)NC(CC(C)C)C2=CC=CC=C2N3CCCCC3)C(=O)O,Drug level increased,1
metformin,4091,CN(C)C(=N)N=C(N)N,Nasal congestion,1
canagliflozin,24812758,CC1=C(C=C(C=C1)C2C(C(C(C(O2)CO)O)O)O)CC3=CC=C(S3)C4=CC=C(C=C4)F,Herbal interaction,0
glyburide,3488,COC1=C(C=C(C=C1)Cl)C(=O)NCCC2=CC=C(C=C2)S(=O)(=O)NC(=O)NC3CCCCC3,Vulvovaginal burning sensation,0
pioglitazone,4829,CCC1=CN=C(C=C1)CCOC2=CC=C(C=C2)CC3C(=O)NC(=O)S3,Acidosis,0
repaglinide,65981,CCOC1=C(C=CC(=C1)CC(=O)NC(CC(C)C)C2=CC=CC=C2N3CCCCC3)C(=O)O,Muscle contractions involuntary,0
canagliflozin,24812758,CC1=C(C=C(C=C1)C2C(C(C(C(O2)CO)O)O)O)CC3=CC=C(S3)C4=CC=C(C=C4)F,Echocardiogram abnormal,0
sitagliptin,4369359,C1CN2C(=NN=C2C(F)(F)F)CN1C(=O)CC(CC3=CC(=C(C=C3F)F)F)N,Peripheral artery haematoma,0
saxagliptin,11243969,C1C2CC2N(C1C#N)C(=O)C(C34CC5CC(C3)CC(C5)(C4)O)N,Food allergy,0
repaglinide,65981,CCOC1=C(C=CC(=C1)CC(=O)NC(CC(C)C)C2=CC=CC=C2N3CCCCC3)C(=O)O,Toxic skin eruption,0
glipizide,3478,CC1=CN=C(C=N1)C(=O)NCCC2=CC=C(C=C2)S(=O)(=O)NC(=O)NC3CCCCC3,Product administration error,0
saxagliptin,11243969,C1C2CC2N(C1C#N)C(=O)C(C34CC5CC(C3)CC(C5)(C4)O)N,Peripheral artery haematoma,0
linagliptin,10096344,CC#CCN1C2=C(N=C1N3CCCC(C3)N)N(C(=O)N(C2=O)CC4=NC5=CC=CC=C5C(=N4)C)C,Bacterial toxaemia,0
pioglitazone,4829,CCC1=CN=C(C=C1)CCOC2=CC=C(C=C2)CC3C(=O)NC(=O)S3,Food intolerance,0
repaglinide,65981,CCOC1=C(C=CC(=C1)CC(=O)NC(CC(C)C)C2=CC=CC=C2N3CCCCC3)C(=O)O,Multiple congenital abnormalities,0
dapagliflozin,9887712,CCOC1=CC=C(C=C1)CC2=C(C=CC(=C2)C3C(C(C(C(O3)CO)O)O)O)Cl,Fixed eruption,1
metformin,4091,CN(C)C(=N)N=C(N)N,Carcinoid crisis,1
glyburide,3488,COC1=C(C=C(C=C1)Cl)C(=O)NCCC2=CC=C(C=C2)S(=O)(=O)NC(=O)NC3CCCCC3,Volvulus,0
dapagliflozin,9887712,CCOC1=CC=C(C=C1)CC2=C(C=CC(=C2)C3C(C(C(C(O3)CO)O)O)O)Cl,Anaphylactic shock,1
pioglitazone,4829,CCC1=CN=C(C=C1)CCOC2=CC=C(C=C2)CC3C(=O)NC(=O)S3,Treatment failure,1
dapagliflozin,9887712,CCOC1=CC=C(C=C1)CC2=C(C=CC(=C2)C3C(C(C(C(O3)CO)O)O)O)Cl,Joint swelling,1
sitagliptin,4369359,C1CN2C(=NN=C2C(F)(F)F)CN1C(=O)CC(CC3=CC(=C(C=C3F)F)F)N,Breast cancer recurrent,0
metformin,4091,CN(C)C(=N)N=C(N)N,Neurological decompensation,1
saxagliptin,11243969,C1C2CC2N(C1C#N)C(=O)C(C34CC5CC(C3)CC(C5)(C4)O)N,Acquired hydrocele,0
repaglinide,65981,CCOC1=C(C=CC(=C1)CC(=O)NC(CC(C)C)C2=CC=CC=C2N3CCCCC3)C(=O)O,Ocular icterus,0
repaglinide,65981,CCOC1=C(C=CC(=C1)CC(=O)NC(CC(C)C)C2=CC=CC=C2N3CCCCC3)C(=O)O,Bronchitis,0
nateglinide,5311309,CC(C)C1CCC(CC1)C(=O)NC(CC2=CC=CC=C2)C(=O)O,SARS-CoV-2 test negative,0
metformin,4091,CN(C)C(=N)N=C(N)N,Liver injury,1
metformin,4091,CN(C)C(=N)N=C(N)N,Wrong dosage formulation,1
empagliflozin,11949646,C1COCC1OC2=CC=C(C=C2)CC3=C(C=CC(=C3)C4C(C(C(C(O4)CO)O)O)O)Cl,Skin discolouration,1
metformin,4091,CN(C)C(=N)N=C(N)N,Rash morbilliform,1
rosiglitazone,77999,CN(CCOC1=CC=C(C=C1)CC2C(=O)NC(=O)S2)C3=CC=CC=N3,Microalbuminuria,0
linagliptin,10096344,CC#CCN1C2=C(N=C1N3CCCC(C3)N)N(C(=O)N(C2=O)CC4=NC5=CC=CC=C5C(=N4)C)C,Upper limb fracture,0
rosiglitazone,77999,CN(CCOC1=CC=C(C=C1)CC2C(=O)NC(=O)S2)C3=CC=CC=N3,Needle issue,0
acarbose,9811704,CC1C(C(C(C(O1)OC2C(OC(C(C2O)O)OC(C(CO)O)C(C(C=O)O)O)CO)O)O)NC3C=C(C(C(C3O)O)O)CO,Embolism venous,0
acarbose,9811704,CC1C(C(C(C(O1)OC2C(OC(C(C2O)O)OC(C(CO)O)C(C(C=O)O)O)CO)O)O)NC3C=C(C(C(C3O)O)O)CO,Bone development abnormal,0
rosiglitazone,77999,CN(CCOC1=CC=C(C=C1)CC2C(=O)NC(=O)S2)C3=CC=CC=N3,Respiratory acidosis,0
repaglinide,65981,CCOC1=C(C=CC(=C1)CC(=O)NC(CC(C)C)C2=CC=CC=C2N3CCCCC3)C(=O)O,Ascites,1
glimepiride,3476,CCC1=C(CN(C1=O)C(=O)NCCC2=CC=C(C=C2)S(=O)(=O)NC(=O)NC3CCC(CC3)C)C,Gastrointestinal infection,1
empagliflozin,11949646,C1COCC1OC2=CC=C(C=C2)CC3=C(C=CC(=C3)C4C(C(C(C(O4)CO)O)O)O)Cl,Hypoxia,1
acarbose,9811704,CC1C(C(C(C(O1)OC2C(OC(C(C2O)O)OC(C(CO)O)C(C(C=O)O)O)CO)O)O)NC3C=C(C(C(C3O)O)O)CO,Cervix carcinoma,0
sitagliptin,4369359,C1CN2C(=NN=C2C(F)(F)F)CN1C(=O)CC(CC3=CC(=C(C=C3F)F)F)N,Cerebrovascular disorder,1
repaglinide,65981,CCOC1=C(C=CC(=C1)CC(=O)NC(CC(C)C)C2=CC=CC=C2N3CCCCC3)C(=O)O,Sciatic nerve injury,0
metformin,4091,CN(C)C(=N)N=C(N)N,Product dose omission issue,1
pioglitazone,4829,CCC1=CN=C(C=C1)CCOC2=CC=C(C=C2)CC3C(=O)NC(=O)S3,Factitious disorder,0
sitagliptin,4369359,C1CN2C(=NN=C2C(F)(F)F)CN1C(=O)CC(CC3=CC(=C(C=C3F)F)F)N,Hypoalbuminaemia,0
empagliflozin,11949646,C1COCC1OC2=CC=C(C=C2)CC3=C(C=CC(=C3)C4C(C(C(C(O4)CO)O)O)O)Cl,Bone development abnormal,0
saxagliptin,11243969,C1C2CC2N(C1C#N)C(=O)C(C34CC5CC(C3)CC(C5)(C4)O)N,Respiratory disorder,0
glyburide,3488,COC1=C(C=C(C=C1)Cl)C(=O)NCCC2=CC=C(C=C2)S(=O)(=O)NC(=O)NC3CCCCC3,Liver injury,0
nateglinide,5311309,CC(C)C1CCC(CC1)C(=O)NC(CC2=CC=CC=C2)C(=O)O,Hypoperfusion,0
metformin,4091,CN(C)C(=N)N=C(N)N,Lymphadenopathy,1
sitagliptin,4369359,C1CN2C(=NN=C2C(F)(F)F)CN1C(=O)CC(CC3=CC(=C(C=C3F)F)F)N,Perineal pain,0
metformin,4091,CN(C)C(=N)N=C(N)N,Product physical consistency issue,1
pioglitazone,4829,CCC1=CN=C(C=C1)CCOC2=CC=C(C=C2)CC3C(=O)NC(=O)S3,Bone development abnormal,1
metformin,4091,CN(C)C(=N)N=C(N)N,Febrile neutropenia,1
metformin,4091,CN(C)C(=N)N=C(N)N,Glaucoma,1
metformin,4091,CN(C)C(=N)N=C(N)N,Medication error,1
empagliflozin,11949646,C1COCC1OC2=CC=C(C=C2)CC3=C(C=CC(=C3)C4C(C(C(C(O4)CO)O)O)O)Cl,Iron deficiency anaemia,1
glipizide,3478,CC1=CN=C(C=N1)C(=O)NCCC2=CC=C(C=C2)S(=O)(=O)NC(=O)NC3CCCCC3,Cystostomy,0
metformin,4091,CN(C)C(=N)N=C(N)N,Pustule,1
acarbose,9811704,CC1C(C(C(C(O1)OC2C(OC(C(C2O)O)OC(C(CO)O)C(C(C=O)O)O)CO)O)O)NC3C=C(C(C(C3O)O)O)CO,Brain injury,0
saxagliptin,11243969,C1C2CC2N(C1C#N)C(=O)C(C34CC5CC(C3)CC(C5)(C4)O)N,Venous thrombosis limb,0
saxagliptin,11243969,C1C2CC2N(C1C#N)C(=O)C(C34CC5CC(C3)CC(C5)(C4)O)N,Vitiligo,0
empagliflozin,11949646,C1COCC1OC2=CC=C(C=C2)CC3=C(C=CC(=C3)C4C(C(C(C(O4)CO)O)O)O)Cl,Puncture site infection,0
empagliflozin,11949646,C1COCC1OC2=CC=C(C=C2)CC3=C(C=CC(=C3)C4C(C(C(C(O4)CO)O)O)O)Cl,Hypovolaemia,1
empagliflozin,11949646,C1COCC1OC2=CC=C(C=C2)CC3=C(C=CC(=C3)C4C(C(C(C(O4)CO)O)O)O)Cl,Urinary bladder haemorrhage,0
pioglitazone,4829,CCC1=CN=C(C=C1)CCOC2=CC=C(C=C2)CC3C(=O)NC(=O)S3,Creatinine renal clearance decreased,0
glimepiride,3476,CCC1=C(CN(C1=O)C(=O)NCCC2=CC=C(C=C2)S(=O)(=O)NC(=O)NC3CCC(CC3)C)C,Product size issue,1
metformin,4091,CN(C)C(=N)N=C(N)N,Ear disorder,1
rosiglitazone,77999,CN(CCOC1=CC=C(C=C1)CC2C(=O)NC(=O)S2)C3=CC=CC=N3,Skin abrasion,0
acarbose,9811704,CC1C(C(C(C(O1)OC2C(OC(C(C2O)O)OC(C(CO)O)C(C(C=O)O)O)CO)O)O)NC3C=C(C(C(C3O)O)O)CO,Feeling drunk,0
linagliptin,10096344,CC#CCN1C2=C(N=C1N3CCCC(C3)N)N(C(=O)N(C2=O)CC4=NC5=CC=CC=C5C(=N4)C)C,Basilar artery thrombosis,0
metformin,4091,CN(C)C(=N)N=C(N)N,Mechanical ileus,1
repaglinide,65981,CCOC1=C(C=CC(=C1)CC(=O)NC(CC(C)C)C2=CC=CC=C2N3CCCCC3)C(=O)O,Mitochondrial toxicity,0
metformin,4091,CN(C)C(=N)N=C(N)N,Systemic lupus erythematosus,1
glimepiride,3476,CCC1=C(CN(C1=O)C(=O)NCCC2=CC=C(C=C2)S(=O)(=O)NC(=O)NC3CCC(CC3)C)C,Angina pectoris,1
metformin,4091,CN(C)C(=N)N=C(N)N,Herpes simplex,1
saxagliptin,11243969,C1C2CC2N(C1C#N)C(=O)C(C34CC5CC(C3)CC(C5)(C4)O)N,Arthroscopy,0
canagliflozin,24812758,CC1=C(C=C(C=C1)C2C(C(C(C(O2)CO)O)O)O)CC3=CC=C(S3)C4=CC=C(C=C4)F,Blood pressure increased,1
glipizide,3478,CC1=CN=C(C=N1)C(=O)NCCC2=CC=C(C=C2)S(=O)(=O)NC(=O)NC3CCCCC3,Diarrhoea,1
metformin,4091,CN(C)C(=N)N=C(N)N,Recalled product,1
saxagliptin,11243969,C1C2CC2N(C1C#N)C(=O)C(C34CC5CC(C3)CC(C5)(C4)O)N,High density lipoprotein abnormal,0
linagliptin,10096344,CC#CCN1C2=C(N=C1N3CCCC(C3)N)N(C(=O)N(C2=O)CC4=NC5=CC=CC=C5C(=N4)C)C,Respiratory syncytial virus infection,0
metformin,4091,CN(C)C(=N)N=C(N)N,Discomfort,1
glipizide,3478,CC1=CN=C(C=N1)C(=O)NCCC2=CC=C(C=C2)S(=O)(=O)NC(=O)NC3CCCCC3,Pseudomembranous colitis,1
repaglinide,65981,CCOC1=C(C=CC(=C1)CC(=O)NC(CC(C)C)C2=CC=CC=C2N3CCCCC3)C(=O)O,Livedo reticularis,0
linagliptin,10096344,CC#CCN1C2=C(N=C1N3CCCC(C3)N)N(C(=O)N(C2=O)CC4=NC5=CC=CC=C5C(=N4)C)C,Systemic lupus erythematosus,0
acarbose,9811704,CC1C(C(C(C(O1)OC2C(OC(C(C2O)O)OC(C(CO)O)C(C(C=O)O)O)CO)O)O)NC3C=C(C(C(C3O)O)O)CO,Birt-Hogg-Dube syndrome,0
sitagliptin,4369359,C1CN2C(=NN=C2C(F)(F)F)CN1C(=O)CC(CC3=CC(=C(C=C3F)F)F)N,Aptyalism,1
metformin,4091,CN(C)C(=N)N=C(N)N,Feeling hot,1
glipizide,3478,CC1=CN=C(C=N1)C(=O)NCCC2=CC=C(C=C2)S(=O)(=O)NC(=O)NC3CCCCC3,Obstructive airways disorder,1
metformin,4091,CN(C)C(=N)N=C(N)N,Therapy non-responder,1
glimepiride,3476,CCC1=C(CN(C1=O)C(=O)NCCC2=CC=C(C=C2)S(=O)(=O)NC(=O)NC3CCC(CC3)C)C,Cardiac arrest,1
repaglinide,65981,CCOC1=C(C=CC(=C1)CC(=O)NC(CC(C)C)C2=CC=CC=C2N3CCCCC3)C(=O)O,Pneumocystis jirovecii infection,0
sitagliptin,4369359,C1CN2C(=NN=C2C(F)(F)F)CN1C(=O)CC(CC3=CC(=C(C=C3F)F)F)N,Seronegative arthritis,1
canagliflozin,24812758,CC1=C(C=C(C=C1)C2C(C(C(C(O2)CO)O)O)O)CC3=CC=C(S3)C4=CC=C(C=C4)F,Respiratory tract infection,1
metformin,4091,CN(C)C(=N)N=C(N)N,Concomitant disease aggravated,1
metformin,4091,CN(C)C(=N)N=C(N)N,Tachypnoea,1
nateglinide,5311309,CC(C)C1CCC(CC1)C(=O)NC(CC2=CC=CC=C2)C(=O)O,Injection related reaction,0
metformin,4091,CN(C)C(=N)N=C(N)N,Complement factor decreased,1
glyburide,3488,COC1=C(C=C(C=C1)Cl)C(=O)NCCC2=CC=C(C=C2)S(=O)(=O)NC(=O)NC3CCCCC3,Psychomotor retardation,0
glyburide,3488,COC1=C(C=C(C=C1)Cl)C(=O)NCCC2=CC=C(C=C2)S(=O)(=O)NC(=O)NC3CCCCC3,Spinal subdural haematoma,0
metformin,4091,CN(C)C(=N)N=C(N)N,Infrequent bowel movements,1
sitagliptin,4369359,C1CN2C(=NN=C2C(F)(F)F)CN1C(=O)CC(CC3=CC(=C(C=C3F)F)F)N,Spinal compression fracture,0
empagliflozin,11949646,C1COCC1OC2=CC=C(C=C2)CC3=C(C=CC(=C3)C4C(C(C(C(O4)CO)O)O)O)Cl,Superficial inflammatory dermatosis,0
metformin,4091,CN(C)C(=N)N=C(N)N,Motor dysfunction,1
repaglinide,65981,CCOC1=C(C=CC(=C1)CC(=O)NC(CC(C)C)C2=CC=CC=C2N3CCCCC3)C(=O)O,Bronchospasm,0
glyburide,3488,COC1=C(C=C(C=C1)Cl)C(=O)NCCC2=CC=C(C=C2)S(=O)(=O)NC(=O)NC3CCCCC3,Enteral nutrition,0
dapagliflozin,9887712,CCOC1=CC=C(C=C1)CC2=C(C=CC(=C2)C3C(C(C(C(O3)CO)O)O)O)Cl,Oligohydramnios,0
canagliflozin,24812758,CC1=C(C=C(C=C1)C2C(C(C(C(O2)CO)O)O)O)CC3=CC=C(S3)C4=CC=C(C=C4)F,Orthostatic hypotension,1
canagliflozin,24812758,CC1=C(C=C(C=C1)C2C(C(C(C(O2)CO)O)O)O)CC3=CC=C(S3)C4=CC=C(C=C4)F,Social avoidant behaviour,0
glipizide,3478,CC1=CN=C(C=N1)C(=O)NCCC2=CC=C(C=C2)S(=O)(=O)NC(=O)NC3CCCCC3,Cystitis,1
glyburide,3488,COC1=C(C=C(C=C1)Cl)C(=O)NCCC2=CC=C(C=C2)S(=O)(=O)NC(=O)NC3CCCCC3,Chondromalacia,0
glimepiride,3476,CCC1=C(CN(C1=O)C(=O)NCCC2=CC=C(C=C2)S(=O)(=O)NC(=O)NC3CCC(CC3)C)C,Genital infection male,0
dapagliflozin,9887712,CCOC1=CC=C(C=C1)CC2=C(C=CC(=C2)C3C(C(C(C(O3)CO)O)O)O)Cl,Brain operation,0
metformin,4091,CN(C)C(=N)N=C(N)N,Suicide attempt,1
glyburide,3488,COC1=C(C=C(C=C1)Cl)C(=O)NCCC2=CC=C(C=C2)S(=O)(=O)NC(=O)NC3CCCCC3,Gynaecomastia,0
saxagliptin,11243969,C1C2CC2N(C1C#N)C(=O)C(C34CC5CC(C3)CC(C5)(C4)O)N,Body temperature decreased,0
glimepiride,3476,CCC1=C(CN(C1=O)C(=O)NCCC2=CC=C(C=C2)S(=O)(=O)NC(=O)NC3CCC(CC3)C)C,Abdominal pain upper,1
canagliflozin,24812758,CC1=C(C=C(C=C1)C2C(C(C(C(O2)CO)O)O)O)CC3=CC=C(S3)C4=CC=C(C=C4)F,Transurethral bladder resection,0
glyburide,3488,COC1=C(C=C(C=C1)Cl)C(=O)NCCC2=CC=C(C=C2)S(=O)(=O)NC(=O)NC3CCCCC3,Therapeutic product effect incomplete,0
dapagliflozin,9887712,CCOC1=CC=C(C=C1)CC2=C(C=CC(=C2)C3C(C(C(C(O3)CO)O)O)O)Cl,Serum amyloid A protein increased,0
canagliflozin,24812758,CC1=C(C=C(C=C1)C2C(C(C(C(O2)CO)O)O)O)CC3=CC=C(S3)C4=CC=C(C=C4)F,Rectal cancer metastatic,1
dapagliflozin,9887712,CCOC1=CC=C(C=C1)CC2=C(C=CC(=C2)C3C(C(C(C(O3)CO)O)O)O)Cl,Forced expiratory volume decreased,0
acarbose,9811704,CC1C(C(C(C(O1)OC2C(OC(C(C2O)O)OC(C(CO)O)C(C(C=O)O)O)CO)O)O)NC3C=C(C(C(C3O)O)O)CO,Tongue oedema,0
metformin,4091,CN(C)C(=N)N=C(N)N,Inflammation,1
pioglitazone,4829,CCC1=CN=C(C=C1)CCOC2=CC=C(C=C2)CC3C(=O)NC(=O)S3,Hypovolaemic shock,0
empagliflozin,11949646,C1COCC1OC2=CC=C(C=C2)CC3=C(C=CC(=C3)C4C(C(C(C(O4)CO)O)O)O)Cl,Blood pressure increased,1
canagliflozin,24812758,CC1=C(C=C(C=C1)C2C(C(C(C(O2)CO)O)O)O)CC3=CC=C(S3)C4=CC=C(C=C4)F,Eczema,1
acarbose,9811704,CC1C(C(C(C(O1)OC2C(OC(C(C2O)O)OC(C(CO)O)C(C(C=O)O)O)CO)O)O)NC3C=C(C(C(C3O)O)O)CO,Product closure removal difficult,0
empagliflozin,11949646,C1COCC1OC2=CC=C(C=C2)CC3=C(C=CC(=C3)C4C(C(C(C(O4)CO)O)O)O)Cl,Atrial fibrillation,1
pioglitazone,4829,CCC1=CN=C(C=C1)CCOC2=CC=C(C=C2)CC3C(=O)NC(=O)S3,Hypoglycaemia,1
glipizide,3478,CC1=CN=C(C=N1)C(=O)NCCC2=CC=C(C=C2)S(=O)(=O)NC(=O)NC3CCCCC3,Soft tissue sarcoma,0
glyburide,3488,COC1=C(C=C(C=C1)Cl)C(=O)NCCC2=CC=C(C=C2)S(=O)(=O)NC(=O)NC3CCCCC3,Optic neuropathy,0
repaglinide,65981,CCOC1=C(C=CC(=C1)CC(=O)NC(CC(C)C)C2=CC=CC=C2N3CCCCC3)C(=O)O,Temperature perception test abnormal,0
rosiglitazone,77999,CN(CCOC1=CC=C(C=C1)CC2C(=O)NC(=O)S2)C3=CC=CC=N3,Diabetic ulcer,0
dapagliflozin,9887712,CCOC1=CC=C(C=C1)CC2=C(C=CC(=C2)C3C(C(C(C(O3)CO)O)O)O)Cl,Carotid intima-media thickness increased,1
glyburide,3488,COC1=C(C=C(C=C1)Cl)C(=O)NCCC2=CC=C(C=C2)S(=O)(=O)NC(=O)NC3CCCCC3,Prostatomegaly,0
metformin,4091,CN(C)C(=N)N=C(N)N,Rash macular,1
dapagliflozin,9887712,CCOC1=CC=C(C=C1)CC2=C(C=CC(=C2)C3C(C(C(C(O3)CO)O)O)O)Cl,Haematuria,1
linagliptin,10096344,CC#CCN1C2=C(N=C1N3CCCC(C3)N)N(C(=O)N(C2=O)CC4=NC5=CC=CC=C5C(=N4)C)C,Bladder outlet obstruction,0
nateglinide,5311309,CC(C)C1CCC(CC1)C(=O)NC(CC2=CC=CC=C2)C(=O)O,Myocardial rupture,0
linagliptin,10096344,CC#CCN1C2=C(N=C1N3CCCC(C3)N)N(C(=O)N(C2=O)CC4=NC5=CC=CC=C5C(=N4)C)C,Grip strength decreased,0
acarbose,9811704,CC1C(C(C(C(O1)OC2C(OC(C(C2O)O)OC(C(CO)O)C(C(C=O)O)O)CO)O)O)NC3C=C(C(C(C3O)O)O)CO,Penile rash,0
canagliflozin,24812758,CC1=C(C=C(C=C1)C2C(C(C(C(O2)CO)O)O)O)CC3=CC=C(S3)C4=CC=C(C=C4)F,Birt-Hogg-Dube syndrome,0
saxagliptin,11243969,C1C2CC2N(C1C#N)C(=O)C(C34CC5CC(C3)CC(C5)(C4)O)N,Cavernous sinus thrombosis,0
metformin,4091,CN(C)C(=N)N=C(N)N,Hepatic lesion,1
metformin,4091,CN(C)C(=N)N=C(N)N,Product colour issue,1
glyburide,3488,COC1=C(C=C(C=C1)Cl)C(=O)NCCC2=CC=C(C=C2)S(=O)(=O)NC(=O)NC3CCCCC3,Aqueductal stenosis,1
saxagliptin,11243969,C1C2CC2N(C1C#N)C(=O)C(C34CC5CC(C3)CC(C5)(C4)O)N,Lactate pyruvate ratio increased,0
metformin,4091,CN(C)C(=N)N=C(N)N,Creatinine renal clearance,1
sitagliptin,4369359,C1CN2C(=NN=C2C(F)(F)F)CN1C(=O)CC(CC3=CC(=C(C=C3F)F)F)N,Renal impairment,1
nateglinide,5311309,CC(C)C1CCC(CC1)C(=O)NC(CC2=CC=CC=C2)C(=O)O,Phobia of driving,0
dapagliflozin,9887712,CCOC1=CC=C(C=C1)CC2=C(C=CC(=C2)C3C(C(C(C(O3)CO)O)O)O)Cl,Abdominal pain upper,1
linagliptin,10096344,CC#CCN1C2=C(N=C1N3CCCC(C3)N)N(C(=O)N(C2=O)CC4=NC5=CC=CC=C5C(=N4)C)C,Blood glucose increased,1
metformin,4091,CN(C)C(=N)N=C(N)N,Swelling face,1
pioglitazone,4829,CCC1=CN=C(C=C1)CCOC2=CC=C(C=C2)CC3C(=O)NC(=O)S3,Polydipsia,0
metformin,4091,CN(C)C(=N)N=C(N)N,Metastases to liver,1
glipizide,3478,CC1=CN=C(C=N1)C(=O)NCCC2=CC=C(C=C2)S(=O)(=O)NC(=O)NC3CCCCC3,Excessive eye blinking,0
linagliptin,10096344,CC#CCN1C2=C(N=C1N3CCCC(C3)N)N(C(=O)N(C2=O)CC4=NC5=CC=CC=C5C(=N4)C)C,Agranulocytosis,0
metformin,4091,CN(C)C(=N)N=C(N)N,Urine odour abnormal,1
metformin,4091,CN(C)C(=N)N=C(N)N,Lung neoplasm,1
metformin,4091,CN(C)C(=N)N=C(N)N,Hepatomegaly,1
dapagliflozin,9887712,CCOC1=CC=C(C=C1)CC2=C(C=CC(=C2)C3C(C(C(C(O3)CO)O)O)O)Cl,Diabetic ketoacidosis,1
empagliflozin,11949646,C1COCC1OC2=CC=C(C=C2)CC3=C(C=CC(=C3)C4C(C(C(C(O4)CO)O)O)O)Cl,Hepatic cirrhosis,1
empagliflozin,11949646,C1COCC1OC2=CC=C(C=C2)CC3=C(C=CC(=C3)C4C(C(C(C(O4)CO)O)O)O)Cl,Seasonal allergy,1
acarbose,9811704,CC1C(C(C(C(O1)OC2C(OC(C(C2O)O)OC(C(CO)O)C(C(C=O)O)O)CO)O)O)NC3C=C(C(C(C3O)O)O)CO,Chronic lymphocytic leukaemia recurrent,0
glimepiride,3476,CCC1=C(CN(C1=O)C(=O)NCCC2=CC=C(C=C2)S(=O)(=O)NC(=O)NC3CCC(CC3)C)C,Hyperglycaemia,1
linagliptin,10096344,CC#CCN1C2=C(N=C1N3CCCC(C3)N)N(C(=O)N(C2=O)CC4=NC5=CC=CC=C5C(=N4)C)C,Allergic pharyngitis,0
linagliptin,10096344,CC#CCN1C2=C(N=C1N3CCCC(C3)N)N(C(=O)N(C2=O)CC4=NC5=CC=CC=C5C(=N4)C)C,Electrocardiogram QRS complex prolonged,0
saxagliptin,11243969,C1C2CC2N(C1C#N)C(=O)C(C34CC5CC(C3)CC(C5)(C4)O)N,Eye injury,0
metformin,4091,CN(C)C(=N)N=C(N)N,Breast sarcoma metastatic,1
metformin,4091,CN(C)C(=N)N=C(N)N,Blood mercury abnormal,1
metformin,4091,CN(C)C(=N)N=C(N)N,Polycythaemia,1
glipizide,3478,CC1=CN=C(C=N1)C(=O)NCCC2=CC=C(C=C2)S(=O)(=O)NC(=O)NC3CCCCC3,Oncologic complication,0
metformin,4091,CN(C)C(=N)N=C(N)N,No adverse event,1
glyburide,3488,COC1=C(C=C(C=C1)Cl)C(=O)NCCC2=CC=C(C=C2)S(=O)(=O)NC(=O)NC3CCCCC3,Red cell distribution width abnormal,0
metformin,4091,CN(C)C(=N)N=C(N)N,Hospitalisation,1
saxagliptin,11243969,C1C2CC2N(C1C#N)C(=O)C(C34CC5CC(C3)CC(C5)(C4)O)N,Dysphemia,0
glimepiride,3476,CCC1=C(CN(C1=O)C(=O)NCCC2=CC=C(C=C2)S(=O)(=O)NC(=O)NC3CCC(CC3)C)C,Dry mouth,1
metformin,4091,CN(C)C(=N)N=C(N)N,Otorrhoea,1
rosiglitazone,77999,CN(CCOC1=CC=C(C=C1)CC2C(=O)NC(=O)S2)C3=CC=CC=N3,Fear of injection,0
pioglitazone,4829,CCC1=CN=C(C=C1)CCOC2=CC=C(C=C2)CC3C(=O)NC(=O)S3,Vertigo,0
pioglitazone,4829,CCC1=CN=C(C=C1)CCOC2=CC=C(C=C2)CC3C(=O)NC(=O)S3,Product dose omission issue,0
glimepiride,3476,CCC1=C(CN(C1=O)C(=O)NCCC2=CC=C(C=C2)S(=O)(=O)NC(=O)NC3CCC(CC3)C)C,Spinal pain,1
metformin,4091,CN(C)C(=N)N=C(N)N,Muscle strain,1
pioglitazone,4829,CCC1=CN=C(C=C1)CCOC2=CC=C(C=C2)CC3C(=O)NC(=O)S3,Gastric haemorrhage,0
glyburide,3488,COC1=C(C=C(C=C1)Cl)C(=O)NCCC2=CC=C(C=C2)S(=O)(=O)NC(=O)NC3CCCCC3,Acute coronary syndrome,0
metformin,4091,CN(C)C(=N)N=C(N)N,Renal function test abnormal,1
sitagliptin,4369359,C1CN2C(=NN=C2C(F)(F)F)CN1C(=O)CC(CC3=CC(=C(C=C3F)F)F)N,Respiratory acidosis,1
metformin,4091,CN(C)C(=N)N=C(N)N,Gastrointestinal neoplasm,1
metformin,4091,CN(C)C(=N)N=C(N)N,Acute myocardial infarction,1
repaglinide,65981,CCOC1=C(C=CC(=C1)CC(=O)NC(CC(C)C)C2=CC=CC=C2N3CCCCC3)C(=O)O,Skin cancer,0
glimepiride,3476,CCC1=C(CN(C1=O)C(=O)NCCC2=CC=C(C=C2)S(=O)(=O)NC(=O)NC3CCC(CC3)C)C,Recurrent pyogenic cholangitis,0
glimepiride,3476,CCC1=C(CN(C1=O)C(=O)NCCC2=CC=C(C=C2)S(=O)(=O)NC(=O)NC3CCC(CC3)C)C,Blood prolactin increased,0
empagliflozin,11949646,C1COCC1OC2=CC=C(C=C2)CC3=C(C=CC(=C3)C4C(C(C(C(O4)CO)O)O)O)Cl,Skin irritation,1
metformin,4091,CN(C)C(=N)N=C(N)N,Gamma-glutamyltransferase increased,1
acarbose,9811704,CC1C(C(C(C(O1)OC2C(OC(C(C2O)O)OC(C(CO)O)C(C(C=O)O)O)CO)O)O)NC3C=C(C(C(C3O)O)O)CO,Pneumothorax traumatic,0
canagliflozin,24812758,CC1=C(C=C(C=C1)C2C(C(C(C(O2)CO)O)O)O)CC3=CC=C(S3)C4=CC=C(C=C4)F,Laparotomy,0
metformin,4091,CN(C)C(=N)N=C(N)N,Dilatation ventricular,1
sitagliptin,4369359,C1CN2C(=NN=C2C(F)(F)F)CN1C(=O)CC(CC3=CC(=C(C=C3F)F)F)N,Urticaria,1
sitagliptin,4369359,C1CN2C(=NN=C2C(F)(F)F)CN1C(=O)CC(CC3=CC(=C(C=C3F)F)F)N,Xerophthalmia,0
empagliflozin,11949646,C1COCC1OC2=CC=C(C=C2)CC3=C(C=CC(=C3)C4C(C(C(C(O4)CO)O)O)O)Cl,Syncope,1
metformin,4091,CN(C)C(=N)N=C(N)N,Interstitial lung disease,1
metformin,4091,CN(C)C(=N)N=C(N)N,Systemic inflammatory response syndrome,1
metformin,4091,CN(C)C(=N)N=C(N)N,Rhinitis,1
dapagliflozin,9887712,CCOC1=CC=C(C=C1)CC2=C(C=CC(=C2)C3C(C(C(C(O3)CO)O)O)O)Cl,Heart valve stenosis,0
glimepiride,3476,CCC1=C(CN(C1=O)C(=O)NCCC2=CC=C(C=C2)S(=O)(=O)NC(=O)NC3CCC(CC3)C)C,Debridement,0
metformin,4091,CN(C)C(=N)N=C(N)N,Jaundice cholestatic,1
pioglitazone,4829,CCC1=CN=C(C=C1)CCOC2=CC=C(C=C2)CC3C(=O)NC(=O)S3,Nausea,1
empagliflozin,11949646,C1COCC1OC2=CC=C(C=C2)CC3=C(C=CC(=C3)C4C(C(C(C(O4)CO)O)O)O)Cl,Paralysis recurrent laryngeal nerve,0
acarbose,9811704,CC1C(C(C(C(O1)OC2C(OC(C(C2O)O)OC(C(CO)O)C(C(C=O)O)O)CO)O)O)NC3C=C(C(C(C3O)O)O)CO,Blood creatine increased,0
metformin,4091,CN(C)C(=N)N=C(N)N,Ventricular hypokinesia,1
dapagliflozin,9887712,CCOC1=CC=C(C=C1)CC2=C(C=CC(=C2)C3C(C(C(C(O3)CO)O)O)O)Cl,Lower respiratory tract infection,0
metformin,4091,CN(C)C(=N)N=C(N)N,Immunoglobulins increased,1
dapagliflozin,9887712,CCOC1=CC=C(C=C1)CC2=C(C=CC(=C2)C3C(C(C(C(O3)CO)O)O)O)Cl,Klebsiella sepsis,0
saxagliptin,11243969,C1C2CC2N(C1C#N)C(=O)C(C34CC5CC(C3)CC(C5)(C4)O)N,Stiff person syndrome,0
sitagliptin,4369359,C1CN2C(=NN=C2C(F)(F)F)CN1C(=O)CC(CC3=CC(=C(C=C3F)F)F)N,Dehydration,1
metformin,4091,CN(C)C(=N)N=C(N)N,Abdominal adhesions,1
metformin,4091,CN(C)C(=N)N=C(N)N,Hepatic encephalopathy,1
nateglinide,5311309,CC(C)C1CCC(CC1)C(=O)NC(CC2=CC=CC=C2)C(=O)O,Blood triglycerides abnormal,0
dapagliflozin,9887712,CCOC1=CC=C(C=C1)CC2=C(C=CC(=C2)C3C(C(C(C(O3)CO)O)O)O)Cl,Gestational hypertension,0
metformin,4091,CN(C)C(=N)N=C(N)N,Cortisol decreased,1
repaglinide,65981,CCOC1=C(C=CC(=C1)CC(=O)NC(CC(C)C)C2=CC=CC=C2N3CCCCC3)C(=O)O,Collagen disorder,0
glimepiride,3476,CCC1=C(CN(C1=O)C(=O)NCCC2=CC=C(C=C2)S(=O)(=O)NC(=O)NC3CCC(CC3)C)C,Blindness cortical,0
metformin,4091,CN(C)C(=N)N=C(N)N,Pyuria,1
rosiglitazone,77999,CN(CCOC1=CC=C(C=C1)CC2C(=O)NC(=O)S2)C3=CC=CC=N3,Glomerular filtration rate decreased,0
metformin,4091,CN(C)C(=N)N=C(N)N,Haematocrit decreased,1
glipizide,3478,CC1=CN=C(C=N1)C(=O)NCCC2=CC=C(C=C2)S(=O)(=O)NC(=O)NC3CCCCC3,Fear of death,0
metformin,4091,CN(C)C(=N)N=C(N)N,Product appearance confusion,1
empagliflozin,11949646,C1COCC1OC2=CC=C(C=C2)CC3=C(C=CC(=C3)C4C(C(C(C(O4)CO)O)O)O)Cl,Respiratory gas exchange disorder,0
metformin,4091,CN(C)C(=N)N=C(N)N,Dyspnoea at rest,1
canagliflozin,24812758,CC1=C(C=C(C=C1)C2C(C(C(C(O2)CO)O)O)O)CC3=CC=C(S3)C4=CC=C(C=C4)F,Bladder cancer,1
pioglitazone,4829,CCC1=CN=C(C=C1)CCOC2=CC=C(C=C2)CC3C(=O)NC(=O)S3,Cytotoxic oedema,0
linagliptin,10096344,CC#CCN1C2=C(N=C1N3CCCC(C3)N)N(C(=O)N(C2=O)CC4=NC5=CC=CC=C5C(=N4)C)C,Vaginal haemorrhage,0
glimepiride,3476,CCC1=C(CN(C1=O)C(=O)NCCC2=CC=C(C=C2)S(=O)(=O)NC(=O)NC3CCC(CC3)C)C,Bilirubin conjugated increased,0
metformin,4091,CN(C)C(=N)N=C(N)N,5-hydroxyindolacetic acid in urine increased,1
linagliptin,10096344,CC#CCN1C2=C(N=C1N3CCCC(C3)N)N(C(=O)N(C2=O)CC4=NC5=CC=CC=C5C(=N4)C)C,Gastrointestinal stromal tumour,0
nateglinide,5311309,CC(C)C1CCC(CC1)C(=O)NC(CC2=CC=CC=C2)C(=O)O,Periorbital cellulitis,0
metformin,4091,CN(C)C(=N)N=C(N)N,Abdominal pain upper,1
pioglitazone,4829,CCC1=CN=C(C=C1)CCOC2=CC=C(C=C2)CC3C(=O)NC(=O)S3,Scar,0
canagliflozin,24812758,CC1=C(C=C(C=C1)C2C(C(C(C(O2)CO)O)O)O)CC3=CC=C(S3)C4=CC=C(C=C4)F,Injection site mass,0
saxagliptin,11243969,C1C2CC2N(C1C#N)C(=O)C(C34CC5CC(C3)CC(C5)(C4)O)N,Vertigo,1
repaglinide,65981,CCOC1=C(C=CC(=C1)CC(=O)NC(CC(C)C)C2=CC=CC=C2N3CCCCC3)C(=O)O,Osteonecrosis,0
sitagliptin,4369359,C1CN2C(=NN=C2C(F)(F)F)CN1C(=O)CC(CC3=CC(=C(C=C3F)F)F)N,Ejection fraction decreased,0
saxagliptin,11243969,C1C2CC2N(C1C#N)C(=O)C(C34CC5CC(C3)CC(C5)(C4)O)N,Nodal osteoarthritis,0
canagliflozin,24812758,CC1=C(C=C(C=C1)C2C(C(C(C(O2)CO)O)O)O)CC3=CC=C(S3)C4=CC=C(C=C4)F,Breast tenderness,0
rosiglitazone,77999,CN(CCOC1=CC=C(C=C1)CC2C(=O)NC(=O)S2)C3=CC=CC=N3,Misleading laboratory test result,0
rosiglitazone,77999,CN(CCOC1=CC=C(C=C1)CC2C(=O)NC(=O)S2)C3=CC=CC=N3,Feeling of despair,0
canagliflozin,24812758,CC1=C(C=C(C=C1)C2C(C(C(C(O2)CO)O)O)O)CC3=CC=C(S3)C4=CC=C(C=C4)F,Motion sickness,1
nateglinide,5311309,CC(C)C1CCC(CC1)C(=O)NC(CC2=CC=CC=C2)C(=O)O,Asthenopia,0
glimepiride,3476,CCC1=C(CN(C1=O)C(=O)NCCC2=CC=C(C=C2)S(=O)(=O)NC(=O)NC3CCC(CC3)C)C,Retinopathy,0
pioglitazone,4829,CCC1=CN=C(C=C1)CCOC2=CC=C(C=C2)CC3C(=O)NC(=O)S3,Hyperphagia,0
metformin,4091,CN(C)C(=N)N=C(N)N,Akathisia,1
metformin,4091,CN(C)C(=N)N=C(N)N,Oligohydramnios,1
glipizide,3478,CC1=CN=C(C=N1)C(=O)NCCC2=CC=C(C=C2)S(=O)(=O)NC(=O)NC3CCCCC3,Lafora's myoclonic epilepsy,0
dapagliflozin,9887712,CCOC1=CC=C(C=C1)CC2=C(C=CC(=C2)C3C(C(C(C(O3)CO)O)O)O)Cl,Intentional self-injury,0
pioglitazone,4829,CCC1=CN=C(C=C1)CCOC2=CC=C(C=C2)CC3C(=O)NC(=O)S3,Product substitution issue,1
glimepiride,3476,CCC1=C(CN(C1=O)C(=O)NCCC2=CC=C(C=C2)S(=O)(=O)NC(=O)NC3CCC(CC3)C)C,Preterm premature rupture of membranes,0
empagliflozin,11949646,C1COCC1OC2=CC=C(C=C2)CC3=C(C=CC(=C3)C4C(C(C(C(O4)CO)O)O)O)Cl,Double stranded DNA antibody positive,0
saxagliptin,11243969,C1C2CC2N(C1C#N)C(=O)C(C34CC5CC(C3)CC(C5)(C4)O)N,Oropharyngeal discomfort,0
dapagliflozin,9887712,CCOC1=CC=C(C=C1)CC2=C(C=CC(=C2)C3C(C(C(C(O3)CO)O)O)O)Cl,Bacterial test positive,0
repaglinide,65981,CCOC1=C(C=CC(=C1)CC(=O)NC(CC(C)C)C2=CC=CC=C2N3CCCCC3)C(=O)O,Pancreatolithiasis,0
canagliflozin,24812758,CC1=C(C=C(C=C1)C2C(C(C(C(O2)CO)O)O)O)CC3=CC=C(S3)C4=CC=C(C=C4)F,Biliary tract disorder,1
metformin,4091,CN(C)C(=N)N=C(N)N,Benign prostatic hyperplasia,1
glimepiride,3476,CCC1=C(CN(C1=O)C(=O)NCCC2=CC=C(C=C2)S(=O)(=O)NC(=O)NC3CCC(CC3)C)C,Product name confusion,0
rosiglitazone,77999,CN(CCOC1=CC=C(C=C1)CC2C(=O)NC(=O)S2)C3=CC=CC=N3,Fibrous histiocytoma,0
metformin,4091,CN(C)C(=N)N=C(N)N,Ejection fraction,1
canagliflozin,24812758,CC1=C(C=C(C=C1)C2C(C(C(C(O2)CO)O)O)O)CC3=CC=C(S3)C4=CC=C(C=C4)F,Cellulitis gangrenous,0
empagliflozin,11949646,C1COCC1OC2=CC=C(C=C2)CC3=C(C=CC(=C3)C4C(C(C(C(O4)CO)O)O)O)Cl,Genital pain,1
metformin,4091,CN(C)C(=N)N=C(N)N,Acquired mitochondrial DNA mutation,1
metformin,4091,CN(C)C(=N)N=C(N)N,Restlessness,1
sitagliptin,4369359,C1CN2C(=NN=C2C(F)(F)F)CN1C(=O)CC(CC3=CC(=C(C=C3F)F)F)N,Atrial fibrillation,1
metformin,4091,CN(C)C(=N)N=C(N)N,Product physical issue,1
metformin,4091,CN(C)C(=N)N=C(N)N,Hyperlipidaemia,1
pioglitazone,4829,CCC1=CN=C(C=C1)CCOC2=CC=C(C=C2)CC3C(=O)NC(=O)S3,Urinary tract obstruction,0
canagliflozin,24812758,CC1=C(C=C(C=C1)C2C(C(C(C(O2)CO)O)O)O)CC3=CC=C(S3)C4=CC=C(C=C4)F,Essential thrombocythaemia,0
metformin,4091,CN(C)C(=N)N=C(N)N,Guillain-Barre syndrome,1
repaglinide,65981,CCOC1=C(C=CC(=C1)CC(=O)NC(CC(C)C)C2=CC=CC=C2N3CCCCC3)C(=O)O,Hypoglycaemia,1
metformin,4091,CN(C)C(=N)N=C(N)N,Joint stiffness,1
metformin,4091,CN(C)C(=N)N=C(N)N,Taste disorder,1
dapagliflozin,9887712,CCOC1=CC=C(C=C1)CC2=C(C=CC(=C2)C3C(C(C(C(O3)CO)O)O)O)Cl,Genital herpes zoster,0
canagliflozin,24812758,CC1=C(C=C(C=C1)C2C(C(C(C(O2)CO)O)O)O)CC3=CC=C(S3)C4=CC=C(C=C4)F,Blood albumin increased,0
metformin,4091,CN(C)C(=N)N=C(N)N,Pulseless electrical activity,1
empagliflozin,11949646,C1COCC1OC2=CC=C(C=C2)CC3=C(C=CC(=C3)C4C(C(C(C(O4)CO)O)O)O)Cl,Non-alcoholic steatohepatitis,0
glimepiride,3476,CCC1=C(CN(C1=O)C(=O)NCCC2=CC=C(C=C2)S(=O)(=O)NC(=O)NC3CCC(CC3)C)C,Cerebrovascular accident,1
dapagliflozin,9887712,CCOC1=CC=C(C=C1)CC2=C(C=CC(=C2)C3C(C(C(C(O3)CO)O)O)O)Cl,Ischaemic hepatitis,0
glipizide,3478,CC1=CN=C(C=N1)C(=O)NCCC2=CC=C(C=C2)S(=O)(=O)NC(=O)NC3CCCCC3,Sinus bradycardia,0
dapagliflozin,9887712,CCOC1=CC=C(C=C1)CC2=C(C=CC(=C2)C3C(C(C(C(O3)CO)O)O)O)Cl,Blood triglycerides increased,1
empagliflozin,11949646,C1COCC1OC2=CC=C(C=C2)CC3=C(C=CC(=C3)C4C(C(C(C(O4)CO)O)O)O)Cl,Electrocardiogram ambulatory abnormal,0
metformin,4091,CN(C)C(=N)N=C(N)N,Glomerular filtration rate increased,1
metformin,4091,CN(C)C(=N)N=C(N)N,Blood glucose decreased,1
canagliflozin,24812758,CC1=C(C=C(C=C1)C2C(C(C(C(O2)CO)O)O)O)CC3=CC=C(S3)C4=CC=C(C=C4)F,Ventricular fibrillation,1
saxagliptin,11243969,C1C2CC2N(C1C#N)C(=O)C(C34CC5CC(C3)CC(C5)(C4)O)N,Chest discomfort,0
rosiglitazone,77999,CN(CCOC1=CC=C(C=C1)CC2C(=O)NC(=O)S2)C3=CC=CC=N3,Ectopia cordis,0
metformin,4091,CN(C)C(=N)N=C(N)N,Erythema multiforme,1
metformin,4091,CN(C)C(=N)N=C(N)N,Chronic spontaneous urticaria,1
acarbose,9811704,CC1C(C(C(C(O1)OC2C(OC(C(C2O)O)OC(C(CO)O)C(C(C=O)O)O)CO)O)O)NC3C=C(C(C(C3O)O)O)CO,Cold sweat,1
glyburide,3488,COC1=C(C=C(C=C1)Cl)C(=O)NCCC2=CC=C(C=C2)S(=O)(=O)NC(=O)NC3CCCCC3,Neuritis,0
saxagliptin,11243969,C1C2CC2N(C1C#N)C(=O)C(C34CC5CC(C3)CC(C5)(C4)O)N,Vitamin D deficiency,0
metformin,4091,CN(C)C(=N)N=C(N)N,Back injury,1
dapagliflozin,9887712,CCOC1=CC=C(C=C1)CC2=C(C=CC(=C2)C3C(C(C(C(O3)CO)O)O)O)Cl,Hepatic cytolysis,0
sitagliptin,4369359,C1CN2C(=NN=C2C(F)(F)F)CN1C(=O)CC(CC3=CC(=C(C=C3F)F)F)N,Vascular insufficiency,0
metformin,4091,CN(C)C(=N)N=C(N)N,Adverse event,1
metformin,4091,CN(C)C(=N)N=C(N)N,Infection,1
metformin,4091,CN(C)C(=N)N=C(N)N,Starvation ketoacidosis,1
glipizide,3478,CC1=CN=C(C=N1)C(=O)NCCC2=CC=C(C=C2)S(=O)(=O)NC(=O)NC3CCCCC3,Treatment noncompliance,1
sitagliptin,4369359,C1CN2C(=NN=C2C(F)(F)F)CN1C(=O)CC(CC3=CC(=C(C=C3F)F)F)N,Thoracotomy,0
glimepiride,3476,CCC1=C(CN(C1=O)C(=O)NCCC2=CC=C(C=C2)S(=O)(=O)NC(=O)NC3CCC(CC3)C)C,Sinus congestion,0
dapagliflozin,9887712,CCOC1=CC=C(C=C1)CC2=C(C=CC(=C2)C3C(C(C(C(O3)CO)O)O)O)Cl,Personality change,0
saxagliptin,11243969,C1C2CC2N(C1C#N)C(=O)C(C34CC5CC(C3)CC(C5)(C4)O)N,Multimorbidity,0
saxagliptin,11243969,C1C2CC2N(C1C#N)C(=O)C(C34CC5CC(C3)CC(C5)(C4)O)N,Thoracotomy,0
rosiglitazone,77999,CN(CCOC1=CC=C(C=C1)CC2C(=O)NC(=O)S2)C3=CC=CC=N3,Aortic dilatation,0
linagliptin,10096344,CC#CCN1C2=C(N=C1N3CCCC(C3)N)N(C(=O)N(C2=O)CC4=NC5=CC=CC=C5C(=N4)C)C,Toe amputation,0
pioglitazone,4829,CCC1=CN=C(C=C1)CCOC2=CC=C(C=C2)CC3C(=O)NC(=O)S3,Skin induration,0
canagliflozin,24812758,CC1=C(C=C(C=C1)C2C(C(C(C(O2)CO)O)O)O)CC3=CC=C(S3)C4=CC=C(C=C4)F,Movement disorder,1
saxagliptin,11243969,C1C2CC2N(C1C#N)C(=O)C(C34CC5CC(C3)CC(C5)(C4)O)N,Large intestine polyp,0
metformin,4091,CN(C)C(=N)N=C(N)N,Spermatic cord inflammation,0
sitagliptin,4369359,C1CN2C(=NN=C2C(F)(F)F)CN1C(=O)CC(CC3=CC(=C(C=C3F)F)F)N,Herpes zoster,0
nateglinide,5311309,CC(C)C1CCC(CC1)C(=O)NC(CC2=CC=CC=C2)C(=O)O,Vomiting projectile,0
metformin,4091,CN(C)C(=N)N=C(N)N,Agitation,1
pioglitazone,4829,CCC1=CN=C(C=C1)CCOC2=CC=C(C=C2)CC3C(=O)NC(=O)S3,Autoimmune disorder,0
pioglitazone,4829,CCC1=CN=C(C=C1)CCOC2=CC=C(C=C2)CC3C(=O)NC(=O)S3,Clostridium difficile infection,1
empagliflozin,11949646,C1COCC1OC2=CC=C(C=C2)CC3=C(C=CC(=C3)C4C(C(C(C(O4)CO)O)O)O)Cl,Blood glucose increased,1
metformin,4091,CN(C)C(=N)N=C(N)N,Sepsis neonatal,1
metformin,4091,CN(C)C(=N)N=C(N)N,Large intestine polyp,1
glimepiride,3476,CCC1=C(CN(C1=O)C(=O)NCCC2=CC=C(C=C2)S(=O)(=O)NC(=O)NC3CCC(CC3)C)C,Thinking abnormal,0
sitagliptin,4369359,C1CN2C(=NN=C2C(F)(F)F)CN1C(=O)CC(CC3=CC(=C(C=C3F)F)F)N,Skin atrophy,0
metformin,4091,CN(C)C(=N)N=C(N)N,Impetigo,1
metformin,4091,CN(C)C(=N)N=C(N)N,Brain neoplasm,1
linagliptin,10096344,CC#CCN1C2=C(N=C1N3CCCC(C3)N)N(C(=O)N(C2=O)CC4=NC5=CC=CC=C5C(=N4)C)C,Orchitis,0
metformin,4091,CN(C)C(=N)N=C(N)N,Hydrocephalus,1
metformin,4091,CN(C)C(=N)N=C(N)N,Hypoglycaemic unconsciousness,1
pioglitazone,4829,CCC1=CN=C(C=C1)CCOC2=CC=C(C=C2)CC3C(=O)NC(=O)S3,Mouth haemorrhage,0
metformin,4091,CN(C)C(=N)N=C(N)N,Snoring,1
metformin,4091,CN(C)C(=N)N=C(N)N,Hepatic ischaemia,1
canagliflozin,24812758,CC1=C(C=C(C=C1)C2C(C(C(C(O2)CO)O)O)O)CC3=CC=C(S3)C4=CC=C(C=C4)F,Enzyme abnormality,0
glipizide,3478,CC1=CN=C(C=N1)C(=O)NCCC2=CC=C(C=C2)S(=O)(=O)NC(=O)NC3CCCCC3,Disturbance in attention,1
metformin,4091,CN(C)C(=N)N=C(N)N,Synovial cyst,1
metformin,4091,CN(C)C(=N)N=C(N)N,Oedematous kidney,1
dapagliflozin,9887712,CCOC1=CC=C(C=C1)CC2=C(C=CC(=C2)C3C(C(C(C(O3)CO)O)O)O)Cl,Intentional product misuse,1
glimepiride,3476,CCC1=C(CN(C1=O)C(=O)NCCC2=CC=C(C=C2)S(=O)(=O)NC(=O)NC3CCC(CC3)C)C,Distributive shock,0
rosiglitazone,77999,CN(CCOC1=CC=C(C=C1)CC2C(=O)NC(=O)S2)C3=CC=CC=N3,Trichophytosis,0
canagliflozin,24812758,CC1=C(C=C(C=C1)C2C(C(C(C(O2)CO)O)O)O)CC3=CC=C(S3)C4=CC=C(C=C4)F,Urogenital disorder,0
repaglinide,65981,CCOC1=C(C=CC(=C1)CC(=O)NC(CC(C)C)C2=CC=CC=C2N3CCCCC3)C(=O)O,Eye disorder,0
metformin,4091,CN(C)C(=N)N=C(N)N,Toe amputation,1
acarbose,9811704,CC1C(C(C(C(O1)OC2C(OC(C(C2O)O)OC(C(CO)O)C(C(C=O)O)O)CO)O)O)NC3C=C(C(C(C3O)O)O)CO,Distributive shock,0
metformin,4091,CN(C)C(=N)N=C(N)N,Cardiac murmur,1
metformin,4091,CN(C)C(=N)N=C(N)N,Microalbuminuria,1
glipizide,3478,CC1=CN=C(C=N1)C(=O)NCCC2=CC=C(C=C2)S(=O)(=O)NC(=O)NC3CCCCC3,Pleural fibrosis,0
empagliflozin,11949646,C1COCC1OC2=CC=C(C=C2)CC3=C(C=CC(=C3)C4C(C(C(C(O4)CO)O)O)O)Cl,Vertigo,1
pioglitazone,4829,CCC1=CN=C(C=C1)CCOC2=CC=C(C=C2)CC3C(=O)NC(=O)S3,Hyperlactacidaemia,1
glimepiride,3476,CCC1=C(CN(C1=O)C(=O)NCCC2=CC=C(C=C2)S(=O)(=O)NC(=O)NC3CCC(CC3)C)C,Neuropathic arthropathy,0
metformin,4091,CN(C)C(=N)N=C(N)N,Glomerular filtration rate abnormal,1
glipizide,3478,CC1=CN=C(C=N1)C(=O)NCCC2=CC=C(C=C2)S(=O)(=O)NC(=O)NC3CCCCC3,Jaundice,0
linagliptin,10096344,CC#CCN1C2=C(N=C1N3CCCC(C3)N)N(C(=O)N(C2=O)CC4=NC5=CC=CC=C5C(=N4)C)C,Cellulitis gangrenous,0
empagliflozin,11949646,C1COCC1OC2=CC=C(C=C2)CC3=C(C=CC(=C3)C4C(C(C(C(O4)CO)O)O)O)Cl,Alpha hydroxybutyrate dehydrogenase increased,1
canagliflozin,24812758,CC1=C(C=C(C=C1)C2C(C(C(C(O2)CO)O)O)O)CC3=CC=C(S3)C4=CC=C(C=C4)F,Hyperdynamic left ventricle,0
glipizide,3478,CC1=CN=C(C=N1)C(=O)NCCC2=CC=C(C=C2)S(=O)(=O)NC(=O)NC3CCCCC3,Embolism,0
repaglinide,65981,CCOC1=C(C=CC(=C1)CC(=O)NC(CC(C)C)C2=CC=CC=C2N3CCCCC3)C(=O)O,Dyspnoea,1
rosiglitazone,77999,CN(CCOC1=CC=C(C=C1)CC2C(=O)NC(=O)S2)C3=CC=CC=N3,Mutism,0
metformin,4091,CN(C)C(=N)N=C(N)N,Acute kidney injury,1
rosiglitazone,77999,CN(CCOC1=CC=C(C=C1)CC2C(=O)NC(=O)S2)C3=CC=CC=N3,Diastolic dysfunction,0
canagliflozin,24812758,CC1=C(C=C(C=C1)C2C(C(C(C(O2)CO)O)O)O)CC3=CC=C(S3)C4=CC=C(C=C4)F,Hepatorenal syndrome,0
dapagliflozin,9887712,CCOC1=CC=C(C=C1)CC2=C(C=CC(=C2)C3C(C(C(C(O3)CO)O)O)O)Cl,Staphylococcal bacteraemia,0
glyburide,3488,COC1=C(C=C(C=C1)Cl)C(=O)NCCC2=CC=C(C=C2)S(=O)(=O)NC(=O)NC3CCCCC3,Menstrual disorder,0
metformin,4091,CN(C)C(=N)N=C(N)N,Insulin-like growth factor increased,1
dapagliflozin,9887712,CCOC1=CC=C(C=C1)CC2=C(C=CC(=C2)C3C(C(C(C(O3)CO)O)O)O)Cl,Bursitis infective,0
pioglitazone,4829,CCC1=CN=C(C=C1)CCOC2=CC=C(C=C2)CC3C(=O)NC(=O)S3,Foetal growth restriction,1
metformin,4091,CN(C)C(=N)N=C(N)N,Skin neoplasm bleeding,1
nateglinide,5311309,CC(C)C1CCC(CC1)C(=O)NC(CC2=CC=CC=C2)C(=O)O,Arrhythmia,0
metformin,4091,CN(C)C(=N)N=C(N)N,Renal infarct,1
acarbose,9811704,CC1C(C(C(C(O1)OC2C(OC(C(C2O)O)OC(C(CO)O)C(C(C=O)O)O)CO)O)O)NC3C=C(C(C(C3O)O)O)CO,Ankylosing spondylitis,0
canagliflozin,24812758,CC1=C(C=C(C=C1)C2C(C(C(C(O2)CO)O)O)O)CC3=CC=C(S3)C4=CC=C(C=C4)F,Flank pain,1
metformin,4091,CN(C)C(=N)N=C(N)N,White blood cells urine,1
empagliflozin,11949646,C1COCC1OC2=CC=C(C=C2)CC3=C(C=CC(=C3)C4C(C(C(C(O4)CO)O)O)O)Cl,Blood glucose abnormal,1
empagliflozin,11949646,C1COCC1OC2=CC=C(C=C2)CC3=C(C=CC(=C3)C4C(C(C(C(O4)CO)O)O)O)Cl,Altered state of consciousness,1
dapagliflozin,9887712,CCOC1=CC=C(C=C1)CC2=C(C=CC(=C2)C3C(C(C(C(O3)CO)O)O)O)Cl,Renal injury,1
acarbose,9811704,CC1C(C(C(C(O1)OC2C(OC(C(C2O)O)OC(C(CO)O)C(C(C=O)O)O)CO)O)O)NC3C=C(C(C(C3O)O)O)CO,Polydipsia,0
empagliflozin,11949646,C1COCC1OC2=CC=C(C=C2)CC3=C(C=CC(=C3)C4C(C(C(C(O4)CO)O)O)O)Cl,Bladder disorder,0
canagliflozin,24812758,CC1=C(C=C(C=C1)C2C(C(C(C(O2)CO)O)O)O)CC3=CC=C(S3)C4=CC=C(C=C4)F,Leg amputation,1
metformin,4091,CN(C)C(=N)N=C(N)N,Increased viscosity of upper respiratory secretion,1
metformin,4091,CN(C)C(=N)N=C(N)N,Diverticulitis,1
metformin,4091,CN(C)C(=N)N=C(N)N,Morning sickness,1
empagliflozin,11949646,C1COCC1OC2=CC=C(C=C2)CC3=C(C=CC(=C3)C4C(C(C(C(O4)CO)O)O)O)Cl,Neutrophilia,0
empagliflozin,11949646,C1COCC1OC2=CC=C(C=C2)CC3=C(C=CC(=C3)C4C(C(C(C(O4)CO)O)O)O)Cl,Decubitus ulcer,1
glipizide,3478,CC1=CN=C(C=N1)C(=O)NCCC2=CC=C(C=C2)S(=O)(=O)NC(=O)NC3CCCCC3,Forced expiratory volume decreased,1
empagliflozin,11949646,C1COCC1OC2=CC=C(C=C2)CC3=C(C=CC(=C3)C4C(C(C(C(O4)CO)O)O)O)Cl,Localised infection,1
glimepiride,3476,CCC1=C(CN(C1=O)C(=O)NCCC2=CC=C(C=C2)S(=O)(=O)NC(=O)NC3CCC(CC3)C)C,Tachycardia,1
sitagliptin,4369359,C1CN2C(=NN=C2C(F)(F)F)CN1C(=O)CC(CC3=CC(=C(C=C3F)F)F)N,Bladder pain,0
glyburide,3488,COC1=C(C=C(C=C1)Cl)C(=O)NCCC2=CC=C(C=C2)S(=O)(=O)NC(=O)NC3CCCCC3,Respiratory arrest,0
nateglinide,5311309,CC(C)C1CCC(CC1)C(=O)NC(CC2=CC=CC=C2)C(=O)O,Heart alternation,0
metformin,4091,CN(C)C(=N)N=C(N)N,Respiratory alkalosis,1
metformin,4091,CN(C)C(=N)N=C(N)N,Polydipsia,1
acarbose,9811704,CC1C(C(C(C(O1)OC2C(OC(C(C2O)O)OC(C(CO)O)C(C(C=O)O)O)CO)O)O)NC3C=C(C(C(C3O)O)O)CO,Potentiating drug interaction,0
metformin,4091,CN(C)C(=N)N=C(N)N,Knee operation,1
nateglinide,5311309,CC(C)C1CCC(CC1)C(=O)NC(CC2=CC=CC=C2)C(=O)O,Hypotonia,0
glimepiride,3476,CCC1=C(CN(C1=O)C(=O)NCCC2=CC=C(C=C2)S(=O)(=O)NC(=O)NC3CCC(CC3)C)C,Gammopathy,0
dapagliflozin,9887712,CCOC1=CC=C(C=C1)CC2=C(C=CC(=C2)C3C(C(C(C(O3)CO)O)O)O)Cl,Iliac artery stenosis,1
metformin,4091,CN(C)C(=N)N=C(N)N,Breast cancer stage I,1
sitagliptin,4369359,C1CN2C(=NN=C2C(F)(F)F)CN1C(=O)CC(CC3=CC(=C(C=C3F)F)F)N,Staphylococcal bacteraemia,0
dapagliflozin,9887712,CCOC1=CC=C(C=C1)CC2=C(C=CC(=C2)C3C(C(C(C(O3)CO)O)O)O)Cl,Weight decreased,1
glimepiride,3476,CCC1=C(CN(C1=O)C(=O)NCCC2=CC=C(C=C2)S(=O)(=O)NC(=O)NC3CCC(CC3)C)C,Malaise,1
metformin,4091,CN(C)C(=N)N=C(N)N,Pancreatitis,1
glimepiride,3476,CCC1=C(CN(C1=O)C(=O)NCCC2=CC=C(C=C2)S(=O)(=O)NC(=O)NC3CCC(CC3)C)C,Depressed mood,1
metformin,4091,CN(C)C(=N)N=C(N)N,Potentiating drug interaction,1
acarbose,9811704,CC1C(C(C(C(O1)OC2C(OC(C(C2O)O)OC(C(CO)O)C(C(C=O)O)O)CO)O)O)NC3C=C(C(C(C3O)O)O)CO,Illness,1
pioglitazone,4829,CCC1=CN=C(C=C1)CCOC2=CC=C(C=C2)CC3C(=O)NC(=O)S3,Therapeutic product effect incomplete,1
dapagliflozin,9887712,CCOC1=CC=C(C=C1)CC2=C(C=CC(=C2)C3C(C(C(C(O3)CO)O)O)O)Cl,Cataract diabetic,0
glipizide,3478,CC1=CN=C(C=N1)C(=O)NCCC2=CC=C(C=C2)S(=O)(=O)NC(=O)NC3CCCCC3,Eye disorder,0
nateglinide,5311309,CC(C)C1CCC(CC1)C(=O)NC(CC2=CC=CC=C2)C(=O)O,IgA nephropathy,0
metformin,4091,CN(C)C(=N)N=C(N)N,Renal impairment,1
metformin,4091,CN(C)C(=N)N=C(N)N,Cholecystitis infective,1
acarbose,9811704,CC1C(C(C(C(O1)OC2C(OC(C(C2O)O)OC(C(CO)O)C(C(C=O)O)O)CO)O)O)NC3C=C(C(C(C3O)O)O)CO,Thrombosis,0
empagliflozin,11949646,C1COCC1OC2=CC=C(C=C2)CC3=C(C=CC(=C3)C4C(C(C(C(O4)CO)O)O)O)Cl,Haemoptysis,0
saxagliptin,11243969,C1C2CC2N(C1C#N)C(=O)C(C34CC5CC(C3)CC(C5)(C4)O)N,Mental impairment,0
empagliflozin,11949646,C1COCC1OC2=CC=C(C=C2)CC3=C(C=CC(=C3)C4C(C(C(C(O4)CO)O)O)O)Cl,Tongue discomfort,0
glimepiride,3476,CCC1=C(CN(C1=O)C(=O)NCCC2=CC=C(C=C2)S(=O)(=O)NC(=O)NC3CCC(CC3)C)C,Limb injury,1
glyburide,3488,COC1=C(C=C(C=C1)Cl)C(=O)NCCC2=CC=C(C=C2)S(=O)(=O)NC(=O)NC3CCCCC3,Product contamination,1
sitagliptin,4369359,C1CN2C(=NN=C2C(F)(F)F)CN1C(=O)CC(CC3=CC(=C(C=C3F)F)F)N,Urosepsis,1
pioglitazone,4829,CCC1=CN=C(C=C1)CCOC2=CC=C(C=C2)CC3C(=O)NC(=O)S3,Campylobacter infection,0
canagliflozin,24812758,CC1=C(C=C(C=C1)C2C(C(C(C(O2)CO)O)O)O)CC3=CC=C(S3)C4=CC=C(C=C4)F,Ketoacidosis,1
saxagliptin,11243969,C1C2CC2N(C1C#N)C(=O)C(C34CC5CC(C3)CC(C5)(C4)O)N,Superior mesenteric artery syndrome,0
metformin,4091,CN(C)C(=N)N=C(N)N,Base excess decreased,1
nateglinide,5311309,CC(C)C1CCC(CC1)C(=O)NC(CC2=CC=CC=C2)C(=O)O,Fungal test positive,0
glimepiride,3476,CCC1=C(CN(C1=O)C(=O)NCCC2=CC=C(C=C2)S(=O)(=O)NC(=O)NC3CCC(CC3)C)C,Blood magnesium decreased,0
glipizide,3478,CC1=CN=C(C=N1)C(=O)NCCC2=CC=C(C=C2)S(=O)(=O)NC(=O)NC3CCCCC3,SARS-CoV-2 test negative,0
metformin,4091,CN(C)C(=N)N=C(N)N,Pulmonary congestion,1
pioglitazone,4829,CCC1=CN=C(C=C1)CCOC2=CC=C(C=C2)CC3C(=O)NC(=O)S3,Hepatic enzyme decreased,0
glyburide,3488,COC1=C(C=C(C=C1)Cl)C(=O)NCCC2=CC=C(C=C2)S(=O)(=O)NC(=O)NC3CCCCC3,Aphasia,0
glipizide,3478,CC1=CN=C(C=N1)C(=O)NCCC2=CC=C(C=C2)S(=O)(=O)NC(=O)NC3CCCCC3,Nephropathy toxic,1
glyburide,3488,COC1=C(C=C(C=C1)Cl)C(=O)NCCC2=CC=C(C=C2)S(=O)(=O)NC(=O)NC3CCCCC3,Blood urea decreased,0
empagliflozin,11949646,C1COCC1OC2=CC=C(C=C2)CC3=C(C=CC(=C3)C4C(C(C(C(O4)CO)O)O)O)Cl,Asthenia,1
pioglitazone,4829,CCC1=CN=C(C=C1)CCOC2=CC=C(C=C2)CC3C(=O)NC(=O)S3,Dyspnoea at rest,1
dapagliflozin,9887712,CCOC1=CC=C(C=C1)CC2=C(C=CC(=C2)C3C(C(C(C(O3)CO)O)O)O)Cl,Testicular disorder,0
saxagliptin,11243969,C1C2CC2N(C1C#N)C(=O)C(C34CC5CC(C3)CC(C5)(C4)O)N,Prolonged expiration,0
dapagliflozin,9887712,CCOC1=CC=C(C=C1)CC2=C(C=CC(=C2)C3C(C(C(C(O3)CO)O)O)O)Cl,Kidney contusion,0
glyburide,3488,COC1=C(C=C(C=C1)Cl)C(=O)NCCC2=CC=C(C=C2)S(=O)(=O)NC(=O)NC3CCCCC3,Nephritis allergic,0
canagliflozin,24812758,CC1=C(C=C(C=C1)C2C(C(C(C(O2)CO)O)O)O)CC3=CC=C(S3)C4=CC=C(C=C4)F,Febrile bone marrow aplasia,0
canagliflozin,24812758,CC1=C(C=C(C=C1)C2C(C(C(C(O2)CO)O)O)O)CC3=CC=C(S3)C4=CC=C(C=C4)F,Intentional product misuse,1
metformin,4091,CN(C)C(=N)N=C(N)N,Poisoning,1
sitagliptin,4369359,C1CN2C(=NN=C2C(F)(F)F)CN1C(=O)CC(CC3=CC(=C(C=C3F)F)F)N,Respiratory distress,0
nateglinide,5311309,CC(C)C1CCC(CC1)C(=O)NC(CC2=CC=CC=C2)C(=O)O,Congenital hydrocephalus,0
empagliflozin,11949646,C1COCC1OC2=CC=C(C=C2)CC3=C(C=CC(=C3)C4C(C(C(C(O4)CO)O)O)O)Cl,Maternal exposure during pregnancy,0
rosiglitazone,77999,CN(CCOC1=CC=C(C=C1)CC2C(=O)NC(=O)S2)C3=CC=CC=N3,Bladder catheterisation,0
metformin,4091,CN(C)C(=N)N=C(N)N,Blood pressure systolic increased,1
dapagliflozin,9887712,CCOC1=CC=C(C=C1)CC2=C(C=CC(=C2)C3C(C(C(C(O3)CO)O)O)O)Cl,Blood pressure diastolic decreased,0
sitagliptin,4369359,C1CN2C(=NN=C2C(F)(F)F)CN1C(=O)CC(CC3=CC(=C(C=C3F)F)F)N,Vulval oedema,0
metformin,4091,CN(C)C(=N)N=C(N)N,Urinary tract disorder,1
acarbose,9811704,CC1C(C(C(C(O1)OC2C(OC(C(C2O)O)OC(C(CO)O)C(C(C=O)O)O)CO)O)O)NC3C=C(C(C(C3O)O)O)CO,Vitamin B6 deficiency,0
sitagliptin,4369359,C1CN2C(=NN=C2C(F)(F)F)CN1C(=O)CC(CC3=CC(=C(C=C3F)F)F)N,Insomnia,1
nateglinide,5311309,CC(C)C1CCC(CC1)C(=O)NC(CC2=CC=CC=C2)C(=O)O,Fibrin D dimer increased,0
canagliflozin,24812758,CC1=C(C=C(C=C1)C2C(C(C(C(O2)CO)O)O)O)CC3=CC=C(S3)C4=CC=C(C=C4)F,Epicondylitis,0
nateglinide,5311309,CC(C)C1CCC(CC1)C(=O)NC(CC2=CC=CC=C2)C(=O)O,Suspected product quality issue,0
pioglitazone,4829,CCC1=CN=C(C=C1)CCOC2=CC=C(C=C2)CC3C(=O)NC(=O)S3,Skin exfoliation,1
metformin,4091,CN(C)C(=N)N=C(N)N,Diabetic hyperosmolar coma,1
pioglitazone,4829,CCC1=CN=C(C=C1)CCOC2=CC=C(C=C2)CC3C(=O)NC(=O)S3,Blood urea,0
metformin,4091,CN(C)C(=N)N=C(N)N,Venous thrombosis,1
metformin,4091,CN(C)C(=N)N=C(N)N,Dementia,1
acarbose,9811704,CC1C(C(C(C(O1)OC2C(OC(C(C2O)O)OC(C(CO)O)C(C(C=O)O)O)CO)O)O)NC3C=C(C(C(C3O)O)O)CO,Zinc deficiency,1
metformin,4091,CN(C)C(=N)N=C(N)N,Muscle oedema,1
acarbose,9811704,CC1C(C(C(C(O1)OC2C(OC(C(C2O)O)OC(C(CO)O)C(C(C=O)O)O)CO)O)O)NC3C=C(C(C(C3O)O)O)CO,Caesarean section,0
metformin,4091,CN(C)C(=N)N=C(N)N,Blood magnesium increased,1
metformin,4091,CN(C)C(=N)N=C(N)N,Loss of libido,1
metformin,4091,CN(C)C(=N)N=C(N)N,Colitis ischaemic,1
sitagliptin,4369359,C1CN2C(=NN=C2C(F)(F)F)CN1C(=O)CC(CC3=CC(=C(C=C3F)F)F)N,Affect lability,0
metformin,4091,CN(C)C(=N)N=C(N)N,Blood lactic acid increased,1
linagliptin,10096344,CC#CCN1C2=C(N=C1N3CCCC(C3)N)N(C(=O)N(C2=O)CC4=NC5=CC=CC=C5C(=N4)C)C,Small for dates baby,0
metformin,4091,CN(C)C(=N)N=C(N)N,Eosinophil count increased,1
metformin,4091,CN(C)C(=N)N=C(N)N,Ruptured cerebral aneurysm,1
metformin,4091,CN(C)C(=N)N=C(N)N,Anomaly of external ear congenital,1
glimepiride,3476,CCC1=C(CN(C1=O)C(=O)NCCC2=CC=C(C=C2)S(=O)(=O)NC(=O)NC3CCC(CC3)C)C,Tendon rupture,0
repaglinide,65981,CCOC1=C(C=CC(=C1)CC(=O)NC(CC(C)C)C2=CC=CC=C2N3CCCCC3)C(=O)O,Duodenal neoplasm,0
acarbose,9811704,CC1C(C(C(C(O1)OC2C(OC(C(C2O)O)OC(C(CO)O)C(C(C=O)O)O)CO)O)O)NC3C=C(C(C(C3O)O)O)CO,Antineutrophil cytoplasmic antibody positive,0
pioglitazone,4829,CCC1=CN=C(C=C1)CCOC2=CC=C(C=C2)CC3C(=O)NC(=O)S3,Ataxia,0
canagliflozin,24812758,CC1=C(C=C(C=C1)C2C(C(C(C(O2)CO)O)O)O)CC3=CC=C(S3)C4=CC=C(C=C4)F,Enteral nutrition,0
rosiglitazone,77999,CN(CCOC1=CC=C(C=C1)CC2C(=O)NC(=O)S2)C3=CC=CC=N3,Non-small cell lung cancer,0
metformin,4091,CN(C)C(=N)N=C(N)N,Glycosylated haemoglobin increased,1
empagliflozin,11949646,C1COCC1OC2=CC=C(C=C2)CC3=C(C=CC(=C3)C4C(C(C(C(O4)CO)O)O)O)Cl,Skin infection,1
metformin,4091,CN(C)C(=N)N=C(N)N,Hepatic function abnormal,1
dapagliflozin,9887712,CCOC1=CC=C(C=C1)CC2=C(C=CC(=C2)C3C(C(C(C(O3)CO)O)O)O)Cl,Cardiomegaly,1
metformin,4091,CN(C)C(=N)N=C(N)N,Food allergy,1
canagliflozin,24812758,CC1=C(C=C(C=C1)C2C(C(C(C(O2)CO)O)O)O)CC3=CC=C(S3)C4=CC=C(C=C4)F,Inappropriate schedule of product administration,1
metformin,4091,CN(C)C(=N)N=C(N)N,Musculoskeletal chest pain,1
linagliptin,10096344,CC#CCN1C2=C(N=C1N3CCCC(C3)N)N(C(=O)N(C2=O)CC4=NC5=CC=CC=C5C(=N4)C)C,Vein rupture,0
metformin,4091,CN(C)C(=N)N=C(N)N,Diabetic amyotrophy,1
metformin,4091,CN(C)C(=N)N=C(N)N,Pneumothorax,1
linagliptin,10096344,CC#CCN1C2=C(N=C1N3CCCC(C3)N)N(C(=O)N(C2=O)CC4=NC5=CC=CC=C5C(=N4)C)C,Heavy menstrual bleeding,0
glimepiride,3476,CCC1=C(CN(C1=O)C(=O)NCCC2=CC=C(C=C2)S(=O)(=O)NC(=O)NC3CCC(CC3)C)C,Coronary revascularisation,1
glipizide,3478,CC1=CN=C(C=N1)C(=O)NCCC2=CC=C(C=C2)S(=O)(=O)NC(=O)NC3CCCCC3,Respiration abnormal,1
empagliflozin,11949646,C1COCC1OC2=CC=C(C=C2)CC3=C(C=CC(=C3)C4C(C(C(C(O4)CO)O)O)O)Cl,Genital infection fungal,1
pioglitazone,4829,CCC1=CN=C(C=C1)CCOC2=CC=C(C=C2)CC3C(=O)NC(=O)S3,Insulin resistance,1
pioglitazone,4829,CCC1=CN=C(C=C1)CCOC2=CC=C(C=C2)CC3C(=O)NC(=O)S3,Back pain,1
empagliflozin,11949646,C1COCC1OC2=CC=C(C=C2)CC3=C(C=CC(=C3)C4C(C(C(C(O4)CO)O)O)O)Cl,Malaise,1
rosiglitazone,77999,CN(CCOC1=CC=C(C=C1)CC2C(=O)NC(=O)S2)C3=CC=CC=N3,Peripheral artery stenosis,0
glimepiride,3476,CCC1=C(CN(C1=O)C(=O)NCCC2=CC=C(C=C2)S(=O)(=O)NC(=O)NC3CCC(CC3)C)C,Diarrhoea,1
acarbose,9811704,CC1C(C(C(C(O1)OC2C(OC(C(C2O)O)OC(C(CO)O)C(C(C=O)O)O)CO)O)O)NC3C=C(C(C(C3O)O)O)CO,Fear of death,0
sitagliptin,4369359,C1CN2C(=NN=C2C(F)(F)F)CN1C(=O)CC(CC3=CC(=C(C=C3F)F)F)N,Wound,1
empagliflozin,11949646,C1COCC1OC2=CC=C(C=C2)CC3=C(C=CC(=C3)C4C(C(C(C(O4)CO)O)O)O)Cl,Neutrophil percentage increased,0
repaglinide,65981,CCOC1=C(C=CC(=C1)CC(=O)NC(CC(C)C)C2=CC=CC=C2N3CCCCC3)C(=O)O,Vomiting,0
linagliptin,10096344,CC#CCN1C2=C(N=C1N3CCCC(C3)N)N(C(=O)N(C2=O)CC4=NC5=CC=CC=C5C(=N4)C)C,Bedridden,0
acarbose,9811704,CC1C(C(C(C(O1)OC2C(OC(C(C2O)O)OC(C(CO)O)C(C(C=O)O)O)CO)O)O)NC3C=C(C(C(C3O)O)O)CO,Marrow hyperplasia,0
acarbose,9811704,CC1C(C(C(C(O1)OC2C(OC(C(C2O)O)OC(C(CO)O)C(C(C=O)O)O)CO)O)O)NC3C=C(C(C(C3O)O)O)CO,Impaired work ability,0
canagliflozin,24812758,CC1=C(C=C(C=C1)C2C(C(C(C(O2)CO)O)O)O)CC3=CC=C(S3)C4=CC=C(C=C4)F,Lymphadenopathy mediastinal,0
glipizide,3478,CC1=CN=C(C=N1)C(=O)NCCC2=CC=C(C=C2)S(=O)(=O)NC(=O)NC3CCCCC3,Tremor,1
saxagliptin,11243969,C1C2CC2N(C1C#N)C(=O)C(C34CC5CC(C3)CC(C5)(C4)O)N,Paralysis recurrent laryngeal nerve,0
linagliptin,10096344,CC#CCN1C2=C(N=C1N3CCCC(C3)N)N(C(=O)N(C2=O)CC4=NC5=CC=CC=C5C(=N4)C)C,Immunoglobulins increased,0
glimepiride,3476,CCC1=C(CN(C1=O)C(=O)NCCC2=CC=C(C=C2)S(=O)(=O)NC(=O)NC3CCC(CC3)C)C,Hypoparathyroidism,1
canagliflozin,24812758,CC1=C(C=C(C=C1)C2C(C(C(C(O2)CO)O)O)O)CC3=CC=C(S3)C4=CC=C(C=C4)F,Facial paralysis,1
glyburide,3488,COC1=C(C=C(C=C1)Cl)C(=O)NCCC2=CC=C(C=C2)S(=O)(=O)NC(=O)NC3CCCCC3,Haemosiderin stain,0
canagliflozin,24812758,CC1=C(C=C(C=C1)C2C(C(C(C(O2)CO)O)O)O)CC3=CC=C(S3)C4=CC=C(C=C4)F,Vulvovaginitis,0
metformin,4091,CN(C)C(=N)N=C(N)N,Type I hypersensitivity,1
metformin,4091,CN(C)C(=N)N=C(N)N,Cellulitis,1
dapagliflozin,9887712,CCOC1=CC=C(C=C1)CC2=C(C=CC(=C2)C3C(C(C(C(O3)CO)O)O)O)Cl,Dysarthria,0
glimepiride,3476,CCC1=C(CN(C1=O)C(=O)NCCC2=CC=C(C=C2)S(=O)(=O)NC(=O)NC3CCC(CC3)C)C,Hepatic failure,0
glipizide,3478,CC1=CN=C(C=N1)C(=O)NCCC2=CC=C(C=C2)S(=O)(=O)NC(=O)NC3CCCCC3,Umbilical cord abnormality,0
acarbose,9811704,CC1C(C(C(C(O1)OC2C(OC(C(C2O)O)OC(C(CO)O)C(C(C=O)O)O)CO)O)O)NC3C=C(C(C(C3O)O)O)CO,Skin atrophy,0
metformin,4091,CN(C)C(=N)N=C(N)N,Renal tubular disorder,1
sitagliptin,4369359,C1CN2C(=NN=C2C(F)(F)F)CN1C(=O)CC(CC3=CC(=C(C=C3F)F)F)N,Ear pain,0
metformin,4091,CN(C)C(=N)N=C(N)N,Chorea,1
empagliflozin,11949646,C1COCC1OC2=CC=C(C=C2)CC3=C(C=CC(=C3)C4C(C(C(C(O4)CO)O)O)O)Cl,Skin erosion,0
metformin,4091,CN(C)C(=N)N=C(N)N,Hepatic fibrosis,1
pioglitazone,4829,CCC1=CN=C(C=C1)CCOC2=CC=C(C=C2)CC3C(=O)NC(=O)S3,Hemiplegia,0
sitagliptin,4369359,C1CN2C(=NN=C2C(F)(F)F)CN1C(=O)CC(CC3=CC(=C(C=C3F)F)F)N,Pancreatic carcinoma,1
metformin,4091,CN(C)C(=N)N=C(N)N,Left ventricular dilatation,1
linagliptin,10096344,CC#CCN1C2=C(N=C1N3CCCC(C3)N)N(C(=O)N(C2=O)CC4=NC5=CC=CC=C5C(=N4)C)C,Product administration interrupted,0
sitagliptin,4369359,C1CN2C(=NN=C2C(F)(F)F)CN1C(=O)CC(CC3=CC(=C(C=C3F)F)F)N,Leukocytosis,0
glimepiride,3476,CCC1=C(CN(C1=O)C(=O)NCCC2=CC=C(C=C2)S(=O)(=O)NC(=O)NC3CCC(CC3)C)C,Product quality issue,1
empagliflozin,11949646,C1COCC1OC2=CC=C(C=C2)CC3=C(C=CC(=C3)C4C(C(C(C(O4)CO)O)O)O)Cl,Perineal rash,1
glyburide,3488,COC1=C(C=C(C=C1)Cl)C(=O)NCCC2=CC=C(C=C2)S(=O)(=O)NC(=O)NC3CCCCC3,Blood iron decreased,0
glipizide,3478,CC1=CN=C(C=N1)C(=O)NCCC2=CC=C(C=C2)S(=O)(=O)NC(=O)NC3CCCCC3,Blood bicarbonate decreased,0
acarbose,9811704,CC1C(C(C(C(O1)OC2C(OC(C(C2O)O)OC(C(CO)O)C(C(C=O)O)O)CO)O)O)NC3C=C(C(C(C3O)O)O)CO,Vitreous floaters,1
canagliflozin,24812758,CC1=C(C=C(C=C1)C2C(C(C(C(O2)CO)O)O)O)CC3=CC=C(S3)C4=CC=C(C=C4)F,Impaired driving ability,1
pioglitazone,4829,CCC1=CN=C(C=C1)CCOC2=CC=C(C=C2)CC3C(=O)NC(=O)S3,Depressive symptom,0
empagliflozin,11949646,C1COCC1OC2=CC=C(C=C2)CC3=C(C=CC(=C3)C4C(C(C(C(O4)CO)O)O)O)Cl,Hyperglycaemia,1
pioglitazone,4829,CCC1=CN=C(C=C1)CCOC2=CC=C(C=C2)CC3C(=O)NC(=O)S3,Haemoglobin decreased,1
dapagliflozin,9887712,CCOC1=CC=C(C=C1)CC2=C(C=CC(=C2)C3C(C(C(C(O3)CO)O)O)O)Cl,Peripheral arterial occlusive disease,1
metformin,4091,CN(C)C(=N)N=C(N)N,Foreign body aspiration,1
metformin,4091,CN(C)C(=N)N=C(N)N,Ventricular septal defect,1
saxagliptin,11243969,C1C2CC2N(C1C#N)C(=O)C(C34CC5CC(C3)CC(C5)(C4)O)N,Immunodeficiency,0
metformin,4091,CN(C)C(=N)N=C(N)N,Sleep deficit,1
rosiglitazone,77999,CN(CCOC1=CC=C(C=C1)CC2C(=O)NC(=O)S2)C3=CC=CC=N3,Product residue present,0
dapagliflozin,9887712,CCOC1=CC=C(C=C1)CC2=C(C=CC(=C2)C3C(C(C(C(O3)CO)O)O)O)Cl,Necrotising fasciitis,1
metformin,4091,CN(C)C(=N)N=C(N)N,Otitis media,1
empagliflozin,11949646,C1COCC1OC2=CC=C(C=C2)CC3=C(C=CC(=C3)C4C(C(C(C(O4)CO)O)O)O)Cl,Diabetic neuropathic ulcer,0
saxagliptin,11243969,C1C2CC2N(C1C#N)C(=O)C(C34CC5CC(C3)CC(C5)(C4)O)N,Leukaemia,0
metformin,4091,CN(C)C(=N)N=C(N)N,Tumour ulceration,1
saxagliptin,11243969,C1C2CC2N(C1C#N)C(=O)C(C34CC5CC(C3)CC(C5)(C4)O)N,Serum amyloid A protein increased,0
empagliflozin,11949646,C1COCC1OC2=CC=C(C=C2)CC3=C(C=CC(=C3)C4C(C(C(C(O4)CO)O)O)O)Cl,Swelling face,1
saxagliptin,11243969,C1C2CC2N(C1C#N)C(=O)C(C34CC5CC(C3)CC(C5)(C4)O)N,Hyperuricaemia,0
empagliflozin,11949646,C1COCC1OC2=CC=C(C=C2)CC3=C(C=CC(=C3)C4C(C(C(C(O4)CO)O)O)O)Cl,Cardiovascular insufficiency,0
glipizide,3478,CC1=CN=C(C=N1)C(=O)NCCC2=CC=C(C=C2)S(=O)(=O)NC(=O)NC3CCCCC3,Renal impairment,1
metformin,4091,CN(C)C(=N)N=C(N)N,Food refusal,1
repaglinide,65981,CCOC1=C(C=CC(=C1)CC(=O)NC(CC(C)C)C2=CC=CC=C2N3CCCCC3)C(=O)O,Colon neoplasm,0
glimepiride,3476,CCC1=C(CN(C1=O)C(=O)NCCC2=CC=C(C=C2)S(=O)(=O)NC(=O)NC3CCC(CC3)C)C,Cerebral venous sinus thrombosis,0
metformin,4091,CN(C)C(=N)N=C(N)N,Renal disorder,1
rosiglitazone,77999,CN(CCOC1=CC=C(C=C1)CC2C(=O)NC(=O)S2)C3=CC=CC=N3,Treatment noncompliance,0
empagliflozin,11949646,C1COCC1OC2=CC=C(C=C2)CC3=C(C=CC(=C3)C4C(C(C(C(O4)CO)O)O)O)Cl,Medical induction of coma,0
empagliflozin,11949646,C1COCC1OC2=CC=C(C=C2)CC3=C(C=CC(=C3)C4C(C(C(C(O4)CO)O)O)O)Cl,Diabetic ketosis,1
metformin,4091,CN(C)C(=N)N=C(N)N,Wrong product administered,1
glyburide,3488,COC1=C(C=C(C=C1)Cl)C(=O)NCCC2=CC=C(C=C2)S(=O)(=O)NC(=O)NC3CCCCC3,Subacute combined cord degeneration,0
saxagliptin,11243969,C1C2CC2N(C1C#N)C(=O)C(C34CC5CC(C3)CC(C5)(C4)O)N,Type 1 diabetes mellitus,0
repaglinide,65981,CCOC1=C(C=CC(=C1)CC(=O)NC(CC(C)C)C2=CC=CC=C2N3CCCCC3)C(=O)O,Accidental exposure to product,0
nateglinide,5311309,CC(C)C1CCC(CC1)C(=O)NC(CC2=CC=CC=C2)C(=O)O,Photosensitivity reaction,0
empagliflozin,11949646,C1COCC1OC2=CC=C(C=C2)CC3=C(C=CC(=C3)C4C(C(C(C(O4)CO)O)O)O)Cl,Metabolic acidosis,1
pioglitazone,4829,CCC1=CN=C(C=C1)CCOC2=CC=C(C=C2)CC3C(=O)NC(=O)S3,Chronic graft versus host disease in skin,1
glimepiride,3476,CCC1=C(CN(C1=O)C(=O)NCCC2=CC=C(C=C2)S(=O)(=O)NC(=O)NC3CCC(CC3)C)C,Paraneoplastic syndrome,0
dapagliflozin,9887712,CCOC1=CC=C(C=C1)CC2=C(C=CC(=C2)C3C(C(C(C(O3)CO)O)O)O)Cl,Generalised oedema,0
glipizide,3478,CC1=CN=C(C=N1)C(=O)NCCC2=CC=C(C=C2)S(=O)(=O)NC(=O)NC3CCCCC3,Product label confusion,1
canagliflozin,24812758,CC1=C(C=C(C=C1)C2C(C(C(C(O2)CO)O)O)O)CC3=CC=C(S3)C4=CC=C(C=C4)F,Toxic skin eruption,1
metformin,4091,CN(C)C(=N)N=C(N)N,Fungal rhinitis,1
metformin,4091,CN(C)C(=N)N=C(N)N,Nephrolithiasis,1
linagliptin,10096344,CC#CCN1C2=C(N=C1N3CCCC(C3)N)N(C(=O)N(C2=O)CC4=NC5=CC=CC=C5C(=N4)C)C,Catatonia,0
metformin,4091,CN(C)C(=N)N=C(N)N,Cerebral ischaemia,1
metformin,4091,CN(C)C(=N)N=C(N)N,Myxoedema coma,1
saxagliptin,11243969,C1C2CC2N(C1C#N)C(=O)C(C34CC5CC(C3)CC(C5)(C4)O)N,Anorectal swelling,0
dapagliflozin,9887712,CCOC1=CC=C(C=C1)CC2=C(C=CC(=C2)C3C(C(C(C(O3)CO)O)O)O)Cl,Coeliac disease,1
linagliptin,10096344,CC#CCN1C2=C(N=C1N3CCCC(C3)N)N(C(=O)N(C2=O)CC4=NC5=CC=CC=C5C(=N4)C)C,Right aortic arch,0
metformin,4091,CN(C)C(=N)N=C(N)N,Periorbital cellulitis,1
nateglinide,5311309,CC(C)C1CCC(CC1)C(=O)NC(CC2=CC=CC=C2)C(=O)O,Paraplegia,0
empagliflozin,11949646,C1COCC1OC2=CC=C(C=C2)CC3=C(C=CC(=C3)C4C(C(C(C(O4)CO)O)O)O)Cl,Delirium,1
metformin,4091,CN(C)C(=N)N=C(N)N,Jaw disorder,1
nateglinide,5311309,CC(C)C1CCC(CC1)C(=O)NC(CC2=CC=CC=C2)C(=O)O,Pterygium,0
glipizide,3478,CC1=CN=C(C=N1)C(=O)NCCC2=CC=C(C=C2)S(=O)(=O)NC(=O)NC3CCCCC3,Nausea,1
metformin,4091,CN(C)C(=N)N=C(N)N,Amphetamines positive,1
dapagliflozin,9887712,CCOC1=CC=C(C=C1)CC2=C(C=CC(=C2)C3C(C(C(C(O3)CO)O)O)O)Cl,Suicide attempt,1
metformin,4091,CN(C)C(=N)N=C(N)N,Bile duct stone,1
metformin,4091,CN(C)C(=N)N=C(N)N,Suspected suicide,1
saxagliptin,11243969,C1C2CC2N(C1C#N)C(=O)C(C34CC5CC(C3)CC(C5)(C4)O)N,Yellow skin,1
acarbose,9811704,CC1C(C(C(C(O1)OC2C(OC(C(C2O)O)OC(C(CO)O)C(C(C=O)O)O)CO)O)O)NC3C=C(C(C(C3O)O)O)CO,Gastrointestinal angiectasia,0
metformin,4091,CN(C)C(=N)N=C(N)N,Memory impairment,1
empagliflozin,11949646,C1COCC1OC2=CC=C(C=C2)CC3=C(C=CC(=C3)C4C(C(C(C(O4)CO)O)O)O)Cl,Influenza,1
glyburide,3488,COC1=C(C=C(C=C1)Cl)C(=O)NCCC2=CC=C(C=C2)S(=O)(=O)NC(=O)NC3CCCCC3,Mental status changes,1
repaglinide,65981,CCOC1=C(C=CC(=C1)CC(=O)NC(CC(C)C)C2=CC=CC=C2N3CCCCC3)C(=O)O,Fatigue,1
metformin,4091,CN(C)C(=N)N=C(N)N,Apraxia,1
pioglitazone,4829,CCC1=CN=C(C=C1)CCOC2=CC=C(C=C2)CC3C(=O)NC(=O)S3,Bone density decreased,1
dapagliflozin,9887712,CCOC1=CC=C(C=C1)CC2=C(C=CC(=C2)C3C(C(C(C(O3)CO)O)O)O)Cl,Body mass index abnormal,0
metformin,4091,CN(C)C(=N)N=C(N)N,Glossitis,1
glimepiride,3476,CCC1=C(CN(C1=O)C(=O)NCCC2=CC=C(C=C2)S(=O)(=O)NC(=O)NC3CCC(CC3)C)C,Hypoglycaemic seizure,0
metformin,4091,CN(C)C(=N)N=C(N)N,Diabetic mononeuropathy,1
glipizide,3478,CC1=CN=C(C=N1)C(=O)NCCC2=CC=C(C=C2)S(=O)(=O)NC(=O)NC3CCCCC3,Bowel movement irregularity,0
metformin,4091,CN(C)C(=N)N=C(N)N,Subarachnoid haemorrhage,1
canagliflozin,24812758,CC1=C(C=C(C=C1)C2C(C(C(C(O2)CO)O)O)O)CC3=CC=C(S3)C4=CC=C(C=C4)F,Chronic coronary syndrome,0
dapagliflozin,9887712,CCOC1=CC=C(C=C1)CC2=C(C=CC(=C2)C3C(C(C(C(O3)CO)O)O)O)Cl,Pain in extremity,1
dapagliflozin,9887712,CCOC1=CC=C(C=C1)CC2=C(C=CC(=C2)C3C(C(C(C(O3)CO)O)O)O)Cl,General physical health deterioration,1
metformin,4091,CN(C)C(=N)N=C(N)N,Postoperative respiratory failure,0
canagliflozin,24812758,CC1=C(C=C(C=C1)C2C(C(C(C(O2)CO)O)O)O)CC3=CC=C(S3)C4=CC=C(C=C4)F,Incision site complication,0
glyburide,3488,COC1=C(C=C(C=C1)Cl)C(=O)NCCC2=CC=C(C=C2)S(=O)(=O)NC(=O)NC3CCCCC3,Skin plaque,0
nateglinide,5311309,CC(C)C1CCC(CC1)C(=O)NC(CC2=CC=CC=C2)C(=O)O,Alopecia universalis,0
glyburide,3488,COC1=C(C=C(C=C1)Cl)C(=O)NCCC2=CC=C(C=C2)S(=O)(=O)NC(=O)NC3CCCCC3,Starvation ketoacidosis,0
glipizide,3478,CC1=CN=C(C=N1)C(=O)NCCC2=CC=C(C=C2)S(=O)(=O)NC(=O)NC3CCCCC3,Thrombosis,1
nateglinide,5311309,CC(C)C1CCC(CC1)C(=O)NC(CC2=CC=CC=C2)C(=O)O,Cervicobrachial syndrome,0
empagliflozin,11949646,C1COCC1OC2=CC=C(C=C2)CC3=C(C=CC(=C3)C4C(C(C(C(O4)CO)O)O)O)Cl,Scleral discolouration,0
metformin,4091,CN(C)C(=N)N=C(N)N,Pain in jaw,1
glimepiride,3476,CCC1=C(CN(C1=O)C(=O)NCCC2=CC=C(C=C2)S(=O)(=O)NC(=O)NC3CCC(CC3)C)C,Floppy infant,0
metformin,4091,CN(C)C(=N)N=C(N)N,Orthopnoea,1
metformin,4091,CN(C)C(=N)N=C(N)N,Foetal hypokinesia,1
glimepiride,3476,CCC1=C(CN(C1=O)C(=O)NCCC2=CC=C(C=C2)S(=O)(=O)NC(=O)NC3CCC(CC3)C)C,Myoglobin blood increased,1
linagliptin,10096344,CC#CCN1C2=C(N=C1N3CCCC(C3)N)N(C(=O)N(C2=O)CC4=NC5=CC=CC=C5C(=N4)C)C,Haemorrhage urinary tract,0
metformin,4091,CN(C)C(=N)N=C(N)N,Amnesia,1
sitagliptin,4369359,C1CN2C(=NN=C2C(F)(F)F)CN1C(=O)CC(CC3=CC(=C(C=C3F)F)F)N,Altered visual depth perception,0
metformin,4091,CN(C)C(=N)N=C(N)N,Lower respiratory tract congestion,1
pioglitazone,4829,CCC1=CN=C(C=C1)CCOC2=CC=C(C=C2)CC3C(=O)NC(=O)S3,Mastication disorder,1
metformin,4091,CN(C)C(=N)N=C(N)N,Dermatitis artefacta,0
repaglinide,65981,CCOC1=C(C=CC(=C1)CC(=O)NC(CC(C)C)C2=CC=CC=C2N3CCCCC3)C(=O)O,Non-alcoholic steatohepatitis,0
metformin,4091,CN(C)C(=N)N=C(N)N,Pulmonary tuberculosis,1
linagliptin,10096344,CC#CCN1C2=C(N=C1N3CCCC(C3)N)N(C(=O)N(C2=O)CC4=NC5=CC=CC=C5C(=N4)C)C,Atrophic glossitis,0
metformin,4091,CN(C)C(=N)N=C(N)N,Pulse absent,1
repaglinide,65981,CCOC1=C(C=CC(=C1)CC(=O)NC(CC(C)C)C2=CC=CC=C2N3CCCCC3)C(=O)O,Blood phosphorus decreased,0
linagliptin,10096344,CC#CCN1C2=C(N=C1N3CCCC(C3)N)N(C(=O)N(C2=O)CC4=NC5=CC=CC=C5C(=N4)C)C,Bilirubin conjugated increased,0
glimepiride,3476,CCC1=C(CN(C1=O)C(=O)NCCC2=CC=C(C=C2)S(=O)(=O)NC(=O)NC3CCC(CC3)C)C,Wrist surgery,0
metformin,4091,CN(C)C(=N)N=C(N)N,Nodular rash,1
metformin,4091,CN(C)C(=N)N=C(N)N,Swollen tongue,1
acarbose,9811704,CC1C(C(C(C(O1)OC2C(OC(C(C2O)O)OC(C(CO)O)C(C(C=O)O)O)CO)O)O)NC3C=C(C(C(C3O)O)O)CO,Cytomegalovirus infection,0
empagliflozin,11949646,C1COCC1OC2=CC=C(C=C2)CC3=C(C=CC(=C3)C4C(C(C(C(O4)CO)O)O)O)Cl,Ureteric haemorrhage,0
pioglitazone,4829,CCC1=CN=C(C=C1)CCOC2=CC=C(C=C2)CC3C(=O)NC(=O)S3,Ear pruritus,0
metformin,4091,CN(C)C(=N)N=C(N)N,Pulmonary mass,1
metformin,4091,CN(C)C(=N)N=C(N)N,Diarrhoea haemorrhagic,1
linagliptin,10096344,CC#CCN1C2=C(N=C1N3CCCC(C3)N)N(C(=O)N(C2=O)CC4=NC5=CC=CC=C5C(=N4)C)C,Hydrocholecystis,0
metformin,4091,CN(C)C(=N)N=C(N)N,Mydriasis,1
metformin,4091,CN(C)C(=N)N=C(N)N,Steatorrhoea,1
canagliflozin,24812758,CC1=C(C=C(C=C1)C2C(C(C(C(O2)CO)O)O)O)CC3=CC=C(S3)C4=CC=C(C=C4)F,Peripheral swelling,1
sitagliptin,4369359,C1CN2C(=NN=C2C(F)(F)F)CN1C(=O)CC(CC3=CC(=C(C=C3F)F)F)N,Cortisol increased,0
glyburide,3488,COC1=C(C=C(C=C1)Cl)C(=O)NCCC2=CC=C(C=C2)S(=O)(=O)NC(=O)NC3CCCCC3,Therapeutic response changed,0
repaglinide,65981,CCOC1=C(C=CC(=C1)CC(=O)NC(CC(C)C)C2=CC=CC=C2N3CCCCC3)C(=O)O,Hyperlipidaemia,0
nateglinide,5311309,CC(C)C1CCC(CC1)C(=O)NC(CC2=CC=CC=C2)C(=O)O,Cerebral arteriosclerosis,0
metformin,4091,CN(C)C(=N)N=C(N)N,Syncope,1
canagliflozin,24812758,CC1=C(C=C(C=C1)C2C(C(C(C(O2)CO)O)O)O)CC3=CC=C(S3)C4=CC=C(C=C4)F,Sinus arrest,0
rosiglitazone,77999,CN(CCOC1=CC=C(C=C1)CC2C(=O)NC(=O)S2)C3=CC=CC=N3,Dysphemia,0
saxagliptin,11243969,C1C2CC2N(C1C#N)C(=O)C(C34CC5CC(C3)CC(C5)(C4)O)N,Oxygen saturation decreased,1
saxagliptin,11243969,C1C2CC2N(C1C#N)C(=O)C(C34CC5CC(C3)CC(C5)(C4)O)N,Fistula,0
pioglitazone,4829,CCC1=CN=C(C=C1)CCOC2=CC=C(C=C2)CC3C(=O)NC(=O)S3,Product size issue,0
empagliflozin,11949646,C1COCC1OC2=CC=C(C=C2)CC3=C(C=CC(=C3)C4C(C(C(C(O4)CO)O)O)O)Cl,Grip strength decreased,0
acarbose,9811704,CC1C(C(C(C(O1)OC2C(OC(C(C2O)O)OC(C(CO)O)C(C(C=O)O)O)CO)O)O)NC3C=C(C(C(C3O)O)O)CO,Brain death,0
pioglitazone,4829,CCC1=CN=C(C=C1)CCOC2=CC=C(C=C2)CC3C(=O)NC(=O)S3,Fatigue,1
glimepiride,3476,CCC1=C(CN(C1=O)C(=O)NCCC2=CC=C(C=C2)S(=O)(=O)NC(=O)NC3CCC(CC3)C)C,Abnormal weight gain,0
metformin,4091,CN(C)C(=N)N=C(N)N,Occult blood positive,1
dapagliflozin,9887712,CCOC1=CC=C(C=C1)CC2=C(C=CC(=C2)C3C(C(C(C(O3)CO)O)O)O)Cl,Back pain,1
metformin,4091,CN(C)C(=N)N=C(N)N,Contraindicated product prescribed,1
metformin,4091,CN(C)C(=N)N=C(N)N,pH urine increased,1
nateglinide,5311309,CC(C)C1CCC(CC1)C(=O)NC(CC2=CC=CC=C2)C(=O)O,Bowel movement irregularity,0
sitagliptin,4369359,C1CN2C(=NN=C2C(F)(F)F)CN1C(=O)CC(CC3=CC(=C(C=C3F)F)F)N,Wound secretion,0
metformin,4091,CN(C)C(=N)N=C(N)N,SARS-CoV-2 test positive,1
glipizide,3478,CC1=CN=C(C=N1)C(=O)NCCC2=CC=C(C=C2)S(=O)(=O)NC(=O)NC3CCCCC3,Athetosis,0
repaglinide,65981,CCOC1=C(C=CC(=C1)CC(=O)NC(CC(C)C)C2=CC=CC=C2N3CCCCC3)C(=O)O,Leukopenia neonatal,0
metformin,4091,CN(C)C(=N)N=C(N)N,Facial paralysis,1
glimepiride,3476,CCC1=C(CN(C1=O)C(=O)NCCC2=CC=C(C=C2)S(=O)(=O)NC(=O)NC3CCC(CC3)C)C,Cerebral thrombosis,0
glyburide,3488,COC1=C(C=C(C=C1)Cl)C(=O)NCCC2=CC=C(C=C2)S(=O)(=O)NC(=O)NC3CCCCC3,Pancreatitis acute,0
canagliflozin,24812758,CC1=C(C=C(C=C1)C2C(C(C(C(O2)CO)O)O)O)CC3=CC=C(S3)C4=CC=C(C=C4)F,Wound,1
empagliflozin,11949646,C1COCC1OC2=CC=C(C=C2)CC3=C(C=CC(=C3)C4C(C(C(C(O4)CO)O)O)O)Cl,Menstrual disorder,0
metformin,4091,CN(C)C(=N)N=C(N)N,Hydronephrosis,1
glipizide,3478,CC1=CN=C(C=N1)C(=O)NCCC2=CC=C(C=C2)S(=O)(=O)NC(=O)NC3CCCCC3,Accident at home,0
glimepiride,3476,CCC1=C(CN(C1=O)C(=O)NCCC2=CC=C(C=C2)S(=O)(=O)NC(=O)NC3CCC(CC3)C)C,Panic reaction,1
repaglinide,65981,CCOC1=C(C=CC(=C1)CC(=O)NC(CC(C)C)C2=CC=CC=C2N3CCCCC3)C(=O)O,Aortic aneurysm,0
linagliptin,10096344,CC#CCN1C2=C(N=C1N3CCCC(C3)N)N(C(=O)N(C2=O)CC4=NC5=CC=CC=C5C(=N4)C)C,Costovertebral angle tenderness,0
glipizide,3478,CC1=CN=C(C=N1)C(=O)NCCC2=CC=C(C=C2)S(=O)(=O)NC(=O)NC3CCCCC3,Meningitis,0
metformin,4091,CN(C)C(=N)N=C(N)N,Blood bicarbonate increased,1
metformin,4091,CN(C)C(=N)N=C(N)N,Complication of pregnancy,1
metformin,4091,CN(C)C(=N)N=C(N)N,Fournier's gangrene,1
pioglitazone,4829,CCC1=CN=C(C=C1)CCOC2=CC=C(C=C2)CC3C(=O)NC(=O)S3,Hyperammonaemia,0
metformin,4091,CN(C)C(=N)N=C(N)N,External auditory canal atresia,1
metformin,4091,CN(C)C(=N)N=C(N)N,Obesity,1
metformin,4091,CN(C)C(=N)N=C(N)N,Bladder neoplasm,0
pioglitazone,4829,CCC1=CN=C(C=C1)CCOC2=CC=C(C=C2)CC3C(=O)NC(=O)S3,Pseudostroke,0
metformin,4091,CN(C)C(=N)N=C(N)N,Friedreich's ataxia,1
pioglitazone,4829,CCC1=CN=C(C=C1)CCOC2=CC=C(C=C2)CC3C(=O)NC(=O)S3,Synovitis,0
glipizide,3478,CC1=CN=C(C=N1)C(=O)NCCC2=CC=C(C=C2)S(=O)(=O)NC(=O)NC3CCCCC3,Erythema,1
glipizide,3478,CC1=CN=C(C=N1)C(=O)NCCC2=CC=C(C=C2)S(=O)(=O)NC(=O)NC3CCCCC3,Gastric disorder,1
empagliflozin,11949646,C1COCC1OC2=CC=C(C=C2)CC3=C(C=CC(=C3)C4C(C(C(C(O4)CO)O)O)O)Cl,Metabolic encephalopathy,1
acarbose,9811704,CC1C(C(C(C(O1)OC2C(OC(C(C2O)O)OC(C(CO)O)C(C(C=O)O)O)CO)O)O)NC3C=C(C(C(C3O)O)O)CO,Deafness,0
metformin,4091,CN(C)C(=N)N=C(N)N,Osteitis,1
glipizide,3478,CC1=CN=C(C=N1)C(=O)NCCC2=CC=C(C=C2)S(=O)(=O)NC(=O)NC3CCCCC3,Skin hyperpigmentation,1
dapagliflozin,9887712,CCOC1=CC=C(C=C1)CC2=C(C=CC(=C2)C3C(C(C(C(O3)CO)O)O)O)Cl,Toxicologic test,0
dapagliflozin,9887712,CCOC1=CC=C(C=C1)CC2=C(C=CC(=C2)C3C(C(C(C(O3)CO)O)O)O)Cl,Blood creatinine increased,0
metformin,4091,CN(C)C(=N)N=C(N)N,Mediastinal disorder,1
empagliflozin,11949646,C1COCC1OC2=CC=C(C=C2)CC3=C(C=CC(=C3)C4C(C(C(C(O4)CO)O)O)O)Cl,Product availability issue,0
sitagliptin,4369359,C1CN2C(=NN=C2C(F)(F)F)CN1C(=O)CC(CC3=CC(=C(C=C3F)F)F)N,Sopor,0
acarbose,9811704,CC1C(C(C(C(O1)OC2C(OC(C(C2O)O)OC(C(CO)O)C(C(C=O)O)O)CO)O)O)NC3C=C(C(C(C3O)O)O)CO,Product substitution issue,1
nateglinide,5311309,CC(C)C1CCC(CC1)C(=O)NC(CC2=CC=CC=C2)C(=O)O,Brain oedema,0
metformin,4091,CN(C)C(=N)N=C(N)N,Throat tightness,1
dapagliflozin,9887712,CCOC1=CC=C(C=C1)CC2=C(C=CC(=C2)C3C(C(C(C(O3)CO)O)O)O)Cl,Respiratory failure,1
empagliflozin,11949646,C1COCC1OC2=CC=C(C=C2)CC3=C(C=CC(=C3)C4C(C(C(C(O4)CO)O)O)O)Cl,Amputation,1
metformin,4091,CN(C)C(=N)N=C(N)N,Autoimmune disorder,1
metformin,4091,CN(C)C(=N)N=C(N)N,Tooth extraction,1
glimepiride,3476,CCC1=C(CN(C1=O)C(=O)NCCC2=CC=C(C=C2)S(=O)(=O)NC(=O)NC3CCC(CC3)C)C,Vulval ulceration,0
rosiglitazone,77999,CN(CCOC1=CC=C(C=C1)CC2C(=O)NC(=O)S2)C3=CC=CC=N3,Product contamination,0
acarbose,9811704,CC1C(C(C(C(O1)OC2C(OC(C(C2O)O)OC(C(CO)O)C(C(C=O)O)O)CO)O)O)NC3C=C(C(C(C3O)O)O)CO,Peripheral circulatory failure,0
glyburide,3488,COC1=C(C=C(C=C1)Cl)C(=O)NCCC2=CC=C(C=C2)S(=O)(=O)NC(=O)NC3CCCCC3,Burn oesophageal,0
glyburide,3488,COC1=C(C=C(C=C1)Cl)C(=O)NCCC2=CC=C(C=C2)S(=O)(=O)NC(=O)NC3CCCCC3,Paraplegia,0
glyburide,3488,COC1=C(C=C(C=C1)Cl)C(=O)NCCC2=CC=C(C=C2)S(=O)(=O)NC(=O)NC3CCCCC3,Fibromyalgia,0
pioglitazone,4829,CCC1=CN=C(C=C1)CCOC2=CC=C(C=C2)CC3C(=O)NC(=O)S3,Generalised tonic-clonic seizure,0
dapagliflozin,9887712,CCOC1=CC=C(C=C1)CC2=C(C=CC(=C2)C3C(C(C(C(O3)CO)O)O)O)Cl,Basedow's disease,0
metformin,4091,CN(C)C(=N)N=C(N)N,Akinesia,1
nateglinide,5311309,CC(C)C1CCC(CC1)C(=O)NC(CC2=CC=CC=C2)C(=O)O,Lip dry,0
metformin,4091,CN(C)C(=N)N=C(N)N,Hypersensitivity,1
pioglitazone,4829,CCC1=CN=C(C=C1)CCOC2=CC=C(C=C2)CC3C(=O)NC(=O)S3,Affective disorder,0
sitagliptin,4369359,C1CN2C(=NN=C2C(F)(F)F)CN1C(=O)CC(CC3=CC(=C(C=C3F)F)F)N,Quality of life decreased,0
nateglinide,5311309,CC(C)C1CCC(CC1)C(=O)NC(CC2=CC=CC=C2)C(=O)O,Menstruation delayed,0
sitagliptin,4369359,C1CN2C(=NN=C2C(F)(F)F)CN1C(=O)CC(CC3=CC(=C(C=C3F)F)F)N,Back disorder,0
metformin,4091,CN(C)C(=N)N=C(N)N,Rheumatic fever,1
saxagliptin,11243969,C1C2CC2N(C1C#N)C(=O)C(C34CC5CC(C3)CC(C5)(C4)O)N,Product packaging issue,0
pioglitazone,4829,CCC1=CN=C(C=C1)CCOC2=CC=C(C=C2)CC3C(=O)NC(=O)S3,Myelosuppression,0
pioglitazone,4829,CCC1=CN=C(C=C1)CCOC2=CC=C(C=C2)CC3C(=O)NC(=O)S3,Neuroleptic malignant syndrome,0
empagliflozin,11949646,C1COCC1OC2=CC=C(C=C2)CC3=C(C=CC(=C3)C4C(C(C(C(O4)CO)O)O)O)Cl,Musculoskeletal stiffness,1
metformin,4091,CN(C)C(=N)N=C(N)N,Purulent discharge,1
glyburide,3488,COC1=C(C=C(C=C1)Cl)C(=O)NCCC2=CC=C(C=C2)S(=O)(=O)NC(=O)NC3CCCCC3,Procalcitonin abnormal,0
empagliflozin,11949646,C1COCC1OC2=CC=C(C=C2)CC3=C(C=CC(=C3)C4C(C(C(C(O4)CO)O)O)O)Cl,Umbilical cord abnormality,0
metformin,4091,CN(C)C(=N)N=C(N)N,Product shape issue,1
metformin,4091,CN(C)C(=N)N=C(N)N,Breast mass,1
acarbose,9811704,CC1C(C(C(C(O1)OC2C(OC(C(C2O)O)OC(C(CO)O)C(C(C=O)O)O)CO)O)O)NC3C=C(C(C(C3O)O)O)CO,Malignant nipple neoplasm female,0
sitagliptin,4369359,C1CN2C(=NN=C2C(F)(F)F)CN1C(=O)CC(CC3=CC(=C(C=C3F)F)F)N,Partial seizures,0
sitagliptin,4369359,C1CN2C(=NN=C2C(F)(F)F)CN1C(=O)CC(CC3=CC(=C(C=C3F)F)F)N,Gastroenteritis salmonella,0
repaglinide,65981,CCOC1=C(C=CC(=C1)CC(=O)NC(CC(C)C)C2=CC=CC=C2N3CCCCC3)C(=O)O,Genital rash,0
acarbose,9811704,CC1C(C(C(C(O1)OC2C(OC(C(C2O)O)OC(C(CO)O)C(C(C=O)O)O)CO)O)O)NC3C=C(C(C(C3O)O)O)CO,Headache,1
glimepiride,3476,CCC1=C(CN(C1=O)C(=O)NCCC2=CC=C(C=C2)S(=O)(=O)NC(=O)NC3CCC(CC3)C)C,Iron overload,0
canagliflozin,24812758,CC1=C(C=C(C=C1)C2C(C(C(C(O2)CO)O)O)O)CC3=CC=C(S3)C4=CC=C(C=C4)F,Blood potassium abnormal,0
repaglinide,65981,CCOC1=C(C=CC(=C1)CC(=O)NC(CC(C)C)C2=CC=CC=C2N3CCCCC3)C(=O)O,Chronic lymphocytic leukaemia,0
metformin,4091,CN(C)C(=N)N=C(N)N,Osteomyelitis,1
rosiglitazone,77999,CN(CCOC1=CC=C(C=C1)CC2C(=O)NC(=O)S2)C3=CC=CC=N3,Herbal interaction,0
repaglinide,65981,CCOC1=C(C=CC(=C1)CC(=O)NC(CC(C)C)C2=CC=CC=C2N3CCCCC3)C(=O)O,Breast mass,0
nateglinide,5311309,CC(C)C1CCC(CC1)C(=O)NC(CC2=CC=CC=C2)C(=O)O,Pleural effusion,0
rosiglitazone,77999,CN(CCOC1=CC=C(C=C1)CC2C(=O)NC(=O)S2)C3=CC=CC=N3,Pancreatic enzymes increased,0
metformin,4091,CN(C)C(=N)N=C(N)N,Neonatal respiratory distress syndrome,1
acarbose,9811704,CC1C(C(C(C(O1)OC2C(OC(C(C2O)O)OC(C(CO)O)C(C(C=O)O)O)CO)O)O)NC3C=C(C(C(C3O)O)O)CO,Cardiogenic shock,0
sitagliptin,4369359,C1CN2C(=NN=C2C(F)(F)F)CN1C(=O)CC(CC3=CC(=C(C=C3F)F)F)N,Injection site erosion,0
metformin,4091,CN(C)C(=N)N=C(N)N,Heart transplant,0
acarbose,9811704,CC1C(C(C(C(O1)OC2C(OC(C(C2O)O)OC(C(CO)O)C(C(C=O)O)O)CO)O)O)NC3C=C(C(C(C3O)O)O)CO,Pancreatic pseudocyst,0
repaglinide,65981,CCOC1=C(C=CC(=C1)CC(=O)NC(CC(C)C)C2=CC=CC=C2N3CCCCC3)C(=O)O,Reaction to colouring,0
glimepiride,3476,CCC1=C(CN(C1=O)C(=O)NCCC2=CC=C(C=C2)S(=O)(=O)NC(=O)NC3CCC(CC3)C)C,Toothache,0
glyburide,3488,COC1=C(C=C(C=C1)Cl)C(=O)NCCC2=CC=C(C=C2)S(=O)(=O)NC(=O)NC3CCCCC3,Therapeutic product ineffective,0
metformin,4091,CN(C)C(=N)N=C(N)N,Increased appetite,1
empagliflozin,11949646,C1COCC1OC2=CC=C(C=C2)CC3=C(C=CC(=C3)C4C(C(C(C(O4)CO)O)O)O)Cl,Aortic bruit,0
saxagliptin,11243969,C1C2CC2N(C1C#N)C(=O)C(C34CC5CC(C3)CC(C5)(C4)O)N,Blood urea,0
saxagliptin,11243969,C1C2CC2N(C1C#N)C(=O)C(C34CC5CC(C3)CC(C5)(C4)O)N,Cardiomegaly,0
acarbose,9811704,CC1C(C(C(C(O1)OC2C(OC(C(C2O)O)OC(C(CO)O)C(C(C=O)O)O)CO)O)O)NC3C=C(C(C(C3O)O)O)CO,Genital blister,0
nateglinide,5311309,CC(C)C1CCC(CC1)C(=O)NC(CC2=CC=CC=C2)C(=O)O,Bladder hypertrophy,0
linagliptin,10096344,CC#CCN1C2=C(N=C1N3CCCC(C3)N)N(C(=O)N(C2=O)CC4=NC5=CC=CC=C5C(=N4)C)C,Calcium deficiency,0
metformin,4091,CN(C)C(=N)N=C(N)N,Neurotoxicity,1
sitagliptin,4369359,C1CN2C(=NN=C2C(F)(F)F)CN1C(=O)CC(CC3=CC(=C(C=C3F)F)F)N,Pseudohypoglycaemia,0
empagliflozin,11949646,C1COCC1OC2=CC=C(C=C2)CC3=C(C=CC(=C3)C4C(C(C(C(O4)CO)O)O)O)Cl,Pulmonary sepsis,1
empagliflozin,11949646,C1COCC1OC2=CC=C(C=C2)CC3=C(C=CC(=C3)C4C(C(C(C(O4)CO)O)O)O)Cl,Subdural haematoma,1
pioglitazone,4829,CCC1=CN=C(C=C1)CCOC2=CC=C(C=C2)CC3C(=O)NC(=O)S3,Renal cancer,0
metformin,4091,CN(C)C(=N)N=C(N)N,Cold sweat,1
saxagliptin,11243969,C1C2CC2N(C1C#N)C(=O)C(C34CC5CC(C3)CC(C5)(C4)O)N,Pneumothorax traumatic,0
pioglitazone,4829,CCC1=CN=C(C=C1)CCOC2=CC=C(C=C2)CC3C(=O)NC(=O)S3,Transcription medication error,0
linagliptin,10096344,CC#CCN1C2=C(N=C1N3CCCC(C3)N)N(C(=O)N(C2=O)CC4=NC5=CC=CC=C5C(=N4)C)C,Apparent death,0
nateglinide,5311309,CC(C)C1CCC(CC1)C(=O)NC(CC2=CC=CC=C2)C(=O)O,Ocular myasthenia,0
repaglinide,65981,CCOC1=C(C=CC(=C1)CC(=O)NC(CC(C)C)C2=CC=CC=C2N3CCCCC3)C(=O)O,Mental fatigue,0
empagliflozin,11949646,C1COCC1OC2=CC=C(C=C2)CC3=C(C=CC(=C3)C4C(C(C(C(O4)CO)O)O)O)Cl,Hyperkalaemia,1
metformin,4091,CN(C)C(=N)N=C(N)N,Foetal growth restriction,1
metformin,4091,CN(C)C(=N)N=C(N)N,White blood cell count decreased,1
metformin,4091,CN(C)C(=N)N=C(N)N,Arterial occlusive disease,1
dapagliflozin,9887712,CCOC1=CC=C(C=C1)CC2=C(C=CC(=C2)C3C(C(C(C(O3)CO)O)O)O)Cl,Lafora's myoclonic epilepsy,0
sitagliptin,4369359,C1CN2C(=NN=C2C(F)(F)F)CN1C(=O)CC(CC3=CC(=C(C=C3F)F)F)N,Body mass index decreased,0
empagliflozin,11949646,C1COCC1OC2=CC=C(C=C2)CC3=C(C=CC(=C3)C4C(C(C(C(O4)CO)O)O)O)Cl,Philadelphia positive chronic myeloid leukaemia,0
linagliptin,10096344,CC#CCN1C2=C(N=C1N3CCCC(C3)N)N(C(=O)N(C2=O)CC4=NC5=CC=CC=C5C(=N4)C)C,Blood corticotrophin increased,0
acarbose,9811704,CC1C(C(C(C(O1)OC2C(OC(C(C2O)O)OC(C(CO)O)C(C(C=O)O)O)CO)O)O)NC3C=C(C(C(C3O)O)O)CO,Occult blood,0
rosiglitazone,77999,CN(CCOC1=CC=C(C=C1)CC2C(=O)NC(=O)S2)C3=CC=CC=N3,Incorrect product formulation administered,0
canagliflozin,24812758,CC1=C(C=C(C=C1)C2C(C(C(C(O2)CO)O)O)O)CC3=CC=C(S3)C4=CC=C(C=C4)F,Eating disorder symptom,1
metformin,4091,CN(C)C(=N)N=C(N)N,Myelopathy,1
dapagliflozin,9887712,CCOC1=CC=C(C=C1)CC2=C(C=CC(=C2)C3C(C(C(C(O3)CO)O)O)O)Cl,Vasculitis,1
repaglinide,65981,CCOC1=C(C=CC(=C1)CC(=O)NC(CC(C)C)C2=CC=CC=C2N3CCCCC3)C(=O)O,Encephalitis,0
pioglitazone,4829,CCC1=CN=C(C=C1)CCOC2=CC=C(C=C2)CC3C(=O)NC(=O)S3,Pruritus,1
canagliflozin,24812758,CC1=C(C=C(C=C1)C2C(C(C(C(O2)CO)O)O)O)CC3=CC=C(S3)C4=CC=C(C=C4)F,Acquired phimosis,0
pioglitazone,4829,CCC1=CN=C(C=C1)CCOC2=CC=C(C=C2)CC3C(=O)NC(=O)S3,Chronic graft versus host disease in eye,1
sitagliptin,4369359,C1CN2C(=NN=C2C(F)(F)F)CN1C(=O)CC(CC3=CC(=C(C=C3F)F)F)N,Medication error,1
repaglinide,65981,CCOC1=C(C=CC(=C1)CC(=O)NC(CC(C)C)C2=CC=CC=C2N3CCCCC3)C(=O)O,Speech disorder,1
rosiglitazone,77999,CN(CCOC1=CC=C(C=C1)CC2C(=O)NC(=O)S2)C3=CC=CC=N3,Underweight,0
metformin,4091,CN(C)C(=N)N=C(N)N,Oral mucosal blistering,0
metformin,4091,CN(C)C(=N)N=C(N)N,Sexual dysfunction,1
metformin,4091,CN(C)C(=N)N=C(N)N,Urticaria,1
metformin,4091,CN(C)C(=N)N=C(N)N,Gingival swelling,1
metformin,4091,CN(C)C(=N)N=C(N)N,Dry mouth,1
saxagliptin,11243969,C1C2CC2N(C1C#N)C(=O)C(C34CC5CC(C3)CC(C5)(C4)O)N,Tongue disorder,0
pioglitazone,4829,CCC1=CN=C(C=C1)CCOC2=CC=C(C=C2)CC3C(=O)NC(=O)S3,Angiotensin converting enzyme increased,0
canagliflozin,24812758,CC1=C(C=C(C=C1)C2C(C(C(C(O2)CO)O)O)O)CC3=CC=C(S3)C4=CC=C(C=C4)F,Urobilinogen urine increased,0
glipizide,3478,CC1=CN=C(C=N1)C(=O)NCCC2=CC=C(C=C2)S(=O)(=O)NC(=O)NC3CCCCC3,Blood glucose fluctuation,1
nateglinide,5311309,CC(C)C1CCC(CC1)C(=O)NC(CC2=CC=CC=C2)C(=O)O,Henoch-Schonlein purpura,0
empagliflozin,11949646,C1COCC1OC2=CC=C(C=C2)CC3=C(C=CC(=C3)C4C(C(C(C(O4)CO)O)O)O)Cl,Diabetic nephropathy,1
metformin,4091,CN(C)C(=N)N=C(N)N,Seborrhoeic keratosis,1
acarbose,9811704,CC1C(C(C(C(O1)OC2C(OC(C(C2O)O)OC(C(CO)O)C(C(C=O)O)O)CO)O)O)NC3C=C(C(C(C3O)O)O)CO,Ketoacidosis,0
repaglinide,65981,CCOC1=C(C=CC(=C1)CC(=O)NC(CC(C)C)C2=CC=CC=C2N3CCCCC3)C(=O)O,Perfume sensitivity,0
metformin,4091,CN(C)C(=N)N=C(N)N,Fear of death,1
dapagliflozin,9887712,CCOC1=CC=C(C=C1)CC2=C(C=CC(=C2)C3C(C(C(C(O3)CO)O)O)O)Cl,Dyspnoea,1
pioglitazone,4829,CCC1=CN=C(C=C1)CCOC2=CC=C(C=C2)CC3C(=O)NC(=O)S3,Pharyngeal swelling,1
empagliflozin,11949646,C1COCC1OC2=CC=C(C=C2)CC3=C(C=CC(=C3)C4C(C(C(C(O4)CO)O)O)O)Cl,Buttock injury,0
acarbose,9811704,CC1C(C(C(C(O1)OC2C(OC(C(C2O)O)OC(C(CO)O)C(C(C=O)O)O)CO)O)O)NC3C=C(C(C(C3O)O)O)CO,Product physical issue,0
pioglitazone,4829,CCC1=CN=C(C=C1)CCOC2=CC=C(C=C2)CC3C(=O)NC(=O)S3,Intracranial pressure increased,0
glipizide,3478,CC1=CN=C(C=N1)C(=O)NCCC2=CC=C(C=C2)S(=O)(=O)NC(=O)NC3CCCCC3,Food aversion,0
metformin,4091,CN(C)C(=N)N=C(N)N,Diabetes mellitus,1
metformin,4091,CN(C)C(=N)N=C(N)N,Electrocardiogram ST segment abnormal,0
metformin,4091,CN(C)C(=N)N=C(N)N,N-terminal prohormone brain natriuretic peptide increased,1
glimepiride,3476,CCC1=C(CN(C1=O)C(=O)NCCC2=CC=C(C=C2)S(=O)(=O)NC(=O)NC3CCC(CC3)C)C,Feeling jittery,1
sitagliptin,4369359,C1CN2C(=NN=C2C(F)(F)F)CN1C(=O)CC(CC3=CC(=C(C=C3F)F)F)N,Hemiparesis,1
metformin,4091,CN(C)C(=N)N=C(N)N,Pharyngitis,1
saxagliptin,11243969,C1C2CC2N(C1C#N)C(=O)C(C34CC5CC(C3)CC(C5)(C4)O)N,Haemolytic anaemia,1
saxagliptin,11243969,C1C2CC2N(C1C#N)C(=O)C(C34CC5CC(C3)CC(C5)(C4)O)N,Pancreatic failure,0
glipizide,3478,CC1=CN=C(C=N1)C(=O)NCCC2=CC=C(C=C2)S(=O)(=O)NC(=O)NC3CCCCC3,Leukaemia,0
metformin,4091,CN(C)C(=N)N=C(N)N,Protein total increased,1
sitagliptin,4369359,C1CN2C(=NN=C2C(F)(F)F)CN1C(=O)CC(CC3=CC(=C(C=C3F)F)F)N,Chronic kidney disease,1
metformin,4091,CN(C)C(=N)N=C(N)N,Alanine aminotransferase increased,1
metformin,4091,CN(C)C(=N)N=C(N)N,Carbuncle,1
linagliptin,10096344,CC#CCN1C2=C(N=C1N3CCCC(C3)N)N(C(=O)N(C2=O)CC4=NC5=CC=CC=C5C(=N4)C)C,Salivary gland cancer,0
nateglinide,5311309,CC(C)C1CCC(CC1)C(=O)NC(CC2=CC=CC=C2)C(=O)O,Necrotising fasciitis,0
dapagliflozin,9887712,CCOC1=CC=C(C=C1)CC2=C(C=CC(=C2)C3C(C(C(C(O3)CO)O)O)O)Cl,Pelvic discomfort,0
repaglinide,65981,CCOC1=C(C=CC(=C1)CC(=O)NC(CC(C)C)C2=CC=CC=C2N3CCCCC3)C(=O)O,Ectopia cordis,0
glimepiride,3476,CCC1=C(CN(C1=O)C(=O)NCCC2=CC=C(C=C2)S(=O)(=O)NC(=O)NC3CCC(CC3)C)C,Femur fracture,1
saxagliptin,11243969,C1C2CC2N(C1C#N)C(=O)C(C34CC5CC(C3)CC(C5)(C4)O)N,Ephelides,0
repaglinide,65981,CCOC1=C(C=CC(=C1)CC(=O)NC(CC(C)C)C2=CC=CC=C2N3CCCCC3)C(=O)O,Pancreatic fistula,0
metformin,4091,CN(C)C(=N)N=C(N)N,Spinal osteoarthritis,1
sitagliptin,4369359,C1CN2C(=NN=C2C(F)(F)F)CN1C(=O)CC(CC3=CC(=C(C=C3F)F)F)N,Bacterial infection,1
metformin,4091,CN(C)C(=N)N=C(N)N,Bladder hypertrophy,1
metformin,4091,CN(C)C(=N)N=C(N)N,Thoracic vertebral fracture,0
empagliflozin,11949646,C1COCC1OC2=CC=C(C=C2)CC3=C(C=CC(=C3)C4C(C(C(C(O4)CO)O)O)O)Cl,Duodenal neoplasm,1
glipizide,3478,CC1=CN=C(C=N1)C(=O)NCCC2=CC=C(C=C2)S(=O)(=O)NC(=O)NC3CCCCC3,Intentional product misuse,1
pioglitazone,4829,CCC1=CN=C(C=C1)CCOC2=CC=C(C=C2)CC3C(=O)NC(=O)S3,Sexual dysfunction,0
pioglitazone,4829,CCC1=CN=C(C=C1)CCOC2=CC=C(C=C2)CC3C(=O)NC(=O)S3,Pulmonary congestion,0
rosiglitazone,77999,CN(CCOC1=CC=C(C=C1)CC2C(=O)NC(=O)S2)C3=CC=CC=N3,Ventricular tachycardia,0
empagliflozin,11949646,C1COCC1OC2=CC=C(C=C2)CC3=C(C=CC(=C3)C4C(C(C(C(O4)CO)O)O)O)Cl,Respiratory rate decreased,0
metformin,4091,CN(C)C(=N)N=C(N)N,Thrombocytosis,1
sitagliptin,4369359,C1CN2C(=NN=C2C(F)(F)F)CN1C(=O)CC(CC3=CC(=C(C=C3F)F)F)N,Intestinal transit time abnormal,0
linagliptin,10096344,CC#CCN1C2=C(N=C1N3CCCC(C3)N)N(C(=O)N(C2=O)CC4=NC5=CC=CC=C5C(=N4)C)C,Product quality issue,0
sitagliptin,4369359,C1CN2C(=NN=C2C(F)(F)F)CN1C(=O)CC(CC3=CC(=C(C=C3F)F)F)N,Muscular weakness,1
glyburide,3488,COC1=C(C=C(C=C1)Cl)C(=O)NCCC2=CC=C(C=C2)S(=O)(=O)NC(=O)NC3CCCCC3,Subcutaneous abscess,0
repaglinide,65981,CCOC1=C(C=CC(=C1)CC(=O)NC(CC(C)C)C2=CC=CC=C2N3CCCCC3)C(=O)O,Anal cancer,0
dapagliflozin,9887712,CCOC1=CC=C(C=C1)CC2=C(C=CC(=C2)C3C(C(C(C(O3)CO)O)O)O)Cl,Wound infection,1
metformin,4091,CN(C)C(=N)N=C(N)N,Attention deficit hyperactivity disorder,1
nateglinide,5311309,CC(C)C1CCC(CC1)C(=O)NC(CC2=CC=CC=C2)C(=O)O,Amphetamines positive,0
glipizide,3478,CC1=CN=C(C=N1)C(=O)NCCC2=CC=C(C=C2)S(=O)(=O)NC(=O)NC3CCCCC3,Skin abrasion,1
canagliflozin,24812758,CC1=C(C=C(C=C1)C2C(C(C(C(O2)CO)O)O)O)CC3=CC=C(S3)C4=CC=C(C=C4)F,Lactic acidosis,1
saxagliptin,11243969,C1C2CC2N(C1C#N)C(=O)C(C34CC5CC(C3)CC(C5)(C4)O)N,Face injury,0
canagliflozin,24812758,CC1=C(C=C(C=C1)C2C(C(C(C(O2)CO)O)O)O)CC3=CC=C(S3)C4=CC=C(C=C4)F,Psoriasis,0
metformin,4091,CN(C)C(=N)N=C(N)N,Genital swelling,1
metformin,4091,CN(C)C(=N)N=C(N)N,Amyloidosis,1
dapagliflozin,9887712,CCOC1=CC=C(C=C1)CC2=C(C=CC(=C2)C3C(C(C(C(O3)CO)O)O)O)Cl,COVID-19,1
metformin,4091,CN(C)C(=N)N=C(N)N,Cardiac failure acute,1
metformin,4091,CN(C)C(=N)N=C(N)N,Polymyalgia rheumatica,1
pioglitazone,4829,CCC1=CN=C(C=C1)CCOC2=CC=C(C=C2)CC3C(=O)NC(=O)S3,Dyspnoea exertional,1
pioglitazone,4829,CCC1=CN=C(C=C1)CCOC2=CC=C(C=C2)CC3C(=O)NC(=O)S3,"Hallucination, visual",1
metformin,4091,CN(C)C(=N)N=C(N)N,Thyroid cancer,1
saxagliptin,11243969,C1C2CC2N(C1C#N)C(=O)C(C34CC5CC(C3)CC(C5)(C4)O)N,Ear disorder,0
saxagliptin,11243969,C1C2CC2N(C1C#N)C(=O)C(C34CC5CC(C3)CC(C5)(C4)O)N,Subdural haematoma,0
canagliflozin,24812758,CC1=C(C=C(C=C1)C2C(C(C(C(O2)CO)O)O)O)CC3=CC=C(S3)C4=CC=C(C=C4)F,Cartilage atrophy,0
glipizide,3478,CC1=CN=C(C=N1)C(=O)NCCC2=CC=C(C=C2)S(=O)(=O)NC(=O)NC3CCCCC3,Spinal compression fracture,1
glimepiride,3476,CCC1=C(CN(C1=O)C(=O)NCCC2=CC=C(C=C2)S(=O)(=O)NC(=O)NC3CCC(CC3)C)C,Pulmonary fibrosis,0
linagliptin,10096344,CC#CCN1C2=C(N=C1N3CCCC(C3)N)N(C(=O)N(C2=O)CC4=NC5=CC=CC=C5C(=N4)C)C,Skin ulcer haemorrhage,0
nateglinide,5311309,CC(C)C1CCC(CC1)C(=O)NC(CC2=CC=CC=C2)C(=O)O,Hyperhidrosis,0
linagliptin,10096344,CC#CCN1C2=C(N=C1N3CCCC(C3)N)N(C(=O)N(C2=O)CC4=NC5=CC=CC=C5C(=N4)C)C,Product monitoring error,0
metformin,4091,CN(C)C(=N)N=C(N)N,Vestibular disorder,1
nateglinide,5311309,CC(C)C1CCC(CC1)C(=O)NC(CC2=CC=CC=C2)C(=O)O,Increased insulin requirement,0
metformin,4091,CN(C)C(=N)N=C(N)N,Ageusia,1
metformin,4091,CN(C)C(=N)N=C(N)N,Alcohol poisoning,1
metformin,4091,CN(C)C(=N)N=C(N)N,Glomerular filtration rate decreased,1
sitagliptin,4369359,C1CN2C(=NN=C2C(F)(F)F)CN1C(=O)CC(CC3=CC(=C(C=C3F)F)F)N,Drug reaction with eosinophilia and systemic symptoms,1
metformin,4091,CN(C)C(=N)N=C(N)N,Polymenorrhoea,1
metformin,4091,CN(C)C(=N)N=C(N)N,Onychalgia,1
metformin,4091,CN(C)C(=N)N=C(N)N,Renal failure,1
canagliflozin,24812758,CC1=C(C=C(C=C1)C2C(C(C(C(O2)CO)O)O)O)CC3=CC=C(S3)C4=CC=C(C=C4)F,Pustular psoriasis,0
metformin,4091,CN(C)C(=N)N=C(N)N,Faeces soft,1
dapagliflozin,9887712,CCOC1=CC=C(C=C1)CC2=C(C=CC(=C2)C3C(C(C(C(O3)CO)O)O)O)Cl,Henoch-Schonlein purpura,0
repaglinide,65981,CCOC1=C(C=CC(=C1)CC(=O)NC(CC(C)C)C2=CC=CC=C2N3CCCCC3)C(=O)O,Paralysis recurrent laryngeal nerve,0
sitagliptin,4369359,C1CN2C(=NN=C2C(F)(F)F)CN1C(=O)CC(CC3=CC(=C(C=C3F)F)F)N,Rash,1
metformin,4091,CN(C)C(=N)N=C(N)N,Maculopathy,1
metformin,4091,CN(C)C(=N)N=C(N)N,Vitamin D deficiency,1
metformin,4091,CN(C)C(=N)N=C(N)N,Odynophagia,1
repaglinide,65981,CCOC1=C(C=CC(=C1)CC(=O)NC(CC(C)C)C2=CC=CC=C2N3CCCCC3)C(=O)O,Precancerous skin lesion,0
saxagliptin,11243969,C1C2CC2N(C1C#N)C(=O)C(C34CC5CC(C3)CC(C5)(C4)O)N,Decreased appetite,1
metformin,4091,CN(C)C(=N)N=C(N)N,Cell death,1
metformin,4091,CN(C)C(=N)N=C(N)N,Shock,1
dapagliflozin,9887712,CCOC1=CC=C(C=C1)CC2=C(C=CC(=C2)C3C(C(C(C(O3)CO)O)O)O)Cl,Metabolic acidosis,1
canagliflozin,24812758,CC1=C(C=C(C=C1)C2C(C(C(C(O2)CO)O)O)O)CC3=CC=C(S3)C4=CC=C(C=C4)F,Therapeutic product effect decreased,0
sitagliptin,4369359,C1CN2C(=NN=C2C(F)(F)F)CN1C(=O)CC(CC3=CC(=C(C=C3F)F)F)N,Renal neoplasm,0
metformin,4091,CN(C)C(=N)N=C(N)N,Prostatic specific antigen increased,1
metformin,4091,CN(C)C(=N)N=C(N)N,Chronic obstructive pulmonary disease,1
metformin,4091,CN(C)C(=N)N=C(N)N,Drug tolerance,1
nateglinide,5311309,CC(C)C1CCC(CC1)C(=O)NC(CC2=CC=CC=C2)C(=O)O,Forced expiratory volume decreased,0
nateglinide,5311309,CC(C)C1CCC(CC1)C(=O)NC(CC2=CC=CC=C2)C(=O)O,Tonsillectomy,0
empagliflozin,11949646,C1COCC1OC2=CC=C(C=C2)CC3=C(C=CC(=C3)C4C(C(C(C(O4)CO)O)O)O)Cl,Genital rash,1
pioglitazone,4829,CCC1=CN=C(C=C1)CCOC2=CC=C(C=C2)CC3C(=O)NC(=O)S3,Circulatory collapse,0
glipizide,3478,CC1=CN=C(C=N1)C(=O)NCCC2=CC=C(C=C2)S(=O)(=O)NC(=O)NC3CCCCC3,Confusional state,1
pioglitazone,4829,CCC1=CN=C(C=C1)CCOC2=CC=C(C=C2)CC3C(=O)NC(=O)S3,Sensitive skin,0
glimepiride,3476,CCC1=C(CN(C1=O)C(=O)NCCC2=CC=C(C=C2)S(=O)(=O)NC(=O)NC3CCC(CC3)C)C,Acute respiratory failure,1
sitagliptin,4369359,C1CN2C(=NN=C2C(F)(F)F)CN1C(=O)CC(CC3=CC(=C(C=C3F)F)F)N,Persistent cloaca,0
metformin,4091,CN(C)C(=N)N=C(N)N,Monocyte count increased,1
metformin,4091,CN(C)C(=N)N=C(N)N,Transcription medication error,1
canagliflozin,24812758,CC1=C(C=C(C=C1)C2C(C(C(C(O2)CO)O)O)O)CC3=CC=C(S3)C4=CC=C(C=C4)F,Poor venous access,0
empagliflozin,11949646,C1COCC1OC2=CC=C(C=C2)CC3=C(C=CC(=C3)C4C(C(C(C(O4)CO)O)O)O)Cl,Lipids abnormal,1
glimepiride,3476,CCC1=C(CN(C1=O)C(=O)NCCC2=CC=C(C=C2)S(=O)(=O)NC(=O)NC3CCC(CC3)C)C,Anaemia,1
metformin,4091,CN(C)C(=N)N=C(N)N,Vaginal ulceration,0
metformin,4091,CN(C)C(=N)N=C(N)N,Lung abscess,1
canagliflozin,24812758,CC1=C(C=C(C=C1)C2C(C(C(C(O2)CO)O)O)O)CC3=CC=C(S3)C4=CC=C(C=C4)F,Pleural fibrosis,0
acarbose,9811704,CC1C(C(C(C(O1)OC2C(OC(C(C2O)O)OC(C(CO)O)C(C(C=O)O)O)CO)O)O)NC3C=C(C(C(C3O)O)O)CO,Taste disorder,0
pioglitazone,4829,CCC1=CN=C(C=C1)CCOC2=CC=C(C=C2)CC3C(=O)NC(=O)S3,Tachypnoea,0
glipizide,3478,CC1=CN=C(C=N1)C(=O)NCCC2=CC=C(C=C2)S(=O)(=O)NC(=O)NC3CCCCC3,Coma,1
metformin,4091,CN(C)C(=N)N=C(N)N,Hepatic enzyme increased,1
metformin,4091,CN(C)C(=N)N=C(N)N,Left ventricular failure,1
repaglinide,65981,CCOC1=C(C=CC(=C1)CC(=O)NC(CC(C)C)C2=CC=CC=C2N3CCCCC3)C(=O)O,Autoimmune myocarditis,0
repaglinide,65981,CCOC1=C(C=CC(=C1)CC(=O)NC(CC(C)C)C2=CC=CC=C2N3CCCCC3)C(=O)O,Product label confusion,0
repaglinide,65981,CCOC1=C(C=CC(=C1)CC(=O)NC(CC(C)C)C2=CC=CC=C2N3CCCCC3)C(=O)O,Encephalitis toxic,0
metformin,4091,CN(C)C(=N)N=C(N)N,High density lipoprotein decreased,1
nateglinide,5311309,CC(C)C1CCC(CC1)C(=O)NC(CC2=CC=CC=C2)C(=O)O,Poverty of speech,0
metformin,4091,CN(C)C(=N)N=C(N)N,Fluid intake reduced,1
nateglinide,5311309,CC(C)C1CCC(CC1)C(=O)NC(CC2=CC=CC=C2)C(=O)O,Oesophagitis,0
repaglinide,65981,CCOC1=C(C=CC(=C1)CC(=O)NC(CC(C)C)C2=CC=CC=C2N3CCCCC3)C(=O)O,Odynophagia,1
metformin,4091,CN(C)C(=N)N=C(N)N,Umbilical cord abnormality,1
metformin,4091,CN(C)C(=N)N=C(N)N,Oedema,1
nateglinide,5311309,CC(C)C1CCC(CC1)C(=O)NC(CC2=CC=CC=C2)C(=O)O,Abdominal compartment syndrome,0
acarbose,9811704,CC1C(C(C(C(O1)OC2C(OC(C(C2O)O)OC(C(CO)O)C(C(C=O)O)O)CO)O)O)NC3C=C(C(C(C3O)O)O)CO,Chest discomfort,0
glyburide,3488,COC1=C(C=C(C=C1)Cl)C(=O)NCCC2=CC=C(C=C2)S(=O)(=O)NC(=O)NC3CCCCC3,Pulse absent,0
metformin,4091,CN(C)C(=N)N=C(N)N,Back pain,1
metformin,4091,CN(C)C(=N)N=C(N)N,Fear,1
dapagliflozin,9887712,CCOC1=CC=C(C=C1)CC2=C(C=CC(=C2)C3C(C(C(C(O3)CO)O)O)O)Cl,Urinary retention,1
empagliflozin,11949646,C1COCC1OC2=CC=C(C=C2)CC3=C(C=CC(=C3)C4C(C(C(C(O4)CO)O)O)O)Cl,Sternal fracture,0
glimepiride,3476,CCC1=C(CN(C1=O)C(=O)NCCC2=CC=C(C=C2)S(=O)(=O)NC(=O)NC3CCC(CC3)C)C,Electrocardiogram ST-T change,0
metformin,4091,CN(C)C(=N)N=C(N)N,Delayed recovery from anaesthesia,1
repaglinide,65981,CCOC1=C(C=CC(=C1)CC(=O)NC(CC(C)C)C2=CC=CC=C2N3CCCCC3)C(=O)O,Venous thrombosis,0
glimepiride,3476,CCC1=C(CN(C1=O)C(=O)NCCC2=CC=C(C=C2)S(=O)(=O)NC(=O)NC3CCC(CC3)C)C,Nocturnal dyspnoea,1
rosiglitazone,77999,CN(CCOC1=CC=C(C=C1)CC2C(=O)NC(=O)S2)C3=CC=CC=N3,Device issue,0
nateglinide,5311309,CC(C)C1CCC(CC1)C(=O)NC(CC2=CC=CC=C2)C(=O)O,Oedematous pancreatitis,0
sitagliptin,4369359,C1CN2C(=NN=C2C(F)(F)F)CN1C(=O)CC(CC3=CC(=C(C=C3F)F)F)N,Misleading laboratory test result,0
metformin,4091,CN(C)C(=N)N=C(N)N,Metastatic malignant melanoma,1
glipizide,3478,CC1=CN=C(C=N1)C(=O)NCCC2=CC=C(C=C2)S(=O)(=O)NC(=O)NC3CCCCC3,Osteoporosis,1
metformin,4091,CN(C)C(=N)N=C(N)N,Brain natriuretic peptide increased,1
metformin,4091,CN(C)C(=N)N=C(N)N,Hypocapnia,1
empagliflozin,11949646,C1COCC1OC2=CC=C(C=C2)CC3=C(C=CC(=C3)C4C(C(C(C(O4)CO)O)O)O)Cl,Abdominal discomfort,1
metformin,4091,CN(C)C(=N)N=C(N)N,Renal tubular dysfunction,1
glimepiride,3476,CCC1=C(CN(C1=O)C(=O)NCCC2=CC=C(C=C2)S(=O)(=O)NC(=O)NC3CCC(CC3)C)C,Sudden infant death syndrome,0
nateglinide,5311309,CC(C)C1CCC(CC1)C(=O)NC(CC2=CC=CC=C2)C(=O)O,Gallbladder disorder,0
rosiglitazone,77999,CN(CCOC1=CC=C(C=C1)CC2C(=O)NC(=O)S2)C3=CC=CC=N3,Aortic thrombosis,0
rosiglitazone,77999,CN(CCOC1=CC=C(C=C1)CC2C(=O)NC(=O)S2)C3=CC=CC=N3,Photophobia,0
dapagliflozin,9887712,CCOC1=CC=C(C=C1)CC2=C(C=CC(=C2)C3C(C(C(C(O3)CO)O)O)O)Cl,Hypertrophy,0
saxagliptin,11243969,C1C2CC2N(C1C#N)C(=O)C(C34CC5CC(C3)CC(C5)(C4)O)N,Red blood cell count decreased,0
metformin,4091,CN(C)C(=N)N=C(N)N,Injection site reaction,1
metformin,4091,CN(C)C(=N)N=C(N)N,Ketosis,1
rosiglitazone,77999,CN(CCOC1=CC=C(C=C1)CC2C(=O)NC(=O)S2)C3=CC=CC=N3,Cholecystitis acute,0
repaglinide,65981,CCOC1=C(C=CC(=C1)CC(=O)NC(CC(C)C)C2=CC=CC=C2N3CCCCC3)C(=O)O,Cold sweat,0
nateglinide,5311309,CC(C)C1CCC(CC1)C(=O)NC(CC2=CC=CC=C2)C(=O)O,Tongue haemorrhage,0
metformin,4091,CN(C)C(=N)N=C(N)N,Eosinophilic colitis,1
metformin,4091,CN(C)C(=N)N=C(N)N,Incontinence,1
linagliptin,10096344,CC#CCN1C2=C(N=C1N3CCCC(C3)N)N(C(=O)N(C2=O)CC4=NC5=CC=CC=C5C(=N4)C)C,Blood ketone body increased,0
empagliflozin,11949646,C1COCC1OC2=CC=C(C=C2)CC3=C(C=CC(=C3)C4C(C(C(C(O4)CO)O)O)O)Cl,Diarrhoea haemorrhagic,1
acarbose,9811704,CC1C(C(C(C(O1)OC2C(OC(C(C2O)O)OC(C(CO)O)C(C(C=O)O)O)CO)O)O)NC3C=C(C(C(C3O)O)O)CO,Hypoglycaemia,1
metformin,4091,CN(C)C(=N)N=C(N)N,Supraventricular tachycardia,1
metformin,4091,CN(C)C(=N)N=C(N)N,Hepatic enzyme abnormal,1
canagliflozin,24812758,CC1=C(C=C(C=C1)C2C(C(C(C(O2)CO)O)O)O)CC3=CC=C(S3)C4=CC=C(C=C4)F,Diabetic wound,0
sitagliptin,4369359,C1CN2C(=NN=C2C(F)(F)F)CN1C(=O)CC(CC3=CC(=C(C=C3F)F)F)N,Product residue present,0
canagliflozin,24812758,CC1=C(C=C(C=C1)C2C(C(C(C(O2)CO)O)O)O)CC3=CC=C(S3)C4=CC=C(C=C4)F,Emphysematous cystitis,1
glyburide,3488,COC1=C(C=C(C=C1)Cl)C(=O)NCCC2=CC=C(C=C2)S(=O)(=O)NC(=O)NC3CCCCC3,Syncope,1
acarbose,9811704,CC1C(C(C(C(O1)OC2C(OC(C(C2O)O)OC(C(CO)O)C(C(C=O)O)O)CO)O)O)NC3C=C(C(C(C3O)O)O)CO,Affect lability,0
metformin,4091,CN(C)C(=N)N=C(N)N,Glucose tolerance impaired,1
acarbose,9811704,CC1C(C(C(C(O1)OC2C(OC(C(C2O)O)OC(C(CO)O)C(C(C=O)O)O)CO)O)O)NC3C=C(C(C(C3O)O)O)CO,Concomitant disease aggravated,0
glyburide,3488,COC1=C(C=C(C=C1)Cl)C(=O)NCCC2=CC=C(C=C2)S(=O)(=O)NC(=O)NC3CCCCC3,Oesophageal squamous cell carcinoma,0
glimepiride,3476,CCC1=C(CN(C1=O)C(=O)NCCC2=CC=C(C=C2)S(=O)(=O)NC(=O)NC3CCC(CC3)C)C,Torticollis,1
metformin,4091,CN(C)C(=N)N=C(N)N,Foot fracture,1
pioglitazone,4829,CCC1=CN=C(C=C1)CCOC2=CC=C(C=C2)CC3C(=O)NC(=O)S3,Wheezing,1
rosiglitazone,77999,CN(CCOC1=CC=C(C=C1)CC2C(=O)NC(=O)S2)C3=CC=CC=N3,Haemolysis,0
dapagliflozin,9887712,CCOC1=CC=C(C=C1)CC2=C(C=CC(=C2)C3C(C(C(C(O3)CO)O)O)O)Cl,Hypertensive heart disease,1
metformin,4091,CN(C)C(=N)N=C(N)N,Renal injury,1
glimepiride,3476,CCC1=C(CN(C1=O)C(=O)NCCC2=CC=C(C=C2)S(=O)(=O)NC(=O)NC3CCC(CC3)C)C,Conversion disorder,0
dapagliflozin,9887712,CCOC1=CC=C(C=C1)CC2=C(C=CC(=C2)C3C(C(C(C(O3)CO)O)O)O)Cl,COVID-19 pneumonia,1
glimepiride,3476,CCC1=C(CN(C1=O)C(=O)NCCC2=CC=C(C=C2)S(=O)(=O)NC(=O)NC3CCC(CC3)C)C,Liver injury,1
metformin,4091,CN(C)C(=N)N=C(N)N,Glycosylated haemoglobin decreased,1
metformin,4091,CN(C)C(=N)N=C(N)N,Impaired driving ability,1
repaglinide,65981,CCOC1=C(C=CC(=C1)CC(=O)NC(CC(C)C)C2=CC=CC=C2N3CCCCC3)C(=O)O,Arthritis infective,0
metformin,4091,CN(C)C(=N)N=C(N)N,Pyelonephritis,1
empagliflozin,11949646,C1COCC1OC2=CC=C(C=C2)CC3=C(C=CC(=C3)C4C(C(C(C(O4)CO)O)O)O)Cl,Nodal osteoarthritis,0
metformin,4091,CN(C)C(=N)N=C(N)N,Hallucination,1
sitagliptin,4369359,C1CN2C(=NN=C2C(F)(F)F)CN1C(=O)CC(CC3=CC(=C(C=C3F)F)F)N,Pancreatic abscess,0
glimepiride,3476,CCC1=C(CN(C1=O)C(=O)NCCC2=CC=C(C=C2)S(=O)(=O)NC(=O)NC3CCC(CC3)C)C,Intra-abdominal haematoma,0
metformin,4091,CN(C)C(=N)N=C(N)N,Meningitis,1
repaglinide,65981,CCOC1=C(C=CC(=C1)CC(=O)NC(CC(C)C)C2=CC=CC=C2N3CCCCC3)C(=O)O,Splenectomy,0
nateglinide,5311309,CC(C)C1CCC(CC1)C(=O)NC(CC2=CC=CC=C2)C(=O)O,Aortic valve disease,0
metformin,4091,CN(C)C(=N)N=C(N)N,Blood glucose abnormal,1
canagliflozin,24812758,CC1=C(C=C(C=C1)C2C(C(C(C(O2)CO)O)O)O)CC3=CC=C(S3)C4=CC=C(C=C4)F,Diabetic hyperosmolar coma,1
metformin,4091,CN(C)C(=N)N=C(N)N,Cushingoid,1
dapagliflozin,9887712,CCOC1=CC=C(C=C1)CC2=C(C=CC(=C2)C3C(C(C(C(O3)CO)O)O)O)Cl,Genital blister,1
saxagliptin,11243969,C1C2CC2N(C1C#N)C(=O)C(C34CC5CC(C3)CC(C5)(C4)O)N,Eye inflammation,0
acarbose,9811704,CC1C(C(C(C(O1)OC2C(OC(C(C2O)O)OC(C(CO)O)C(C(C=O)O)O)CO)O)O)NC3C=C(C(C(C3O)O)O)CO,Dementia Alzheimer's type,0
pioglitazone,4829,CCC1=CN=C(C=C1)CCOC2=CC=C(C=C2)CC3C(=O)NC(=O)S3,Venous injury,0
glyburide,3488,COC1=C(C=C(C=C1)Cl)C(=O)NCCC2=CC=C(C=C2)S(=O)(=O)NC(=O)NC3CCCCC3,Drug hypersensitivity,1
repaglinide,65981,CCOC1=C(C=CC(=C1)CC(=O)NC(CC(C)C)C2=CC=CC=C2N3CCCCC3)C(=O)O,Blood ketone body,0
metformin,4091,CN(C)C(=N)N=C(N)N,Restless legs syndrome,1
repaglinide,65981,CCOC1=C(C=CC(=C1)CC(=O)NC(CC(C)C)C2=CC=CC=C2N3CCCCC3)C(=O)O,Prostatic adenoma,0
acarbose,9811704,CC1C(C(C(C(O1)OC2C(OC(C(C2O)O)OC(C(CO)O)C(C(C=O)O)O)CO)O)O)NC3C=C(C(C(C3O)O)O)CO,Intestinal fistula,0
repaglinide,65981,CCOC1=C(C=CC(=C1)CC(=O)NC(CC(C)C)C2=CC=CC=C2N3CCCCC3)C(=O)O,Eating disorder symptom,0
metformin,4091,CN(C)C(=N)N=C(N)N,Liver function test increased,1
rosiglitazone,77999,CN(CCOC1=CC=C(C=C1)CC2C(=O)NC(=O)S2)C3=CC=CC=N3,Carotid artery occlusion,0
sitagliptin,4369359,C1CN2C(=NN=C2C(F)(F)F)CN1C(=O)CC(CC3=CC(=C(C=C3F)F)F)N,Ulcer,1
glyburide,3488,COC1=C(C=C(C=C1)Cl)C(=O)NCCC2=CC=C(C=C2)S(=O)(=O)NC(=O)NC3CCCCC3,Abortion spontaneous,0
glyburide,3488,COC1=C(C=C(C=C1)Cl)C(=O)NCCC2=CC=C(C=C2)S(=O)(=O)NC(=O)NC3CCCCC3,Lens disorder,0
glipizide,3478,CC1=CN=C(C=N1)C(=O)NCCC2=CC=C(C=C2)S(=O)(=O)NC(=O)NC3CCCCC3,Ventricular tachycardia,0
saxagliptin,11243969,C1C2CC2N(C1C#N)C(=O)C(C34CC5CC(C3)CC(C5)(C4)O)N,Central nervous system inflammation,0
metformin,4091,CN(C)C(=N)N=C(N)N,Chemical submission,1
saxagliptin,11243969,C1C2CC2N(C1C#N)C(=O)C(C34CC5CC(C3)CC(C5)(C4)O)N,Musculoskeletal pain,1
empagliflozin,11949646,C1COCC1OC2=CC=C(C=C2)CC3=C(C=CC(=C3)C4C(C(C(C(O4)CO)O)O)O)Cl,Candida infection,1
rosiglitazone,77999,CN(CCOC1=CC=C(C=C1)CC2C(=O)NC(=O)S2)C3=CC=CC=N3,Renal tubular necrosis,0
canagliflozin,24812758,CC1=C(C=C(C=C1)C2C(C(C(C(O2)CO)O)O)O)CC3=CC=C(S3)C4=CC=C(C=C4)F,Angina unstable,1
pioglitazone,4829,CCC1=CN=C(C=C1)CCOC2=CC=C(C=C2)CC3C(=O)NC(=O)S3,Joint swelling,1
glipizide,3478,CC1=CN=C(C=N1)C(=O)NCCC2=CC=C(C=C2)S(=O)(=O)NC(=O)NC3CCCCC3,Rash pruritic,1
canagliflozin,24812758,CC1=C(C=C(C=C1)C2C(C(C(C(O2)CO)O)O)O)CC3=CC=C(S3)C4=CC=C(C=C4)F,Delayed recovery from anaesthesia,0
dapagliflozin,9887712,CCOC1=CC=C(C=C1)CC2=C(C=CC(=C2)C3C(C(C(C(O3)CO)O)O)O)Cl,Stress,1
linagliptin,10096344,CC#CCN1C2=C(N=C1N3CCCC(C3)N)N(C(=O)N(C2=O)CC4=NC5=CC=CC=C5C(=N4)C)C,Product size issue,0
canagliflozin,24812758,CC1=C(C=C(C=C1)C2C(C(C(C(O2)CO)O)O)O)CC3=CC=C(S3)C4=CC=C(C=C4)F,Product blister packaging issue,0
canagliflozin,24812758,CC1=C(C=C(C=C1)C2C(C(C(C(O2)CO)O)O)O)CC3=CC=C(S3)C4=CC=C(C=C4)F,Myalgia,1
metformin,4091,CN(C)C(=N)N=C(N)N,Ventricular arrhythmia,1
metformin,4091,CN(C)C(=N)N=C(N)N,Hypotonia,1
dapagliflozin,9887712,CCOC1=CC=C(C=C1)CC2=C(C=CC(=C2)C3C(C(C(C(O3)CO)O)O)O)Cl,Urine ketone body,1
linagliptin,10096344,CC#CCN1C2=C(N=C1N3CCCC(C3)N)N(C(=O)N(C2=O)CC4=NC5=CC=CC=C5C(=N4)C)C,Gastritis,1
sitagliptin,4369359,C1CN2C(=NN=C2C(F)(F)F)CN1C(=O)CC(CC3=CC(=C(C=C3F)F)F)N,Sensitivity to weather change,0
canagliflozin,24812758,CC1=C(C=C(C=C1)C2C(C(C(C(O2)CO)O)O)O)CC3=CC=C(S3)C4=CC=C(C=C4)F,Red blood cell count increased,0
metformin,4091,CN(C)C(=N)N=C(N)N,Neutrophil count abnormal,1
metformin,4091,CN(C)C(=N)N=C(N)N,Frustration tolerance decreased,1
metformin,4091,CN(C)C(=N)N=C(N)N,Systemic infection,1
canagliflozin,24812758,CC1=C(C=C(C=C1)C2C(C(C(C(O2)CO)O)O)O)CC3=CC=C(S3)C4=CC=C(C=C4)F,Myelodysplastic syndrome,0
metformin,4091,CN(C)C(=N)N=C(N)N,Febrile bone marrow aplasia,1
glyburide,3488,COC1=C(C=C(C=C1)Cl)C(=O)NCCC2=CC=C(C=C2)S(=O)(=O)NC(=O)NC3CCCCC3,Chronic gastritis,0
metformin,4091,CN(C)C(=N)N=C(N)N,Rectal cancer,0
empagliflozin,11949646,C1COCC1OC2=CC=C(C=C2)CC3=C(C=CC(=C3)C4C(C(C(C(O4)CO)O)O)O)Cl,Albumin urine present,1
glipizide,3478,CC1=CN=C(C=N1)C(=O)NCCC2=CC=C(C=C2)S(=O)(=O)NC(=O)NC3CCCCC3,Thrombophlebitis,0
metformin,4091,CN(C)C(=N)N=C(N)N,Product contamination,1
glimepiride,3476,CCC1=C(CN(C1=O)C(=O)NCCC2=CC=C(C=C2)S(=O)(=O)NC(=O)NC3CCC(CC3)C)C,Hashitoxicosis,0
saxagliptin,11243969,C1C2CC2N(C1C#N)C(=O)C(C34CC5CC(C3)CC(C5)(C4)O)N,Paraesthesia,0
canagliflozin,24812758,CC1=C(C=C(C=C1)C2C(C(C(C(O2)CO)O)O)O)CC3=CC=C(S3)C4=CC=C(C=C4)F,Peripheral arterial occlusive disease,1
glyburide,3488,COC1=C(C=C(C=C1)Cl)C(=O)NCCC2=CC=C(C=C2)S(=O)(=O)NC(=O)NC3CCCCC3,Renal failure,0
canagliflozin,24812758,CC1=C(C=C(C=C1)C2C(C(C(C(O2)CO)O)O)O)CC3=CC=C(S3)C4=CC=C(C=C4)F,Diabetic retinal oedema,0
canagliflozin,24812758,CC1=C(C=C(C=C1)C2C(C(C(C(O2)CO)O)O)O)CC3=CC=C(S3)C4=CC=C(C=C4)F,Vascular stenosis,0
empagliflozin,11949646,C1COCC1OC2=CC=C(C=C2)CC3=C(C=CC(=C3)C4C(C(C(C(O4)CO)O)O)O)Cl,Pollakiuria,1
metformin,4091,CN(C)C(=N)N=C(N)N,Gastrointestinal pain,1
glimepiride,3476,CCC1=C(CN(C1=O)C(=O)NCCC2=CC=C(C=C2)S(=O)(=O)NC(=O)NC3CCC(CC3)C)C,Respiratory disorder neonatal,0
saxagliptin,11243969,C1C2CC2N(C1C#N)C(=O)C(C34CC5CC(C3)CC(C5)(C4)O)N,Blood fibrinogen increased,0
metformin,4091,CN(C)C(=N)N=C(N)N,Skin lesion,1
metformin,4091,CN(C)C(=N)N=C(N)N,Atrioventricular block second degree,1
canagliflozin,24812758,CC1=C(C=C(C=C1)C2C(C(C(C(O2)CO)O)O)O)CC3=CC=C(S3)C4=CC=C(C=C4)F,Blood pressure inadequately controlled,1
linagliptin,10096344,CC#CCN1C2=C(N=C1N3CCCC(C3)N)N(C(=O)N(C2=O)CC4=NC5=CC=CC=C5C(=N4)C)C,Gangrene,0
pioglitazone,4829,CCC1=CN=C(C=C1)CCOC2=CC=C(C=C2)CC3C(=O)NC(=O)S3,Oedema peripheral,1
empagliflozin,11949646,C1COCC1OC2=CC=C(C=C2)CC3=C(C=CC(=C3)C4C(C(C(C(O4)CO)O)O)O)Cl,Skin ulcer,1
empagliflozin,11949646,C1COCC1OC2=CC=C(C=C2)CC3=C(C=CC(=C3)C4C(C(C(C(O4)CO)O)O)O)Cl,Nasopharyngitis,1
acarbose,9811704,CC1C(C(C(C(O1)OC2C(OC(C(C2O)O)OC(C(CO)O)C(C(C=O)O)O)CO)O)O)NC3C=C(C(C(C3O)O)O)CO,Fungaemia,0
linagliptin,10096344,CC#CCN1C2=C(N=C1N3CCCC(C3)N)N(C(=O)N(C2=O)CC4=NC5=CC=CC=C5C(=N4)C)C,Bone deformity,0
empagliflozin,11949646,C1COCC1OC2=CC=C(C=C2)CC3=C(C=CC(=C3)C4C(C(C(C(O4)CO)O)O)O)Cl,Epididymitis,1
nateglinide,5311309,CC(C)C1CCC(CC1)C(=O)NC(CC2=CC=CC=C2)C(=O)O,"Hallucination, visual",0
acarbose,9811704,CC1C(C(C(C(O1)OC2C(OC(C(C2O)O)OC(C(CO)O)C(C(C=O)O)O)CO)O)O)NC3C=C(C(C(C3O)O)O)CO,Vertigo,0
canagliflozin,24812758,CC1=C(C=C(C=C1)C2C(C(C(C(O2)CO)O)O)O)CC3=CC=C(S3)C4=CC=C(C=C4)F,Glycosylated haemoglobin increased,1
linagliptin,10096344,CC#CCN1C2=C(N=C1N3CCCC(C3)N)N(C(=O)N(C2=O)CC4=NC5=CC=CC=C5C(=N4)C)C,Penile pain,0
empagliflozin,11949646,C1COCC1OC2=CC=C(C=C2)CC3=C(C=CC(=C3)C4C(C(C(C(O4)CO)O)O)O)Cl,Erythema,1
rosiglitazone,77999,CN(CCOC1=CC=C(C=C1)CC2C(=O)NC(=O)S2)C3=CC=CC=N3,Sinus bradycardia,0
linagliptin,10096344,CC#CCN1C2=C(N=C1N3CCCC(C3)N)N(C(=O)N(C2=O)CC4=NC5=CC=CC=C5C(=N4)C)C,Vein collapse,0
empagliflozin,11949646,C1COCC1OC2=CC=C(C=C2)CC3=C(C=CC(=C3)C4C(C(C(C(O4)CO)O)O)O)Cl,Skin fissures,1
saxagliptin,11243969,C1C2CC2N(C1C#N)C(=O)C(C34CC5CC(C3)CC(C5)(C4)O)N,Urine output decreased,0
metformin,4091,CN(C)C(=N)N=C(N)N,Anomaly of middle ear congenital,1
repaglinide,65981,CCOC1=C(C=CC(=C1)CC(=O)NC(CC(C)C)C2=CC=CC=C2N3CCCCC3)C(=O)O,Urinary tract discomfort,0
glimepiride,3476,CCC1=C(CN(C1=O)C(=O)NCCC2=CC=C(C=C2)S(=O)(=O)NC(=O)NC3CCC(CC3)C)C,Immune system disorder,1
sitagliptin,4369359,C1CN2C(=NN=C2C(F)(F)F)CN1C(=O)CC(CC3=CC(=C(C=C3F)F)F)N,Polydipsia,0
dapagliflozin,9887712,CCOC1=CC=C(C=C1)CC2=C(C=CC(=C2)C3C(C(C(C(O3)CO)O)O)O)Cl,Bacteroides bacteraemia,0
metformin,4091,CN(C)C(=N)N=C(N)N,Urine flow decreased,1
repaglinide,65981,CCOC1=C(C=CC(=C1)CC(=O)NC(CC(C)C)C2=CC=CC=C2N3CCCCC3)C(=O)O,Ankle fracture,1
dapagliflozin,9887712,CCOC1=CC=C(C=C1)CC2=C(C=CC(=C2)C3C(C(C(C(O3)CO)O)O)O)Cl,Pemphigoid,1
glimepiride,3476,CCC1=C(CN(C1=O)C(=O)NCCC2=CC=C(C=C2)S(=O)(=O)NC(=O)NC3CCC(CC3)C)C,Eye injury,0
metformin,4091,CN(C)C(=N)N=C(N)N,Pneumonitis,1
repaglinide,65981,CCOC1=C(C=CC(=C1)CC(=O)NC(CC(C)C)C2=CC=CC=C2N3CCCCC3)C(=O)O,Electrocardiogram ambulatory abnormal,0
rosiglitazone,77999,CN(CCOC1=CC=C(C=C1)CC2C(=O)NC(=O)S2)C3=CC=CC=N3,Neuropsychiatric symptoms,0
glimepiride,3476,CCC1=C(CN(C1=O)C(=O)NCCC2=CC=C(C=C2)S(=O)(=O)NC(=O)NC3CCC(CC3)C)C,Intracardiac thrombus,1
dapagliflozin,9887712,CCOC1=CC=C(C=C1)CC2=C(C=CC(=C2)C3C(C(C(C(O3)CO)O)O)O)Cl,Incorrect dose administered,0
glipizide,3478,CC1=CN=C(C=N1)C(=O)NCCC2=CC=C(C=C2)S(=O)(=O)NC(=O)NC3CCCCC3,Malignant mediastinal neoplasm,0
glimepiride,3476,CCC1=C(CN(C1=O)C(=O)NCCC2=CC=C(C=C2)S(=O)(=O)NC(=O)NC3CCC(CC3)C)C,Breast cancer metastatic,0
metformin,4091,CN(C)C(=N)N=C(N)N,Central nervous system necrosis,1
metformin,4091,CN(C)C(=N)N=C(N)N,Haematocrit increased,1
rosiglitazone,77999,CN(CCOC1=CC=C(C=C1)CC2C(=O)NC(=O)S2)C3=CC=CC=N3,Deafness unilateral,0
glimepiride,3476,CCC1=C(CN(C1=O)C(=O)NCCC2=CC=C(C=C2)S(=O)(=O)NC(=O)NC3CCC(CC3)C)C,Hypoacusis,0
metformin,4091,CN(C)C(=N)N=C(N)N,White blood cell count abnormal,1
metformin,4091,CN(C)C(=N)N=C(N)N,Insulin-requiring type 2 diabetes mellitus,1
glimepiride,3476,CCC1=C(CN(C1=O)C(=O)NCCC2=CC=C(C=C2)S(=O)(=O)NC(=O)NC3CCC(CC3)C)C,Haematotoxicity,0
metformin,4091,CN(C)C(=N)N=C(N)N,Multiple sclerosis,1
metformin,4091,CN(C)C(=N)N=C(N)N,Manufacturing issue,1
dapagliflozin,9887712,CCOC1=CC=C(C=C1)CC2=C(C=CC(=C2)C3C(C(C(C(O3)CO)O)O)O)Cl,Blood pressure decreased,1
glimepiride,3476,CCC1=C(CN(C1=O)C(=O)NCCC2=CC=C(C=C2)S(=O)(=O)NC(=O)NC3CCC(CC3)C)C,Suicide attempt,1
dapagliflozin,9887712,CCOC1=CC=C(C=C1)CC2=C(C=CC(=C2)C3C(C(C(C(O3)CO)O)O)O)Cl,Vertebrobasilar insufficiency,0
acarbose,9811704,CC1C(C(C(C(O1)OC2C(OC(C(C2O)O)OC(C(CO)O)C(C(C=O)O)O)CO)O)O)NC3C=C(C(C(C3O)O)O)CO,Heart transplant,0
empagliflozin,11949646,C1COCC1OC2=CC=C(C=C2)CC3=C(C=CC(=C3)C4C(C(C(C(O4)CO)O)O)O)Cl,Osteonecrosis,1
saxagliptin,11243969,C1C2CC2N(C1C#N)C(=O)C(C34CC5CC(C3)CC(C5)(C4)O)N,Anovulatory cycle,0
sitagliptin,4369359,C1CN2C(=NN=C2C(F)(F)F)CN1C(=O)CC(CC3=CC(=C(C=C3F)F)F)N,Lymphoedema,0
dapagliflozin,9887712,CCOC1=CC=C(C=C1)CC2=C(C=CC(=C2)C3C(C(C(C(O3)CO)O)O)O)Cl,Cellulitis,1
glimepiride,3476,CCC1=C(CN(C1=O)C(=O)NCCC2=CC=C(C=C2)S(=O)(=O)NC(=O)NC3CCC(CC3)C)C,Genital rash,0
pioglitazone,4829,CCC1=CN=C(C=C1)CCOC2=CC=C(C=C2)CC3C(=O)NC(=O)S3,White blood cell count,0
metformin,4091,CN(C)C(=N)N=C(N)N,Finger amputation,1
rosiglitazone,77999,CN(CCOC1=CC=C(C=C1)CC2C(=O)NC(=O)S2)C3=CC=CC=N3,Premature delivery,0
metformin,4091,CN(C)C(=N)N=C(N)N,Livedo reticularis,1
metformin,4091,CN(C)C(=N)N=C(N)N,Tongue neoplasm malignant stage unspecified,1
dapagliflozin,9887712,CCOC1=CC=C(C=C1)CC2=C(C=CC(=C2)C3C(C(C(C(O3)CO)O)O)O)Cl,Large intestine infection,0
glimepiride,3476,CCC1=C(CN(C1=O)C(=O)NCCC2=CC=C(C=C2)S(=O)(=O)NC(=O)NC3CCC(CC3)C)C,Wrong dosage formulation,0
acarbose,9811704,CC1C(C(C(C(O1)OC2C(OC(C(C2O)O)OC(C(CO)O)C(C(C=O)O)O)CO)O)O)NC3C=C(C(C(C3O)O)O)CO,Red cell distribution width abnormal,0
dapagliflozin,9887712,CCOC1=CC=C(C=C1)CC2=C(C=CC(=C2)C3C(C(C(C(O3)CO)O)O)O)Cl,Right ventricular failure,1
metformin,4091,CN(C)C(=N)N=C(N)N,Peripheral coldness,1
glimepiride,3476,CCC1=C(CN(C1=O)C(=O)NCCC2=CC=C(C=C2)S(=O)(=O)NC(=O)NC3CCC(CC3)C)C,Heart sounds,0
sitagliptin,4369359,C1CN2C(=NN=C2C(F)(F)F)CN1C(=O)CC(CC3=CC(=C(C=C3F)F)F)N,Bradycardia,1
metformin,4091,CN(C)C(=N)N=C(N)N,Hip fracture,1
sitagliptin,4369359,C1CN2C(=NN=C2C(F)(F)F)CN1C(=O)CC(CC3=CC(=C(C=C3F)F)F)N,Oral mucosa erosion,1
empagliflozin,11949646,C1COCC1OC2=CC=C(C=C2)CC3=C(C=CC(=C3)C4C(C(C(C(O4)CO)O)O)O)Cl,Blood immunoglobulin M increased,0
empagliflozin,11949646,C1COCC1OC2=CC=C(C=C2)CC3=C(C=CC(=C3)C4C(C(C(C(O4)CO)O)O)O)Cl,Starvation ketoacidosis,1
empagliflozin,11949646,C1COCC1OC2=CC=C(C=C2)CC3=C(C=CC(=C3)C4C(C(C(C(O4)CO)O)O)O)Cl,Ventricular tachycardia,1
glimepiride,3476,CCC1=C(CN(C1=O)C(=O)NCCC2=CC=C(C=C2)S(=O)(=O)NC(=O)NC3CCC(CC3)C)C,Blood immunoglobulin E increased,0
pioglitazone,4829,CCC1=CN=C(C=C1)CCOC2=CC=C(C=C2)CC3C(=O)NC(=O)S3,Hypereosinophilic syndrome,0
metformin,4091,CN(C)C(=N)N=C(N)N,Aphasia,1
metformin,4091,CN(C)C(=N)N=C(N)N,Pyonephrosis,1
metformin,4091,CN(C)C(=N)N=C(N)N,Encephalopathy,1
metformin,4091,CN(C)C(=N)N=C(N)N,Red cell distribution width abnormal,1
sitagliptin,4369359,C1CN2C(=NN=C2C(F)(F)F)CN1C(=O)CC(CC3=CC(=C(C=C3F)F)F)N,Constipation,1
metformin,4091,CN(C)C(=N)N=C(N)N,Intermittent claudication,1
acarbose,9811704,CC1C(C(C(C(O1)OC2C(OC(C(C2O)O)OC(C(CO)O)C(C(C=O)O)O)CO)O)O)NC3C=C(C(C(C3O)O)O)CO,Metastases to ovary,0
saxagliptin,11243969,C1C2CC2N(C1C#N)C(=O)C(C34CC5CC(C3)CC(C5)(C4)O)N,Cardiac operation,0
acarbose,9811704,CC1C(C(C(C(O1)OC2C(OC(C(C2O)O)OC(C(CO)O)C(C(C=O)O)O)CO)O)O)NC3C=C(C(C(C3O)O)O)CO,Erythema multiforme,0
metformin,4091,CN(C)C(=N)N=C(N)N,Abdominal abscess,1
sitagliptin,4369359,C1CN2C(=NN=C2C(F)(F)F)CN1C(=O)CC(CC3=CC(=C(C=C3F)F)F)N,Pyrexia,1
glipizide,3478,CC1=CN=C(C=N1)C(=O)NCCC2=CC=C(C=C2)S(=O)(=O)NC(=O)NC3CCCCC3,Seborrhoeic keratosis,0
metformin,4091,CN(C)C(=N)N=C(N)N,Formication,0
rosiglitazone,77999,CN(CCOC1=CC=C(C=C1)CC2C(=O)NC(=O)S2)C3=CC=CC=N3,Blood lactate dehydrogenase increased,0
metformin,4091,CN(C)C(=N)N=C(N)N,Diarrhoea,1
metformin,4091,CN(C)C(=N)N=C(N)N,Stomach mass,1
glyburide,3488,COC1=C(C=C(C=C1)Cl)C(=O)NCCC2=CC=C(C=C2)S(=O)(=O)NC(=O)NC3CCCCC3,Bowel movement irregularity,0
sitagliptin,4369359,C1CN2C(=NN=C2C(F)(F)F)CN1C(=O)CC(CC3=CC(=C(C=C3F)F)F)N,Wrong product administered,0
metformin,4091,CN(C)C(=N)N=C(N)N,Vulvovaginal candidiasis,1
linagliptin,10096344,CC#CCN1C2=C(N=C1N3CCCC(C3)N)N(C(=O)N(C2=O)CC4=NC5=CC=CC=C5C(=N4)C)C,Disease complication,0
acarbose,9811704,CC1C(C(C(C(O1)OC2C(OC(C(C2O)O)OC(C(CO)O)C(C(C=O)O)O)CO)O)O)NC3C=C(C(C(C3O)O)O)CO,Poor quality product administered,0
empagliflozin,11949646,C1COCC1OC2=CC=C(C=C2)CC3=C(C=CC(=C3)C4C(C(C(C(O4)CO)O)O)O)Cl,Palpitations,1
empagliflozin,11949646,C1COCC1OC2=CC=C(C=C2)CC3=C(C=CC(=C3)C4C(C(C(C(O4)CO)O)O)O)Cl,Haemorrhage,1
glyburide,3488,COC1=C(C=C(C=C1)Cl)C(=O)NCCC2=CC=C(C=C2)S(=O)(=O)NC(=O)NC3CCCCC3,Prescribed overdose,0
saxagliptin,11243969,C1C2CC2N(C1C#N)C(=O)C(C34CC5CC(C3)CC(C5)(C4)O)N,Gastric ulcer haemorrhage,0
sitagliptin,4369359,C1CN2C(=NN=C2C(F)(F)F)CN1C(=O)CC(CC3=CC(=C(C=C3F)F)F)N,Marrow hyperplasia,0
canagliflozin,24812758,CC1=C(C=C(C=C1)C2C(C(C(C(O2)CO)O)O)O)CC3=CC=C(S3)C4=CC=C(C=C4)F,Body mass index decreased,1
metformin,4091,CN(C)C(=N)N=C(N)N,Myocardial ischaemia,1
metformin,4091,CN(C)C(=N)N=C(N)N,Sensory loss,1
rosiglitazone,77999,CN(CCOC1=CC=C(C=C1)CC2C(=O)NC(=O)S2)C3=CC=CC=N3,Spinal compression fracture,1
dapagliflozin,9887712,CCOC1=CC=C(C=C1)CC2=C(C=CC(=C2)C3C(C(C(C(O3)CO)O)O)O)Cl,Rectal haemorrhage,1
metformin,4091,CN(C)C(=N)N=C(N)N,Lymphoedema,1
canagliflozin,24812758,CC1=C(C=C(C=C1)C2C(C(C(C(O2)CO)O)O)O)CC3=CC=C(S3)C4=CC=C(C=C4)F,Liver injury,0
empagliflozin,11949646,C1COCC1OC2=CC=C(C=C2)CC3=C(C=CC(=C3)C4C(C(C(C(O4)CO)O)O)O)Cl,Mitochondrial myopathy,0
rosiglitazone,77999,CN(CCOC1=CC=C(C=C1)CC2C(=O)NC(=O)S2)C3=CC=CC=N3,Acute pulmonary oedema,0
pioglitazone,4829,CCC1=CN=C(C=C1)CCOC2=CC=C(C=C2)CC3C(=O)NC(=O)S3,Transplant rejection,0
linagliptin,10096344,CC#CCN1C2=C(N=C1N3CCCC(C3)N)N(C(=O)N(C2=O)CC4=NC5=CC=CC=C5C(=N4)C)C,Metabolic syndrome,0
linagliptin,10096344,CC#CCN1C2=C(N=C1N3CCCC(C3)N)N(C(=O)N(C2=O)CC4=NC5=CC=CC=C5C(=N4)C)C,"Hallucinations, mixed",0
acarbose,9811704,CC1C(C(C(C(O1)OC2C(OC(C(C2O)O)OC(C(CO)O)C(C(C=O)O)O)CO)O)O)NC3C=C(C(C(C3O)O)O)CO,Chest pain,1
sitagliptin,4369359,C1CN2C(=NN=C2C(F)(F)F)CN1C(=O)CC(CC3=CC(=C(C=C3F)F)F)N,Poisoning,0
sitagliptin,4369359,C1CN2C(=NN=C2C(F)(F)F)CN1C(=O)CC(CC3=CC(=C(C=C3F)F)F)N,Pancreatic neuroendocrine tumour,1
nateglinide,5311309,CC(C)C1CCC(CC1)C(=O)NC(CC2=CC=CC=C2)C(=O)O,Herbal interaction,0
repaglinide,65981,CCOC1=C(C=CC(=C1)CC(=O)NC(CC(C)C)C2=CC=CC=C2N3CCCCC3)C(=O)O,Blood osmolarity increased,0
glimepiride,3476,CCC1=C(CN(C1=O)C(=O)NCCC2=CC=C(C=C2)S(=O)(=O)NC(=O)NC3CCC(CC3)C)C,Hyperammonaemic encephalopathy,0
linagliptin,10096344,CC#CCN1C2=C(N=C1N3CCCC(C3)N)N(C(=O)N(C2=O)CC4=NC5=CC=CC=C5C(=N4)C)C,Mouth injury,0
metformin,4091,CN(C)C(=N)N=C(N)N,Salmonella bacteraemia,1
metformin,4091,CN(C)C(=N)N=C(N)N,Intestinal ischaemia,1
metformin,4091,CN(C)C(=N)N=C(N)N,Pancreatic carcinoma metastatic,1
metformin,4091,CN(C)C(=N)N=C(N)N,Benign mediastinal neoplasm,0
metformin,4091,CN(C)C(=N)N=C(N)N,Acquired hydrocele,0
empagliflozin,11949646,C1COCC1OC2=CC=C(C=C2)CC3=C(C=CC(=C3)C4C(C(C(C(O4)CO)O)O)O)Cl,Linear IgA disease,0
linagliptin,10096344,CC#CCN1C2=C(N=C1N3CCCC(C3)N)N(C(=O)N(C2=O)CC4=NC5=CC=CC=C5C(=N4)C)C,Mastication disorder,0
linagliptin,10096344,CC#CCN1C2=C(N=C1N3CCCC(C3)N)N(C(=O)N(C2=O)CC4=NC5=CC=CC=C5C(=N4)C)C,Blood folate decreased,0
metformin,4091,CN(C)C(=N)N=C(N)N,Hypertrophy,1
metformin,4091,CN(C)C(=N)N=C(N)N,Thrombotic microangiopathy,1
repaglinide,65981,CCOC1=C(C=CC(=C1)CC(=O)NC(CC(C)C)C2=CC=CC=C2N3CCCCC3)C(=O)O,Metabolic acidosis,1
sitagliptin,4369359,C1CN2C(=NN=C2C(F)(F)F)CN1C(=O)CC(CC3=CC(=C(C=C3F)F)F)N,Suspected product contamination,0
glipizide,3478,CC1=CN=C(C=N1)C(=O)NCCC2=CC=C(C=C2)S(=O)(=O)NC(=O)NC3CCCCC3,Dental caries,1
metformin,4091,CN(C)C(=N)N=C(N)N,Phlebitis,1
metformin,4091,CN(C)C(=N)N=C(N)N,Suspected counterfeit product,1
linagliptin,10096344,CC#CCN1C2=C(N=C1N3CCCC(C3)N)N(C(=O)N(C2=O)CC4=NC5=CC=CC=C5C(=N4)C)C,Histrionic personality disorder,0
sitagliptin,4369359,C1CN2C(=NN=C2C(F)(F)F)CN1C(=O)CC(CC3=CC(=C(C=C3F)F)F)N,Bronchitis,0
pioglitazone,4829,CCC1=CN=C(C=C1)CCOC2=CC=C(C=C2)CC3C(=O)NC(=O)S3,Lactic acidosis,1
acarbose,9811704,CC1C(C(C(C(O1)OC2C(OC(C(C2O)O)OC(C(CO)O)C(C(C=O)O)O)CO)O)O)NC3C=C(C(C(C3O)O)O)CO,Medical induction of coma,0
pioglitazone,4829,CCC1=CN=C(C=C1)CCOC2=CC=C(C=C2)CC3C(=O)NC(=O)S3,Paresis,0
glipizide,3478,CC1=CN=C(C=N1)C(=O)NCCC2=CC=C(C=C2)S(=O)(=O)NC(=O)NC3CCCCC3,Palmar-plantar erythrodysaesthesia syndrome,0
dapagliflozin,9887712,CCOC1=CC=C(C=C1)CC2=C(C=CC(=C2)C3C(C(C(C(O3)CO)O)O)O)Cl,Ventricular extrasystoles,0
saxagliptin,11243969,C1C2CC2N(C1C#N)C(=O)C(C34CC5CC(C3)CC(C5)(C4)O)N,Weight decreased,1
metformin,4091,CN(C)C(=N)N=C(N)N,Urine magnesium,1
glimepiride,3476,CCC1=C(CN(C1=O)C(=O)NCCC2=CC=C(C=C2)S(=O)(=O)NC(=O)NC3CCC(CC3)C)C,Cataract operation,0
metformin,4091,CN(C)C(=N)N=C(N)N,Poor peripheral circulation,1
rosiglitazone,77999,CN(CCOC1=CC=C(C=C1)CC2C(=O)NC(=O)S2)C3=CC=CC=N3,QRS axis abnormal,0
metformin,4091,CN(C)C(=N)N=C(N)N,Product contamination with body fluid,1
metformin,4091,CN(C)C(=N)N=C(N)N,Aortic dilatation,1
canagliflozin,24812758,CC1=C(C=C(C=C1)C2C(C(C(C(O2)CO)O)O)O)CC3=CC=C(S3)C4=CC=C(C=C4)F,Haematochezia,0
metformin,4091,CN(C)C(=N)N=C(N)N,Neuralgia,1
empagliflozin,11949646,C1COCC1OC2=CC=C(C=C2)CC3=C(C=CC(=C3)C4C(C(C(C(O4)CO)O)O)O)Cl,Liver function test increased,0
glimepiride,3476,CCC1=C(CN(C1=O)C(=O)NCCC2=CC=C(C=C2)S(=O)(=O)NC(=O)NC3CCC(CC3)C)C,Therapeutic response decreased,1
pioglitazone,4829,CCC1=CN=C(C=C1)CCOC2=CC=C(C=C2)CC3C(=O)NC(=O)S3,Decreased appetite,1
saxagliptin,11243969,C1C2CC2N(C1C#N)C(=O)C(C34CC5CC(C3)CC(C5)(C4)O)N,Iron deficiency anaemia,0
dapagliflozin,9887712,CCOC1=CC=C(C=C1)CC2=C(C=CC(=C2)C3C(C(C(C(O3)CO)O)O)O)Cl,Blast cell crisis,0
metformin,4091,CN(C)C(=N)N=C(N)N,Bladder disorder,1
glipizide,3478,CC1=CN=C(C=N1)C(=O)NCCC2=CC=C(C=C2)S(=O)(=O)NC(=O)NC3CCCCC3,Aggression,0
pioglitazone,4829,CCC1=CN=C(C=C1)CCOC2=CC=C(C=C2)CC3C(=O)NC(=O)S3,Metabolic disorder,1
dapagliflozin,9887712,CCOC1=CC=C(C=C1)CC2=C(C=CC(=C2)C3C(C(C(C(O3)CO)O)O)O)Cl,Fear of disease,0
empagliflozin,11949646,C1COCC1OC2=CC=C(C=C2)CC3=C(C=CC(=C3)C4C(C(C(C(O4)CO)O)O)O)Cl,Abdominal pain upper,1
rosiglitazone,77999,CN(CCOC1=CC=C(C=C1)CC2C(=O)NC(=O)S2)C3=CC=CC=N3,Cardiogenic shock,0
pioglitazone,4829,CCC1=CN=C(C=C1)CCOC2=CC=C(C=C2)CC3C(=O)NC(=O)S3,Product dispensing error,1
pioglitazone,4829,CCC1=CN=C(C=C1)CCOC2=CC=C(C=C2)CC3C(=O)NC(=O)S3,Akinesia,0
acarbose,9811704,CC1C(C(C(C(O1)OC2C(OC(C(C2O)O)OC(C(CO)O)C(C(C=O)O)O)CO)O)O)NC3C=C(C(C(C3O)O)O)CO,Blood albumin decreased,0
linagliptin,10096344,CC#CCN1C2=C(N=C1N3CCCC(C3)N)N(C(=O)N(C2=O)CC4=NC5=CC=CC=C5C(=N4)C)C,Decreased interest,0
metformin,4091,CN(C)C(=N)N=C(N)N,Ankle fracture,1
empagliflozin,11949646,C1COCC1OC2=CC=C(C=C2)CC3=C(C=CC(=C3)C4C(C(C(C(O4)CO)O)O)O)Cl,Purulent discharge,1
metformin,4091,CN(C)C(=N)N=C(N)N,Communication disorder,1
empagliflozin,11949646,C1COCC1OC2=CC=C(C=C2)CC3=C(C=CC(=C3)C4C(C(C(C(O4)CO)O)O)O)Cl,Diabetic ketoacidosis,1
empagliflozin,11949646,C1COCC1OC2=CC=C(C=C2)CC3=C(C=CC(=C3)C4C(C(C(C(O4)CO)O)O)O)Cl,Hepatic neoplasm,0
metformin,4091,CN(C)C(=N)N=C(N)N,Eating disorder,1
canagliflozin,24812758,CC1=C(C=C(C=C1)C2C(C(C(C(O2)CO)O)O)O)CC3=CC=C(S3)C4=CC=C(C=C4)F,Coronary artery disease,1
empagliflozin,11949646,C1COCC1OC2=CC=C(C=C2)CC3=C(C=CC(=C3)C4C(C(C(C(O4)CO)O)O)O)Cl,Acute abdomen,1
linagliptin,10096344,CC#CCN1C2=C(N=C1N3CCCC(C3)N)N(C(=O)N(C2=O)CC4=NC5=CC=CC=C5C(=N4)C)C,Contraindicated product prescribed,0
glimepiride,3476,CCC1=C(CN(C1=O)C(=O)NCCC2=CC=C(C=C2)S(=O)(=O)NC(=O)NC3CCC(CC3)C)C,Nausea,1
canagliflozin,24812758,CC1=C(C=C(C=C1)C2C(C(C(C(O2)CO)O)O)O)CC3=CC=C(S3)C4=CC=C(C=C4)F,Dysphonia,0
glipizide,3478,CC1=CN=C(C=N1)C(=O)NCCC2=CC=C(C=C2)S(=O)(=O)NC(=O)NC3CCCCC3,Increased appetite,1
glyburide,3488,COC1=C(C=C(C=C1)Cl)C(=O)NCCC2=CC=C(C=C2)S(=O)(=O)NC(=O)NC3CCCCC3,Amyloidosis,0
rosiglitazone,77999,CN(CCOC1=CC=C(C=C1)CC2C(=O)NC(=O)S2)C3=CC=CC=N3,Brain natriuretic peptide increased,0
nateglinide,5311309,CC(C)C1CCC(CC1)C(=O)NC(CC2=CC=CC=C2)C(=O)O,Proteinuria,0
glipizide,3478,CC1=CN=C(C=N1)C(=O)NCCC2=CC=C(C=C2)S(=O)(=O)NC(=O)NC3CCCCC3,Therapy cessation,1
linagliptin,10096344,CC#CCN1C2=C(N=C1N3CCCC(C3)N)N(C(=O)N(C2=O)CC4=NC5=CC=CC=C5C(=N4)C)C,Cholecystitis,0
metformin,4091,CN(C)C(=N)N=C(N)N,Macrocytosis,1
glipizide,3478,CC1=CN=C(C=N1)C(=O)NCCC2=CC=C(C=C2)S(=O)(=O)NC(=O)NC3CCCCC3,Brain stem stroke,0
pioglitazone,4829,CCC1=CN=C(C=C1)CCOC2=CC=C(C=C2)CC3C(=O)NC(=O)S3,Ischaemic pancreatitis,0
dapagliflozin,9887712,CCOC1=CC=C(C=C1)CC2=C(C=CC(=C2)C3C(C(C(C(O3)CO)O)O)O)Cl,Increased insulin requirement,0
glipizide,3478,CC1=CN=C(C=N1)C(=O)NCCC2=CC=C(C=C2)S(=O)(=O)NC(=O)NC3CCCCC3,Cardio-respiratory arrest,1
repaglinide,65981,CCOC1=C(C=CC(=C1)CC(=O)NC(CC(C)C)C2=CC=CC=C2N3CCCCC3)C(=O)O,Constipation,0
glipizide,3478,CC1=CN=C(C=N1)C(=O)NCCC2=CC=C(C=C2)S(=O)(=O)NC(=O)NC3CCCCC3,Vascular stenosis,0
dapagliflozin,9887712,CCOC1=CC=C(C=C1)CC2=C(C=CC(=C2)C3C(C(C(C(O3)CO)O)O)O)Cl,Lip oedema,0
metformin,4091,CN(C)C(=N)N=C(N)N,Malignant nipple neoplasm female,1
empagliflozin,11949646,C1COCC1OC2=CC=C(C=C2)CC3=C(C=CC(=C3)C4C(C(C(C(O4)CO)O)O)O)Cl,Eye movement disorder,0
empagliflozin,11949646,C1COCC1OC2=CC=C(C=C2)CC3=C(C=CC(=C3)C4C(C(C(C(O4)CO)O)O)O)Cl,Hyperosmolar state,0
linagliptin,10096344,CC#CCN1C2=C(N=C1N3CCCC(C3)N)N(C(=O)N(C2=O)CC4=NC5=CC=CC=C5C(=N4)C)C,Bone pain,0
metformin,4091,CN(C)C(=N)N=C(N)N,Blood creatine phosphokinase increased,1
repaglinide,65981,CCOC1=C(C=CC(=C1)CC(=O)NC(CC(C)C)C2=CC=CC=C2N3CCCCC3)C(=O)O,Inner ear disorder,0
empagliflozin,11949646,C1COCC1OC2=CC=C(C=C2)CC3=C(C=CC(=C3)C4C(C(C(C(O4)CO)O)O)O)Cl,Acquired phimosis,1
repaglinide,65981,CCOC1=C(C=CC(=C1)CC(=O)NC(CC(C)C)C2=CC=CC=C2N3CCCCC3)C(=O)O,Hepatomegaly,0
acarbose,9811704,CC1C(C(C(C(O1)OC2C(OC(C(C2O)O)OC(C(CO)O)C(C(C=O)O)O)CO)O)O)NC3C=C(C(C(C3O)O)O)CO,Mitral valve disease,0
empagliflozin,11949646,C1COCC1OC2=CC=C(C=C2)CC3=C(C=CC(=C3)C4C(C(C(C(O4)CO)O)O)O)Cl,Cellulitis of male external genital organ,1
metformin,4091,CN(C)C(=N)N=C(N)N,Actinic keratosis,1
metformin,4091,CN(C)C(=N)N=C(N)N,Biliary tract disorder,0
metformin,4091,CN(C)C(=N)N=C(N)N,Therapy cessation,1
sitagliptin,4369359,C1CN2C(=NN=C2C(F)(F)F)CN1C(=O)CC(CC3=CC(=C(C=C3F)F)F)N,Therapy partial responder,1
pioglitazone,4829,CCC1=CN=C(C=C1)CCOC2=CC=C(C=C2)CC3C(=O)NC(=O)S3,Blood pressure fluctuation,0
metformin,4091,CN(C)C(=N)N=C(N)N,Hypertonia,1
empagliflozin,11949646,C1COCC1OC2=CC=C(C=C2)CC3=C(C=CC(=C3)C4C(C(C(C(O4)CO)O)O)O)Cl,Cerebral infarction,1
sitagliptin,4369359,C1CN2C(=NN=C2C(F)(F)F)CN1C(=O)CC(CC3=CC(=C(C=C3F)F)F)N,Blood immunoglobulin A decreased,0
sitagliptin,4369359,C1CN2C(=NN=C2C(F)(F)F)CN1C(=O)CC(CC3=CC(=C(C=C3F)F)F)N,Hyporeflexia,0
pioglitazone,4829,CCC1=CN=C(C=C1)CCOC2=CC=C(C=C2)CC3C(=O)NC(=O)S3,Jaw fracture,0
rosiglitazone,77999,CN(CCOC1=CC=C(C=C1)CC2C(=O)NC(=O)S2)C3=CC=CC=N3,Alopecia areata,0
empagliflozin,11949646,C1COCC1OC2=CC=C(C=C2)CC3=C(C=CC(=C3)C4C(C(C(C(O4)CO)O)O)O)Cl,Rotator cuff syndrome,0
nateglinide,5311309,CC(C)C1CCC(CC1)C(=O)NC(CC2=CC=CC=C2)C(=O)O,Accident,0
sitagliptin,4369359,C1CN2C(=NN=C2C(F)(F)F)CN1C(=O)CC(CC3=CC(=C(C=C3F)F)F)N,Lichenoid keratosis,1
metformin,4091,CN(C)C(=N)N=C(N)N,Pulmonary oedema,1
metformin,4091,CN(C)C(=N)N=C(N)N,Blood phosphorus increased,1
glyburide,3488,COC1=C(C=C(C=C1)Cl)C(=O)NCCC2=CC=C(C=C2)S(=O)(=O)NC(=O)NC3CCCCC3,Eye swelling,0
glimepiride,3476,CCC1=C(CN(C1=O)C(=O)NCCC2=CC=C(C=C2)S(=O)(=O)NC(=O)NC3CCC(CC3)C)C,Intraventricular haemorrhage neonatal,0
dapagliflozin,9887712,CCOC1=CC=C(C=C1)CC2=C(C=CC(=C2)C3C(C(C(C(O3)CO)O)O)O)Cl,Haemorrhage intracranial,0
canagliflozin,24812758,CC1=C(C=C(C=C1)C2C(C(C(C(O2)CO)O)O)O)CC3=CC=C(S3)C4=CC=C(C=C4)F,SARS-CoV-2 test positive,0
empagliflozin,11949646,C1COCC1OC2=CC=C(C=C2)CC3=C(C=CC(=C3)C4C(C(C(C(O4)CO)O)O)O)Cl,Vulvovaginal candidiasis,1
dapagliflozin,9887712,CCOC1=CC=C(C=C1)CC2=C(C=CC(=C2)C3C(C(C(C(O3)CO)O)O)O)Cl,Wrong patient,0
linagliptin,10096344,CC#CCN1C2=C(N=C1N3CCCC(C3)N)N(C(=O)N(C2=O)CC4=NC5=CC=CC=C5C(=N4)C)C,Gluten sensitivity,0
metformin,4091,CN(C)C(=N)N=C(N)N,Mucosal inflammation,1
pioglitazone,4829,CCC1=CN=C(C=C1)CCOC2=CC=C(C=C2)CC3C(=O)NC(=O)S3,Arteriosclerosis coronary artery,0
pioglitazone,4829,CCC1=CN=C(C=C1)CCOC2=CC=C(C=C2)CC3C(=O)NC(=O)S3,Urethral abscess,0
nateglinide,5311309,CC(C)C1CCC(CC1)C(=O)NC(CC2=CC=CC=C2)C(=O)O,Pancreatic injury,0
linagliptin,10096344,CC#CCN1C2=C(N=C1N3CCCC(C3)N)N(C(=O)N(C2=O)CC4=NC5=CC=CC=C5C(=N4)C)C,Increased viscosity of bronchial secretion,0
metformin,4091,CN(C)C(=N)N=C(N)N,Acute hepatic failure,1
metformin,4091,CN(C)C(=N)N=C(N)N,Cardiac myxoma,1
rosiglitazone,77999,CN(CCOC1=CC=C(C=C1)CC2C(=O)NC(=O)S2)C3=CC=CC=N3,Cytotoxic oedema,0
sitagliptin,4369359,C1CN2C(=NN=C2C(F)(F)F)CN1C(=O)CC(CC3=CC(=C(C=C3F)F)F)N,Platelet count increased,0
metformin,4091,CN(C)C(=N)N=C(N)N,Metastases to central nervous system,1
metformin,4091,CN(C)C(=N)N=C(N)N,Foetal disorder,1
metformin,4091,CN(C)C(=N)N=C(N)N,Acute pulmonary oedema,1
dapagliflozin,9887712,CCOC1=CC=C(C=C1)CC2=C(C=CC(=C2)C3C(C(C(C(O3)CO)O)O)O)Cl,Cardiovascular disorder,0
acarbose,9811704,CC1C(C(C(C(O1)OC2C(OC(C(C2O)O)OC(C(CO)O)C(C(C=O)O)O)CO)O)O)NC3C=C(C(C(C3O)O)O)CO,Recurrent cancer,0
glipizide,3478,CC1=CN=C(C=N1)C(=O)NCCC2=CC=C(C=C2)S(=O)(=O)NC(=O)NC3CCCCC3,Rectal cancer,0
metformin,4091,CN(C)C(=N)N=C(N)N,Dehydration,1
empagliflozin,11949646,C1COCC1OC2=CC=C(C=C2)CC3=C(C=CC(=C3)C4C(C(C(C(O4)CO)O)O)O)Cl,Loss of consciousness,1
metformin,4091,CN(C)C(=N)N=C(N)N,Intestinal villi atrophy,1
canagliflozin,24812758,CC1=C(C=C(C=C1)C2C(C(C(C(O2)CO)O)O)O)CC3=CC=C(S3)C4=CC=C(C=C4)F,Hepatic atrophy,0
metformin,4091,CN(C)C(=N)N=C(N)N,Breast cancer metastatic,1
metformin,4091,CN(C)C(=N)N=C(N)N,Dental caries,1
glipizide,3478,CC1=CN=C(C=N1)C(=O)NCCC2=CC=C(C=C2)S(=O)(=O)NC(=O)NC3CCCCC3,Impetigo,0
dapagliflozin,9887712,CCOC1=CC=C(C=C1)CC2=C(C=CC(=C2)C3C(C(C(C(O3)CO)O)O)O)Cl,Loss of consciousness,1
metformin,4091,CN(C)C(=N)N=C(N)N,Product storage error,1
pioglitazone,4829,CCC1=CN=C(C=C1)CCOC2=CC=C(C=C2)CC3C(=O)NC(=O)S3,Impaired gastric emptying,0
linagliptin,10096344,CC#CCN1C2=C(N=C1N3CCCC(C3)N)N(C(=O)N(C2=O)CC4=NC5=CC=CC=C5C(=N4)C)C,Neurological examination abnormal,0
glimepiride,3476,CCC1=C(CN(C1=O)C(=O)NCCC2=CC=C(C=C2)S(=O)(=O)NC(=O)NC3CCC(CC3)C)C,Gait disturbance,1
glipizide,3478,CC1=CN=C(C=N1)C(=O)NCCC2=CC=C(C=C2)S(=O)(=O)NC(=O)NC3CCCCC3,Calcification metastatic,0
repaglinide,65981,CCOC1=C(C=CC(=C1)CC(=O)NC(CC(C)C)C2=CC=CC=C2N3CCCCC3)C(=O)O,Thrombosis,0
repaglinide,65981,CCOC1=C(C=CC(=C1)CC(=O)NC(CC(C)C)C2=CC=CC=C2N3CCCCC3)C(=O)O,Hepatitis,0
sitagliptin,4369359,C1CN2C(=NN=C2C(F)(F)F)CN1C(=O)CC(CC3=CC(=C(C=C3F)F)F)N,Cerebral artery stenosis,0
repaglinide,65981,CCOC1=C(C=CC(=C1)CC(=O)NC(CC(C)C)C2=CC=CC=C2N3CCCCC3)C(=O)O,Eye movement disorder,0
dapagliflozin,9887712,CCOC1=CC=C(C=C1)CC2=C(C=CC(=C2)C3C(C(C(C(O3)CO)O)O)O)Cl,Cerebral thrombosis,1
saxagliptin,11243969,C1C2CC2N(C1C#N)C(=O)C(C34CC5CC(C3)CC(C5)(C4)O)N,Light chain analysis increased,0
glipizide,3478,CC1=CN=C(C=N1)C(=O)NCCC2=CC=C(C=C2)S(=O)(=O)NC(=O)NC3CCCCC3,Eating disorder,1
saxagliptin,11243969,C1C2CC2N(C1C#N)C(=O)C(C34CC5CC(C3)CC(C5)(C4)O)N,Posterior capsule opacification,0
canagliflozin,24812758,CC1=C(C=C(C=C1)C2C(C(C(C(O2)CO)O)O)O)CC3=CC=C(S3)C4=CC=C(C=C4)F,Myasthenic syndrome,0
dapagliflozin,9887712,CCOC1=CC=C(C=C1)CC2=C(C=CC(=C2)C3C(C(C(C(O3)CO)O)O)O)Cl,Impaired work ability,0
rosiglitazone,77999,CN(CCOC1=CC=C(C=C1)CC2C(=O)NC(=O)S2)C3=CC=CC=N3,Myocardial hypoperfusion,0
metformin,4091,CN(C)C(=N)N=C(N)N,Blood thyroid stimulating hormone decreased,1
empagliflozin,11949646,C1COCC1OC2=CC=C(C=C2)CC3=C(C=CC(=C3)C4C(C(C(C(O4)CO)O)O)O)Cl,Blood immunoglobulin A decreased,0
metformin,4091,CN(C)C(=N)N=C(N)N,Enlarged uvula,1
canagliflozin,24812758,CC1=C(C=C(C=C1)C2C(C(C(C(O2)CO)O)O)O)CC3=CC=C(S3)C4=CC=C(C=C4)F,Glucose urine present,1
empagliflozin,11949646,C1COCC1OC2=CC=C(C=C2)CC3=C(C=CC(=C3)C4C(C(C(C(O4)CO)O)O)O)Cl,Blood osmolarity increased,0
empagliflozin,11949646,C1COCC1OC2=CC=C(C=C2)CC3=C(C=CC(=C3)C4C(C(C(C(O4)CO)O)O)O)Cl,Osteoporosis,1
metformin,4091,CN(C)C(=N)N=C(N)N,Pancreatic enzymes increased,1
metformin,4091,CN(C)C(=N)N=C(N)N,Spinal fracture,1
nateglinide,5311309,CC(C)C1CCC(CC1)C(=O)NC(CC2=CC=CC=C2)C(=O)O,Pharyngeal disorder,0
glyburide,3488,COC1=C(C=C(C=C1)Cl)C(=O)NCCC2=CC=C(C=C2)S(=O)(=O)NC(=O)NC3CCCCC3,Foetal disorder,0
repaglinide,65981,CCOC1=C(C=CC(=C1)CC(=O)NC(CC(C)C)C2=CC=CC=C2N3CCCCC3)C(=O)O,Soft tissue swelling,0
empagliflozin,11949646,C1COCC1OC2=CC=C(C=C2)CC3=C(C=CC(=C3)C4C(C(C(C(O4)CO)O)O)O)Cl,Diabetic metabolic decompensation,1
empagliflozin,11949646,C1COCC1OC2=CC=C(C=C2)CC3=C(C=CC(=C3)C4C(C(C(C(O4)CO)O)O)O)Cl,Urinary tract obstruction,1
metformin,4091,CN(C)C(=N)N=C(N)N,Metabolic encephalopathy,1
pioglitazone,4829,CCC1=CN=C(C=C1)CCOC2=CC=C(C=C2)CC3C(=O)NC(=O)S3,Gingival recession,0
metformin,4091,CN(C)C(=N)N=C(N)N,Hepatic mass,1
sitagliptin,4369359,C1CN2C(=NN=C2C(F)(F)F)CN1C(=O)CC(CC3=CC(=C(C=C3F)F)F)N,Mediastinal disorder,0
metformin,4091,CN(C)C(=N)N=C(N)N,Abnormal behaviour,1
metformin,4091,CN(C)C(=N)N=C(N)N,Priapism,1
glipizide,3478,CC1=CN=C(C=N1)C(=O)NCCC2=CC=C(C=C2)S(=O)(=O)NC(=O)NC3CCCCC3,Encephalitis toxic,0
pioglitazone,4829,CCC1=CN=C(C=C1)CCOC2=CC=C(C=C2)CC3C(=O)NC(=O)S3,Abdominal mass,0
linagliptin,10096344,CC#CCN1C2=C(N=C1N3CCCC(C3)N)N(C(=O)N(C2=O)CC4=NC5=CC=CC=C5C(=N4)C)C,Oral herpes,0
linagliptin,10096344,CC#CCN1C2=C(N=C1N3CCCC(C3)N)N(C(=O)N(C2=O)CC4=NC5=CC=CC=C5C(=N4)C)C,Skin exfoliation,0
repaglinide,65981,CCOC1=C(C=CC(=C1)CC(=O)NC(CC(C)C)C2=CC=CC=C2N3CCCCC3)C(=O)O,Immune-mediated hyperthyroidism,0
linagliptin,10096344,CC#CCN1C2=C(N=C1N3CCCC(C3)N)N(C(=O)N(C2=O)CC4=NC5=CC=CC=C5C(=N4)C)C,Diverticulum,1
metformin,4091,CN(C)C(=N)N=C(N)N,Eructation,1
metformin,4091,CN(C)C(=N)N=C(N)N,Oesophageal squamous cell carcinoma stage IV,1
glimepiride,3476,CCC1=C(CN(C1=O)C(=O)NCCC2=CC=C(C=C2)S(=O)(=O)NC(=O)NC3CCC(CC3)C)C,Anal blister,0
metformin,4091,CN(C)C(=N)N=C(N)N,Emphysema,1
pioglitazone,4829,CCC1=CN=C(C=C1)CCOC2=CC=C(C=C2)CC3C(=O)NC(=O)S3,Syncope,1
acarbose,9811704,CC1C(C(C(C(O1)OC2C(OC(C(C2O)O)OC(C(CO)O)C(C(C=O)O)O)CO)O)O)NC3C=C(C(C(C3O)O)O)CO,Pulmonary embolism,0
metformin,4091,CN(C)C(=N)N=C(N)N,Eye contusion,1
pioglitazone,4829,CCC1=CN=C(C=C1)CCOC2=CC=C(C=C2)CC3C(=O)NC(=O)S3,Pulmonary pain,0
empagliflozin,11949646,C1COCC1OC2=CC=C(C=C2)CC3=C(C=CC(=C3)C4C(C(C(C(O4)CO)O)O)O)Cl,Urticaria,1
glipizide,3478,CC1=CN=C(C=N1)C(=O)NCCC2=CC=C(C=C2)S(=O)(=O)NC(=O)NC3CCCCC3,Post-acute COVID-19 syndrome,0
metformin,4091,CN(C)C(=N)N=C(N)N,Speech disorder,1
canagliflozin,24812758,CC1=C(C=C(C=C1)C2C(C(C(C(O2)CO)O)O)O)CC3=CC=C(S3)C4=CC=C(C=C4)F,Cervix carcinoma,1
nateglinide,5311309,CC(C)C1CCC(CC1)C(=O)NC(CC2=CC=CC=C2)C(=O)O,Blood glucagon increased,0
saxagliptin,11243969,C1C2CC2N(C1C#N)C(=O)C(C34CC5CC(C3)CC(C5)(C4)O)N,Premature baby,0
glimepiride,3476,CCC1=C(CN(C1=O)C(=O)NCCC2=CC=C(C=C2)S(=O)(=O)NC(=O)NC3CCC(CC3)C)C,Hyperkalaemia,1
dapagliflozin,9887712,CCOC1=CC=C(C=C1)CC2=C(C=CC(=C2)C3C(C(C(C(O3)CO)O)O)O)Cl,Physical deconditioning,0
saxagliptin,11243969,C1C2CC2N(C1C#N)C(=O)C(C34CC5CC(C3)CC(C5)(C4)O)N,Aneurysm ruptured,0
rosiglitazone,77999,CN(CCOC1=CC=C(C=C1)CC2C(=O)NC(=O)S2)C3=CC=CC=N3,Victim of chemical submission,0
pioglitazone,4829,CCC1=CN=C(C=C1)CCOC2=CC=C(C=C2)CC3C(=O)NC(=O)S3,Eye oedema,0
metformin,4091,CN(C)C(=N)N=C(N)N,Crepitations,1
pioglitazone,4829,CCC1=CN=C(C=C1)CCOC2=CC=C(C=C2)CC3C(=O)NC(=O)S3,Oxygen saturation decreased,0
metformin,4091,CN(C)C(=N)N=C(N)N,Mean cell volume increased,1
metformin,4091,CN(C)C(=N)N=C(N)N,Pleurisy,1
metformin,4091,CN(C)C(=N)N=C(N)N,Respiratory tract infection,1
metformin,4091,CN(C)C(=N)N=C(N)N,Feeling drunk,1
metformin,4091,CN(C)C(=N)N=C(N)N,Vomiting,1
dapagliflozin,9887712,CCOC1=CC=C(C=C1)CC2=C(C=CC(=C2)C3C(C(C(C(O3)CO)O)O)O)Cl,Groin abscess,1
nateglinide,5311309,CC(C)C1CCC(CC1)C(=O)NC(CC2=CC=CC=C2)C(=O)O,Blood calcium increased,0
repaglinide,65981,CCOC1=C(C=CC(=C1)CC(=O)NC(CC(C)C)C2=CC=CC=C2N3CCCCC3)C(=O)O,Insomnia,1
empagliflozin,11949646,C1COCC1OC2=CC=C(C=C2)CC3=C(C=CC(=C3)C4C(C(C(C(O4)CO)O)O)O)Cl,Coronary arterial stent insertion,0
saxagliptin,11243969,C1C2CC2N(C1C#N)C(=O)C(C34CC5CC(C3)CC(C5)(C4)O)N,Dysphoria,0
glimepiride,3476,CCC1=C(CN(C1=O)C(=O)NCCC2=CC=C(C=C2)S(=O)(=O)NC(=O)NC3CCC(CC3)C)C,Diabetes mellitus,1
sitagliptin,4369359,C1CN2C(=NN=C2C(F)(F)F)CN1C(=O)CC(CC3=CC(=C(C=C3F)F)F)N,Rheumatoid arthritis,0
rosiglitazone,77999,CN(CCOC1=CC=C(C=C1)CC2C(=O)NC(=O)S2)C3=CC=CC=N3,Joint effusion,0
rosiglitazone,77999,CN(CCOC1=CC=C(C=C1)CC2C(=O)NC(=O)S2)C3=CC=CC=N3,Oedema,0
rosiglitazone,77999,CN(CCOC1=CC=C(C=C1)CC2C(=O)NC(=O)S2)C3=CC=CC=N3,Septic pulmonary embolism,0
glipizide,3478,CC1=CN=C(C=N1)C(=O)NCCC2=CC=C(C=C2)S(=O)(=O)NC(=O)NC3CCCCC3,Myoclonus,0
metformin,4091,CN(C)C(=N)N=C(N)N,Diabetic foot,1
glipizide,3478,CC1=CN=C(C=N1)C(=O)NCCC2=CC=C(C=C2)S(=O)(=O)NC(=O)NC3CCCCC3,Ocular discomfort,1
metformin,4091,CN(C)C(=N)N=C(N)N,Bite,1
metformin,4091,CN(C)C(=N)N=C(N)N,Poisoning deliberate,1
dapagliflozin,9887712,CCOC1=CC=C(C=C1)CC2=C(C=CC(=C2)C3C(C(C(C(O3)CO)O)O)O)Cl,Abdominal adhesions,0
metformin,4091,CN(C)C(=N)N=C(N)N,Coma,1
linagliptin,10096344,CC#CCN1C2=C(N=C1N3CCCC(C3)N)N(C(=O)N(C2=O)CC4=NC5=CC=CC=C5C(=N4)C)C,Blood iron increased,0
saxagliptin,11243969,C1C2CC2N(C1C#N)C(=O)C(C34CC5CC(C3)CC(C5)(C4)O)N,Acne,1
canagliflozin,24812758,CC1=C(C=C(C=C1)C2C(C(C(C(O2)CO)O)O)O)CC3=CC=C(S3)C4=CC=C(C=C4)F,Endometrial cancer,0
glipizide,3478,CC1=CN=C(C=N1)C(=O)NCCC2=CC=C(C=C2)S(=O)(=O)NC(=O)NC3CCCCC3,Oncocytoma,0
glimepiride,3476,CCC1=C(CN(C1=O)C(=O)NCCC2=CC=C(C=C2)S(=O)(=O)NC(=O)NC3CCC(CC3)C)C,Increased viscosity of upper respiratory secretion,0
metformin,4091,CN(C)C(=N)N=C(N)N,Insulin-like growth factor decreased,1
acarbose,9811704,CC1C(C(C(C(O1)OC2C(OC(C(C2O)O)OC(C(CO)O)C(C(C=O)O)O)CO)O)O)NC3C=C(C(C(C3O)O)O)CO,Respiratory alkalosis,0
rosiglitazone,77999,CN(CCOC1=CC=C(C=C1)CC2C(=O)NC(=O)S2)C3=CC=CC=N3,Myasthenic syndrome,0
glimepiride,3476,CCC1=C(CN(C1=O)C(=O)NCCC2=CC=C(C=C2)S(=O)(=O)NC(=O)NC3CCC(CC3)C)C,Compartment syndrome,1
dapagliflozin,9887712,CCOC1=CC=C(C=C1)CC2=C(C=CC(=C2)C3C(C(C(C(O3)CO)O)O)O)Cl,Genital swelling,1
metformin,4091,CN(C)C(=N)N=C(N)N,Muscle tightness,1
dapagliflozin,9887712,CCOC1=CC=C(C=C1)CC2=C(C=CC(=C2)C3C(C(C(C(O3)CO)O)O)O)Cl,Blood potassium abnormal,1
metformin,4091,CN(C)C(=N)N=C(N)N,Abdominal symptom,1
linagliptin,10096344,CC#CCN1C2=C(N=C1N3CCCC(C3)N)N(C(=O)N(C2=O)CC4=NC5=CC=CC=C5C(=N4)C)C,Hypoaldosteronism,0
saxagliptin,11243969,C1C2CC2N(C1C#N)C(=O)C(C34CC5CC(C3)CC(C5)(C4)O)N,High density lipoprotein increased,0
dapagliflozin,9887712,CCOC1=CC=C(C=C1)CC2=C(C=CC(=C2)C3C(C(C(C(O3)CO)O)O)O)Cl,Retinal disorder,0
repaglinide,65981,CCOC1=C(C=CC(=C1)CC(=O)NC(CC(C)C)C2=CC=CC=C2N3CCCCC3)C(=O)O,Hypoxic-ischaemic encephalopathy,0
glyburide,3488,COC1=C(C=C(C=C1)Cl)C(=O)NCCC2=CC=C(C=C2)S(=O)(=O)NC(=O)NC3CCCCC3,Splenic infarction,0
metformin,4091,CN(C)C(=N)N=C(N)N,Blood cyanide increased,1
dapagliflozin,9887712,CCOC1=CC=C(C=C1)CC2=C(C=CC(=C2)C3C(C(C(C(O3)CO)O)O)O)Cl,Breast enlargement,1
glipizide,3478,CC1=CN=C(C=N1)C(=O)NCCC2=CC=C(C=C2)S(=O)(=O)NC(=O)NC3CCCCC3,Pneumonia staphylococcal,0
empagliflozin,11949646,C1COCC1OC2=CC=C(C=C2)CC3=C(C=CC(=C3)C4C(C(C(C(O4)CO)O)O)O)Cl,Fluid intake reduced,0
dapagliflozin,9887712,CCOC1=CC=C(C=C1)CC2=C(C=CC(=C2)C3C(C(C(C(O3)CO)O)O)O)Cl,Infection,1
metformin,4091,CN(C)C(=N)N=C(N)N,Nerve injury,1
sitagliptin,4369359,C1CN2C(=NN=C2C(F)(F)F)CN1C(=O)CC(CC3=CC(=C(C=C3F)F)F)N,Acute kidney injury,1
rosiglitazone,77999,CN(CCOC1=CC=C(C=C1)CC2C(=O)NC(=O)S2)C3=CC=CC=N3,Blood urea,0
metformin,4091,CN(C)C(=N)N=C(N)N,Fall,1
metformin,4091,CN(C)C(=N)N=C(N)N,Foetal malnutrition,1
metformin,4091,CN(C)C(=N)N=C(N)N,Coagulopathy,1
empagliflozin,11949646,C1COCC1OC2=CC=C(C=C2)CC3=C(C=CC(=C3)C4C(C(C(C(O4)CO)O)O)O)Cl,Memory impairment,0
rosiglitazone,77999,CN(CCOC1=CC=C(C=C1)CC2C(=O)NC(=O)S2)C3=CC=CC=N3,Blood bilirubin abnormal,0
pioglitazone,4829,CCC1=CN=C(C=C1)CCOC2=CC=C(C=C2)CC3C(=O)NC(=O)S3,Unhealthy diet,0
dapagliflozin,9887712,CCOC1=CC=C(C=C1)CC2=C(C=CC(=C2)C3C(C(C(C(O3)CO)O)O)O)Cl,Respiratory acidosis,1
metformin,4091,CN(C)C(=N)N=C(N)N,Blood calcium decreased,1
glimepiride,3476,CCC1=C(CN(C1=O)C(=O)NCCC2=CC=C(C=C2)S(=O)(=O)NC(=O)NC3CCC(CC3)C)C,Dehydration,1
glipizide,3478,CC1=CN=C(C=N1)C(=O)NCCC2=CC=C(C=C2)S(=O)(=O)NC(=O)NC3CCCCC3,Limb injury,0
pioglitazone,4829,CCC1=CN=C(C=C1)CCOC2=CC=C(C=C2)CC3C(=O)NC(=O)S3,Soft tissue infection,0
dapagliflozin,9887712,CCOC1=CC=C(C=C1)CC2=C(C=CC(=C2)C3C(C(C(C(O3)CO)O)O)O)Cl,Hyperlipidaemia,1
metformin,4091,CN(C)C(=N)N=C(N)N,Coma acidotic,1
metformin,4091,CN(C)C(=N)N=C(N)N,Onychomadesis,1
glipizide,3478,CC1=CN=C(C=N1)C(=O)NCCC2=CC=C(C=C2)S(=O)(=O)NC(=O)NC3CCCCC3,Hyperpyrexia,0
glipizide,3478,CC1=CN=C(C=N1)C(=O)NCCC2=CC=C(C=C2)S(=O)(=O)NC(=O)NC3CCCCC3,Dyspnoea,1
metformin,4091,CN(C)C(=N)N=C(N)N,Wheelchair user,1
dapagliflozin,9887712,CCOC1=CC=C(C=C1)CC2=C(C=CC(=C2)C3C(C(C(C(O3)CO)O)O)O)Cl,Oedema,1
acarbose,9811704,CC1C(C(C(C(O1)OC2C(OC(C(C2O)O)OC(C(CO)O)C(C(C=O)O)O)CO)O)O)NC3C=C(C(C(C3O)O)O)CO,Jaundice,0
acarbose,9811704,CC1C(C(C(C(O1)OC2C(OC(C(C2O)O)OC(C(CO)O)C(C(C=O)O)O)CO)O)O)NC3C=C(C(C(C3O)O)O)CO,Pollakiuria,0
empagliflozin,11949646,C1COCC1OC2=CC=C(C=C2)CC3=C(C=CC(=C3)C4C(C(C(C(O4)CO)O)O)O)Cl,Pyelonephritis acute,0
sitagliptin,4369359,C1CN2C(=NN=C2C(F)(F)F)CN1C(=O)CC(CC3=CC(=C(C=C3F)F)F)N,Barrett's oesophagus,0
acarbose,9811704,CC1C(C(C(C(O1)OC2C(OC(C(C2O)O)OC(C(CO)O)C(C(C=O)O)O)CO)O)O)NC3C=C(C(C(C3O)O)O)CO,Anal incontinence,1
sitagliptin,4369359,C1CN2C(=NN=C2C(F)(F)F)CN1C(=O)CC(CC3=CC(=C(C=C3F)F)F)N,Upper gastrointestinal haemorrhage,0
metformin,4091,CN(C)C(=N)N=C(N)N,Product selection error,1
metformin,4091,CN(C)C(=N)N=C(N)N,Cachexia,1
canagliflozin,24812758,CC1=C(C=C(C=C1)C2C(C(C(C(O2)CO)O)O)O)CC3=CC=C(S3)C4=CC=C(C=C4)F,Drug eruption,1
sitagliptin,4369359,C1CN2C(=NN=C2C(F)(F)F)CN1C(=O)CC(CC3=CC(=C(C=C3F)F)F)N,Pancreatic carcinoma metastatic,0
metformin,4091,CN(C)C(=N)N=C(N)N,Hyperdynamic left ventricle,0
saxagliptin,11243969,C1C2CC2N(C1C#N)C(=O)C(C34CC5CC(C3)CC(C5)(C4)O)N,Rheumatoid arthritis,0
metformin,4091,CN(C)C(=N)N=C(N)N,Rectal haemorrhage,1
metformin,4091,CN(C)C(=N)N=C(N)N,Near death experience,1
canagliflozin,24812758,CC1=C(C=C(C=C1)C2C(C(C(C(O2)CO)O)O)O)CC3=CC=C(S3)C4=CC=C(C=C4)F,Peritoneal disorder,0
glyburide,3488,COC1=C(C=C(C=C1)Cl)C(=O)NCCC2=CC=C(C=C2)S(=O)(=O)NC(=O)NC3CCCCC3,Toxicologic test,0
glipizide,3478,CC1=CN=C(C=N1)C(=O)NCCC2=CC=C(C=C2)S(=O)(=O)NC(=O)NC3CCCCC3,Electrocardiogram ST segment abnormal,0
saxagliptin,11243969,C1C2CC2N(C1C#N)C(=O)C(C34CC5CC(C3)CC(C5)(C4)O)N,Heat stroke,0
metformin,4091,CN(C)C(=N)N=C(N)N,Ear congestion,1
canagliflozin,24812758,CC1=C(C=C(C=C1)C2C(C(C(C(O2)CO)O)O)O)CC3=CC=C(S3)C4=CC=C(C=C4)F,Clostridium difficile colitis,0
empagliflozin,11949646,C1COCC1OC2=CC=C(C=C2)CC3=C(C=CC(=C3)C4C(C(C(C(O4)CO)O)O)O)Cl,Groin infection,1
glipizide,3478,CC1=CN=C(C=N1)C(=O)NCCC2=CC=C(C=C2)S(=O)(=O)NC(=O)NC3CCCCC3,Food interaction,0
rosiglitazone,77999,CN(CCOC1=CC=C(C=C1)CC2C(=O)NC(=O)S2)C3=CC=CC=N3,Neutropenia neonatal,0
repaglinide,65981,CCOC1=C(C=CC(=C1)CC(=O)NC(CC(C)C)C2=CC=CC=C2N3CCCCC3)C(=O)O,Formication,0
canagliflozin,24812758,CC1=C(C=C(C=C1)C2C(C(C(C(O2)CO)O)O)O)CC3=CC=C(S3)C4=CC=C(C=C4)F,Agnosia,0
empagliflozin,11949646,C1COCC1OC2=CC=C(C=C2)CC3=C(C=CC(=C3)C4C(C(C(C(O4)CO)O)O)O)Cl,Hyperphosphatasaemia,1
glipizide,3478,CC1=CN=C(C=N1)C(=O)NCCC2=CC=C(C=C2)S(=O)(=O)NC(=O)NC3CCCCC3,Mitral valve thickening,0
canagliflozin,24812758,CC1=C(C=C(C=C1)C2C(C(C(C(O2)CO)O)O)O)CC3=CC=C(S3)C4=CC=C(C=C4)F,Necrotising soft tissue infection,1
dapagliflozin,9887712,CCOC1=CC=C(C=C1)CC2=C(C=CC(=C2)C3C(C(C(C(O3)CO)O)O)O)Cl,Skin lesion,0
glipizide,3478,CC1=CN=C(C=N1)C(=O)NCCC2=CC=C(C=C2)S(=O)(=O)NC(=O)NC3CCCCC3,Urine albumin/creatinine ratio increased,0
metformin,4091,CN(C)C(=N)N=C(N)N,Hepatic steatosis,1
sitagliptin,4369359,C1CN2C(=NN=C2C(F)(F)F)CN1C(=O)CC(CC3=CC(=C(C=C3F)F)F)N,Haematochezia,1
metformin,4091,CN(C)C(=N)N=C(N)N,Musculoskeletal disorder,1
canagliflozin,24812758,CC1=C(C=C(C=C1)C2C(C(C(C(O2)CO)O)O)O)CC3=CC=C(S3)C4=CC=C(C=C4)F,Bacterial test,0
pioglitazone,4829,CCC1=CN=C(C=C1)CCOC2=CC=C(C=C2)CC3C(=O)NC(=O)S3,Deafness unilateral,0
glyburide,3488,COC1=C(C=C(C=C1)Cl)C(=O)NCCC2=CC=C(C=C2)S(=O)(=O)NC(=O)NC3CCCCC3,Chronic myelomonocytic leukaemia,0
empagliflozin,11949646,C1COCC1OC2=CC=C(C=C2)CC3=C(C=CC(=C3)C4C(C(C(C(O4)CO)O)O)O)Cl,Blood albumin decreased,0
linagliptin,10096344,CC#CCN1C2=C(N=C1N3CCCC(C3)N)N(C(=O)N(C2=O)CC4=NC5=CC=CC=C5C(=N4)C)C,Botulism,0
glipizide,3478,CC1=CN=C(C=N1)C(=O)NCCC2=CC=C(C=C2)S(=O)(=O)NC(=O)NC3CCCCC3,Chronic kidney disease,1
glipizide,3478,CC1=CN=C(C=N1)C(=O)NCCC2=CC=C(C=C2)S(=O)(=O)NC(=O)NC3CCCCC3,Pruritus,1
metformin,4091,CN(C)C(=N)N=C(N)N,Genitourinary symptom,1
sitagliptin,4369359,C1CN2C(=NN=C2C(F)(F)F)CN1C(=O)CC(CC3=CC(=C(C=C3F)F)F)N,Peripheral sensorimotor neuropathy,0
repaglinide,65981,CCOC1=C(C=CC(=C1)CC(=O)NC(CC(C)C)C2=CC=CC=C2N3CCCCC3)C(=O)O,Delayed graft function,0
canagliflozin,24812758,CC1=C(C=C(C=C1)C2C(C(C(C(O2)CO)O)O)O)CC3=CC=C(S3)C4=CC=C(C=C4)F,Constipation,1
glimepiride,3476,CCC1=C(CN(C1=O)C(=O)NCCC2=CC=C(C=C2)S(=O)(=O)NC(=O)NC3CCC(CC3)C)C,Aplastic anaemia,0
pioglitazone,4829,CCC1=CN=C(C=C1)CCOC2=CC=C(C=C2)CC3C(=O)NC(=O)S3,Pericardial effusion,1
rosiglitazone,77999,CN(CCOC1=CC=C(C=C1)CC2C(=O)NC(=O)S2)C3=CC=CC=N3,Abnormal loss of weight,0
metformin,4091,CN(C)C(=N)N=C(N)N,Skin exfoliation,1
metformin,4091,CN(C)C(=N)N=C(N)N,Ossiculoplasty,1
pioglitazone,4829,CCC1=CN=C(C=C1)CCOC2=CC=C(C=C2)CC3C(=O)NC(=O)S3,Electrocardiogram QT prolonged,1
metformin,4091,CN(C)C(=N)N=C(N)N,Spinal column injury,1
metformin,4091,CN(C)C(=N)N=C(N)N,Hepatic pain,1
rosiglitazone,77999,CN(CCOC1=CC=C(C=C1)CC2C(=O)NC(=O)S2)C3=CC=CC=N3,Hyperosmolar state,0
empagliflozin,11949646,C1COCC1OC2=CC=C(C=C2)CC3=C(C=CC(=C3)C4C(C(C(C(O4)CO)O)O)O)Cl,Dyspnoea,1
metformin,4091,CN(C)C(=N)N=C(N)N,Gastrointestinal disorder,1
metformin,4091,CN(C)C(=N)N=C(N)N,Ataxia,1
sitagliptin,4369359,C1CN2C(=NN=C2C(F)(F)F)CN1C(=O)CC(CC3=CC(=C(C=C3F)F)F)N,Decreased vibratory sense,1
saxagliptin,11243969,C1C2CC2N(C1C#N)C(=O)C(C34CC5CC(C3)CC(C5)(C4)O)N,Drug resistance,0
glimepiride,3476,CCC1=C(CN(C1=O)C(=O)NCCC2=CC=C(C=C2)S(=O)(=O)NC(=O)NC3CCC(CC3)C)C,Therapy non-responder,1
metformin,4091,CN(C)C(=N)N=C(N)N,Resuscitation,1
repaglinide,65981,CCOC1=C(C=CC(=C1)CC(=O)NC(CC(C)C)C2=CC=CC=C2N3CCCCC3)C(=O)O,Blood testosterone decreased,0
rosiglitazone,77999,CN(CCOC1=CC=C(C=C1)CC2C(=O)NC(=O)S2)C3=CC=CC=N3,Pleural fibrosis,0
empagliflozin,11949646,C1COCC1OC2=CC=C(C=C2)CC3=C(C=CC(=C3)C4C(C(C(C(O4)CO)O)O)O)Cl,Sepsis,1
empagliflozin,11949646,C1COCC1OC2=CC=C(C=C2)CC3=C(C=CC(=C3)C4C(C(C(C(O4)CO)O)O)O)Cl,Depressive symptom,0
metformin,4091,CN(C)C(=N)N=C(N)N,Pre-eclampsia,1
repaglinide,65981,CCOC1=C(C=CC(=C1)CC(=O)NC(CC(C)C)C2=CC=CC=C2N3CCCCC3)C(=O)O,Blood glucose increased,1
empagliflozin,11949646,C1COCC1OC2=CC=C(C=C2)CC3=C(C=CC(=C3)C4C(C(C(C(O4)CO)O)O)O)Cl,Hepatorenal failure,0
metformin,4091,CN(C)C(=N)N=C(N)N,Ecchymosis,1
canagliflozin,24812758,CC1=C(C=C(C=C1)C2C(C(C(C(O2)CO)O)O)O)CC3=CC=C(S3)C4=CC=C(C=C4)F,Dizziness,1
saxagliptin,11243969,C1C2CC2N(C1C#N)C(=O)C(C34CC5CC(C3)CC(C5)(C4)O)N,Scab,1
sitagliptin,4369359,C1CN2C(=NN=C2C(F)(F)F)CN1C(=O)CC(CC3=CC(=C(C=C3F)F)F)N,Injection related reaction,0
glimepiride,3476,CCC1=C(CN(C1=O)C(=O)NCCC2=CC=C(C=C2)S(=O)(=O)NC(=O)NC3CCC(CC3)C)C,Fungal urethritis,0
nateglinide,5311309,CC(C)C1CCC(CC1)C(=O)NC(CC2=CC=CC=C2)C(=O)O,Large intestinal obstruction,0
nateglinide,5311309,CC(C)C1CCC(CC1)C(=O)NC(CC2=CC=CC=C2)C(=O)O,Metabolic syndrome,0
acarbose,9811704,CC1C(C(C(C(O1)OC2C(OC(C(C2O)O)OC(C(CO)O)C(C(C=O)O)O)CO)O)O)NC3C=C(C(C(C3O)O)O)CO,Heart rate decreased,0
glipizide,3478,CC1=CN=C(C=N1)C(=O)NCCC2=CC=C(C=C2)S(=O)(=O)NC(=O)NC3CCCCC3,Metastases to pancreas,0
sitagliptin,4369359,C1CN2C(=NN=C2C(F)(F)F)CN1C(=O)CC(CC3=CC(=C(C=C3F)F)F)N,Anal cancer,0
pioglitazone,4829,CCC1=CN=C(C=C1)CCOC2=CC=C(C=C2)CC3C(=O)NC(=O)S3,Cardiac hypertrophy,0
metformin,4091,CN(C)C(=N)N=C(N)N,Fibromyalgia,1
metformin,4091,CN(C)C(=N)N=C(N)N,Cardiac asthma,0
pioglitazone,4829,CCC1=CN=C(C=C1)CCOC2=CC=C(C=C2)CC3C(=O)NC(=O)S3,Acute on chronic liver failure,0
metformin,4091,CN(C)C(=N)N=C(N)N,COVID-19 pneumonia,1
glyburide,3488,COC1=C(C=C(C=C1)Cl)C(=O)NCCC2=CC=C(C=C2)S(=O)(=O)NC(=O)NC3CCCCC3,Peripheral vascular disorder,0
sitagliptin,4369359,C1CN2C(=NN=C2C(F)(F)F)CN1C(=O)CC(CC3=CC(=C(C=C3F)F)F)N,Seasonal affective disorder,0
saxagliptin,11243969,C1C2CC2N(C1C#N)C(=O)C(C34CC5CC(C3)CC(C5)(C4)O)N,Amyotrophic lateral sclerosis,0
metformin,4091,CN(C)C(=N)N=C(N)N,Normochromic normocytic anaemia,1
glimepiride,3476,CCC1=C(CN(C1=O)C(=O)NCCC2=CC=C(C=C2)S(=O)(=O)NC(=O)NC3CCC(CC3)C)C,Petit mal epilepsy,1
glyburide,3488,COC1=C(C=C(C=C1)Cl)C(=O)NCCC2=CC=C(C=C2)S(=O)(=O)NC(=O)NC3CCCCC3,Blood testosterone decreased,0
sitagliptin,4369359,C1CN2C(=NN=C2C(F)(F)F)CN1C(=O)CC(CC3=CC(=C(C=C3F)F)F)N,Flatulence,1
metformin,4091,CN(C)C(=N)N=C(N)N,Erysipelas,1
linagliptin,10096344,CC#CCN1C2=C(N=C1N3CCCC(C3)N)N(C(=O)N(C2=O)CC4=NC5=CC=CC=C5C(=N4)C)C,Lymphoedema,0
metformin,4091,CN(C)C(=N)N=C(N)N,Peripheral swelling,1
canagliflozin,24812758,CC1=C(C=C(C=C1)C2C(C(C(C(O2)CO)O)O)O)CC3=CC=C(S3)C4=CC=C(C=C4)F,Nephritis bacterial,1
acarbose,9811704,CC1C(C(C(C(O1)OC2C(OC(C(C2O)O)OC(C(CO)O)C(C(C=O)O)O)CO)O)O)NC3C=C(C(C(C3O)O)O)CO,pH urine increased,0
linagliptin,10096344,CC#CCN1C2=C(N=C1N3CCCC(C3)N)N(C(=O)N(C2=O)CC4=NC5=CC=CC=C5C(=N4)C)C,Inflammation of wound,0
glimepiride,3476,CCC1=C(CN(C1=O)C(=O)NCCC2=CC=C(C=C2)S(=O)(=O)NC(=O)NC3CCC(CC3)C)C,Bradycardia,1
repaglinide,65981,CCOC1=C(C=CC(=C1)CC(=O)NC(CC(C)C)C2=CC=CC=C2N3CCCCC3)C(=O)O,Skin lesion,0
rosiglitazone,77999,CN(CCOC1=CC=C(C=C1)CC2C(=O)NC(=O)S2)C3=CC=CC=N3,Salmonella bacteraemia,0
glimepiride,3476,CCC1=C(CN(C1=O)C(=O)NCCC2=CC=C(C=C2)S(=O)(=O)NC(=O)NC3CCC(CC3)C)C,Abdominal distension,1
pioglitazone,4829,CCC1=CN=C(C=C1)CCOC2=CC=C(C=C2)CC3C(=O)NC(=O)S3,Incorrect dosage administered,0
empagliflozin,11949646,C1COCC1OC2=CC=C(C=C2)CC3=C(C=CC(=C3)C4C(C(C(C(O4)CO)O)O)O)Cl,Arterial occlusive disease,1
glipizide,3478,CC1=CN=C(C=N1)C(=O)NCCC2=CC=C(C=C2)S(=O)(=O)NC(=O)NC3CCCCC3,Dysarthria,1
nateglinide,5311309,CC(C)C1CCC(CC1)C(=O)NC(CC2=CC=CC=C2)C(=O)O,Fear,0
linagliptin,10096344,CC#CCN1C2=C(N=C1N3CCCC(C3)N)N(C(=O)N(C2=O)CC4=NC5=CC=CC=C5C(=N4)C)C,Hypercreatinaemia,0
sitagliptin,4369359,C1CN2C(=NN=C2C(F)(F)F)CN1C(=O)CC(CC3=CC(=C(C=C3F)F)F)N,Incorrect dosage administered,0
rosiglitazone,77999,CN(CCOC1=CC=C(C=C1)CC2C(=O)NC(=O)S2)C3=CC=CC=N3,Merycism,0
sitagliptin,4369359,C1CN2C(=NN=C2C(F)(F)F)CN1C(=O)CC(CC3=CC(=C(C=C3F)F)F)N,Priapism,0
dapagliflozin,9887712,CCOC1=CC=C(C=C1)CC2=C(C=CC(=C2)C3C(C(C(C(O3)CO)O)O)O)Cl,Nausea,1
metformin,4091,CN(C)C(=N)N=C(N)N,Acute generalised exanthematous pustulosis,1
metformin,4091,CN(C)C(=N)N=C(N)N,Atrioventricular block,1
metformin,4091,CN(C)C(=N)N=C(N)N,Philadelphia positive chronic myeloid leukaemia,1
pioglitazone,4829,CCC1=CN=C(C=C1)CCOC2=CC=C(C=C2)CC3C(=O)NC(=O)S3,Abdominal discomfort,1
repaglinide,65981,CCOC1=C(C=CC(=C1)CC(=O)NC(CC(C)C)C2=CC=CC=C2N3CCCCC3)C(=O)O,Necrotising fasciitis,0
metformin,4091,CN(C)C(=N)N=C(N)N,Cardiomegaly,1
metformin,4091,CN(C)C(=N)N=C(N)N,Cardiac failure,1
pioglitazone,4829,CCC1=CN=C(C=C1)CCOC2=CC=C(C=C2)CC3C(=O)NC(=O)S3,Diabetic metabolic decompensation,1
metformin,4091,CN(C)C(=N)N=C(N)N,Renal tubular necrosis,1
empagliflozin,11949646,C1COCC1OC2=CC=C(C=C2)CC3=C(C=CC(=C3)C4C(C(C(C(O4)CO)O)O)O)Cl,Pharyngeal swelling,1
canagliflozin,24812758,CC1=C(C=C(C=C1)C2C(C(C(C(O2)CO)O)O)O)CC3=CC=C(S3)C4=CC=C(C=C4)F,Pancreatitis acute,1
pioglitazone,4829,CCC1=CN=C(C=C1)CCOC2=CC=C(C=C2)CC3C(=O)NC(=O)S3,Blood glucose increased,1
repaglinide,65981,CCOC1=C(C=CC(=C1)CC(=O)NC(CC(C)C)C2=CC=CC=C2N3CCCCC3)C(=O)O,Insulin resistance,0
linagliptin,10096344,CC#CCN1C2=C(N=C1N3CCCC(C3)N)N(C(=O)N(C2=O)CC4=NC5=CC=CC=C5C(=N4)C)C,Nasal inflammation,0
metformin,4091,CN(C)C(=N)N=C(N)N,Bone disorder,0
metformin,4091,CN(C)C(=N)N=C(N)N,Dyskinesia,1
metformin,4091,CN(C)C(=N)N=C(N)N,Gastrooesophageal sphincter insufficiency,1
glimepiride,3476,CCC1=C(CN(C1=O)C(=O)NCCC2=CC=C(C=C2)S(=O)(=O)NC(=O)NC3CCC(CC3)C)C,Pharyngotonsillitis,0
metformin,4091,CN(C)C(=N)N=C(N)N,Atrophic glossitis,1
metformin,4091,CN(C)C(=N)N=C(N)N,Tonsillitis fungal,1
empagliflozin,11949646,C1COCC1OC2=CC=C(C=C2)CC3=C(C=CC(=C3)C4C(C(C(C(O4)CO)O)O)O)Cl,Muscle spasms,1
metformin,4091,CN(C)C(=N)N=C(N)N,Muscle spasticity,1
empagliflozin,11949646,C1COCC1OC2=CC=C(C=C2)CC3=C(C=CC(=C3)C4C(C(C(C(O4)CO)O)O)O)Cl,Angina pectoris,1
empagliflozin,11949646,C1COCC1OC2=CC=C(C=C2)CC3=C(C=CC(=C3)C4C(C(C(C(O4)CO)O)O)O)Cl,Adverse drug reaction,1
glipizide,3478,CC1=CN=C(C=N1)C(=O)NCCC2=CC=C(C=C2)S(=O)(=O)NC(=O)NC3CCCCC3,Procedural complication,0
metformin,4091,CN(C)C(=N)N=C(N)N,Ileus paralytic,1
pioglitazone,4829,CCC1=CN=C(C=C1)CCOC2=CC=C(C=C2)CC3C(=O)NC(=O)S3,Dry skin,1
sitagliptin,4369359,C1CN2C(=NN=C2C(F)(F)F)CN1C(=O)CC(CC3=CC(=C(C=C3F)F)F)N,Yawning,0
canagliflozin,24812758,CC1=C(C=C(C=C1)C2C(C(C(C(O2)CO)O)O)O)CC3=CC=C(S3)C4=CC=C(C=C4)F,Petit mal epilepsy,0
glyburide,3488,COC1=C(C=C(C=C1)Cl)C(=O)NCCC2=CC=C(C=C2)S(=O)(=O)NC(=O)NC3CCCCC3,Meningioma,0
metformin,4091,CN(C)C(=N)N=C(N)N,Cholangitis,1
metformin,4091,CN(C)C(=N)N=C(N)N,Diet noncompliance,1
empagliflozin,11949646,C1COCC1OC2=CC=C(C=C2)CC3=C(C=CC(=C3)C4C(C(C(C(O4)CO)O)O)O)Cl,Blood creatine decreased,0
saxagliptin,11243969,C1C2CC2N(C1C#N)C(=O)C(C34CC5CC(C3)CC(C5)(C4)O)N,Incision site complication,0
metformin,4091,CN(C)C(=N)N=C(N)N,Peritoneal disorder,0
metformin,4091,CN(C)C(=N)N=C(N)N,Suicidal behaviour,1
saxagliptin,11243969,C1C2CC2N(C1C#N)C(=O)C(C34CC5CC(C3)CC(C5)(C4)O)N,Hemiplegia,0
dapagliflozin,9887712,CCOC1=CC=C(C=C1)CC2=C(C=CC(=C2)C3C(C(C(C(O3)CO)O)O)O)Cl,Skin ulcer,1
sitagliptin,4369359,C1CN2C(=NN=C2C(F)(F)F)CN1C(=O)CC(CC3=CC(=C(C=C3F)F)F)N,Vomiting,1
metformin,4091,CN(C)C(=N)N=C(N)N,Gingival abscess,1
glimepiride,3476,CCC1=C(CN(C1=O)C(=O)NCCC2=CC=C(C=C2)S(=O)(=O)NC(=O)NC3CCC(CC3)C)C,Septic shock,1
empagliflozin,11949646,C1COCC1OC2=CC=C(C=C2)CC3=C(C=CC(=C3)C4C(C(C(C(O4)CO)O)O)O)Cl,Pancreatectomy,0
pioglitazone,4829,CCC1=CN=C(C=C1)CCOC2=CC=C(C=C2)CC3C(=O)NC(=O)S3,Arthralgia,1
repaglinide,65981,CCOC1=C(C=CC(=C1)CC(=O)NC(CC(C)C)C2=CC=CC=C2N3CCCCC3)C(=O)O,Bacterial infection,0
metformin,4091,CN(C)C(=N)N=C(N)N,Disseminated intravascular coagulation,1
repaglinide,65981,CCOC1=C(C=CC(=C1)CC(=O)NC(CC(C)C)C2=CC=CC=C2N3CCCCC3)C(=O)O,Atrial septal defect,0
metformin,4091,CN(C)C(=N)N=C(N)N,Neuroendocrine tumour of the lung metastatic,1
metformin,4091,CN(C)C(=N)N=C(N)N,Rectal abscess,1
metformin,4091,CN(C)C(=N)N=C(N)N,Cognitive disorder,1
glimepiride,3476,CCC1=C(CN(C1=O)C(=O)NCCC2=CC=C(C=C2)S(=O)(=O)NC(=O)NC3CCC(CC3)C)C,Alcohol use,1
acarbose,9811704,CC1C(C(C(C(O1)OC2C(OC(C(C2O)O)OC(C(CO)O)C(C(C=O)O)O)CO)O)O)NC3C=C(C(C(C3O)O)O)CO,Vulvovaginal burning sensation,0
empagliflozin,11949646,C1COCC1OC2=CC=C(C=C2)CC3=C(C=CC(=C3)C4C(C(C(C(O4)CO)O)O)O)Cl,Goitre,1
metformin,4091,CN(C)C(=N)N=C(N)N,Gastric polyps,1
linagliptin,10096344,CC#CCN1C2=C(N=C1N3CCCC(C3)N)N(C(=O)N(C2=O)CC4=NC5=CC=CC=C5C(=N4)C)C,Congenital anomaly,0
canagliflozin,24812758,CC1=C(C=C(C=C1)C2C(C(C(C(O2)CO)O)O)O)CC3=CC=C(S3)C4=CC=C(C=C4)F,Amputation stump pain,0
metformin,4091,CN(C)C(=N)N=C(N)N,Pelvic cyst,0
glimepiride,3476,CCC1=C(CN(C1=O)C(=O)NCCC2=CC=C(C=C2)S(=O)(=O)NC(=O)NC3CCC(CC3)C)C,Hypersensitivity,1
metformin,4091,CN(C)C(=N)N=C(N)N,Body tinea,1
glyburide,3488,COC1=C(C=C(C=C1)Cl)C(=O)NCCC2=CC=C(C=C2)S(=O)(=O)NC(=O)NC3CCCCC3,Developmental delay,1
metformin,4091,CN(C)C(=N)N=C(N)N,Myelofibrosis,1
acarbose,9811704,CC1C(C(C(C(O1)OC2C(OC(C(C2O)O)OC(C(CO)O)C(C(C=O)O)O)CO)O)O)NC3C=C(C(C(C3O)O)O)CO,Interleukin level increased,0
glipizide,3478,CC1=CN=C(C=N1)C(=O)NCCC2=CC=C(C=C2)S(=O)(=O)NC(=O)NC3CCCCC3,Adverse drug reaction,1
metformin,4091,CN(C)C(=N)N=C(N)N,Haemoglobin decreased,1
glyburide,3488,COC1=C(C=C(C=C1)Cl)C(=O)NCCC2=CC=C(C=C2)S(=O)(=O)NC(=O)NC3CCCCC3,Muscle injury,0
empagliflozin,11949646,C1COCC1OC2=CC=C(C=C2)CC3=C(C=CC(=C3)C4C(C(C(C(O4)CO)O)O)O)Cl,Colon cancer,1
metformin,4091,CN(C)C(=N)N=C(N)N,Ventricular fibrillation,1
metformin,4091,CN(C)C(=N)N=C(N)N,Swelling of eyelid,1
acarbose,9811704,CC1C(C(C(C(O1)OC2C(OC(C(C2O)O)OC(C(CO)O)C(C(C=O)O)O)CO)O)O)NC3C=C(C(C(C3O)O)O)CO,Walking disability,0
dapagliflozin,9887712,CCOC1=CC=C(C=C1)CC2=C(C=CC(=C2)C3C(C(C(C(O3)CO)O)O)O)Cl,Acidosis,1
metformin,4091,CN(C)C(=N)N=C(N)N,Alcoholic liver disease,1
acarbose,9811704,CC1C(C(C(C(O1)OC2C(OC(C(C2O)O)OC(C(CO)O)C(C(C=O)O)O)CO)O)O)NC3C=C(C(C(C3O)O)O)CO,Hirsutism,0
canagliflozin,24812758,CC1=C(C=C(C=C1)C2C(C(C(C(O2)CO)O)O)O)CC3=CC=C(S3)C4=CC=C(C=C4)F,COVID-19 pneumonia,0
rosiglitazone,77999,CN(CCOC1=CC=C(C=C1)CC2C(=O)NC(=O)S2)C3=CC=CC=N3,Muscle atrophy,0
empagliflozin,11949646,C1COCC1OC2=CC=C(C=C2)CC3=C(C=CC(=C3)C4C(C(C(C(O4)CO)O)O)O)Cl,Oedema peripheral,1
metformin,4091,CN(C)C(=N)N=C(N)N,Respiratory failure,1
glyburide,3488,COC1=C(C=C(C=C1)Cl)C(=O)NCCC2=CC=C(C=C2)S(=O)(=O)NC(=O)NC3CCCCC3,Ejaculation disorder,0
metformin,4091,CN(C)C(=N)N=C(N)N,Pemphigus,1
glimepiride,3476,CCC1=C(CN(C1=O)C(=O)NCCC2=CC=C(C=C2)S(=O)(=O)NC(=O)NC3CCC(CC3)C)C,Heart rate irregular,1
saxagliptin,11243969,C1C2CC2N(C1C#N)C(=O)C(C34CC5CC(C3)CC(C5)(C4)O)N,Confusional state,1
canagliflozin,24812758,CC1=C(C=C(C=C1)C2C(C(C(C(O2)CO)O)O)O)CC3=CC=C(S3)C4=CC=C(C=C4)F,Diarrhoea,1
metformin,4091,CN(C)C(=N)N=C(N)N,Pallor,1
dapagliflozin,9887712,CCOC1=CC=C(C=C1)CC2=C(C=CC(=C2)C3C(C(C(C(O3)CO)O)O)O)Cl,Small intestine carcinoma,0
glyburide,3488,COC1=C(C=C(C=C1)Cl)C(=O)NCCC2=CC=C(C=C2)S(=O)(=O)NC(=O)NC3CCCCC3,Low density lipoprotein increased,0
metformin,4091,CN(C)C(=N)N=C(N)N,Mental status changes,1
sitagliptin,4369359,C1CN2C(=NN=C2C(F)(F)F)CN1C(=O)CC(CC3=CC(=C(C=C3F)F)F)N,Ocular hypertension,0
metformin,4091,CN(C)C(=N)N=C(N)N,Thyroid disorder,1
saxagliptin,11243969,C1C2CC2N(C1C#N)C(=O)C(C34CC5CC(C3)CC(C5)(C4)O)N,Body temperature increased,0
repaglinide,65981,CCOC1=C(C=CC(=C1)CC(=O)NC(CC(C)C)C2=CC=CC=C2N3CCCCC3)C(=O)O,Skin fibrosis,0
repaglinide,65981,CCOC1=C(C=CC(=C1)CC(=O)NC(CC(C)C)C2=CC=CC=C2N3CCCCC3)C(=O)O,Polydactyly,0
repaglinide,65981,CCOC1=C(C=CC(=C1)CC(=O)NC(CC(C)C)C2=CC=CC=C2N3CCCCC3)C(=O)O,Blood citric acid increased,0
glipizide,3478,CC1=CN=C(C=N1)C(=O)NCCC2=CC=C(C=C2)S(=O)(=O)NC(=O)NC3CCCCC3,Road traffic accident,1
metformin,4091,CN(C)C(=N)N=C(N)N,Anaphylactic shock,1
metformin,4091,CN(C)C(=N)N=C(N)N,Eyelid oedema,1
repaglinide,65981,CCOC1=C(C=CC(=C1)CC(=O)NC(CC(C)C)C2=CC=CC=C2N3CCCCC3)C(=O)O,Anxiety disorder,0
metformin,4091,CN(C)C(=N)N=C(N)N,Bursitis,1
sitagliptin,4369359,C1CN2C(=NN=C2C(F)(F)F)CN1C(=O)CC(CC3=CC(=C(C=C3F)F)F)N,Non-alcoholic steatohepatitis,0
glimepiride,3476,CCC1=C(CN(C1=O)C(=O)NCCC2=CC=C(C=C2)S(=O)(=O)NC(=O)NC3CCC(CC3)C)C,Hepatitis E,0
dapagliflozin,9887712,CCOC1=CC=C(C=C1)CC2=C(C=CC(=C2)C3C(C(C(C(O3)CO)O)O)O)Cl,Diabetic hyperosmolar coma,1
linagliptin,10096344,CC#CCN1C2=C(N=C1N3CCCC(C3)N)N(C(=O)N(C2=O)CC4=NC5=CC=CC=C5C(=N4)C)C,Hepatic vein dilatation,0
glimepiride,3476,CCC1=C(CN(C1=O)C(=O)NCCC2=CC=C(C=C2)S(=O)(=O)NC(=O)NC3CCC(CC3)C)C,Gingival abscess,0
pioglitazone,4829,CCC1=CN=C(C=C1)CCOC2=CC=C(C=C2)CC3C(=O)NC(=O)S3,Bowel movement irregularity,0
metformin,4091,CN(C)C(=N)N=C(N)N,Hyperthyroidism,1
pioglitazone,4829,CCC1=CN=C(C=C1)CCOC2=CC=C(C=C2)CC3C(=O)NC(=O)S3,Blood electrolytes abnormal,1
sitagliptin,4369359,C1CN2C(=NN=C2C(F)(F)F)CN1C(=O)CC(CC3=CC(=C(C=C3F)F)F)N,Abdominal pain upper,1
linagliptin,10096344,CC#CCN1C2=C(N=C1N3CCCC(C3)N)N(C(=O)N(C2=O)CC4=NC5=CC=CC=C5C(=N4)C)C,Multiple congenital abnormalities,0
canagliflozin,24812758,CC1=C(C=C(C=C1)C2C(C(C(C(O2)CO)O)O)O)CC3=CC=C(S3)C4=CC=C(C=C4)F,Urticaria,1
dapagliflozin,9887712,CCOC1=CC=C(C=C1)CC2=C(C=CC(=C2)C3C(C(C(C(O3)CO)O)O)O)Cl,Keratitis,0
repaglinide,65981,CCOC1=C(C=CC(=C1)CC(=O)NC(CC(C)C)C2=CC=CC=C2N3CCCCC3)C(=O)O,Vital capacity decreased,0
nateglinide,5311309,CC(C)C1CCC(CC1)C(=O)NC(CC2=CC=CC=C2)C(=O)O,Psychotic symptom,0
metformin,4091,CN(C)C(=N)N=C(N)N,Cataract operation,1
metformin,4091,CN(C)C(=N)N=C(N)N,Hepatic cancer,1
repaglinide,65981,CCOC1=C(C=CC(=C1)CC(=O)NC(CC(C)C)C2=CC=CC=C2N3CCCCC3)C(=O)O,Prostatomegaly,0
dapagliflozin,9887712,CCOC1=CC=C(C=C1)CC2=C(C=CC(=C2)C3C(C(C(C(O3)CO)O)O)O)Cl,Intracranial pressure increased,0
metformin,4091,CN(C)C(=N)N=C(N)N,Cardiovascular disorder,1
glipizide,3478,CC1=CN=C(C=N1)C(=O)NCCC2=CC=C(C=C2)S(=O)(=O)NC(=O)NC3CCCCC3,Retinopathy hypertensive,0
linagliptin,10096344,CC#CCN1C2=C(N=C1N3CCCC(C3)N)N(C(=O)N(C2=O)CC4=NC5=CC=CC=C5C(=N4)C)C,Throat cancer,0
saxagliptin,11243969,C1C2CC2N(C1C#N)C(=O)C(C34CC5CC(C3)CC(C5)(C4)O)N,Rheumatic fever,0
pioglitazone,4829,CCC1=CN=C(C=C1)CCOC2=CC=C(C=C2)CC3C(=O)NC(=O)S3,Lymphocyte count increased,0
glimepiride,3476,CCC1=C(CN(C1=O)C(=O)NCCC2=CC=C(C=C2)S(=O)(=O)NC(=O)NC3CCC(CC3)C)C,Hepatic enzyme decreased,0
metformin,4091,CN(C)C(=N)N=C(N)N,Sinus disorder,1
metformin,4091,CN(C)C(=N)N=C(N)N,Plasma cell myeloma,1
metformin,4091,CN(C)C(=N)N=C(N)N,Anion gap increased,1
glipizide,3478,CC1=CN=C(C=N1)C(=O)NCCC2=CC=C(C=C2)S(=O)(=O)NC(=O)NC3CCCCC3,Dermatitis diaper,0
rosiglitazone,77999,CN(CCOC1=CC=C(C=C1)CC2C(=O)NC(=O)S2)C3=CC=CC=N3,Rheumatoid arthritis,0
acarbose,9811704,CC1C(C(C(C(O1)OC2C(OC(C(C2O)O)OC(C(CO)O)C(C(C=O)O)O)CO)O)O)NC3C=C(C(C(C3O)O)O)CO,Hospitalisation,0
metformin,4091,CN(C)C(=N)N=C(N)N,Adjustment disorder,1
linagliptin,10096344,CC#CCN1C2=C(N=C1N3CCCC(C3)N)N(C(=O)N(C2=O)CC4=NC5=CC=CC=C5C(=N4)C)C,Purpura fulminans,0
pioglitazone,4829,CCC1=CN=C(C=C1)CCOC2=CC=C(C=C2)CC3C(=O)NC(=O)S3,Peripancreatic fluid collection,1
metformin,4091,CN(C)C(=N)N=C(N)N,Cerebrovascular accident,1
glimepiride,3476,CCC1=C(CN(C1=O)C(=O)NCCC2=CC=C(C=C2)S(=O)(=O)NC(=O)NC3CCC(CC3)C)C,Pneumonitis,0
metformin,4091,CN(C)C(=N)N=C(N)N,Blindness transient,1
metformin,4091,CN(C)C(=N)N=C(N)N,Temperature intolerance,1
metformin,4091,CN(C)C(=N)N=C(N)N,Therapeutic drug monitoring analysis not performed,1
repaglinide,65981,CCOC1=C(C=CC(=C1)CC(=O)NC(CC(C)C)C2=CC=CC=C2N3CCCCC3)C(=O)O,Skin disorder,0
glipizide,3478,CC1=CN=C(C=N1)C(=O)NCCC2=CC=C(C=C2)S(=O)(=O)NC(=O)NC3CCCCC3,Pulse abnormal,0
glipizide,3478,CC1=CN=C(C=N1)C(=O)NCCC2=CC=C(C=C2)S(=O)(=O)NC(=O)NC3CCCCC3,Glomerulonephritis membranoproliferative,0
dapagliflozin,9887712,CCOC1=CC=C(C=C1)CC2=C(C=CC(=C2)C3C(C(C(C(O3)CO)O)O)O)Cl,Suprapubic pain,1
dapagliflozin,9887712,CCOC1=CC=C(C=C1)CC2=C(C=CC(=C2)C3C(C(C(C(O3)CO)O)O)O)Cl,Hepatotoxicity,1
metformin,4091,CN(C)C(=N)N=C(N)N,Lip swelling,1
metformin,4091,CN(C)C(=N)N=C(N)N,Blood creatinine decreased,1
metformin,4091,CN(C)C(=N)N=C(N)N,Intervertebral disc protrusion,1
glipizide,3478,CC1=CN=C(C=N1)C(=O)NCCC2=CC=C(C=C2)S(=O)(=O)NC(=O)NC3CCCCC3,Feeling abnormal,1
metformin,4091,CN(C)C(=N)N=C(N)N,Eye discharge,1
glimepiride,3476,CCC1=C(CN(C1=O)C(=O)NCCC2=CC=C(C=C2)S(=O)(=O)NC(=O)NC3CCC(CC3)C)C,Infected cyst,0
sitagliptin,4369359,C1CN2C(=NN=C2C(F)(F)F)CN1C(=O)CC(CC3=CC(=C(C=C3F)F)F)N,Fatigue,1
glimepiride,3476,CCC1=C(CN(C1=O)C(=O)NCCC2=CC=C(C=C2)S(=O)(=O)NC(=O)NC3CCC(CC3)C)C,Haemoglobin decreased,1
saxagliptin,11243969,C1C2CC2N(C1C#N)C(=O)C(C34CC5CC(C3)CC(C5)(C4)O)N,Vascular stent thrombosis,0
metformin,4091,CN(C)C(=N)N=C(N)N,Protein total decreased,1
dapagliflozin,9887712,CCOC1=CC=C(C=C1)CC2=C(C=CC(=C2)C3C(C(C(C(O3)CO)O)O)O)Cl,Renal cell carcinoma,0
metformin,4091,CN(C)C(=N)N=C(N)N,Intercepted product prescribing error,1
saxagliptin,11243969,C1C2CC2N(C1C#N)C(=O)C(C34CC5CC(C3)CC(C5)(C4)O)N,Diabetic complication,0
metformin,4091,CN(C)C(=N)N=C(N)N,Arthropathy,1
metformin,4091,CN(C)C(=N)N=C(N)N,Platelet count decreased,1
metformin,4091,CN(C)C(=N)N=C(N)N,Mitochondrial myopathy,1
pioglitazone,4829,CCC1=CN=C(C=C1)CCOC2=CC=C(C=C2)CC3C(=O)NC(=O)S3,Nephropathy toxic,0
metformin,4091,CN(C)C(=N)N=C(N)N,Dyspnoea exertional,1
metformin,4091,CN(C)C(=N)N=C(N)N,Scrotal pain,1
canagliflozin,24812758,CC1=C(C=C(C=C1)C2C(C(C(C(O2)CO)O)O)O)CC3=CC=C(S3)C4=CC=C(C=C4)F,Periodontitis,0
dapagliflozin,9887712,CCOC1=CC=C(C=C1)CC2=C(C=CC(=C2)C3C(C(C(C(O3)CO)O)O)O)Cl,Pilonidal cyst,1
sitagliptin,4369359,C1CN2C(=NN=C2C(F)(F)F)CN1C(=O)CC(CC3=CC(=C(C=C3F)F)F)N,Brain stem stroke,0
sitagliptin,4369359,C1CN2C(=NN=C2C(F)(F)F)CN1C(=O)CC(CC3=CC(=C(C=C3F)F)F)N,Eyelid disorder,0
sitagliptin,4369359,C1CN2C(=NN=C2C(F)(F)F)CN1C(=O)CC(CC3=CC(=C(C=C3F)F)F)N,Conjunctivitis,0
sitagliptin,4369359,C1CN2C(=NN=C2C(F)(F)F)CN1C(=O)CC(CC3=CC(=C(C=C3F)F)F)N,Amniotic cavity infection,0
dapagliflozin,9887712,CCOC1=CC=C(C=C1)CC2=C(C=CC(=C2)C3C(C(C(C(O3)CO)O)O)O)Cl,Mitochondrial enzyme deficiency,0
metformin,4091,CN(C)C(=N)N=C(N)N,Blood urea increased,1
empagliflozin,11949646,C1COCC1OC2=CC=C(C=C2)CC3=C(C=CC(=C3)C4C(C(C(C(O4)CO)O)O)O)Cl,Acute respiratory failure,0
metformin,4091,CN(C)C(=N)N=C(N)N,Gastroenteritis viral,1
empagliflozin,11949646,C1COCC1OC2=CC=C(C=C2)CC3=C(C=CC(=C3)C4C(C(C(C(O4)CO)O)O)O)Cl,Urinary tract infection,1
nateglinide,5311309,CC(C)C1CCC(CC1)C(=O)NC(CC2=CC=CC=C2)C(=O)O,Endocarditis,0
linagliptin,10096344,CC#CCN1C2=C(N=C1N3CCCC(C3)N)N(C(=O)N(C2=O)CC4=NC5=CC=CC=C5C(=N4)C)C,Complicated appendicitis,0
canagliflozin,24812758,CC1=C(C=C(C=C1)C2C(C(C(C(O2)CO)O)O)O)CC3=CC=C(S3)C4=CC=C(C=C4)F,Blood potassium increased,1
metformin,4091,CN(C)C(=N)N=C(N)N,Device issue,1
metformin,4091,CN(C)C(=N)N=C(N)N,Gastroduodenal ulcer,1
repaglinide,65981,CCOC1=C(C=CC(=C1)CC(=O)NC(CC(C)C)C2=CC=CC=C2N3CCCCC3)C(=O)O,Infusion related reaction,0
glimepiride,3476,CCC1=C(CN(C1=O)C(=O)NCCC2=CC=C(C=C2)S(=O)(=O)NC(=O)NC3CCC(CC3)C)C,Anorectal swelling,0
glipizide,3478,CC1=CN=C(C=N1)C(=O)NCCC2=CC=C(C=C2)S(=O)(=O)NC(=O)NC3CCCCC3,Mouth injury,0
empagliflozin,11949646,C1COCC1OC2=CC=C(C=C2)CC3=C(C=CC(=C3)C4C(C(C(C(O4)CO)O)O)O)Cl,Penile pain,1
canagliflozin,24812758,CC1=C(C=C(C=C1)C2C(C(C(C(O2)CO)O)O)O)CC3=CC=C(S3)C4=CC=C(C=C4)F,Lung neoplasm malignant,1
glipizide,3478,CC1=CN=C(C=N1)C(=O)NCCC2=CC=C(C=C2)S(=O)(=O)NC(=O)NC3CCCCC3,Palmoplantar pustulosis,0
metformin,4091,CN(C)C(=N)N=C(N)N,Oral herpes,1
sitagliptin,4369359,C1CN2C(=NN=C2C(F)(F)F)CN1C(=O)CC(CC3=CC(=C(C=C3F)F)F)N,Penile erythema,0
metformin,4091,CN(C)C(=N)N=C(N)N,Pancreatic carcinoma,1
canagliflozin,24812758,CC1=C(C=C(C=C1)C2C(C(C(C(O2)CO)O)O)O)CC3=CC=C(S3)C4=CC=C(C=C4)F,Cerebellar syndrome,0
canagliflozin,24812758,CC1=C(C=C(C=C1)C2C(C(C(C(O2)CO)O)O)O)CC3=CC=C(S3)C4=CC=C(C=C4)F,Infected skin ulcer,1
rosiglitazone,77999,CN(CCOC1=CC=C(C=C1)CC2C(=O)NC(=O)S2)C3=CC=CC=N3,Metabolic function test abnormal,0
metformin,4091,CN(C)C(=N)N=C(N)N,Electrocardiogram QRS complex prolonged,1
nateglinide,5311309,CC(C)C1CCC(CC1)C(=O)NC(CC2=CC=CC=C2)C(=O)O,Skin necrosis,0
metformin,4091,CN(C)C(=N)N=C(N)N,Dyslipidaemia,1
metformin,4091,CN(C)C(=N)N=C(N)N,Blood sodium decreased,1
sitagliptin,4369359,C1CN2C(=NN=C2C(F)(F)F)CN1C(=O)CC(CC3=CC(=C(C=C3F)F)F)N,Renal ischaemia,0
dapagliflozin,9887712,CCOC1=CC=C(C=C1)CC2=C(C=CC(=C2)C3C(C(C(C(O3)CO)O)O)O)Cl,Respiratory disorder neonatal,0
dapagliflozin,9887712,CCOC1=CC=C(C=C1)CC2=C(C=CC(=C2)C3C(C(C(C(O3)CO)O)O)O)Cl,Faeces discoloured,1
repaglinide,65981,CCOC1=C(C=CC(=C1)CC(=O)NC(CC(C)C)C2=CC=CC=C2N3CCCCC3)C(=O)O,Visual impairment,1
canagliflozin,24812758,CC1=C(C=C(C=C1)C2C(C(C(C(O2)CO)O)O)O)CC3=CC=C(S3)C4=CC=C(C=C4)F,Malignant melanoma,0
pioglitazone,4829,CCC1=CN=C(C=C1)CCOC2=CC=C(C=C2)CC3C(=O)NC(=O)S3,Allergic pharyngitis,0
glimepiride,3476,CCC1=C(CN(C1=O)C(=O)NCCC2=CC=C(C=C2)S(=O)(=O)NC(=O)NC3CCC(CC3)C)C,Factor V inhibition,0
metformin,4091,CN(C)C(=N)N=C(N)N,Acute respiratory failure,1
metformin,4091,CN(C)C(=N)N=C(N)N,Lipid metabolism disorder,1
pioglitazone,4829,CCC1=CN=C(C=C1)CCOC2=CC=C(C=C2)CC3C(=O)NC(=O)S3,Bladder cancer,1
glimepiride,3476,CCC1=C(CN(C1=O)C(=O)NCCC2=CC=C(C=C2)S(=O)(=O)NC(=O)NC3CCC(CC3)C)C,Atrioventricular block complete,1
metformin,4091,CN(C)C(=N)N=C(N)N,Purpura,1
metformin,4091,CN(C)C(=N)N=C(N)N,Escherichia infection,1
glipizide,3478,CC1=CN=C(C=N1)C(=O)NCCC2=CC=C(C=C2)S(=O)(=O)NC(=O)NC3CCCCC3,Cyst,0
pioglitazone,4829,CCC1=CN=C(C=C1)CCOC2=CC=C(C=C2)CC3C(=O)NC(=O)S3,Leukopenia,1
canagliflozin,24812758,CC1=C(C=C(C=C1)C2C(C(C(C(O2)CO)O)O)O)CC3=CC=C(S3)C4=CC=C(C=C4)F,Endometritis,0
rosiglitazone,77999,CN(CCOC1=CC=C(C=C1)CC2C(=O)NC(=O)S2)C3=CC=CC=N3,Restlessness,0
dapagliflozin,9887712,CCOC1=CC=C(C=C1)CC2=C(C=CC(=C2)C3C(C(C(C(O3)CO)O)O)O)Cl,Blood glucose fluctuation,0
glimepiride,3476,CCC1=C(CN(C1=O)C(=O)NCCC2=CC=C(C=C2)S(=O)(=O)NC(=O)NC3CCC(CC3)C)C,Cushing's syndrome,0
canagliflozin,24812758,CC1=C(C=C(C=C1)C2C(C(C(C(O2)CO)O)O)O)CC3=CC=C(S3)C4=CC=C(C=C4)F,Back pain,1
linagliptin,10096344,CC#CCN1C2=C(N=C1N3CCCC(C3)N)N(C(=O)N(C2=O)CC4=NC5=CC=CC=C5C(=N4)C)C,Mechanical ventilation complication,0
nateglinide,5311309,CC(C)C1CCC(CC1)C(=O)NC(CC2=CC=CC=C2)C(=O)O,Therapeutic drug monitoring analysis not performed,0
dapagliflozin,9887712,CCOC1=CC=C(C=C1)CC2=C(C=CC(=C2)C3C(C(C(C(O3)CO)O)O)O)Cl,Vulvovaginitis,1
linagliptin,10096344,CC#CCN1C2=C(N=C1N3CCCC(C3)N)N(C(=O)N(C2=O)CC4=NC5=CC=CC=C5C(=N4)C)C,Adjustment disorder,0
empagliflozin,11949646,C1COCC1OC2=CC=C(C=C2)CC3=C(C=CC(=C3)C4C(C(C(C(O4)CO)O)O)O)Cl,Drug screen false positive,0
dapagliflozin,9887712,CCOC1=CC=C(C=C1)CC2=C(C=CC(=C2)C3C(C(C(C(O3)CO)O)O)O)Cl,Malabsorption,0
metformin,4091,CN(C)C(=N)N=C(N)N,Gastroenteritis,1
metformin,4091,CN(C)C(=N)N=C(N)N,Gamma-glutamyltransferase abnormal,1
linagliptin,10096344,CC#CCN1C2=C(N=C1N3CCCC(C3)N)N(C(=O)N(C2=O)CC4=NC5=CC=CC=C5C(=N4)C)C,Skin fissures,0
linagliptin,10096344,CC#CCN1C2=C(N=C1N3CCCC(C3)N)N(C(=O)N(C2=O)CC4=NC5=CC=CC=C5C(=N4)C)C,Urethral abscess,0
glimepiride,3476,CCC1=C(CN(C1=O)C(=O)NCCC2=CC=C(C=C2)S(=O)(=O)NC(=O)NC3CCC(CC3)C)C,Back pain,1
pioglitazone,4829,CCC1=CN=C(C=C1)CCOC2=CC=C(C=C2)CC3C(=O)NC(=O)S3,Pulmonary oedema,1
dapagliflozin,9887712,CCOC1=CC=C(C=C1)CC2=C(C=CC(=C2)C3C(C(C(C(O3)CO)O)O)O)Cl,Micturition disorder,0
nateglinide,5311309,CC(C)C1CCC(CC1)C(=O)NC(CC2=CC=CC=C2)C(=O)O,Cyst,0
canagliflozin,24812758,CC1=C(C=C(C=C1)C2C(C(C(C(O2)CO)O)O)O)CC3=CC=C(S3)C4=CC=C(C=C4)F,Tunnel vision,0
glimepiride,3476,CCC1=C(CN(C1=O)C(=O)NCCC2=CC=C(C=C2)S(=O)(=O)NC(=O)NC3CCC(CC3)C)C,Hypothyroidism,1
nateglinide,5311309,CC(C)C1CCC(CC1)C(=O)NC(CC2=CC=CC=C2)C(=O)O,Intestinal angioedema,0
metformin,4091,CN(C)C(=N)N=C(N)N,Patent ductus arteriosus,1
metformin,4091,CN(C)C(=N)N=C(N)N,Product design confusion,1
metformin,4091,CN(C)C(=N)N=C(N)N,Gingival bleeding,1
canagliflozin,24812758,CC1=C(C=C(C=C1)C2C(C(C(C(O2)CO)O)O)O)CC3=CC=C(S3)C4=CC=C(C=C4)F,Dyslipidaemia,1
metformin,4091,CN(C)C(=N)N=C(N)N,Vitamin B6 deficiency,0
acarbose,9811704,CC1C(C(C(C(O1)OC2C(OC(C(C2O)O)OC(C(CO)O)C(C(C=O)O)O)CO)O)O)NC3C=C(C(C(C3O)O)O)CO,Myocardial rupture,0
metformin,4091,CN(C)C(=N)N=C(N)N,Dry skin,1
pioglitazone,4829,CCC1=CN=C(C=C1)CCOC2=CC=C(C=C2)CC3C(=O)NC(=O)S3,Therapeutic response unexpected,1
dapagliflozin,9887712,CCOC1=CC=C(C=C1)CC2=C(C=CC(=C2)C3C(C(C(C(O3)CO)O)O)O)Cl,Cachexia,1
sitagliptin,4369359,C1CN2C(=NN=C2C(F)(F)F)CN1C(=O)CC(CC3=CC(=C(C=C3F)F)F)N,Dust allergy,0
metformin,4091,CN(C)C(=N)N=C(N)N,Ammonia increased,1
metformin,4091,CN(C)C(=N)N=C(N)N,Product quality control issue,1
metformin,4091,CN(C)C(=N)N=C(N)N,Blood magnesium decreased,1
repaglinide,65981,CCOC1=C(C=CC(=C1)CC(=O)NC(CC(C)C)C2=CC=CC=C2N3CCCCC3)C(=O)O,Soft tissue necrosis,0
metformin,4091,CN(C)C(=N)N=C(N)N,Breast pain,1
glimepiride,3476,CCC1=C(CN(C1=O)C(=O)NCCC2=CC=C(C=C2)S(=O)(=O)NC(=O)NC3CCC(CC3)C)C,Product substitution issue,1
metformin,4091,CN(C)C(=N)N=C(N)N,Eye swelling,1
empagliflozin,11949646,C1COCC1OC2=CC=C(C=C2)CC3=C(C=CC(=C3)C4C(C(C(C(O4)CO)O)O)O)Cl,Arthroscopy,0
metformin,4091,CN(C)C(=N)N=C(N)N,Neonatal seizure,1
canagliflozin,24812758,CC1=C(C=C(C=C1)C2C(C(C(C(O2)CO)O)O)O)CC3=CC=C(S3)C4=CC=C(C=C4)F,Intraventricular haemorrhage neonatal,0
empagliflozin,11949646,C1COCC1OC2=CC=C(C=C2)CC3=C(C=CC(=C3)C4C(C(C(C(O4)CO)O)O)O)Cl,Balanoposthitis,1
metformin,4091,CN(C)C(=N)N=C(N)N,Injection site pain,1
glyburide,3488,COC1=C(C=C(C=C1)Cl)C(=O)NCCC2=CC=C(C=C2)S(=O)(=O)NC(=O)NC3CCCCC3,Macrocephaly,1
linagliptin,10096344,CC#CCN1C2=C(N=C1N3CCCC(C3)N)N(C(=O)N(C2=O)CC4=NC5=CC=CC=C5C(=N4)C)C,Hemiparaesthesia,0
rosiglitazone,77999,CN(CCOC1=CC=C(C=C1)CC2C(=O)NC(=O)S2)C3=CC=CC=N3,Tachyarrhythmia,0
saxagliptin,11243969,C1C2CC2N(C1C#N)C(=O)C(C34CC5CC(C3)CC(C5)(C4)O)N,Throat tightness,0
metformin,4091,CN(C)C(=N)N=C(N)N,Bladder dilatation,1
pioglitazone,4829,CCC1=CN=C(C=C1)CCOC2=CC=C(C=C2)CC3C(=O)NC(=O)S3,Palpitations,1
metformin,4091,CN(C)C(=N)N=C(N)N,Initial insomnia,1
glimepiride,3476,CCC1=C(CN(C1=O)C(=O)NCCC2=CC=C(C=C2)S(=O)(=O)NC(=O)NC3CCC(CC3)C)C,Neuroendocrine tumour,0
linagliptin,10096344,CC#CCN1C2=C(N=C1N3CCCC(C3)N)N(C(=O)N(C2=O)CC4=NC5=CC=CC=C5C(=N4)C)C,False positive investigation result,0
dapagliflozin,9887712,CCOC1=CC=C(C=C1)CC2=C(C=CC(=C2)C3C(C(C(C(O3)CO)O)O)O)Cl,Paraesthesia,1
dapagliflozin,9887712,CCOC1=CC=C(C=C1)CC2=C(C=CC(=C2)C3C(C(C(C(O3)CO)O)O)O)Cl,Capillary leak syndrome,0
empagliflozin,11949646,C1COCC1OC2=CC=C(C=C2)CC3=C(C=CC(=C3)C4C(C(C(C(O4)CO)O)O)O)Cl,Lower urinary tract symptoms,0
saxagliptin,11243969,C1C2CC2N(C1C#N)C(=O)C(C34CC5CC(C3)CC(C5)(C4)O)N,Cystitis,0
metformin,4091,CN(C)C(=N)N=C(N)N,Stiff person syndrome,1
metformin,4091,CN(C)C(=N)N=C(N)N,Respiratory distress,1
metformin,4091,CN(C)C(=N)N=C(N)N,Blood cholesterol abnormal,1
metformin,4091,CN(C)C(=N)N=C(N)N,Product availability issue,1
rosiglitazone,77999,CN(CCOC1=CC=C(C=C1)CC2C(=O)NC(=O)S2)C3=CC=CC=N3,Anaemia,0
metformin,4091,CN(C)C(=N)N=C(N)N,Carbohydrate antigen 125 increased,1
sitagliptin,4369359,C1CN2C(=NN=C2C(F)(F)F)CN1C(=O)CC(CC3=CC(=C(C=C3F)F)F)N,Hepatic mass,0
saxagliptin,11243969,C1C2CC2N(C1C#N)C(=O)C(C34CC5CC(C3)CC(C5)(C4)O)N,Escherichia sepsis,0
empagliflozin,11949646,C1COCC1OC2=CC=C(C=C2)CC3=C(C=CC(=C3)C4C(C(C(C(O4)CO)O)O)O)Cl,Paresis,0
metformin,4091,CN(C)C(=N)N=C(N)N,Mitral valve incompetence,1
rosiglitazone,77999,CN(CCOC1=CC=C(C=C1)CC2C(=O)NC(=O)S2)C3=CC=CC=N3,Extrapyramidal disorder,0
saxagliptin,11243969,C1C2CC2N(C1C#N)C(=O)C(C34CC5CC(C3)CC(C5)(C4)O)N,Out of specification test results,0
empagliflozin,11949646,C1COCC1OC2=CC=C(C=C2)CC3=C(C=CC(=C3)C4C(C(C(C(O4)CO)O)O)O)Cl,Ascites,1
glipizide,3478,CC1=CN=C(C=N1)C(=O)NCCC2=CC=C(C=C2)S(=O)(=O)NC(=O)NC3CCCCC3,Posture abnormal,0
metformin,4091,CN(C)C(=N)N=C(N)N,Product taste abnormal,1
linagliptin,10096344,CC#CCN1C2=C(N=C1N3CCCC(C3)N)N(C(=O)N(C2=O)CC4=NC5=CC=CC=C5C(=N4)C)C,Bone lesion,0
nateglinide,5311309,CC(C)C1CCC(CC1)C(=O)NC(CC2=CC=CC=C2)C(=O)O,Dysuria,0
pioglitazone,4829,CCC1=CN=C(C=C1)CCOC2=CC=C(C=C2)CC3C(=O)NC(=O)S3,Adenoma benign,0
sitagliptin,4369359,C1CN2C(=NN=C2C(F)(F)F)CN1C(=O)CC(CC3=CC(=C(C=C3F)F)F)N,Diabetes mellitus,1
pioglitazone,4829,CCC1=CN=C(C=C1)CCOC2=CC=C(C=C2)CC3C(=O)NC(=O)S3,Cerebral arteriosclerosis,0
nateglinide,5311309,CC(C)C1CCC(CC1)C(=O)NC(CC2=CC=CC=C2)C(=O)O,Lung transplant,0
pioglitazone,4829,CCC1=CN=C(C=C1)CCOC2=CC=C(C=C2)CC3C(=O)NC(=O)S3,Complex regional pain syndrome,0
metformin,4091,CN(C)C(=N)N=C(N)N,Fungal infection,1
empagliflozin,11949646,C1COCC1OC2=CC=C(C=C2)CC3=C(C=CC(=C3)C4C(C(C(C(O4)CO)O)O)O)Cl,Carotid artery stenosis,0
sitagliptin,4369359,C1CN2C(=NN=C2C(F)(F)F)CN1C(=O)CC(CC3=CC(=C(C=C3F)F)F)N,Ketosis,0
dapagliflozin,9887712,CCOC1=CC=C(C=C1)CC2=C(C=CC(=C2)C3C(C(C(C(O3)CO)O)O)O)Cl,Dysstasia,0
glipizide,3478,CC1=CN=C(C=N1)C(=O)NCCC2=CC=C(C=C2)S(=O)(=O)NC(=O)NC3CCCCC3,Drug hypersensitivity,1
metformin,4091,CN(C)C(=N)N=C(N)N,Cardiac failure chronic,1
dapagliflozin,9887712,CCOC1=CC=C(C=C1)CC2=C(C=CC(=C2)C3C(C(C(C(O3)CO)O)O)O)Cl,Dyspnoea exertional,1
glyburide,3488,COC1=C(C=C(C=C1)Cl)C(=O)NCCC2=CC=C(C=C2)S(=O)(=O)NC(=O)NC3CCCCC3,Maternal exposure before pregnancy,0
metformin,4091,CN(C)C(=N)N=C(N)N,Central nervous system lesion,1
canagliflozin,24812758,CC1=C(C=C(C=C1)C2C(C(C(C(O2)CO)O)O)O)CC3=CC=C(S3)C4=CC=C(C=C4)F,Pilonidal cyst,0
empagliflozin,11949646,C1COCC1OC2=CC=C(C=C2)CC3=C(C=CC(=C3)C4C(C(C(C(O4)CO)O)O)O)Cl,Fungal skin infection,1
sitagliptin,4369359,C1CN2C(=NN=C2C(F)(F)F)CN1C(=O)CC(CC3=CC(=C(C=C3F)F)F)N,Toxic skin eruption,1
glimepiride,3476,CCC1=C(CN(C1=O)C(=O)NCCC2=CC=C(C=C2)S(=O)(=O)NC(=O)NC3CCC(CC3)C)C,Bronchospasm,1
glipizide,3478,CC1=CN=C(C=N1)C(=O)NCCC2=CC=C(C=C2)S(=O)(=O)NC(=O)NC3CCCCC3,Gait inability,1
glimepiride,3476,CCC1=C(CN(C1=O)C(=O)NCCC2=CC=C(C=C2)S(=O)(=O)NC(=O)NC3CCC(CC3)C)C,Neuropathy peripheral,0
pioglitazone,4829,CCC1=CN=C(C=C1)CCOC2=CC=C(C=C2)CC3C(=O)NC(=O)S3,Sleep terror,0
metformin,4091,CN(C)C(=N)N=C(N)N,Depressed level of consciousness,1
metformin,4091,CN(C)C(=N)N=C(N)N,Cough,1
metformin,4091,CN(C)C(=N)N=C(N)N,Exposure to allergen,1
glipizide,3478,CC1=CN=C(C=N1)C(=O)NCCC2=CC=C(C=C2)S(=O)(=O)NC(=O)NC3CCCCC3,Body temperature increased,0
dapagliflozin,9887712,CCOC1=CC=C(C=C1)CC2=C(C=CC(=C2)C3C(C(C(C(O3)CO)O)O)O)Cl,Glucose urine present,1
linagliptin,10096344,CC#CCN1C2=C(N=C1N3CCCC(C3)N)N(C(=O)N(C2=O)CC4=NC5=CC=CC=C5C(=N4)C)C,Mediastinitis,0
repaglinide,65981,CCOC1=C(C=CC(=C1)CC(=O)NC(CC(C)C)C2=CC=CC=C2N3CCCCC3)C(=O)O,Clostridial sepsis,0
dapagliflozin,9887712,CCOC1=CC=C(C=C1)CC2=C(C=CC(=C2)C3C(C(C(C(O3)CO)O)O)O)Cl,Benign prostatic hyperplasia,1
glipizide,3478,CC1=CN=C(C=N1)C(=O)NCCC2=CC=C(C=C2)S(=O)(=O)NC(=O)NC3CCCCC3,Fungal infection,1
metformin,4091,CN(C)C(=N)N=C(N)N,Urine ketone body present,1
glipizide,3478,CC1=CN=C(C=N1)C(=O)NCCC2=CC=C(C=C2)S(=O)(=O)NC(=O)NC3CCCCC3,Creatinine renal clearance abnormal,0
linagliptin,10096344,CC#CCN1C2=C(N=C1N3CCCC(C3)N)N(C(=O)N(C2=O)CC4=NC5=CC=CC=C5C(=N4)C)C,Odynophagia,0
dapagliflozin,9887712,CCOC1=CC=C(C=C1)CC2=C(C=CC(=C2)C3C(C(C(C(O3)CO)O)O)O)Cl,Gastroenteritis norovirus,0
dapagliflozin,9887712,CCOC1=CC=C(C=C1)CC2=C(C=CC(=C2)C3C(C(C(C(O3)CO)O)O)O)Cl,Umbilical cord vascular disorder,0
pioglitazone,4829,CCC1=CN=C(C=C1)CCOC2=CC=C(C=C2)CC3C(=O)NC(=O)S3,Blood glucose decreased,1
empagliflozin,11949646,C1COCC1OC2=CC=C(C=C2)CC3=C(C=CC(=C3)C4C(C(C(C(O4)CO)O)O)O)Cl,Fournier's gangrene,1
dapagliflozin,9887712,CCOC1=CC=C(C=C1)CC2=C(C=CC(=C2)C3C(C(C(C(O3)CO)O)O)O)Cl,Depressed mood,1
metformin,4091,CN(C)C(=N)N=C(N)N,Hypercreatininaemia,1
canagliflozin,24812758,CC1=C(C=C(C=C1)C2C(C(C(C(O2)CO)O)O)O)CC3=CC=C(S3)C4=CC=C(C=C4)F,Eating disorder,0
linagliptin,10096344,CC#CCN1C2=C(N=C1N3CCCC(C3)N)N(C(=O)N(C2=O)CC4=NC5=CC=CC=C5C(=N4)C)C,Rectal adenocarcinoma,0
sitagliptin,4369359,C1CN2C(=NN=C2C(F)(F)F)CN1C(=O)CC(CC3=CC(=C(C=C3F)F)F)N,Normocytic anaemia,0
canagliflozin,24812758,CC1=C(C=C(C=C1)C2C(C(C(C(O2)CO)O)O)O)CC3=CC=C(S3)C4=CC=C(C=C4)F,Blood blister,0
glimepiride,3476,CCC1=C(CN(C1=O)C(=O)NCCC2=CC=C(C=C2)S(=O)(=O)NC(=O)NC3CCC(CC3)C)C,Normocytic anaemia,0
glipizide,3478,CC1=CN=C(C=N1)C(=O)NCCC2=CC=C(C=C2)S(=O)(=O)NC(=O)NC3CCCCC3,Hypersensitivity,1
glyburide,3488,COC1=C(C=C(C=C1)Cl)C(=O)NCCC2=CC=C(C=C2)S(=O)(=O)NC(=O)NC3CCCCC3,Blood glucose decreased,1
dapagliflozin,9887712,CCOC1=CC=C(C=C1)CC2=C(C=CC(=C2)C3C(C(C(C(O3)CO)O)O)O)Cl,Intentional product use issue,1
glimepiride,3476,CCC1=C(CN(C1=O)C(=O)NCCC2=CC=C(C=C2)S(=O)(=O)NC(=O)NC3CCC(CC3)C)C,Therapy change,1
glipizide,3478,CC1=CN=C(C=N1)C(=O)NCCC2=CC=C(C=C2)S(=O)(=O)NC(=O)NC3CCCCC3,Pollakiuria,1
metformin,4091,CN(C)C(=N)N=C(N)N,Continuous haemodiafiltration,1
linagliptin,10096344,CC#CCN1C2=C(N=C1N3CCCC(C3)N)N(C(=O)N(C2=O)CC4=NC5=CC=CC=C5C(=N4)C)C,"Hallucination, visual",0
rosiglitazone,77999,CN(CCOC1=CC=C(C=C1)CC2C(=O)NC(=O)S2)C3=CC=CC=N3,Breast cancer stage I,0
metformin,4091,CN(C)C(=N)N=C(N)N,Medical device implantation,1
metformin,4091,CN(C)C(=N)N=C(N)N,Ear pain,1
empagliflozin,11949646,C1COCC1OC2=CC=C(C=C2)CC3=C(C=CC(=C3)C4C(C(C(C(O4)CO)O)O)O)Cl,Autoimmune myocarditis,0
dapagliflozin,9887712,CCOC1=CC=C(C=C1)CC2=C(C=CC(=C2)C3C(C(C(C(O3)CO)O)O)O)Cl,Microalbuminuria,0
glyburide,3488,COC1=C(C=C(C=C1)Cl)C(=O)NCCC2=CC=C(C=C2)S(=O)(=O)NC(=O)NC3CCCCC3,Urine magnesium,0
saxagliptin,11243969,C1C2CC2N(C1C#N)C(=O)C(C34CC5CC(C3)CC(C5)(C4)O)N,Metastases to ovary,0
linagliptin,10096344,CC#CCN1C2=C(N=C1N3CCCC(C3)N)N(C(=O)N(C2=O)CC4=NC5=CC=CC=C5C(=N4)C)C,Microcytic anaemia,0
pioglitazone,4829,CCC1=CN=C(C=C1)CCOC2=CC=C(C=C2)CC3C(=O)NC(=O)S3,Tongue disorder,0
sitagliptin,4369359,C1CN2C(=NN=C2C(F)(F)F)CN1C(=O)CC(CC3=CC(=C(C=C3F)F)F)N,Adenocarcinoma pancreas,1
metformin,4091,CN(C)C(=N)N=C(N)N,Mean cell haemoglobin decreased,1
metformin,4091,CN(C)C(=N)N=C(N)N,Heart rate decreased,1
sitagliptin,4369359,C1CN2C(=NN=C2C(F)(F)F)CN1C(=O)CC(CC3=CC(=C(C=C3F)F)F)N,Apathy,0
acarbose,9811704,CC1C(C(C(C(O1)OC2C(OC(C(C2O)O)OC(C(CO)O)C(C(C=O)O)O)CO)O)O)NC3C=C(C(C(C3O)O)O)CO,Urine flow decreased,0
repaglinide,65981,CCOC1=C(C=CC(=C1)CC(=O)NC(CC(C)C)C2=CC=CC=C2N3CCCCC3)C(=O)O,Corneal reflex decreased,0
pioglitazone,4829,CCC1=CN=C(C=C1)CCOC2=CC=C(C=C2)CC3C(=O)NC(=O)S3,Eosinophilic pneumonia,0
metformin,4091,CN(C)C(=N)N=C(N)N,Blood potassium abnormal,1
acarbose,9811704,CC1C(C(C(C(O1)OC2C(OC(C(C2O)O)OC(C(CO)O)C(C(C=O)O)O)CO)O)O)NC3C=C(C(C(C3O)O)O)CO,Hyperkinesia,0
metformin,4091,CN(C)C(=N)N=C(N)N,Blood lactic acid,1
glimepiride,3476,CCC1=C(CN(C1=O)C(=O)NCCC2=CC=C(C=C2)S(=O)(=O)NC(=O)NC3CCC(CC3)C)C,Cerebral artery occlusion,1
pioglitazone,4829,CCC1=CN=C(C=C1)CCOC2=CC=C(C=C2)CC3C(=O)NC(=O)S3,Hypomagnesaemia,0
acarbose,9811704,CC1C(C(C(C(O1)OC2C(OC(C(C2O)O)OC(C(CO)O)C(C(C=O)O)O)CO)O)O)NC3C=C(C(C(C3O)O)O)CO,Bone marrow disorder,0
sitagliptin,4369359,C1CN2C(=NN=C2C(F)(F)F)CN1C(=O)CC(CC3=CC(=C(C=C3F)F)F)N,Glucose tolerance impaired,0
glimepiride,3476,CCC1=C(CN(C1=O)C(=O)NCCC2=CC=C(C=C2)S(=O)(=O)NC(=O)NC3CCC(CC3)C)C,Poor venous access,0
rosiglitazone,77999,CN(CCOC1=CC=C(C=C1)CC2C(=O)NC(=O)S2)C3=CC=CC=N3,Urine odour abnormal,0
metformin,4091,CN(C)C(=N)N=C(N)N,Cardiac failure congestive,1
pioglitazone,4829,CCC1=CN=C(C=C1)CCOC2=CC=C(C=C2)CC3C(=O)NC(=O)S3,Anuria,1
metformin,4091,CN(C)C(=N)N=C(N)N,Choreoathetosis,1
metformin,4091,CN(C)C(=N)N=C(N)N,Urinary tract infection staphylococcal,1
glimepiride,3476,CCC1=C(CN(C1=O)C(=O)NCCC2=CC=C(C=C2)S(=O)(=O)NC(=O)NC3CCC(CC3)C)C,Pathological fracture,0
empagliflozin,11949646,C1COCC1OC2=CC=C(C=C2)CC3=C(C=CC(=C3)C4C(C(C(C(O4)CO)O)O)O)Cl,Lung opacity,1
empagliflozin,11949646,C1COCC1OC2=CC=C(C=C2)CC3=C(C=CC(=C3)C4C(C(C(C(O4)CO)O)O)O)Cl,Subclavian vein thrombosis,0
glyburide,3488,COC1=C(C=C(C=C1)Cl)C(=O)NCCC2=CC=C(C=C2)S(=O)(=O)NC(=O)NC3CCCCC3,Gastroduodenal ulcer,0
empagliflozin,11949646,C1COCC1OC2=CC=C(C=C2)CC3=C(C=CC(=C3)C4C(C(C(C(O4)CO)O)O)O)Cl,Prostate cancer metastatic,0
linagliptin,10096344,CC#CCN1C2=C(N=C1N3CCCC(C3)N)N(C(=O)N(C2=O)CC4=NC5=CC=CC=C5C(=N4)C)C,Incontinence,0
glimepiride,3476,CCC1=C(CN(C1=O)C(=O)NCCC2=CC=C(C=C2)S(=O)(=O)NC(=O)NC3CCC(CC3)C)C,Mental status changes,1
canagliflozin,24812758,CC1=C(C=C(C=C1)C2C(C(C(C(O2)CO)O)O)O)CC3=CC=C(S3)C4=CC=C(C=C4)F,Ischaemic stroke,1
dapagliflozin,9887712,CCOC1=CC=C(C=C1)CC2=C(C=CC(=C2)C3C(C(C(C(O3)CO)O)O)O)Cl,Ketoacidosis,1
glipizide,3478,CC1=CN=C(C=N1)C(=O)NCCC2=CC=C(C=C2)S(=O)(=O)NC(=O)NC3CCCCC3,Squamous cell carcinoma,0
empagliflozin,11949646,C1COCC1OC2=CC=C(C=C2)CC3=C(C=CC(=C3)C4C(C(C(C(O4)CO)O)O)O)Cl,Leukocytosis,1
metformin,4091,CN(C)C(=N)N=C(N)N,Movement disorder,1
acarbose,9811704,CC1C(C(C(C(O1)OC2C(OC(C(C2O)O)OC(C(CO)O)C(C(C=O)O)O)CO)O)O)NC3C=C(C(C(C3O)O)O)CO,Laryngeal discomfort,0
acarbose,9811704,CC1C(C(C(C(O1)OC2C(OC(C(C2O)O)OC(C(CO)O)C(C(C=O)O)O)CO)O)O)NC3C=C(C(C(C3O)O)O)CO,Heavy exposure to ultraviolet light,0
metformin,4091,CN(C)C(=N)N=C(N)N,Dermatitis contact,1
glipizide,3478,CC1=CN=C(C=N1)C(=O)NCCC2=CC=C(C=C2)S(=O)(=O)NC(=O)NC3CCCCC3,Malaise,1
canagliflozin,24812758,CC1=C(C=C(C=C1)C2C(C(C(C(O2)CO)O)O)O)CC3=CC=C(S3)C4=CC=C(C=C4)F,Glaucoma surgery,0
acarbose,9811704,CC1C(C(C(C(O1)OC2C(OC(C(C2O)O)OC(C(CO)O)C(C(C=O)O)O)CO)O)O)NC3C=C(C(C(C3O)O)O)CO,Hypoaesthesia,0
metformin,4091,CN(C)C(=N)N=C(N)N,Aortic valve disease,1
saxagliptin,11243969,C1C2CC2N(C1C#N)C(=O)C(C34CC5CC(C3)CC(C5)(C4)O)N,Cerebral infarction,0
canagliflozin,24812758,CC1=C(C=C(C=C1)C2C(C(C(C(O2)CO)O)O)O)CC3=CC=C(S3)C4=CC=C(C=C4)F,Pyelonephritis acute,0
metformin,4091,CN(C)C(=N)N=C(N)N,Drug intolerance,1
metformin,4091,CN(C)C(=N)N=C(N)N,Hyperphosphataemia,1
glimepiride,3476,CCC1=C(CN(C1=O)C(=O)NCCC2=CC=C(C=C2)S(=O)(=O)NC(=O)NC3CCC(CC3)C)C,Micturition frequency decreased,1
metformin,4091,CN(C)C(=N)N=C(N)N,Mitochondrial toxicity,1
metformin,4091,CN(C)C(=N)N=C(N)N,Intensive care unit acquired weakness,1
acarbose,9811704,CC1C(C(C(C(O1)OC2C(OC(C(C2O)O)OC(C(CO)O)C(C(C=O)O)O)CO)O)O)NC3C=C(C(C(C3O)O)O)CO,Enthesopathy,0
glipizide,3478,CC1=CN=C(C=N1)C(=O)NCCC2=CC=C(C=C2)S(=O)(=O)NC(=O)NC3CCCCC3,Dysstasia,1
pioglitazone,4829,CCC1=CN=C(C=C1)CCOC2=CC=C(C=C2)CC3C(=O)NC(=O)S3,Disease progression,1
repaglinide,65981,CCOC1=C(C=CC(=C1)CC(=O)NC(CC(C)C)C2=CC=CC=C2N3CCCCC3)C(=O)O,Blood creatine increased,0
sitagliptin,4369359,C1CN2C(=NN=C2C(F)(F)F)CN1C(=O)CC(CC3=CC(=C(C=C3F)F)F)N,Diabetic metabolic decompensation,1
glipizide,3478,CC1=CN=C(C=N1)C(=O)NCCC2=CC=C(C=C2)S(=O)(=O)NC(=O)NC3CCCCC3,Blood viscosity increased,0
metformin,4091,CN(C)C(=N)N=C(N)N,Nausea,1
canagliflozin,24812758,CC1=C(C=C(C=C1)C2C(C(C(C(O2)CO)O)O)O)CC3=CC=C(S3)C4=CC=C(C=C4)F,Orthopaedic procedure,1
metformin,4091,CN(C)C(=N)N=C(N)N,Oral pain,1
repaglinide,65981,CCOC1=C(C=CC(=C1)CC(=O)NC(CC(C)C)C2=CC=CC=C2N3CCCCC3)C(=O)O,Device difficult to use,0
metformin,4091,CN(C)C(=N)N=C(N)N,Pancreatitis acute,1
metformin,4091,CN(C)C(=N)N=C(N)N,Pulmonary arterial pressure increased,1
metformin,4091,CN(C)C(=N)N=C(N)N,Chronic gastritis,1
repaglinide,65981,CCOC1=C(C=CC(=C1)CC(=O)NC(CC(C)C)C2=CC=CC=C2N3CCCCC3)C(=O)O,Supportive care,0
metformin,4091,CN(C)C(=N)N=C(N)N,Endotracheal intubation,1
saxagliptin,11243969,C1C2CC2N(C1C#N)C(=O)C(C34CC5CC(C3)CC(C5)(C4)O)N,Neuropathy vitamin B12 deficiency,0
metformin,4091,CN(C)C(=N)N=C(N)N,Heart rate irregular,1
dapagliflozin,9887712,CCOC1=CC=C(C=C1)CC2=C(C=CC(=C2)C3C(C(C(C(O3)CO)O)O)O)Cl,Extrapyramidal disorder,0
dapagliflozin,9887712,CCOC1=CC=C(C=C1)CC2=C(C=CC(=C2)C3C(C(C(C(O3)CO)O)O)O)Cl,Hypertensive nephropathy,1
empagliflozin,11949646,C1COCC1OC2=CC=C(C=C2)CC3=C(C=CC(=C3)C4C(C(C(C(O4)CO)O)O)O)Cl,Fungal rhinitis,0
linagliptin,10096344,CC#CCN1C2=C(N=C1N3CCCC(C3)N)N(C(=O)N(C2=O)CC4=NC5=CC=CC=C5C(=N4)C)C,Product contamination with body fluid,0
metformin,4091,CN(C)C(=N)N=C(N)N,Increased viscosity of bronchial secretion,1
dapagliflozin,9887712,CCOC1=CC=C(C=C1)CC2=C(C=CC(=C2)C3C(C(C(C(O3)CO)O)O)O)Cl,Meningitis,0
rosiglitazone,77999,CN(CCOC1=CC=C(C=C1)CC2C(=O)NC(=O)S2)C3=CC=CC=N3,Bacterial infection,0
glimepiride,3476,CCC1=C(CN(C1=O)C(=O)NCCC2=CC=C(C=C2)S(=O)(=O)NC(=O)NC3CCC(CC3)C)C,Bedridden,0
metformin,4091,CN(C)C(=N)N=C(N)N,Sputum retention,0
glipizide,3478,CC1=CN=C(C=N1)C(=O)NCCC2=CC=C(C=C2)S(=O)(=O)NC(=O)NC3CCCCC3,Pancreatic pseudocyst,0
canagliflozin,24812758,CC1=C(C=C(C=C1)C2C(C(C(C(O2)CO)O)O)O)CC3=CC=C(S3)C4=CC=C(C=C4)F,Delusion,0
metformin,4091,CN(C)C(=N)N=C(N)N,Kidney infection,1
metformin,4091,CN(C)C(=N)N=C(N)N,Tendonitis,1
metformin,4091,CN(C)C(=N)N=C(N)N,Splenectomy,1
glimepiride,3476,CCC1=C(CN(C1=O)C(=O)NCCC2=CC=C(C=C2)S(=O)(=O)NC(=O)NC3CCC(CC3)C)C,Oral mucosal eruption,0
glyburide,3488,COC1=C(C=C(C=C1)Cl)C(=O)NCCC2=CC=C(C=C2)S(=O)(=O)NC(=O)NC3CCCCC3,Rales,0
metformin,4091,CN(C)C(=N)N=C(N)N,Phrenic nerve paralysis,1
dapagliflozin,9887712,CCOC1=CC=C(C=C1)CC2=C(C=CC(=C2)C3C(C(C(C(O3)CO)O)O)O)Cl,Lipodystrophy acquired,1
glipizide,3478,CC1=CN=C(C=N1)C(=O)NCCC2=CC=C(C=C2)S(=O)(=O)NC(=O)NC3CCCCC3,Coronary artery bypass,0
metformin,4091,CN(C)C(=N)N=C(N)N,Dyschromatopsia,1
repaglinide,65981,CCOC1=C(C=CC(=C1)CC(=O)NC(CC(C)C)C2=CC=CC=C2N3CCCCC3)C(=O)O,Bradyphrenia,1
empagliflozin,11949646,C1COCC1OC2=CC=C(C=C2)CC3=C(C=CC(=C3)C4C(C(C(C(O4)CO)O)O)O)Cl,Arthralgia,1
canagliflozin,24812758,CC1=C(C=C(C=C1)C2C(C(C(C(O2)CO)O)O)O)CC3=CC=C(S3)C4=CC=C(C=C4)F,Intraductal papillary mucinous neoplasm,0
glipizide,3478,CC1=CN=C(C=N1)C(=O)NCCC2=CC=C(C=C2)S(=O)(=O)NC(=O)NC3CCCCC3,Feeling of despair,0
sitagliptin,4369359,C1CN2C(=NN=C2C(F)(F)F)CN1C(=O)CC(CC3=CC(=C(C=C3F)F)F)N,Escherichia sepsis,0
metformin,4091,CN(C)C(=N)N=C(N)N,Blood pressure diastolic increased,1
metformin,4091,CN(C)C(=N)N=C(N)N,Thirst,1
repaglinide,65981,CCOC1=C(C=CC(=C1)CC(=O)NC(CC(C)C)C2=CC=CC=C2N3CCCCC3)C(=O)O,Diet noncompliance,1
metformin,4091,CN(C)C(=N)N=C(N)N,Dermatitis exfoliative generalised,1
empagliflozin,11949646,C1COCC1OC2=CC=C(C=C2)CC3=C(C=CC(=C3)C4C(C(C(C(O4)CO)O)O)O)Cl,Urosepsis,1
metformin,4091,CN(C)C(=N)N=C(N)N,Respiratory gas exchange disorder,1
dapagliflozin,9887712,CCOC1=CC=C(C=C1)CC2=C(C=CC(=C2)C3C(C(C(C(O3)CO)O)O)O)Cl,Impaired quality of life,0
metformin,4091,CN(C)C(=N)N=C(N)N,Tonsillectomy,0
linagliptin,10096344,CC#CCN1C2=C(N=C1N3CCCC(C3)N)N(C(=O)N(C2=O)CC4=NC5=CC=CC=C5C(=N4)C)C,Injection site inflammation,0
acarbose,9811704,CC1C(C(C(C(O1)OC2C(OC(C(C2O)O)OC(C(CO)O)C(C(C=O)O)O)CO)O)O)NC3C=C(C(C(C3O)O)O)CO,Blood uric acid increased,0
glimepiride,3476,CCC1=C(CN(C1=O)C(=O)NCCC2=CC=C(C=C2)S(=O)(=O)NC(=O)NC3CCC(CC3)C)C,Atrial flutter,0
saxagliptin,11243969,C1C2CC2N(C1C#N)C(=O)C(C34CC5CC(C3)CC(C5)(C4)O)N,Neuralgia,1
metformin,4091,CN(C)C(=N)N=C(N)N,Lung adenocarcinoma,1
nateglinide,5311309,CC(C)C1CCC(CC1)C(=O)NC(CC2=CC=CC=C2)C(=O)O,Malaise,1
glipizide,3478,CC1=CN=C(C=N1)C(=O)NCCC2=CC=C(C=C2)S(=O)(=O)NC(=O)NC3CCCCC3,Dysphagia,1
metformin,4091,CN(C)C(=N)N=C(N)N,Mucosal erosion,1
canagliflozin,24812758,CC1=C(C=C(C=C1)C2C(C(C(C(O2)CO)O)O)O)CC3=CC=C(S3)C4=CC=C(C=C4)F,Hypernatraemia,1
repaglinide,65981,CCOC1=C(C=CC(=C1)CC(=O)NC(CC(C)C)C2=CC=CC=C2N3CCCCC3)C(=O)O,Cytomegalovirus infection,0
metformin,4091,CN(C)C(=N)N=C(N)N,Primary myelofibrosis,1
glipizide,3478,CC1=CN=C(C=N1)C(=O)NCCC2=CC=C(C=C2)S(=O)(=O)NC(=O)NC3CCCCC3,Seborrhoea,0
sitagliptin,4369359,C1CN2C(=NN=C2C(F)(F)F)CN1C(=O)CC(CC3=CC(=C(C=C3F)F)F)N,Laboratory test abnormal,1
nateglinide,5311309,CC(C)C1CCC(CC1)C(=O)NC(CC2=CC=CC=C2)C(=O)O,White blood cells urine,0
metformin,4091,CN(C)C(=N)N=C(N)N,Suspected product contamination,1
empagliflozin,11949646,C1COCC1OC2=CC=C(C=C2)CC3=C(C=CC(=C3)C4C(C(C(C(O4)CO)O)O)O)Cl,Necrosis,0
metformin,4091,CN(C)C(=N)N=C(N)N,Maternal exposure during breast feeding,1
glyburide,3488,COC1=C(C=C(C=C1)Cl)C(=O)NCCC2=CC=C(C=C2)S(=O)(=O)NC(=O)NC3CCCCC3,Clostridium difficile colitis,0
glyburide,3488,COC1=C(C=C(C=C1)Cl)C(=O)NCCC2=CC=C(C=C2)S(=O)(=O)NC(=O)NC3CCCCC3,Injection site pain,0
canagliflozin,24812758,CC1=C(C=C(C=C1)C2C(C(C(C(O2)CO)O)O)O)CC3=CC=C(S3)C4=CC=C(C=C4)F,Subdural haematoma,1
glipizide,3478,CC1=CN=C(C=N1)C(=O)NCCC2=CC=C(C=C2)S(=O)(=O)NC(=O)NC3CCCCC3,Pain in extremity,1
rosiglitazone,77999,CN(CCOC1=CC=C(C=C1)CC2C(=O)NC(=O)S2)C3=CC=CC=N3,Dyspnoea exertional,0
metformin,4091,CN(C)C(=N)N=C(N)N,Malignant neoplasm of thymus,1
glipizide,3478,CC1=CN=C(C=N1)C(=O)NCCC2=CC=C(C=C2)S(=O)(=O)NC(=O)NC3CCCCC3,Apraxia,0
nateglinide,5311309,CC(C)C1CCC(CC1)C(=O)NC(CC2=CC=CC=C2)C(=O)O,Tenderness,0
pioglitazone,4829,CCC1=CN=C(C=C1)CCOC2=CC=C(C=C2)CC3C(=O)NC(=O)S3,Pseudomembranous colitis,0
dapagliflozin,9887712,CCOC1=CC=C(C=C1)CC2=C(C=CC(=C2)C3C(C(C(C(O3)CO)O)O)O)Cl,Ventricular arrhythmia,1
sitagliptin,4369359,C1CN2C(=NN=C2C(F)(F)F)CN1C(=O)CC(CC3=CC(=C(C=C3F)F)F)N,Cardiovascular disorder,0
glipizide,3478,CC1=CN=C(C=N1)C(=O)NCCC2=CC=C(C=C2)S(=O)(=O)NC(=O)NC3CCCCC3,Musculoskeletal pain,1
acarbose,9811704,CC1C(C(C(C(O1)OC2C(OC(C(C2O)O)OC(C(CO)O)C(C(C=O)O)O)CO)O)O)NC3C=C(C(C(C3O)O)O)CO,Scar,0
pioglitazone,4829,CCC1=CN=C(C=C1)CCOC2=CC=C(C=C2)CC3C(=O)NC(=O)S3,Polymenorrhoea,0
pioglitazone,4829,CCC1=CN=C(C=C1)CCOC2=CC=C(C=C2)CC3C(=O)NC(=O)S3,Fluid retention,1
linagliptin,10096344,CC#CCN1C2=C(N=C1N3CCCC(C3)N)N(C(=O)N(C2=O)CC4=NC5=CC=CC=C5C(=N4)C)C,Anticonvulsant drug level decreased,0
glipizide,3478,CC1=CN=C(C=N1)C(=O)NCCC2=CC=C(C=C2)S(=O)(=O)NC(=O)NC3CCCCC3,Agnosia,0
metformin,4091,CN(C)C(=N)N=C(N)N,Weight decreased,1
pioglitazone,4829,CCC1=CN=C(C=C1)CCOC2=CC=C(C=C2)CC3C(=O)NC(=O)S3,Skin fissures,1
metformin,4091,CN(C)C(=N)N=C(N)N,Wound drainage,1
glimepiride,3476,CCC1=C(CN(C1=O)C(=O)NCCC2=CC=C(C=C2)S(=O)(=O)NC(=O)NC3CCC(CC3)C)C,Rhinitis allergic,0
metformin,4091,CN(C)C(=N)N=C(N)N,Prolonged expiration,1
metformin,4091,CN(C)C(=N)N=C(N)N,Thrombophlebitis superficial,1
glimepiride,3476,CCC1=C(CN(C1=O)C(=O)NCCC2=CC=C(C=C2)S(=O)(=O)NC(=O)NC3CCC(CC3)C)C,Blood corticotrophin increased,0
canagliflozin,24812758,CC1=C(C=C(C=C1)C2C(C(C(C(O2)CO)O)O)O)CC3=CC=C(S3)C4=CC=C(C=C4)F,Delirium,1
sitagliptin,4369359,C1CN2C(=NN=C2C(F)(F)F)CN1C(=O)CC(CC3=CC(=C(C=C3F)F)F)N,Onychomadesis,0
rosiglitazone,77999,CN(CCOC1=CC=C(C=C1)CC2C(=O)NC(=O)S2)C3=CC=CC=N3,Genital erythema,0
pioglitazone,4829,CCC1=CN=C(C=C1)CCOC2=CC=C(C=C2)CC3C(=O)NC(=O)S3,Feeling cold,0
glimepiride,3476,CCC1=C(CN(C1=O)C(=O)NCCC2=CC=C(C=C2)S(=O)(=O)NC(=O)NC3CCC(CC3)C)C,Hypocapnia,0
repaglinide,65981,CCOC1=C(C=CC(=C1)CC(=O)NC(CC(C)C)C2=CC=CC=C2N3CCCCC3)C(=O)O,Dizziness,1
repaglinide,65981,CCOC1=C(C=CC(=C1)CC(=O)NC(CC(C)C)C2=CC=CC=C2N3CCCCC3)C(=O)O,Urine uric acid increased,0
metformin,4091,CN(C)C(=N)N=C(N)N,Ankle deformity,0
linagliptin,10096344,CC#CCN1C2=C(N=C1N3CCCC(C3)N)N(C(=O)N(C2=O)CC4=NC5=CC=CC=C5C(=N4)C)C,Cerebellar infarction,0
canagliflozin,24812758,CC1=C(C=C(C=C1)C2C(C(C(C(O2)CO)O)O)O)CC3=CC=C(S3)C4=CC=C(C=C4)F,Oesophagitis,0
empagliflozin,11949646,C1COCC1OC2=CC=C(C=C2)CC3=C(C=CC(=C3)C4C(C(C(C(O4)CO)O)O)O)Cl,Hepatic mass,0
pioglitazone,4829,CCC1=CN=C(C=C1)CCOC2=CC=C(C=C2)CC3C(=O)NC(=O)S3,Enterocolitis bacterial,1
rosiglitazone,77999,CN(CCOC1=CC=C(C=C1)CC2C(=O)NC(=O)S2)C3=CC=CC=N3,Foreign body aspiration,0
metformin,4091,CN(C)C(=N)N=C(N)N,Food intolerance,1
metformin,4091,CN(C)C(=N)N=C(N)N,Iron deficiency,1
metformin,4091,CN(C)C(=N)N=C(N)N,Hyperkalaemia,1
glimepiride,3476,CCC1=C(CN(C1=O)C(=O)NCCC2=CC=C(C=C2)S(=O)(=O)NC(=O)NC3CCC(CC3)C)C,Candida sepsis,0
pioglitazone,4829,CCC1=CN=C(C=C1)CCOC2=CC=C(C=C2)CC3C(=O)NC(=O)S3,Enterocolitis,0
metformin,4091,CN(C)C(=N)N=C(N)N,Road traffic accident,1
linagliptin,10096344,CC#CCN1C2=C(N=C1N3CCCC(C3)N)N(C(=O)N(C2=O)CC4=NC5=CC=CC=C5C(=N4)C)C,Mental status changes,0
canagliflozin,24812758,CC1=C(C=C(C=C1)C2C(C(C(C(O2)CO)O)O)O)CC3=CC=C(S3)C4=CC=C(C=C4)F,Prostatic operation,1
dapagliflozin,9887712,CCOC1=CC=C(C=C1)CC2=C(C=CC(=C2)C3C(C(C(C(O3)CO)O)O)O)Cl,Foetal death,0
metformin,4091,CN(C)C(=N)N=C(N)N,Intensive care,1
canagliflozin,24812758,CC1=C(C=C(C=C1)C2C(C(C(C(O2)CO)O)O)O)CC3=CC=C(S3)C4=CC=C(C=C4)F,Renal tubular necrosis,0
glimepiride,3476,CCC1=C(CN(C1=O)C(=O)NCCC2=CC=C(C=C2)S(=O)(=O)NC(=O)NC3CCC(CC3)C)C,Tongue blistering,0
empagliflozin,11949646,C1COCC1OC2=CC=C(C=C2)CC3=C(C=CC(=C3)C4C(C(C(C(O4)CO)O)O)O)Cl,Seizure,1
dapagliflozin,9887712,CCOC1=CC=C(C=C1)CC2=C(C=CC(=C2)C3C(C(C(C(O3)CO)O)O)O)Cl,Vascular stent thrombosis,1
metformin,4091,CN(C)C(=N)N=C(N)N,Urine output increased,1
glimepiride,3476,CCC1=C(CN(C1=O)C(=O)NCCC2=CC=C(C=C2)S(=O)(=O)NC(=O)NC3CCC(CC3)C)C,Monoparesis,0
metformin,4091,CN(C)C(=N)N=C(N)N,Tongue neoplasm,1
empagliflozin,11949646,C1COCC1OC2=CC=C(C=C2)CC3=C(C=CC(=C3)C4C(C(C(C(O4)CO)O)O)O)Cl,Blood creatinine increased,1
pioglitazone,4829,CCC1=CN=C(C=C1)CCOC2=CC=C(C=C2)CC3C(=O)NC(=O)S3,Fear of disease,1
canagliflozin,24812758,CC1=C(C=C(C=C1)C2C(C(C(C(O2)CO)O)O)O)CC3=CC=C(S3)C4=CC=C(C=C4)F,Oral papilloma,0
metformin,4091,CN(C)C(=N)N=C(N)N,Bacterial test positive,1
pioglitazone,4829,CCC1=CN=C(C=C1)CCOC2=CC=C(C=C2)CC3C(=O)NC(=O)S3,Urinary hesitation,0
acarbose,9811704,CC1C(C(C(C(O1)OC2C(OC(C(C2O)O)OC(C(CO)O)C(C(C=O)O)O)CO)O)O)NC3C=C(C(C(C3O)O)O)CO,Bradyphrenia,0
glipizide,3478,CC1=CN=C(C=N1)C(=O)NCCC2=CC=C(C=C2)S(=O)(=O)NC(=O)NC3CCCCC3,Cardiac failure congestive,1
acarbose,9811704,CC1C(C(C(C(O1)OC2C(OC(C(C2O)O)OC(C(CO)O)C(C(C=O)O)O)CO)O)O)NC3C=C(C(C(C3O)O)O)CO,Arrhythmia,0
metformin,4091,CN(C)C(=N)N=C(N)N,Calculus bladder,1
glimepiride,3476,CCC1=C(CN(C1=O)C(=O)NCCC2=CC=C(C=C2)S(=O)(=O)NC(=O)NC3CCC(CC3)C)C,Intestinal ischaemia,0
metformin,4091,CN(C)C(=N)N=C(N)N,Hypernatraemia,1
empagliflozin,11949646,C1COCC1OC2=CC=C(C=C2)CC3=C(C=CC(=C3)C4C(C(C(C(O4)CO)O)O)O)Cl,Hypotension,1
pioglitazone,4829,CCC1=CN=C(C=C1)CCOC2=CC=C(C=C2)CC3C(=O)NC(=O)S3,Anal fistula,0
metformin,4091,CN(C)C(=N)N=C(N)N,Hyperlipasaemia,1
empagliflozin,11949646,C1COCC1OC2=CC=C(C=C2)CC3=C(C=CC(=C3)C4C(C(C(C(O4)CO)O)O)O)Cl,Gastroenteritis,1
pioglitazone,4829,CCC1=CN=C(C=C1)CCOC2=CC=C(C=C2)CC3C(=O)NC(=O)S3,Cardiac failure acute,1
glipizide,3478,CC1=CN=C(C=N1)C(=O)NCCC2=CC=C(C=C2)S(=O)(=O)NC(=O)NC3CCCCC3,Foetal heart rate deceleration abnormality,0
glimepiride,3476,CCC1=C(CN(C1=O)C(=O)NCCC2=CC=C(C=C2)S(=O)(=O)NC(=O)NC3CCC(CC3)C)C,Oedema,1
sitagliptin,4369359,C1CN2C(=NN=C2C(F)(F)F)CN1C(=O)CC(CC3=CC(=C(C=C3F)F)F)N,Appendix cancer,0
acarbose,9811704,CC1C(C(C(C(O1)OC2C(OC(C(C2O)O)OC(C(CO)O)C(C(C=O)O)O)CO)O)O)NC3C=C(C(C(C3O)O)O)CO,Carotid arteriosclerosis,0
glimepiride,3476,CCC1=C(CN(C1=O)C(=O)NCCC2=CC=C(C=C2)S(=O)(=O)NC(=O)NC3CCC(CC3)C)C,Hypoglycaemic encephalopathy,1
pioglitazone,4829,CCC1=CN=C(C=C1)CCOC2=CC=C(C=C2)CC3C(=O)NC(=O)S3,Face oedema,1
repaglinide,65981,CCOC1=C(C=CC(=C1)CC(=O)NC(CC(C)C)C2=CC=CC=C2N3CCCCC3)C(=O)O,Rhinitis,0
nateglinide,5311309,CC(C)C1CCC(CC1)C(=O)NC(CC2=CC=CC=C2)C(=O)O,Metastases to spine,0
metformin,4091,CN(C)C(=N)N=C(N)N,Sarcopenia,1
dapagliflozin,9887712,CCOC1=CC=C(C=C1)CC2=C(C=CC(=C2)C3C(C(C(C(O3)CO)O)O)O)Cl,Uterine dehiscence,0
metformin,4091,CN(C)C(=N)N=C(N)N,Hypoaesthesia oral,1
acarbose,9811704,CC1C(C(C(C(O1)OC2C(OC(C(C2O)O)OC(C(CO)O)C(C(C=O)O)O)CO)O)O)NC3C=C(C(C(C3O)O)O)CO,Pyrexia,0
rosiglitazone,77999,CN(CCOC1=CC=C(C=C1)CC2C(=O)NC(=O)S2)C3=CC=CC=N3,Miosis,0
saxagliptin,11243969,C1C2CC2N(C1C#N)C(=O)C(C34CC5CC(C3)CC(C5)(C4)O)N,Necrotising myositis,0
metformin,4091,CN(C)C(=N)N=C(N)N,Bacterial infection,1
glimepiride,3476,CCC1=C(CN(C1=O)C(=O)NCCC2=CC=C(C=C2)S(=O)(=O)NC(=O)NC3CCC(CC3)C)C,Drug hypersensitivity,1
glimepiride,3476,CCC1=C(CN(C1=O)C(=O)NCCC2=CC=C(C=C2)S(=O)(=O)NC(=O)NC3CCC(CC3)C)C,Endometriosis,0
rosiglitazone,77999,CN(CCOC1=CC=C(C=C1)CC2C(=O)NC(=O)S2)C3=CC=CC=N3,Tooth restoration,0
glipizide,3478,CC1=CN=C(C=N1)C(=O)NCCC2=CC=C(C=C2)S(=O)(=O)NC(=O)NC3CCCCC3,Axonal neuropathy,0
metformin,4091,CN(C)C(=N)N=C(N)N,Type V hyperlipidaemia,0
sitagliptin,4369359,C1CN2C(=NN=C2C(F)(F)F)CN1C(=O)CC(CC3=CC(=C(C=C3F)F)F)N,Congenital musculoskeletal disorder of limbs,0
metformin,4091,CN(C)C(=N)N=C(N)N,Contusion,1
metformin,4091,CN(C)C(=N)N=C(N)N,Angioplasty,1
glyburide,3488,COC1=C(C=C(C=C1)Cl)C(=O)NCCC2=CC=C(C=C2)S(=O)(=O)NC(=O)NC3CCCCC3,Urinary tract infection staphylococcal,0
nateglinide,5311309,CC(C)C1CCC(CC1)C(=O)NC(CC2=CC=CC=C2)C(=O)O,Aggression,0
glimepiride,3476,CCC1=C(CN(C1=O)C(=O)NCCC2=CC=C(C=C2)S(=O)(=O)NC(=O)NC3CCC(CC3)C)C,Unresponsive to stimuli,1
dapagliflozin,9887712,CCOC1=CC=C(C=C1)CC2=C(C=CC(=C2)C3C(C(C(C(O3)CO)O)O)O)Cl,Therapeutic product effect decreased,1
acarbose,9811704,CC1C(C(C(C(O1)OC2C(OC(C(C2O)O)OC(C(CO)O)C(C(C=O)O)O)CO)O)O)NC3C=C(C(C(C3O)O)O)CO,Developmental hip dysplasia,0
acarbose,9811704,CC1C(C(C(C(O1)OC2C(OC(C(C2O)O)OC(C(CO)O)C(C(C=O)O)O)CO)O)O)NC3C=C(C(C(C3O)O)O)CO,Gastrointestinal hypermotility,0
sitagliptin,4369359,C1CN2C(=NN=C2C(F)(F)F)CN1C(=O)CC(CC3=CC(=C(C=C3F)F)F)N,Fanconi syndrome acquired,0
metformin,4091,CN(C)C(=N)N=C(N)N,Varices oesophageal,1
metformin,4091,CN(C)C(=N)N=C(N)N,Confusional state,1
acarbose,9811704,CC1C(C(C(C(O1)OC2C(OC(C(C2O)O)OC(C(CO)O)C(C(C=O)O)O)CO)O)O)NC3C=C(C(C(C3O)O)O)CO,Hypoglycaemia neonatal,0
dapagliflozin,9887712,CCOC1=CC=C(C=C1)CC2=C(C=CC(=C2)C3C(C(C(C(O3)CO)O)O)O)Cl,Dyslipidaemia,1
metformin,4091,CN(C)C(=N)N=C(N)N,Myocardial infarction,1
empagliflozin,11949646,C1COCC1OC2=CC=C(C=C2)CC3=C(C=CC(=C3)C4C(C(C(C(O4)CO)O)O)O)Cl,Hip fracture,1
metformin,4091,CN(C)C(=N)N=C(N)N,Deafness bilateral,1
canagliflozin,24812758,CC1=C(C=C(C=C1)C2C(C(C(C(O2)CO)O)O)O)CC3=CC=C(S3)C4=CC=C(C=C4)F,Respiratory rate increased,1
canagliflozin,24812758,CC1=C(C=C(C=C1)C2C(C(C(C(O2)CO)O)O)O)CC3=CC=C(S3)C4=CC=C(C=C4)F,Platelet count decreased,1
glimepiride,3476,CCC1=C(CN(C1=O)C(=O)NCCC2=CC=C(C=C2)S(=O)(=O)NC(=O)NC3CCC(CC3)C)C,Disorientation,1
metformin,4091,CN(C)C(=N)N=C(N)N,Renal colic,1
metformin,4091,CN(C)C(=N)N=C(N)N,Neoplasm,1
metformin,4091,CN(C)C(=N)N=C(N)N,Weight abnormal,1
canagliflozin,24812758,CC1=C(C=C(C=C1)C2C(C(C(C(O2)CO)O)O)O)CC3=CC=C(S3)C4=CC=C(C=C4)F,Acute abdomen,0
dapagliflozin,9887712,CCOC1=CC=C(C=C1)CC2=C(C=CC(=C2)C3C(C(C(C(O3)CO)O)O)O)Cl,Foreign body in throat,0
metformin,4091,CN(C)C(=N)N=C(N)N,Exposure to SARS-CoV-2,1
metformin,4091,CN(C)C(=N)N=C(N)N,Drug effect less than expected,1
dapagliflozin,9887712,CCOC1=CC=C(C=C1)CC2=C(C=CC(=C2)C3C(C(C(C(O3)CO)O)O)O)Cl,Toe amputation,1
dapagliflozin,9887712,CCOC1=CC=C(C=C1)CC2=C(C=CC(=C2)C3C(C(C(C(O3)CO)O)O)O)Cl,Hyperlactacidaemia,0
sitagliptin,4369359,C1CN2C(=NN=C2C(F)(F)F)CN1C(=O)CC(CC3=CC(=C(C=C3F)F)F)N,Infrequent bowel movements,1
metformin,4091,CN(C)C(=N)N=C(N)N,Acute left ventricular failure,1
metformin,4091,CN(C)C(=N)N=C(N)N,Cardiac septal hypertrophy,1
canagliflozin,24812758,CC1=C(C=C(C=C1)C2C(C(C(C(O2)CO)O)O)O)CC3=CC=C(S3)C4=CC=C(C=C4)F,Pulmonary embolism,1
pioglitazone,4829,CCC1=CN=C(C=C1)CCOC2=CC=C(C=C2)CC3C(=O)NC(=O)S3,Retroperitonitis,0
rosiglitazone,77999,CN(CCOC1=CC=C(C=C1)CC2C(=O)NC(=O)S2)C3=CC=CC=N3,White blood cell disorder,0
metformin,4091,CN(C)C(=N)N=C(N)N,Coma scale abnormal,1
metformin,4091,CN(C)C(=N)N=C(N)N,Onychoclasis,1
metformin,4091,CN(C)C(=N)N=C(N)N,Gastrointestinal haemorrhage,1
metformin,4091,CN(C)C(=N)N=C(N)N,Adverse drug reaction,1
empagliflozin,11949646,C1COCC1OC2=CC=C(C=C2)CC3=C(C=CC(=C3)C4C(C(C(C(O4)CO)O)O)O)Cl,Bacteraemia,1
glyburide,3488,COC1=C(C=C(C=C1)Cl)C(=O)NCCC2=CC=C(C=C2)S(=O)(=O)NC(=O)NC3CCCCC3,Blood pressure decreased,0
empagliflozin,11949646,C1COCC1OC2=CC=C(C=C2)CC3=C(C=CC(=C3)C4C(C(C(C(O4)CO)O)O)O)Cl,Periarthritis,1
empagliflozin,11949646,C1COCC1OC2=CC=C(C=C2)CC3=C(C=CC(=C3)C4C(C(C(C(O4)CO)O)O)O)Cl,Streptococcal sepsis,0
glyburide,3488,COC1=C(C=C(C=C1)Cl)C(=O)NCCC2=CC=C(C=C2)S(=O)(=O)NC(=O)NC3CCCCC3,Hypoglycaemia,1
dapagliflozin,9887712,CCOC1=CC=C(C=C1)CC2=C(C=CC(=C2)C3C(C(C(C(O3)CO)O)O)O)Cl,Carotid arteriosclerosis,1
glimepiride,3476,CCC1=C(CN(C1=O)C(=O)NCCC2=CC=C(C=C2)S(=O)(=O)NC(=O)NC3CCC(CC3)C)C,Malabsorption,0
repaglinide,65981,CCOC1=C(C=CC(=C1)CC(=O)NC(CC(C)C)C2=CC=CC=C2N3CCCCC3)C(=O)O,Transcription medication error,0
canagliflozin,24812758,CC1=C(C=C(C=C1)C2C(C(C(C(O2)CO)O)O)O)CC3=CC=C(S3)C4=CC=C(C=C4)F,Product label confusion,0
metformin,4091,CN(C)C(=N)N=C(N)N,Liver abscess,1
nateglinide,5311309,CC(C)C1CCC(CC1)C(=O)NC(CC2=CC=CC=C2)C(=O)O,Malignant neoplasm of spinal cord,0
glipizide,3478,CC1=CN=C(C=N1)C(=O)NCCC2=CC=C(C=C2)S(=O)(=O)NC(=O)NC3CCCCC3,Lacunar infarction,0
empagliflozin,11949646,C1COCC1OC2=CC=C(C=C2)CC3=C(C=CC(=C3)C4C(C(C(C(O4)CO)O)O)O)Cl,Coronary artery stenosis,1
glimepiride,3476,CCC1=C(CN(C1=O)C(=O)NCCC2=CC=C(C=C2)S(=O)(=O)NC(=O)NC3CCC(CC3)C)C,Urine odour abnormal,1
empagliflozin,11949646,C1COCC1OC2=CC=C(C=C2)CC3=C(C=CC(=C3)C4C(C(C(C(O4)CO)O)O)O)Cl,Poor quality sleep,0
metformin,4091,CN(C)C(=N)N=C(N)N,Diabetic nephropathy,1
metformin,4091,CN(C)C(=N)N=C(N)N,Appendix cancer,1
dapagliflozin,9887712,CCOC1=CC=C(C=C1)CC2=C(C=CC(=C2)C3C(C(C(C(O3)CO)O)O)O)Cl,Feeling hot,1
nateglinide,5311309,CC(C)C1CCC(CC1)C(=O)NC(CC2=CC=CC=C2)C(=O)O,Multiple organ dysfunction syndrome,0
canagliflozin,24812758,CC1=C(C=C(C=C1)C2C(C(C(C(O2)CO)O)O)O)CC3=CC=C(S3)C4=CC=C(C=C4)F,Haematocrit increased,1
linagliptin,10096344,CC#CCN1C2=C(N=C1N3CCCC(C3)N)N(C(=O)N(C2=O)CC4=NC5=CC=CC=C5C(=N4)C)C,Glucose-6-phosphate dehydrogenase deficiency,0
linagliptin,10096344,CC#CCN1C2=C(N=C1N3CCCC(C3)N)N(C(=O)N(C2=O)CC4=NC5=CC=CC=C5C(=N4)C)C,Compression fracture,0
metformin,4091,CN(C)C(=N)N=C(N)N,Intestinal perforation,1
sitagliptin,4369359,C1CN2C(=NN=C2C(F)(F)F)CN1C(=O)CC(CC3=CC(=C(C=C3F)F)F)N,Skin erosion,1
metformin,4091,CN(C)C(=N)N=C(N)N,Stevens-Johnson syndrome,1
dapagliflozin,9887712,CCOC1=CC=C(C=C1)CC2=C(C=CC(=C2)C3C(C(C(C(O3)CO)O)O)O)Cl,Acute myocardial infarction,1
metformin,4091,CN(C)C(=N)N=C(N)N,Drug-disease interaction,1
metformin,4091,CN(C)C(=N)N=C(N)N,Debridement,1
metformin,4091,CN(C)C(=N)N=C(N)N,Glomerulonephritis rapidly progressive,1
pioglitazone,4829,CCC1=CN=C(C=C1)CCOC2=CC=C(C=C2)CC3C(=O)NC(=O)S3,Weight increased,1
pioglitazone,4829,CCC1=CN=C(C=C1)CCOC2=CC=C(C=C2)CC3C(=O)NC(=O)S3,Thrombotic microangiopathy,0
sitagliptin,4369359,C1CN2C(=NN=C2C(F)(F)F)CN1C(=O)CC(CC3=CC(=C(C=C3F)F)F)N,Ketoacidosis,1
pioglitazone,4829,CCC1=CN=C(C=C1)CCOC2=CC=C(C=C2)CC3C(=O)NC(=O)S3,Pancreatic disorder,0
dapagliflozin,9887712,CCOC1=CC=C(C=C1)CC2=C(C=CC(=C2)C3C(C(C(C(O3)CO)O)O)O)Cl,Penile erythema,0
glipizide,3478,CC1=CN=C(C=N1)C(=O)NCCC2=CC=C(C=C2)S(=O)(=O)NC(=O)NC3CCCCC3,Psychomotor hyperactivity,0
glimepiride,3476,CCC1=C(CN(C1=O)C(=O)NCCC2=CC=C(C=C2)S(=O)(=O)NC(=O)NC3CCC(CC3)C)C,Melanocytic naevus,0
pioglitazone,4829,CCC1=CN=C(C=C1)CCOC2=CC=C(C=C2)CC3C(=O)NC(=O)S3,Fracture,1
metformin,4091,CN(C)C(=N)N=C(N)N,Secondary adrenocortical insufficiency,1
canagliflozin,24812758,CC1=C(C=C(C=C1)C2C(C(C(C(O2)CO)O)O)O)CC3=CC=C(S3)C4=CC=C(C=C4)F,Anaphylactic reaction,1
acarbose,9811704,CC1C(C(C(C(O1)OC2C(OC(C(C2O)O)OC(C(CO)O)C(C(C=O)O)O)CO)O)O)NC3C=C(C(C(C3O)O)O)CO,Gastrooesophageal sphincter insufficiency,0
metformin,4091,CN(C)C(=N)N=C(N)N,Myalgia,1
repaglinide,65981,CCOC1=C(C=CC(=C1)CC(=O)NC(CC(C)C)C2=CC=CC=C2N3CCCCC3)C(=O)O,Eye haemorrhage,0
acarbose,9811704,CC1C(C(C(C(O1)OC2C(OC(C(C2O)O)OC(C(CO)O)C(C(C=O)O)O)CO)O)O)NC3C=C(C(C(C3O)O)O)CO,Nephritis allergic,0
acarbose,9811704,CC1C(C(C(C(O1)OC2C(OC(C(C2O)O)OC(C(CO)O)C(C(C=O)O)O)CO)O)O)NC3C=C(C(C(C3O)O)O)CO,Skin disorder,0
glimepiride,3476,CCC1=C(CN(C1=O)C(=O)NCCC2=CC=C(C=C2)S(=O)(=O)NC(=O)NC3CCC(CC3)C)C,Pyrexia,1
repaglinide,65981,CCOC1=C(C=CC(=C1)CC(=O)NC(CC(C)C)C2=CC=CC=C2N3CCCCC3)C(=O)O,Neuritis,0
glipizide,3478,CC1=CN=C(C=N1)C(=O)NCCC2=CC=C(C=C2)S(=O)(=O)NC(=O)NC3CCCCC3,Cholelithiasis,0
acarbose,9811704,CC1C(C(C(C(O1)OC2C(OC(C(C2O)O)OC(C(CO)O)C(C(C=O)O)O)CO)O)O)NC3C=C(C(C(C3O)O)O)CO,Vomiting,0
metformin,4091,CN(C)C(=N)N=C(N)N,Hypoaesthesia,1
repaglinide,65981,CCOC1=C(C=CC(=C1)CC(=O)NC(CC(C)C)C2=CC=CC=C2N3CCCCC3)C(=O)O,Soft tissue injury,0
metformin,4091,CN(C)C(=N)N=C(N)N,Vitreous detachment,1
empagliflozin,11949646,C1COCC1OC2=CC=C(C=C2)CC3=C(C=CC(=C3)C4C(C(C(C(O4)CO)O)O)O)Cl,Spondylolysis,0
sitagliptin,4369359,C1CN2C(=NN=C2C(F)(F)F)CN1C(=O)CC(CC3=CC(=C(C=C3F)F)F)N,Tracheobronchitis,0
linagliptin,10096344,CC#CCN1C2=C(N=C1N3CCCC(C3)N)N(C(=O)N(C2=O)CC4=NC5=CC=CC=C5C(=N4)C)C,Lipodystrophy acquired,0
dapagliflozin,9887712,CCOC1=CC=C(C=C1)CC2=C(C=CC(=C2)C3C(C(C(C(O3)CO)O)O)O)Cl,Immune-mediated neurological disorder,0
canagliflozin,24812758,CC1=C(C=C(C=C1)C2C(C(C(C(O2)CO)O)O)O)CC3=CC=C(S3)C4=CC=C(C=C4)F,Eye infection fungal,0
glimepiride,3476,CCC1=C(CN(C1=O)C(=O)NCCC2=CC=C(C=C2)S(=O)(=O)NC(=O)NC3CCC(CC3)C)C,Dizziness,1
metformin,4091,CN(C)C(=N)N=C(N)N,Abdominal tenderness,1
sitagliptin,4369359,C1CN2C(=NN=C2C(F)(F)F)CN1C(=O)CC(CC3=CC(=C(C=C3F)F)F)N,Sudden death,1
empagliflozin,11949646,C1COCC1OC2=CC=C(C=C2)CC3=C(C=CC(=C3)C4C(C(C(C(O4)CO)O)O)O)Cl,Product coating issue,0
nateglinide,5311309,CC(C)C1CCC(CC1)C(=O)NC(CC2=CC=CC=C2)C(=O)O,Evidence based treatment,0
canagliflozin,24812758,CC1=C(C=C(C=C1)C2C(C(C(C(O2)CO)O)O)O)CC3=CC=C(S3)C4=CC=C(C=C4)F,Upper limb fracture,0
metformin,4091,CN(C)C(=N)N=C(N)N,Blood phosphorus decreased,1
metformin,4091,CN(C)C(=N)N=C(N)N,Pancreatic disorder,1
saxagliptin,11243969,C1C2CC2N(C1C#N)C(=O)C(C34CC5CC(C3)CC(C5)(C4)O)N,Electrocardiogram QT prolonged,0
empagliflozin,11949646,C1COCC1OC2=CC=C(C=C2)CC3=C(C=CC(=C3)C4C(C(C(C(O4)CO)O)O)O)Cl,Anaemia megaloblastic,0
canagliflozin,24812758,CC1=C(C=C(C=C1)C2C(C(C(C(O2)CO)O)O)O)CC3=CC=C(S3)C4=CC=C(C=C4)F,Gastrointestinal wall thickening,0
nateglinide,5311309,CC(C)C1CCC(CC1)C(=O)NC(CC2=CC=CC=C2)C(=O)O,Laryngospasm,0
sitagliptin,4369359,C1CN2C(=NN=C2C(F)(F)F)CN1C(=O)CC(CC3=CC(=C(C=C3F)F)F)N,Ankle deformity,0
metformin,4091,CN(C)C(=N)N=C(N)N,Squamous cell carcinoma of the tongue,1
metformin,4091,CN(C)C(=N)N=C(N)N,Mycobacterium tuberculosis complex test positive,1
metformin,4091,CN(C)C(=N)N=C(N)N,Vasoplegia syndrome,1
canagliflozin,24812758,CC1=C(C=C(C=C1)C2C(C(C(C(O2)CO)O)O)O)CC3=CC=C(S3)C4=CC=C(C=C4)F,Acid base balance abnormal,0
sitagliptin,4369359,C1CN2C(=NN=C2C(F)(F)F)CN1C(=O)CC(CC3=CC(=C(C=C3F)F)F)N,Glycogen storage disorder,0
pioglitazone,4829,CCC1=CN=C(C=C1)CCOC2=CC=C(C=C2)CC3C(=O)NC(=O)S3,Cerebral disorder,0
glipizide,3478,CC1=CN=C(C=N1)C(=O)NCCC2=CC=C(C=C2)S(=O)(=O)NC(=O)NC3CCCCC3,Lactate pyruvate ratio increased,0
glipizide,3478,CC1=CN=C(C=N1)C(=O)NCCC2=CC=C(C=C2)S(=O)(=O)NC(=O)NC3CCCCC3,Acid-base balance disorder mixed,0
metformin,4091,CN(C)C(=N)N=C(N)N,Periarthritis,0
linagliptin,10096344,CC#CCN1C2=C(N=C1N3CCCC(C3)N)N(C(=O)N(C2=O)CC4=NC5=CC=CC=C5C(=N4)C)C,Metabolic disorder,0
metformin,4091,CN(C)C(=N)N=C(N)N,Photosensitivity reaction,1
sitagliptin,4369359,C1CN2C(=NN=C2C(F)(F)F)CN1C(=O)CC(CC3=CC(=C(C=C3F)F)F)N,Mechanical ileus,0
metformin,4091,CN(C)C(=N)N=C(N)N,Fear of injection,1
glipizide,3478,CC1=CN=C(C=N1)C(=O)NCCC2=CC=C(C=C2)S(=O)(=O)NC(=O)NC3CCCCC3,Psoriasis,1
linagliptin,10096344,CC#CCN1C2=C(N=C1N3CCCC(C3)N)N(C(=O)N(C2=O)CC4=NC5=CC=CC=C5C(=N4)C)C,Hypovitaminosis,0
glipizide,3478,CC1=CN=C(C=N1)C(=O)NCCC2=CC=C(C=C2)S(=O)(=O)NC(=O)NC3CCCCC3,Pleural effusion,0
dapagliflozin,9887712,CCOC1=CC=C(C=C1)CC2=C(C=CC(=C2)C3C(C(C(C(O3)CO)O)O)O)Cl,Rectal cancer metastatic,0
glipizide,3478,CC1=CN=C(C=N1)C(=O)NCCC2=CC=C(C=C2)S(=O)(=O)NC(=O)NC3CCCCC3,Heart rate decreased,1
empagliflozin,11949646,C1COCC1OC2=CC=C(C=C2)CC3=C(C=CC(=C3)C4C(C(C(C(O4)CO)O)O)O)Cl,Blood urea increased,1
glipizide,3478,CC1=CN=C(C=N1)C(=O)NCCC2=CC=C(C=C2)S(=O)(=O)NC(=O)NC3CCCCC3,Immune system disorder,0
pioglitazone,4829,CCC1=CN=C(C=C1)CCOC2=CC=C(C=C2)CC3C(=O)NC(=O)S3,Hypophosphataemic osteomalacia,0
glyburide,3488,COC1=C(C=C(C=C1)Cl)C(=O)NCCC2=CC=C(C=C2)S(=O)(=O)NC(=O)NC3CCCCC3,Electrocardiogram T wave peaked,0
rosiglitazone,77999,CN(CCOC1=CC=C(C=C1)CC2C(=O)NC(=O)S2)C3=CC=CC=N3,Hypophosphataemia,0
metformin,4091,CN(C)C(=N)N=C(N)N,Anal atresia,1
acarbose,9811704,CC1C(C(C(C(O1)OC2C(OC(C(C2O)O)OC(C(CO)O)C(C(C=O)O)O)CO)O)O)NC3C=C(C(C(C3O)O)O)CO,Pain,1
pioglitazone,4829,CCC1=CN=C(C=C1)CCOC2=CC=C(C=C2)CC3C(=O)NC(=O)S3,Tuberculosis,0
repaglinide,65981,CCOC1=C(C=CC(=C1)CC(=O)NC(CC(C)C)C2=CC=CC=C2N3CCCCC3)C(=O)O,Gastrointestinal hypermotility,0
glimepiride,3476,CCC1=C(CN(C1=O)C(=O)NCCC2=CC=C(C=C2)S(=O)(=O)NC(=O)NC3CCC(CC3)C)C,Irritability,0
rosiglitazone,77999,CN(CCOC1=CC=C(C=C1)CC2C(=O)NC(=O)S2)C3=CC=CC=N3,Altered visual depth perception,0
sitagliptin,4369359,C1CN2C(=NN=C2C(F)(F)F)CN1C(=O)CC(CC3=CC(=C(C=C3F)F)F)N,Injection site mass,0
glipizide,3478,CC1=CN=C(C=N1)C(=O)NCCC2=CC=C(C=C2)S(=O)(=O)NC(=O)NC3CCCCC3,Product appearance confusion,1
rosiglitazone,77999,CN(CCOC1=CC=C(C=C1)CC2C(=O)NC(=O)S2)C3=CC=CC=N3,Electrocardiogram ambulatory abnormal,0
repaglinide,65981,CCOC1=C(C=CC(=C1)CC(=O)NC(CC(C)C)C2=CC=CC=C2N3CCCCC3)C(=O)O,Campylobacter gastroenteritis,0
metformin,4091,CN(C)C(=N)N=C(N)N,Pulmonary valve incompetence,1
metformin,4091,CN(C)C(=N)N=C(N)N,Ligament disorder,1
empagliflozin,11949646,C1COCC1OC2=CC=C(C=C2)CC3=C(C=CC(=C3)C4C(C(C(C(O4)CO)O)O)O)Cl,Coma,0
empagliflozin,11949646,C1COCC1OC2=CC=C(C=C2)CC3=C(C=CC(=C3)C4C(C(C(C(O4)CO)O)O)O)Cl,Facial spasm,0
metformin,4091,CN(C)C(=N)N=C(N)N,Electrocardiogram T wave inversion,1
sitagliptin,4369359,C1CN2C(=NN=C2C(F)(F)F)CN1C(=O)CC(CC3=CC(=C(C=C3F)F)F)N,Burkholderia pseudomallei infection,0
metformin,4091,CN(C)C(=N)N=C(N)N,Prostatic disorder,1
saxagliptin,11243969,C1C2CC2N(C1C#N)C(=O)C(C34CC5CC(C3)CC(C5)(C4)O)N,Pleural effusion,0
metformin,4091,CN(C)C(=N)N=C(N)N,Blood iron increased,1
metformin,4091,CN(C)C(=N)N=C(N)N,Antisocial behaviour,1
saxagliptin,11243969,C1C2CC2N(C1C#N)C(=O)C(C34CC5CC(C3)CC(C5)(C4)O)N,Blood bicarbonate decreased,0
empagliflozin,11949646,C1COCC1OC2=CC=C(C=C2)CC3=C(C=CC(=C3)C4C(C(C(C(O4)CO)O)O)O)Cl,Cholangitis acute,1
metformin,4091,CN(C)C(=N)N=C(N)N,Vulvovaginal discomfort,1
rosiglitazone,77999,CN(CCOC1=CC=C(C=C1)CC2C(=O)NC(=O)S2)C3=CC=CC=N3,Pancreatic carcinoma metastatic,0
dapagliflozin,9887712,CCOC1=CC=C(C=C1)CC2=C(C=CC(=C2)C3C(C(C(C(O3)CO)O)O)O)Cl,Low density lipoprotein abnormal,0
linagliptin,10096344,CC#CCN1C2=C(N=C1N3CCCC(C3)N)N(C(=O)N(C2=O)CC4=NC5=CC=CC=C5C(=N4)C)C,Gastrointestinal infection,0
empagliflozin,11949646,C1COCC1OC2=CC=C(C=C2)CC3=C(C=CC(=C3)C4C(C(C(C(O4)CO)O)O)O)Cl,Marasmus,0
repaglinide,65981,CCOC1=C(C=CC(=C1)CC(=O)NC(CC(C)C)C2=CC=CC=C2N3CCCCC3)C(=O)O,Coma,1
sitagliptin,4369359,C1CN2C(=NN=C2C(F)(F)F)CN1C(=O)CC(CC3=CC(=C(C=C3F)F)F)N,Acute respiratory failure,0
metformin,4091,CN(C)C(=N)N=C(N)N,Lymphocyte count decreased,1
empagliflozin,11949646,C1COCC1OC2=CC=C(C=C2)CC3=C(C=CC(=C3)C4C(C(C(C(O4)CO)O)O)O)Cl,Diabetic complication,1
empagliflozin,11949646,C1COCC1OC2=CC=C(C=C2)CC3=C(C=CC(=C3)C4C(C(C(C(O4)CO)O)O)O)Cl,Osteomyelitis,1
glimepiride,3476,CCC1=C(CN(C1=O)C(=O)NCCC2=CC=C(C=C2)S(=O)(=O)NC(=O)NC3CCC(CC3)C)C,Prerenal failure,1
empagliflozin,11949646,C1COCC1OC2=CC=C(C=C2)CC3=C(C=CC(=C3)C4C(C(C(C(O4)CO)O)O)O)Cl,Gastrointestinal wall thickening,0
metformin,4091,CN(C)C(=N)N=C(N)N,Major depression,1
acarbose,9811704,CC1C(C(C(C(O1)OC2C(OC(C(C2O)O)OC(C(CO)O)C(C(C=O)O)O)CO)O)O)NC3C=C(C(C(C3O)O)O)CO,Gastrointestinal bacterial infection,0
sitagliptin,4369359,C1CN2C(=NN=C2C(F)(F)F)CN1C(=O)CC(CC3=CC(=C(C=C3F)F)F)N,Blood bicarbonate decreased,0
sitagliptin,4369359,C1CN2C(=NN=C2C(F)(F)F)CN1C(=O)CC(CC3=CC(=C(C=C3F)F)F)N,Ventricular enlargement,0
glipizide,3478,CC1=CN=C(C=N1)C(=O)NCCC2=CC=C(C=C2)S(=O)(=O)NC(=O)NC3CCCCC3,Respiratory alkalosis,0
dapagliflozin,9887712,CCOC1=CC=C(C=C1)CC2=C(C=CC(=C2)C3C(C(C(C(O3)CO)O)O)O)Cl,Lip swelling,1
glimepiride,3476,CCC1=C(CN(C1=O)C(=O)NCCC2=CC=C(C=C2)S(=O)(=O)NC(=O)NC3CCC(CC3)C)C,Myalgia,1
metformin,4091,CN(C)C(=N)N=C(N)N,Mucosal haemorrhage,1
pioglitazone,4829,CCC1=CN=C(C=C1)CCOC2=CC=C(C=C2)CC3C(=O)NC(=O)S3,Oliguria,1
pioglitazone,4829,CCC1=CN=C(C=C1)CCOC2=CC=C(C=C2)CC3C(=O)NC(=O)S3,Blood creatine phosphokinase increased,1
repaglinide,65981,CCOC1=C(C=CC(=C1)CC(=O)NC(CC(C)C)C2=CC=CC=C2N3CCCCC3)C(=O)O,Migraine with aura,0
sitagliptin,4369359,C1CN2C(=NN=C2C(F)(F)F)CN1C(=O)CC(CC3=CC(=C(C=C3F)F)F)N,Cholecystitis acute,1
glyburide,3488,COC1=C(C=C(C=C1)Cl)C(=O)NCCC2=CC=C(C=C2)S(=O)(=O)NC(=O)NC3CCCCC3,Pancreatitis necrotising,0
saxagliptin,11243969,C1C2CC2N(C1C#N)C(=O)C(C34CC5CC(C3)CC(C5)(C4)O)N,Peroneal nerve palsy,0
glimepiride,3476,CCC1=C(CN(C1=O)C(=O)NCCC2=CC=C(C=C2)S(=O)(=O)NC(=O)NC3CCC(CC3)C)C,Urine abnormality,0
dapagliflozin,9887712,CCOC1=CC=C(C=C1)CC2=C(C=CC(=C2)C3C(C(C(C(O3)CO)O)O)O)Cl,Pseudomembranous colitis,0
saxagliptin,11243969,C1C2CC2N(C1C#N)C(=O)C(C34CC5CC(C3)CC(C5)(C4)O)N,Suicidal ideation,0
metformin,4091,CN(C)C(=N)N=C(N)N,Dry eye,1
saxagliptin,11243969,C1C2CC2N(C1C#N)C(=O)C(C34CC5CC(C3)CC(C5)(C4)O)N,Serum ferritin abnormal,0
nateglinide,5311309,CC(C)C1CCC(CC1)C(=O)NC(CC2=CC=CC=C2)C(=O)O,Blindness unilateral,0
metformin,4091,CN(C)C(=N)N=C(N)N,Miosis,1
glipizide,3478,CC1=CN=C(C=N1)C(=O)NCCC2=CC=C(C=C2)S(=O)(=O)NC(=O)NC3CCCCC3,Middle insomnia,0
empagliflozin,11949646,C1COCC1OC2=CC=C(C=C2)CC3=C(C=CC(=C3)C4C(C(C(C(O4)CO)O)O)O)Cl,Arthropod sting,0
nateglinide,5311309,CC(C)C1CCC(CC1)C(=O)NC(CC2=CC=CC=C2)C(=O)O,Vitreous floaters,0
dapagliflozin,9887712,CCOC1=CC=C(C=C1)CC2=C(C=CC(=C2)C3C(C(C(C(O3)CO)O)O)O)Cl,Metabolic encephalopathy,0
canagliflozin,24812758,CC1=C(C=C(C=C1)C2C(C(C(C(O2)CO)O)O)O)CC3=CC=C(S3)C4=CC=C(C=C4)F,Septic pulmonary embolism,0
glimepiride,3476,CCC1=C(CN(C1=O)C(=O)NCCC2=CC=C(C=C2)S(=O)(=O)NC(=O)NC3CCC(CC3)C)C,Adverse drug reaction,1
canagliflozin,24812758,CC1=C(C=C(C=C1)C2C(C(C(C(O2)CO)O)O)O)CC3=CC=C(S3)C4=CC=C(C=C4)F,Circumstance or information capable of leading to medication error,0
canagliflozin,24812758,CC1=C(C=C(C=C1)C2C(C(C(C(O2)CO)O)O)O)CC3=CC=C(S3)C4=CC=C(C=C4)F,Rhinitis allergic,1
metformin,4091,CN(C)C(=N)N=C(N)N,Anal incontinence,1
linagliptin,10096344,CC#CCN1C2=C(N=C1N3CCCC(C3)N)N(C(=O)N(C2=O)CC4=NC5=CC=CC=C5C(=N4)C)C,Chronic sinusitis,0
saxagliptin,11243969,C1C2CC2N(C1C#N)C(=O)C(C34CC5CC(C3)CC(C5)(C4)O)N,Collagen disorder,0
glyburide,3488,COC1=C(C=C(C=C1)Cl)C(=O)NCCC2=CC=C(C=C2)S(=O)(=O)NC(=O)NC3CCCCC3,Electrocardiogram ST segment elevation,0
metformin,4091,CN(C)C(=N)N=C(N)N,Diabetic retinal oedema,1
sitagliptin,4369359,C1CN2C(=NN=C2C(F)(F)F)CN1C(=O)CC(CC3=CC(=C(C=C3F)F)F)N,Food intolerance,0
canagliflozin,24812758,CC1=C(C=C(C=C1)C2C(C(C(C(O2)CO)O)O)O)CC3=CC=C(S3)C4=CC=C(C=C4)F,Endometriosis,0
empagliflozin,11949646,C1COCC1OC2=CC=C(C=C2)CC3=C(C=CC(=C3)C4C(C(C(C(O4)CO)O)O)O)Cl,White blood cells urine,1
glipizide,3478,CC1=CN=C(C=N1)C(=O)NCCC2=CC=C(C=C2)S(=O)(=O)NC(=O)NC3CCCCC3,Acute abdomen,0
pioglitazone,4829,CCC1=CN=C(C=C1)CCOC2=CC=C(C=C2)CC3C(=O)NC(=O)S3,Urosepsis,1
repaglinide,65981,CCOC1=C(C=CC(=C1)CC(=O)NC(CC(C)C)C2=CC=CC=C2N3CCCCC3)C(=O)O,Product physical consistency issue,0
glyburide,3488,COC1=C(C=C(C=C1)Cl)C(=O)NCCC2=CC=C(C=C2)S(=O)(=O)NC(=O)NC3CCCCC3,Spinal fracture,0
glyburide,3488,COC1=C(C=C(C=C1)Cl)C(=O)NCCC2=CC=C(C=C2)S(=O)(=O)NC(=O)NC3CCCCC3,Penile erythema,0
metformin,4091,CN(C)C(=N)N=C(N)N,Electrocardiogram ST segment depression,1
nateglinide,5311309,CC(C)C1CCC(CC1)C(=O)NC(CC2=CC=CC=C2)C(=O)O,Latent autoimmune diabetes in adults,0
canagliflozin,24812758,CC1=C(C=C(C=C1)C2C(C(C(C(O2)CO)O)O)O)CC3=CC=C(S3)C4=CC=C(C=C4)F,Fatigue,1
glipizide,3478,CC1=CN=C(C=N1)C(=O)NCCC2=CC=C(C=C2)S(=O)(=O)NC(=O)NC3CCCCC3,Aspergillus infection,0
metformin,4091,CN(C)C(=N)N=C(N)N,Second primary malignancy,1
empagliflozin,11949646,C1COCC1OC2=CC=C(C=C2)CC3=C(C=CC(=C3)C4C(C(C(C(O4)CO)O)O)O)Cl,Paraplegia,0
rosiglitazone,77999,CN(CCOC1=CC=C(C=C1)CC2C(=O)NC(=O)S2)C3=CC=CC=N3,Platelet count decreased,0
dapagliflozin,9887712,CCOC1=CC=C(C=C1)CC2=C(C=CC(=C2)C3C(C(C(C(O3)CO)O)O)O)Cl,Product name confusion,0
nateglinide,5311309,CC(C)C1CCC(CC1)C(=O)NC(CC2=CC=CC=C2)C(=O)O,Product administered by wrong person,0
glimepiride,3476,CCC1=C(CN(C1=O)C(=O)NCCC2=CC=C(C=C2)S(=O)(=O)NC(=O)NC3CCC(CC3)C)C,Neurological symptom,0
nateglinide,5311309,CC(C)C1CCC(CC1)C(=O)NC(CC2=CC=CC=C2)C(=O)O,Serum ferritin increased,0
dapagliflozin,9887712,CCOC1=CC=C(C=C1)CC2=C(C=CC(=C2)C3C(C(C(C(O3)CO)O)O)O)Cl,Seizure,1
saxagliptin,11243969,C1C2CC2N(C1C#N)C(=O)C(C34CC5CC(C3)CC(C5)(C4)O)N,Postprandial hypoglycaemia,0
sitagliptin,4369359,C1CN2C(=NN=C2C(F)(F)F)CN1C(=O)CC(CC3=CC(=C(C=C3F)F)F)N,Groin abscess,0
empagliflozin,11949646,C1COCC1OC2=CC=C(C=C2)CC3=C(C=CC(=C3)C4C(C(C(C(O4)CO)O)O)O)Cl,Jaundice,1
nateglinide,5311309,CC(C)C1CCC(CC1)C(=O)NC(CC2=CC=CC=C2)C(=O)O,Systemic candida,0
glipizide,3478,CC1=CN=C(C=N1)C(=O)NCCC2=CC=C(C=C2)S(=O)(=O)NC(=O)NC3CCCCC3,Dactylitis,0
saxagliptin,11243969,C1C2CC2N(C1C#N)C(=O)C(C34CC5CC(C3)CC(C5)(C4)O)N,N-terminal prohormone brain natriuretic peptide increased,0
rosiglitazone,77999,CN(CCOC1=CC=C(C=C1)CC2C(=O)NC(=O)S2)C3=CC=CC=N3,Syringomyelia,0
nateglinide,5311309,CC(C)C1CCC(CC1)C(=O)NC(CC2=CC=CC=C2)C(=O)O,Intestinal obstruction,0
metformin,4091,CN(C)C(=N)N=C(N)N,Melanoma recurrent,1
metformin,4091,CN(C)C(=N)N=C(N)N,Stress cardiomyopathy,1
linagliptin,10096344,CC#CCN1C2=C(N=C1N3CCCC(C3)N)N(C(=O)N(C2=O)CC4=NC5=CC=CC=C5C(=N4)C)C,Posterior capsule opacification,0
metformin,4091,CN(C)C(=N)N=C(N)N,Skin odour abnormal,1
repaglinide,65981,CCOC1=C(C=CC(=C1)CC(=O)NC(CC(C)C)C2=CC=CC=C2N3CCCCC3)C(=O)O,Movement disorder,0
glimepiride,3476,CCC1=C(CN(C1=O)C(=O)NCCC2=CC=C(C=C2)S(=O)(=O)NC(=O)NC3CCC(CC3)C)C,Injection site bruising,0
metformin,4091,CN(C)C(=N)N=C(N)N,Mitochondrial cytopathy,1
metformin,4091,CN(C)C(=N)N=C(N)N,Radius fracture,1
rosiglitazone,77999,CN(CCOC1=CC=C(C=C1)CC2C(=O)NC(=O)S2)C3=CC=CC=N3,Autoimmune myocarditis,0
canagliflozin,24812758,CC1=C(C=C(C=C1)C2C(C(C(C(O2)CO)O)O)O)CC3=CC=C(S3)C4=CC=C(C=C4)F,Alcohol intolerance,0
metformin,4091,CN(C)C(=N)N=C(N)N,Reaction to colouring,0
metformin,4091,CN(C)C(=N)N=C(N)N,Lethargy,1
empagliflozin,11949646,C1COCC1OC2=CC=C(C=C2)CC3=C(C=CC(=C3)C4C(C(C(C(O4)CO)O)O)O)Cl,Carbohydrate antigen 19-9 increased,0
metformin,4091,CN(C)C(=N)N=C(N)N,Early infantile epileptic encephalopathy with burst-suppression,1
metformin,4091,CN(C)C(=N)N=C(N)N,Narcolepsy,1
pioglitazone,4829,CCC1=CN=C(C=C1)CCOC2=CC=C(C=C2)CC3C(=O)NC(=O)S3,Acromegaly,0
rosiglitazone,77999,CN(CCOC1=CC=C(C=C1)CC2C(=O)NC(=O)S2)C3=CC=CC=N3,Cerebellar artery occlusion,0
metformin,4091,CN(C)C(=N)N=C(N)N,Lactic acidosis,1
glipizide,3478,CC1=CN=C(C=N1)C(=O)NCCC2=CC=C(C=C2)S(=O)(=O)NC(=O)NC3CCCCC3,Haemorrhage,0
metformin,4091,CN(C)C(=N)N=C(N)N,Foreign body sensation in eyes,1
canagliflozin,24812758,CC1=C(C=C(C=C1)C2C(C(C(C(O2)CO)O)O)O)CC3=CC=C(S3)C4=CC=C(C=C4)F,Cardiac failure,1
empagliflozin,11949646,C1COCC1OC2=CC=C(C=C2)CC3=C(C=CC(=C3)C4C(C(C(C(O4)CO)O)O)O)Cl,Gastrointestinal haemorrhage,1
rosiglitazone,77999,CN(CCOC1=CC=C(C=C1)CC2C(=O)NC(=O)S2)C3=CC=CC=N3,Postoperative respiratory failure,0
nateglinide,5311309,CC(C)C1CCC(CC1)C(=O)NC(CC2=CC=CC=C2)C(=O)O,Drug dispensed to wrong patient,0
metformin,4091,CN(C)C(=N)N=C(N)N,Recurrent cancer,1
metformin,4091,CN(C)C(=N)N=C(N)N,Mixed liver injury,1
metformin,4091,CN(C)C(=N)N=C(N)N,Gingivitis,1
metformin,4091,CN(C)C(=N)N=C(N)N,Procedural complication,1
metformin,4091,CN(C)C(=N)N=C(N)N,Pituitary tumour benign,1
saxagliptin,11243969,C1C2CC2N(C1C#N)C(=O)C(C34CC5CC(C3)CC(C5)(C4)O)N,Cushing's syndrome,0
pioglitazone,4829,CCC1=CN=C(C=C1)CCOC2=CC=C(C=C2)CC3C(=O)NC(=O)S3,Hyperplastic cholecystopathy,0
pioglitazone,4829,CCC1=CN=C(C=C1)CCOC2=CC=C(C=C2)CC3C(=O)NC(=O)S3,Cardiac ventricular thrombosis,0
dapagliflozin,9887712,CCOC1=CC=C(C=C1)CC2=C(C=CC(=C2)C3C(C(C(C(O3)CO)O)O)O)Cl,Gastrooesophageal reflux disease,0
metformin,4091,CN(C)C(=N)N=C(N)N,Pharyngeal disorder,0
metformin,4091,CN(C)C(=N)N=C(N)N,Ascites,1
dapagliflozin,9887712,CCOC1=CC=C(C=C1)CC2=C(C=CC(=C2)C3C(C(C(C(O3)CO)O)O)O)Cl,Glycosylated haemoglobin abnormal,1
sitagliptin,4369359,C1CN2C(=NN=C2C(F)(F)F)CN1C(=O)CC(CC3=CC(=C(C=C3F)F)F)N,Trigger finger,0
acarbose,9811704,CC1C(C(C(C(O1)OC2C(OC(C(C2O)O)OC(C(CO)O)C(C(C=O)O)O)CO)O)O)NC3C=C(C(C(C3O)O)O)CO,Mucosal dryness,0
nateglinide,5311309,CC(C)C1CCC(CC1)C(=O)NC(CC2=CC=CC=C2)C(=O)O,Debridement,0
metformin,4091,CN(C)C(=N)N=C(N)N,Hepatosplenomegaly,1
metformin,4091,CN(C)C(=N)N=C(N)N,Diabetic metabolic decompensation,1
metformin,4091,CN(C)C(=N)N=C(N)N,Takayasu's arteritis,1
metformin,4091,CN(C)C(=N)N=C(N)N,Therapeutic product ineffective,1
glipizide,3478,CC1=CN=C(C=N1)C(=O)NCCC2=CC=C(C=C2)S(=O)(=O)NC(=O)NC3CCCCC3,Blood magnesium decreased,1
metformin,4091,CN(C)C(=N)N=C(N)N,Suffocation feeling,1
glyburide,3488,COC1=C(C=C(C=C1)Cl)C(=O)NCCC2=CC=C(C=C2)S(=O)(=O)NC(=O)NC3CCCCC3,Cryptococcosis,0
metformin,4091,CN(C)C(=N)N=C(N)N,Appendicectomy,1
dapagliflozin,9887712,CCOC1=CC=C(C=C1)CC2=C(C=CC(=C2)C3C(C(C(C(O3)CO)O)O)O)Cl,Transaminases increased,1
metformin,4091,CN(C)C(=N)N=C(N)N,Motion sickness,1
glipizide,3478,CC1=CN=C(C=N1)C(=O)NCCC2=CC=C(C=C2)S(=O)(=O)NC(=O)NC3CCCCC3,Vision blurred,1
glyburide,3488,COC1=C(C=C(C=C1)Cl)C(=O)NCCC2=CC=C(C=C2)S(=O)(=O)NC(=O)NC3CCCCC3,Areflexia,0
metformin,4091,CN(C)C(=N)N=C(N)N,Product dosage form issue,1
glimepiride,3476,CCC1=C(CN(C1=O)C(=O)NCCC2=CC=C(C=C2)S(=O)(=O)NC(=O)NC3CCC(CC3)C)C,Swelling face,1
metformin,4091,CN(C)C(=N)N=C(N)N,Uterine cancer,1
sitagliptin,4369359,C1CN2C(=NN=C2C(F)(F)F)CN1C(=O)CC(CC3=CC(=C(C=C3F)F)F)N,Acute hepatic failure,1
empagliflozin,11949646,C1COCC1OC2=CC=C(C=C2)CC3=C(C=CC(=C3)C4C(C(C(C(O4)CO)O)O)O)Cl,Left ventricular hypertrophy,1
repaglinide,65981,CCOC1=C(C=CC(=C1)CC(=O)NC(CC(C)C)C2=CC=CC=C2N3CCCCC3)C(=O)O,Hypertensive urgency,0
metformin,4091,CN(C)C(=N)N=C(N)N,Retinopathy,1
pioglitazone,4829,CCC1=CN=C(C=C1)CCOC2=CC=C(C=C2)CC3C(=O)NC(=O)S3,Hypoperfusion,0
metformin,4091,CN(C)C(=N)N=C(N)N,Shock haemorrhagic,1
metformin,4091,CN(C)C(=N)N=C(N)N,Oncocytoma,1
metformin,4091,CN(C)C(=N)N=C(N)N,Colorectal cancer stage IV,1
metformin,4091,CN(C)C(=N)N=C(N)N,Thyroxine free decreased,1
acarbose,9811704,CC1C(C(C(C(O1)OC2C(OC(C(C2O)O)OC(C(CO)O)C(C(C=O)O)O)CO)O)O)NC3C=C(C(C(C3O)O)O)CO,Pneumatosis intestinalis,1
dapagliflozin,9887712,CCOC1=CC=C(C=C1)CC2=C(C=CC(=C2)C3C(C(C(C(O3)CO)O)O)O)Cl,Escherichia urinary tract infection,0
dapagliflozin,9887712,CCOC1=CC=C(C=C1)CC2=C(C=CC(=C2)C3C(C(C(C(O3)CO)O)O)O)Cl,Blood pressure diastolic abnormal,0
repaglinide,65981,CCOC1=C(C=CC(=C1)CC(=O)NC(CC(C)C)C2=CC=CC=C2N3CCCCC3)C(=O)O,Budd-Chiari syndrome,0
nateglinide,5311309,CC(C)C1CCC(CC1)C(=O)NC(CC2=CC=CC=C2)C(=O)O,Clostridial sepsis,0
metformin,4091,CN(C)C(=N)N=C(N)N,Crystal urine present,1
pioglitazone,4829,CCC1=CN=C(C=C1)CCOC2=CC=C(C=C2)CC3C(=O)NC(=O)S3,Blood insulin increased,0
metformin,4091,CN(C)C(=N)N=C(N)N,Aortic stenosis,1
empagliflozin,11949646,C1COCC1OC2=CC=C(C=C2)CC3=C(C=CC(=C3)C4C(C(C(C(O4)CO)O)O)O)Cl,Foot deformity,0
dapagliflozin,9887712,CCOC1=CC=C(C=C1)CC2=C(C=CC(=C2)C3C(C(C(C(O3)CO)O)O)O)Cl,Arteriosclerosis,0
glipizide,3478,CC1=CN=C(C=N1)C(=O)NCCC2=CC=C(C=C2)S(=O)(=O)NC(=O)NC3CCCCC3,Bradycardia,1
metformin,4091,CN(C)C(=N)N=C(N)N,Cerebellar artery occlusion,1
glimepiride,3476,CCC1=C(CN(C1=O)C(=O)NCCC2=CC=C(C=C2)S(=O)(=O)NC(=O)NC3CCC(CC3)C)C,Protein urine,0
metformin,4091,CN(C)C(=N)N=C(N)N,Ventricular extrasystoles,1
metformin,4091,CN(C)C(=N)N=C(N)N,Right hemisphere deficit syndrome,1
acarbose,9811704,CC1C(C(C(C(O1)OC2C(OC(C(C2O)O)OC(C(CO)O)C(C(C=O)O)O)CO)O)O)NC3C=C(C(C(C3O)O)O)CO,Drug dose titration not performed,0
nateglinide,5311309,CC(C)C1CCC(CC1)C(=O)NC(CC2=CC=CC=C2)C(=O)O,Bilirubin conjugated increased,0
canagliflozin,24812758,CC1=C(C=C(C=C1)C2C(C(C(C(O2)CO)O)O)O)CC3=CC=C(S3)C4=CC=C(C=C4)F,Decubitus ulcer,0
nateglinide,5311309,CC(C)C1CCC(CC1)C(=O)NC(CC2=CC=CC=C2)C(=O)O,Pigmentation disorder,0
rosiglitazone,77999,CN(CCOC1=CC=C(C=C1)CC2C(=O)NC(=O)S2)C3=CC=CC=N3,Duodenal ulcer haemorrhage,0
saxagliptin,11243969,C1C2CC2N(C1C#N)C(=O)C(C34CC5CC(C3)CC(C5)(C4)O)N,Social avoidant behaviour,0
nateglinide,5311309,CC(C)C1CCC(CC1)C(=O)NC(CC2=CC=CC=C2)C(=O)O,Vaccination site mass,0
metformin,4091,CN(C)C(=N)N=C(N)N,Bicuspid aortic valve,1
pioglitazone,4829,CCC1=CN=C(C=C1)CCOC2=CC=C(C=C2)CC3C(=O)NC(=O)S3,Impetigo,0
metformin,4091,CN(C)C(=N)N=C(N)N,Hypertrichosis,1
pioglitazone,4829,CCC1=CN=C(C=C1)CCOC2=CC=C(C=C2)CC3C(=O)NC(=O)S3,Swelling face,1
saxagliptin,11243969,C1C2CC2N(C1C#N)C(=O)C(C34CC5CC(C3)CC(C5)(C4)O)N,FEV1/FVC ratio decreased,0
rosiglitazone,77999,CN(CCOC1=CC=C(C=C1)CC2C(=O)NC(=O)S2)C3=CC=CC=N3,Quadriplegia,0
canagliflozin,24812758,CC1=C(C=C(C=C1)C2C(C(C(C(O2)CO)O)O)O)CC3=CC=C(S3)C4=CC=C(C=C4)F,Obstructive sleep apnoea syndrome,0
pioglitazone,4829,CCC1=CN=C(C=C1)CCOC2=CC=C(C=C2)CC3C(=O)NC(=O)S3,Product physical issue,0
dapagliflozin,9887712,CCOC1=CC=C(C=C1)CC2=C(C=CC(=C2)C3C(C(C(C(O3)CO)O)O)O)Cl,Renal failure,1
glyburide,3488,COC1=C(C=C(C=C1)Cl)C(=O)NCCC2=CC=C(C=C2)S(=O)(=O)NC(=O)NC3CCCCC3,Glucose-6-phosphate dehydrogenase deficiency,0
glipizide,3478,CC1=CN=C(C=N1)C(=O)NCCC2=CC=C(C=C2)S(=O)(=O)NC(=O)NC3CCCCC3,Blood creatinine increased,1
pioglitazone,4829,CCC1=CN=C(C=C1)CCOC2=CC=C(C=C2)CC3C(=O)NC(=O)S3,Blood gases abnormal,0
acarbose,9811704,CC1C(C(C(C(O1)OC2C(OC(C(C2O)O)OC(C(CO)O)C(C(C=O)O)O)CO)O)O)NC3C=C(C(C(C3O)O)O)CO,Fibrin D dimer increased,0
metformin,4091,CN(C)C(=N)N=C(N)N,Hyperphagia,1
glipizide,3478,CC1=CN=C(C=N1)C(=O)NCCC2=CC=C(C=C2)S(=O)(=O)NC(=O)NC3CCCCC3,Deafness unilateral,0
metformin,4091,CN(C)C(=N)N=C(N)N,Invasive breast carcinoma,1
rosiglitazone,77999,CN(CCOC1=CC=C(C=C1)CC2C(=O)NC(=O)S2)C3=CC=CC=N3,Hypoglycaemic unconsciousness,0
metformin,4091,CN(C)C(=N)N=C(N)N,Abdominal distension,1
metformin,4091,CN(C)C(=N)N=C(N)N,Prescribed overdose,1
linagliptin,10096344,CC#CCN1C2=C(N=C1N3CCCC(C3)N)N(C(=O)N(C2=O)CC4=NC5=CC=CC=C5C(=N4)C)C,Cellulitis,0
metformin,4091,CN(C)C(=N)N=C(N)N,"Hallucination, visual",1
canagliflozin,24812758,CC1=C(C=C(C=C1)C2C(C(C(C(O2)CO)O)O)O)CC3=CC=C(S3)C4=CC=C(C=C4)F,Gingivitis,0
glipizide,3478,CC1=CN=C(C=N1)C(=O)NCCC2=CC=C(C=C2)S(=O)(=O)NC(=O)NC3CCCCC3,Hemiparesis,0
metformin,4091,CN(C)C(=N)N=C(N)N,Inability to afford medication,1
linagliptin,10096344,CC#CCN1C2=C(N=C1N3CCCC(C3)N)N(C(=O)N(C2=O)CC4=NC5=CC=CC=C5C(=N4)C)C,Floppy infant,0
empagliflozin,11949646,C1COCC1OC2=CC=C(C=C2)CC3=C(C=CC(=C3)C4C(C(C(C(O4)CO)O)O)O)Cl,Actinic keratosis,0
sitagliptin,4369359,C1CN2C(=NN=C2C(F)(F)F)CN1C(=O)CC(CC3=CC(=C(C=C3F)F)F)N,Orthostatic hypotension,1
metformin,4091,CN(C)C(=N)N=C(N)N,Anaemia megaloblastic,1
metformin,4091,CN(C)C(=N)N=C(N)N,Product container issue,1
glimepiride,3476,CCC1=C(CN(C1=O)C(=O)NCCC2=CC=C(C=C2)S(=O)(=O)NC(=O)NC3CCC(CC3)C)C,Drug abuse,1
metformin,4091,CN(C)C(=N)N=C(N)N,Ulcer haemorrhage,1
sitagliptin,4369359,C1CN2C(=NN=C2C(F)(F)F)CN1C(=O)CC(CC3=CC(=C(C=C3F)F)F)N,Rash erythematous,1
metformin,4091,CN(C)C(=N)N=C(N)N,Muscle rupture,1
metformin,4091,CN(C)C(=N)N=C(N)N,Peripheral sensorimotor neuropathy,1
dapagliflozin,9887712,CCOC1=CC=C(C=C1)CC2=C(C=CC(=C2)C3C(C(C(C(O3)CO)O)O)O)Cl,Skin discolouration,1
metformin,4091,CN(C)C(=N)N=C(N)N,Metabolic alkalosis,1
metformin,4091,CN(C)C(=N)N=C(N)N,Respiratory acidosis,1
metformin,4091,CN(C)C(=N)N=C(N)N,Maternal condition affecting foetus,1
acarbose,9811704,CC1C(C(C(C(O1)OC2C(OC(C(C2O)O)OC(C(CO)O)C(C(C=O)O)O)CO)O)O)NC3C=C(C(C(C3O)O)O)CO,Intervertebral disc protrusion,0
canagliflozin,24812758,CC1=C(C=C(C=C1)C2C(C(C(C(O2)CO)O)O)O)CC3=CC=C(S3)C4=CC=C(C=C4)F,Alcohol interaction,1
pioglitazone,4829,CCC1=CN=C(C=C1)CCOC2=CC=C(C=C2)CC3C(=O)NC(=O)S3,Therapeutic response changed,0
acarbose,9811704,CC1C(C(C(C(O1)OC2C(OC(C(C2O)O)OC(C(CO)O)C(C(C=O)O)O)CO)O)O)NC3C=C(C(C(C3O)O)O)CO,Gestational diabetes,0
metformin,4091,CN(C)C(=N)N=C(N)N,Skin angiosarcoma,1
acarbose,9811704,CC1C(C(C(C(O1)OC2C(OC(C(C2O)O)OC(C(CO)O)C(C(C=O)O)O)CO)O)O)NC3C=C(C(C(C3O)O)O)CO,Apparent death,0
metformin,4091,CN(C)C(=N)N=C(N)N,Granulomatosis with polyangiitis,1
metformin,4091,CN(C)C(=N)N=C(N)N,Head discomfort,1
metformin,4091,CN(C)C(=N)N=C(N)N,Testicular pain,1
linagliptin,10096344,CC#CCN1C2=C(N=C1N3CCCC(C3)N)N(C(=O)N(C2=O)CC4=NC5=CC=CC=C5C(=N4)C)C,Lung neoplasm malignant,0
sitagliptin,4369359,C1CN2C(=NN=C2C(F)(F)F)CN1C(=O)CC(CC3=CC(=C(C=C3F)F)F)N,Fall,1
metformin,4091,CN(C)C(=N)N=C(N)N,Subdural haemorrhage,0
glyburide,3488,COC1=C(C=C(C=C1)Cl)C(=O)NCCC2=CC=C(C=C2)S(=O)(=O)NC(=O)NC3CCCCC3,Pneumonia,1
glimepiride,3476,CCC1=C(CN(C1=O)C(=O)NCCC2=CC=C(C=C2)S(=O)(=O)NC(=O)NC3CCC(CC3)C)C,Restlessness,1
glipizide,3478,CC1=CN=C(C=N1)C(=O)NCCC2=CC=C(C=C2)S(=O)(=O)NC(=O)NC3CCCCC3,Autoimmune nephritis,0
metformin,4091,CN(C)C(=N)N=C(N)N,Mechanical ventilation complication,1
acarbose,9811704,CC1C(C(C(C(O1)OC2C(OC(C(C2O)O)OC(C(CO)O)C(C(C=O)O)O)CO)O)O)NC3C=C(C(C(C3O)O)O)CO,Capillary leak syndrome,0
metformin,4091,CN(C)C(=N)N=C(N)N,Weight increased,1
dapagliflozin,9887712,CCOC1=CC=C(C=C1)CC2=C(C=CC(=C2)C3C(C(C(C(O3)CO)O)O)O)Cl,VACTERL syndrome,0
metformin,4091,CN(C)C(=N)N=C(N)N,Angiocardiogram,1
pioglitazone,4829,CCC1=CN=C(C=C1)CCOC2=CC=C(C=C2)CC3C(=O)NC(=O)S3,Atrial fibrillation,1
metformin,4091,CN(C)C(=N)N=C(N)N,Sinus congestion,1
canagliflozin,24812758,CC1=C(C=C(C=C1)C2C(C(C(C(O2)CO)O)O)O)CC3=CC=C(S3)C4=CC=C(C=C4)F,Vitamin D deficiency,0
nateglinide,5311309,CC(C)C1CCC(CC1)C(=O)NC(CC2=CC=CC=C2)C(=O)O,Eye pain,0
empagliflozin,11949646,C1COCC1OC2=CC=C(C=C2)CC3=C(C=CC(=C3)C4C(C(C(C(O4)CO)O)O)O)Cl,Pyrexia,1
glimepiride,3476,CCC1=C(CN(C1=O)C(=O)NCCC2=CC=C(C=C2)S(=O)(=O)NC(=O)NC3CCC(CC3)C)C,Acquired haemophilia,0
repaglinide,65981,CCOC1=C(C=CC(=C1)CC(=O)NC(CC(C)C)C2=CC=CC=C2N3CCCCC3)C(=O)O,Enteritis,0
metformin,4091,CN(C)C(=N)N=C(N)N,Blood citric acid increased,1
glimepiride,3476,CCC1=C(CN(C1=O)C(=O)NCCC2=CC=C(C=C2)S(=O)(=O)NC(=O)NC3CCC(CC3)C)C,Loss of consciousness,1
glyburide,3488,COC1=C(C=C(C=C1)Cl)C(=O)NCCC2=CC=C(C=C2)S(=O)(=O)NC(=O)NC3CCCCC3,Pancreatitis relapsing,0
metformin,4091,CN(C)C(=N)N=C(N)N,Chest injury,1
empagliflozin,11949646,C1COCC1OC2=CC=C(C=C2)CC3=C(C=CC(=C3)C4C(C(C(C(O4)CO)O)O)O)Cl,Glomerular filtration rate decreased,1
linagliptin,10096344,CC#CCN1C2=C(N=C1N3CCCC(C3)N)N(C(=O)N(C2=O)CC4=NC5=CC=CC=C5C(=N4)C)C,Metastases to liver,0
metformin,4091,CN(C)C(=N)N=C(N)N,Hypothermia,1
rosiglitazone,77999,CN(CCOC1=CC=C(C=C1)CC2C(=O)NC(=O)S2)C3=CC=CC=N3,Cerebral atrophy,0
saxagliptin,11243969,C1C2CC2N(C1C#N)C(=O)C(C34CC5CC(C3)CC(C5)(C4)O)N,Stress,0
sitagliptin,4369359,C1CN2C(=NN=C2C(F)(F)F)CN1C(=O)CC(CC3=CC(=C(C=C3F)F)F)N,Invasive ductal breast carcinoma,0
pioglitazone,4829,CCC1=CN=C(C=C1)CCOC2=CC=C(C=C2)CC3C(=O)NC(=O)S3,Inappropriate schedule of product administration,1
glyburide,3488,COC1=C(C=C(C=C1)Cl)C(=O)NCCC2=CC=C(C=C2)S(=O)(=O)NC(=O)NC3CCCCC3,Counterfeit product administered,1
metformin,4091,CN(C)C(=N)N=C(N)N,Accidental exposure to product,1
sitagliptin,4369359,C1CN2C(=NN=C2C(F)(F)F)CN1C(=O)CC(CC3=CC(=C(C=C3F)F)F)N,Disturbance in attention,1
metformin,4091,CN(C)C(=N)N=C(N)N,Spleen disorder,1
sitagliptin,4369359,C1CN2C(=NN=C2C(F)(F)F)CN1C(=O)CC(CC3=CC(=C(C=C3F)F)F)N,Arrhythmic storm,0
metformin,4091,CN(C)C(=N)N=C(N)N,Diverticulum,1
dapagliflozin,9887712,CCOC1=CC=C(C=C1)CC2=C(C=CC(=C2)C3C(C(C(C(O3)CO)O)O)O)Cl,Product formulation issue,0
saxagliptin,11243969,C1C2CC2N(C1C#N)C(=O)C(C34CC5CC(C3)CC(C5)(C4)O)N,Urosepsis,0
metformin,4091,CN(C)C(=N)N=C(N)N,Temporal arteritis,1
acarbose,9811704,CC1C(C(C(C(O1)OC2C(OC(C(C2O)O)OC(C(CO)O)C(C(C=O)O)O)CO)O)O)NC3C=C(C(C(C3O)O)O)CO,Forced expiratory volume decreased,0
nateglinide,5311309,CC(C)C1CCC(CC1)C(=O)NC(CC2=CC=CC=C2)C(=O)O,Colon cancer stage IV,0
repaglinide,65981,CCOC1=C(C=CC(=C1)CC(=O)NC(CC(C)C)C2=CC=CC=C2N3CCCCC3)C(=O)O,Breast cancer,0
metformin,4091,CN(C)C(=N)N=C(N)N,Red blood cell sedimentation rate increased,1
nateglinide,5311309,CC(C)C1CCC(CC1)C(=O)NC(CC2=CC=CC=C2)C(=O)O,Malignant melanoma in situ,0
canagliflozin,24812758,CC1=C(C=C(C=C1)C2C(C(C(C(O2)CO)O)O)O)CC3=CC=C(S3)C4=CC=C(C=C4)F,Aspartate aminotransferase increased,1
glyburide,3488,COC1=C(C=C(C=C1)Cl)C(=O)NCCC2=CC=C(C=C2)S(=O)(=O)NC(=O)NC3CCCCC3,Leukaemia,0
dapagliflozin,9887712,CCOC1=CC=C(C=C1)CC2=C(C=CC(=C2)C3C(C(C(C(O3)CO)O)O)O)Cl,Dermatitis exfoliative generalised,0
metformin,4091,CN(C)C(=N)N=C(N)N,Decreased appetite,1
acarbose,9811704,CC1C(C(C(C(O1)OC2C(OC(C(C2O)O)OC(C(CO)O)C(C(C=O)O)O)CO)O)O)NC3C=C(C(C(C3O)O)O)CO,Lipids increased,0
glipizide,3478,CC1=CN=C(C=N1)C(=O)NCCC2=CC=C(C=C2)S(=O)(=O)NC(=O)NC3CCCCC3,Fall,1
acarbose,9811704,CC1C(C(C(C(O1)OC2C(OC(C(C2O)O)OC(C(CO)O)C(C(C=O)O)O)CO)O)O)NC3C=C(C(C(C3O)O)O)CO,Sopor,1
sitagliptin,4369359,C1CN2C(=NN=C2C(F)(F)F)CN1C(=O)CC(CC3=CC(=C(C=C3F)F)F)N,Hyperpyrexia,0
glyburide,3488,COC1=C(C=C(C=C1)Cl)C(=O)NCCC2=CC=C(C=C2)S(=O)(=O)NC(=O)NC3CCCCC3,Prinzmetal angina,0
saxagliptin,11243969,C1C2CC2N(C1C#N)C(=O)C(C34CC5CC(C3)CC(C5)(C4)O)N,Lymphadenopathy,0
metformin,4091,CN(C)C(=N)N=C(N)N,Skin mass,1
glyburide,3488,COC1=C(C=C(C=C1)Cl)C(=O)NCCC2=CC=C(C=C2)S(=O)(=O)NC(=O)NC3CCCCC3,Haemoconcentration,0
dapagliflozin,9887712,CCOC1=CC=C(C=C1)CC2=C(C=CC(=C2)C3C(C(C(C(O3)CO)O)O)O)Cl,Gastrointestinal disorder,1
metformin,4091,CN(C)C(=N)N=C(N)N,Spinal pain,1
sitagliptin,4369359,C1CN2C(=NN=C2C(F)(F)F)CN1C(=O)CC(CC3=CC(=C(C=C3F)F)F)N,Glare,0
metformin,4091,CN(C)C(=N)N=C(N)N,Faecal calprotectin increased,1
sitagliptin,4369359,C1CN2C(=NN=C2C(F)(F)F)CN1C(=O)CC(CC3=CC(=C(C=C3F)F)F)N,Hepatitis cholestatic,1
canagliflozin,24812758,CC1=C(C=C(C=C1)C2C(C(C(C(O2)CO)O)O)O)CC3=CC=C(S3)C4=CC=C(C=C4)F,Ketonuria,1
canagliflozin,24812758,CC1=C(C=C(C=C1)C2C(C(C(C(O2)CO)O)O)O)CC3=CC=C(S3)C4=CC=C(C=C4)F,Gingival swelling,0
canagliflozin,24812758,CC1=C(C=C(C=C1)C2C(C(C(C(O2)CO)O)O)O)CC3=CC=C(S3)C4=CC=C(C=C4)F,Electrocardiogram abnormal,0
acarbose,9811704,CC1C(C(C(C(O1)OC2C(OC(C(C2O)O)OC(C(CO)O)C(C(C=O)O)O)CO)O)O)NC3C=C(C(C(C3O)O)O)CO,Jaw fracture,0
glimepiride,3476,CCC1=C(CN(C1=O)C(=O)NCCC2=CC=C(C=C2)S(=O)(=O)NC(=O)NC3CCC(CC3)C)C,Acute kidney injury,1
metformin,4091,CN(C)C(=N)N=C(N)N,Allergic reaction to excipient,1
glimepiride,3476,CCC1=C(CN(C1=O)C(=O)NCCC2=CC=C(C=C2)S(=O)(=O)NC(=O)NC3CCC(CC3)C)C,Transcatheter aortic valve implantation,1
metformin,4091,CN(C)C(=N)N=C(N)N,Tendon discomfort,1
pioglitazone,4829,CCC1=CN=C(C=C1)CCOC2=CC=C(C=C2)CC3C(=O)NC(=O)S3,Soft tissue mass,0
empagliflozin,11949646,C1COCC1OC2=CC=C(C=C2)CC3=C(C=CC(=C3)C4C(C(C(C(O4)CO)O)O)O)Cl,Out of specification test results,0
metformin,4091,CN(C)C(=N)N=C(N)N,Ejection fraction decreased,1
glipizide,3478,CC1=CN=C(C=N1)C(=O)NCCC2=CC=C(C=C2)S(=O)(=O)NC(=O)NC3CCCCC3,Diverticulum intestinal,0
metformin,4091,CN(C)C(=N)N=C(N)N,Myoglobin blood increased,1
glipizide,3478,CC1=CN=C(C=N1)C(=O)NCCC2=CC=C(C=C2)S(=O)(=O)NC(=O)NC3CCCCC3,ABO incompatibility,0
sitagliptin,4369359,C1CN2C(=NN=C2C(F)(F)F)CN1C(=O)CC(CC3=CC(=C(C=C3F)F)F)N,Product quality issue,0
rosiglitazone,77999,CN(CCOC1=CC=C(C=C1)CC2C(=O)NC(=O)S2)C3=CC=CC=N3,Tumour pain,0
pioglitazone,4829,CCC1=CN=C(C=C1)CCOC2=CC=C(C=C2)CC3C(=O)NC(=O)S3,Hepatic enzyme increased,1
sitagliptin,4369359,C1CN2C(=NN=C2C(F)(F)F)CN1C(=O)CC(CC3=CC(=C(C=C3F)F)F)N,Dermatitis bullous,1
saxagliptin,11243969,C1C2CC2N(C1C#N)C(=O)C(C34CC5CC(C3)CC(C5)(C4)O)N,Differential white blood cell count abnormal,0
saxagliptin,11243969,C1C2CC2N(C1C#N)C(=O)C(C34CC5CC(C3)CC(C5)(C4)O)N,Restlessness,0
metformin,4091,CN(C)C(=N)N=C(N)N,Neutrophilia,1
sitagliptin,4369359,C1CN2C(=NN=C2C(F)(F)F)CN1C(=O)CC(CC3=CC(=C(C=C3F)F)F)N,Haemofiltration,0
repaglinide,65981,CCOC1=C(C=CC(=C1)CC(=O)NC(CC(C)C)C2=CC=CC=C2N3CCCCC3)C(=O)O,Product storage error,1
canagliflozin,24812758,CC1=C(C=C(C=C1)C2C(C(C(C(O2)CO)O)O)O)CC3=CC=C(S3)C4=CC=C(C=C4)F,Rash,1
repaglinide,65981,CCOC1=C(C=CC(=C1)CC(=O)NC(CC(C)C)C2=CC=CC=C2N3CCCCC3)C(=O)O,Idiopathic pulmonary fibrosis,0
metformin,4091,CN(C)C(=N)N=C(N)N,Neutropenia,1
empagliflozin,11949646,C1COCC1OC2=CC=C(C=C2)CC3=C(C=CC(=C3)C4C(C(C(C(O4)CO)O)O)O)Cl,Thrombophlebitis septic,0
metformin,4091,CN(C)C(=N)N=C(N)N,Prostate cancer,1
canagliflozin,24812758,CC1=C(C=C(C=C1)C2C(C(C(C(O2)CO)O)O)O)CC3=CC=C(S3)C4=CC=C(C=C4)F,Limb amputation,1
sitagliptin,4369359,C1CN2C(=NN=C2C(F)(F)F)CN1C(=O)CC(CC3=CC(=C(C=C3F)F)F)N,Tension headache,1
repaglinide,65981,CCOC1=C(C=CC(=C1)CC(=O)NC(CC(C)C)C2=CC=CC=C2N3CCCCC3)C(=O)O,Mental disorder,0
dapagliflozin,9887712,CCOC1=CC=C(C=C1)CC2=C(C=CC(=C2)C3C(C(C(C(O3)CO)O)O)O)Cl,Brain injury,0
linagliptin,10096344,CC#CCN1C2=C(N=C1N3CCCC(C3)N)N(C(=O)N(C2=O)CC4=NC5=CC=CC=C5C(=N4)C)C,Joint effusion,0
metformin,4091,CN(C)C(=N)N=C(N)N,Needle issue,1
empagliflozin,11949646,C1COCC1OC2=CC=C(C=C2)CC3=C(C=CC(=C3)C4C(C(C(C(O4)CO)O)O)O)Cl,Ballismus,0
canagliflozin,24812758,CC1=C(C=C(C=C1)C2C(C(C(C(O2)CO)O)O)O)CC3=CC=C(S3)C4=CC=C(C=C4)F,Blood ketone body,0
glimepiride,3476,CCC1=C(CN(C1=O)C(=O)NCCC2=CC=C(C=C2)S(=O)(=O)NC(=O)NC3CCC(CC3)C)C,Bronchitis,1
metformin,4091,CN(C)C(=N)N=C(N)N,Amoebiasis,1
linagliptin,10096344,CC#CCN1C2=C(N=C1N3CCCC(C3)N)N(C(=O)N(C2=O)CC4=NC5=CC=CC=C5C(=N4)C)C,Multiple sclerosis,0
canagliflozin,24812758,CC1=C(C=C(C=C1)C2C(C(C(C(O2)CO)O)O)O)CC3=CC=C(S3)C4=CC=C(C=C4)F,Osteitis,0
repaglinide,65981,CCOC1=C(C=CC(=C1)CC(=O)NC(CC(C)C)C2=CC=CC=C2N3CCCCC3)C(=O)O,Intentional product misuse,1
metformin,4091,CN(C)C(=N)N=C(N)N,Visual impairment,1
empagliflozin,11949646,C1COCC1OC2=CC=C(C=C2)CC3=C(C=CC(=C3)C4C(C(C(C(O4)CO)O)O)O)Cl,Mental disorder,0
metformin,4091,CN(C)C(=N)N=C(N)N,Disability assessment scale score decreased,1
sitagliptin,4369359,C1CN2C(=NN=C2C(F)(F)F)CN1C(=O)CC(CC3=CC(=C(C=C3F)F)F)N,Dyspnoea,1
glimepiride,3476,CCC1=C(CN(C1=O)C(=O)NCCC2=CC=C(C=C2)S(=O)(=O)NC(=O)NC3CCC(CC3)C)C,Foreign body sensation in eyes,0
metformin,4091,CN(C)C(=N)N=C(N)N,Bacterial toxaemia,1
empagliflozin,11949646,C1COCC1OC2=CC=C(C=C2)CC3=C(C=CC(=C3)C4C(C(C(C(O4)CO)O)O)O)Cl,Klebsiella infection,1
acarbose,9811704,CC1C(C(C(C(O1)OC2C(OC(C(C2O)O)OC(C(CO)O)C(C(C=O)O)O)CO)O)O)NC3C=C(C(C(C3O)O)O)CO,Congenital great vessel anomaly,0
metformin,4091,CN(C)C(=N)N=C(N)N,Coronary artery occlusion,1
metformin,4091,CN(C)C(=N)N=C(N)N,Vipoma,1
nateglinide,5311309,CC(C)C1CCC(CC1)C(=O)NC(CC2=CC=CC=C2)C(=O)O,Stress,0
acarbose,9811704,CC1C(C(C(C(O1)OC2C(OC(C(C2O)O)OC(C(CO)O)C(C(C=O)O)O)CO)O)O)NC3C=C(C(C(C3O)O)O)CO,Spine malformation,0
repaglinide,65981,CCOC1=C(C=CC(=C1)CC(=O)NC(CC(C)C)C2=CC=CC=C2N3CCCCC3)C(=O)O,Gastroduodenal ulcer,0
dapagliflozin,9887712,CCOC1=CC=C(C=C1)CC2=C(C=CC(=C2)C3C(C(C(C(O3)CO)O)O)O)Cl,Chronic obstructive pulmonary disease,1
pioglitazone,4829,CCC1=CN=C(C=C1)CCOC2=CC=C(C=C2)CC3C(=O)NC(=O)S3,Haematuria,1
pioglitazone,4829,CCC1=CN=C(C=C1)CCOC2=CC=C(C=C2)CC3C(=O)NC(=O)S3,Arterial disorder,0
metformin,4091,CN(C)C(=N)N=C(N)N,Incorrect product administration duration,1
metformin,4091,CN(C)C(=N)N=C(N)N,Rash pustular,1
canagliflozin,24812758,CC1=C(C=C(C=C1)C2C(C(C(C(O2)CO)O)O)O)CC3=CC=C(S3)C4=CC=C(C=C4)F,Type 2 diabetes mellitus,1
metformin,4091,CN(C)C(=N)N=C(N)N,Blood pressure systolic abnormal,1
sitagliptin,4369359,C1CN2C(=NN=C2C(F)(F)F)CN1C(=O)CC(CC3=CC(=C(C=C3F)F)F)N,Eosinophilic colitis,0
sitagliptin,4369359,C1CN2C(=NN=C2C(F)(F)F)CN1C(=O)CC(CC3=CC(=C(C=C3F)F)F)N,Delayed recovery from anaesthesia,0
pioglitazone,4829,CCC1=CN=C(C=C1)CCOC2=CC=C(C=C2)CC3C(=O)NC(=O)S3,Microcephaly,0
repaglinide,65981,CCOC1=C(C=CC(=C1)CC(=O)NC(CC(C)C)C2=CC=CC=C2N3CCCCC3)C(=O)O,Intestinal stenosis,0
dapagliflozin,9887712,CCOC1=CC=C(C=C1)CC2=C(C=CC(=C2)C3C(C(C(C(O3)CO)O)O)O)Cl,Scapula fracture,0
nateglinide,5311309,CC(C)C1CCC(CC1)C(=O)NC(CC2=CC=CC=C2)C(=O)O,Immunoglobulins increased,0
sitagliptin,4369359,C1CN2C(=NN=C2C(F)(F)F)CN1C(=O)CC(CC3=CC(=C(C=C3F)F)F)N,Asthenia,1
repaglinide,65981,CCOC1=C(C=CC(=C1)CC(=O)NC(CC(C)C)C2=CC=CC=C2N3CCCCC3)C(=O)O,Sudden infant death syndrome,0
metformin,4091,CN(C)C(=N)N=C(N)N,Extra dose administered,1
metformin,4091,CN(C)C(=N)N=C(N)N,Congenital uterine anomaly,1
nateglinide,5311309,CC(C)C1CCC(CC1)C(=O)NC(CC2=CC=CC=C2)C(=O)O,Alcohol poisoning,0
pioglitazone,4829,CCC1=CN=C(C=C1)CCOC2=CC=C(C=C2)CC3C(=O)NC(=O)S3,Gingivitis,0
sitagliptin,4369359,C1CN2C(=NN=C2C(F)(F)F)CN1C(=O)CC(CC3=CC(=C(C=C3F)F)F)N,Oral pain,1
glipizide,3478,CC1=CN=C(C=N1)C(=O)NCCC2=CC=C(C=C2)S(=O)(=O)NC(=O)NC3CCCCC3,Cardiac failure chronic,0
metformin,4091,CN(C)C(=N)N=C(N)N,Congestive hepatopathy,1
metformin,4091,CN(C)C(=N)N=C(N)N,Pseudohypoglycaemia,1
metformin,4091,CN(C)C(=N)N=C(N)N,Cholecystitis,1
repaglinide,65981,CCOC1=C(C=CC(=C1)CC(=O)NC(CC(C)C)C2=CC=CC=C2N3CCCCC3)C(=O)O,Cachexia,0
linagliptin,10096344,CC#CCN1C2=C(N=C1N3CCCC(C3)N)N(C(=O)N(C2=O)CC4=NC5=CC=CC=C5C(=N4)C)C,Hepatorenal syndrome,0
dapagliflozin,9887712,CCOC1=CC=C(C=C1)CC2=C(C=CC(=C2)C3C(C(C(C(O3)CO)O)O)O)Cl,Diabetic foot,1
saxagliptin,11243969,C1C2CC2N(C1C#N)C(=O)C(C34CC5CC(C3)CC(C5)(C4)O)N,Blood iron decreased,0
glimepiride,3476,CCC1=C(CN(C1=O)C(=O)NCCC2=CC=C(C=C2)S(=O)(=O)NC(=O)NC3CCC(CC3)C)C,Failure to thrive,0
linagliptin,10096344,CC#CCN1C2=C(N=C1N3CCCC(C3)N)N(C(=O)N(C2=O)CC4=NC5=CC=CC=C5C(=N4)C)C,Solar lentigo,0
metformin,4091,CN(C)C(=N)N=C(N)N,Lip blister,1
glyburide,3488,COC1=C(C=C(C=C1)Cl)C(=O)NCCC2=CC=C(C=C2)S(=O)(=O)NC(=O)NC3CCCCC3,Vision blurred,1
saxagliptin,11243969,C1C2CC2N(C1C#N)C(=O)C(C34CC5CC(C3)CC(C5)(C4)O)N,Anginal equivalent,0
repaglinide,65981,CCOC1=C(C=CC(=C1)CC(=O)NC(CC(C)C)C2=CC=CC=C2N3CCCCC3)C(=O)O,Hyperparathyroidism,0
metformin,4091,CN(C)C(=N)N=C(N)N,Deformity,1
metformin,4091,CN(C)C(=N)N=C(N)N,Cerebral infarction,1
metformin,4091,CN(C)C(=N)N=C(N)N,Abscess oral,1
nateglinide,5311309,CC(C)C1CCC(CC1)C(=O)NC(CC2=CC=CC=C2)C(=O)O,Walking disability,0
glipizide,3478,CC1=CN=C(C=N1)C(=O)NCCC2=CC=C(C=C2)S(=O)(=O)NC(=O)NC3CCCCC3,Lactose intolerance,1
glipizide,3478,CC1=CN=C(C=N1)C(=O)NCCC2=CC=C(C=C2)S(=O)(=O)NC(=O)NC3CCCCC3,Pharyngeal swelling,0
canagliflozin,24812758,CC1=C(C=C(C=C1)C2C(C(C(C(O2)CO)O)O)O)CC3=CC=C(S3)C4=CC=C(C=C4)F,Urogenital infection fungal,0
canagliflozin,24812758,CC1=C(C=C(C=C1)C2C(C(C(C(O2)CO)O)O)O)CC3=CC=C(S3)C4=CC=C(C=C4)F,Suspected counterfeit product,1
glimepiride,3476,CCC1=C(CN(C1=O)C(=O)NCCC2=CC=C(C=C2)S(=O)(=O)NC(=O)NC3CCC(CC3)C)C,Hyperhidrosis,1
glimepiride,3476,CCC1=C(CN(C1=O)C(=O)NCCC2=CC=C(C=C2)S(=O)(=O)NC(=O)NC3CCC(CC3)C)C,Hypoalbuminaemia,0
saxagliptin,11243969,C1C2CC2N(C1C#N)C(=O)C(C34CC5CC(C3)CC(C5)(C4)O)N,Pyrexia,1
linagliptin,10096344,CC#CCN1C2=C(N=C1N3CCCC(C3)N)N(C(=O)N(C2=O)CC4=NC5=CC=CC=C5C(=N4)C)C,Onychalgia,0
metformin,4091,CN(C)C(=N)N=C(N)N,Ultrasound Doppler abnormal,1
acarbose,9811704,CC1C(C(C(C(O1)OC2C(OC(C(C2O)O)OC(C(CO)O)C(C(C=O)O)O)CO)O)O)NC3C=C(C(C(C3O)O)O)CO,Transient ischaemic attack,0
metformin,4091,CN(C)C(=N)N=C(N)N,Papule,1
metformin,4091,CN(C)C(=N)N=C(N)N,Hypothalamo-pituitary disorder,0
empagliflozin,11949646,C1COCC1OC2=CC=C(C=C2)CC3=C(C=CC(=C3)C4C(C(C(C(O4)CO)O)O)O)Cl,Diaphragmalgia,0
empagliflozin,11949646,C1COCC1OC2=CC=C(C=C2)CC3=C(C=CC(=C3)C4C(C(C(C(O4)CO)O)O)O)Cl,Fatigue,1
metformin,4091,CN(C)C(=N)N=C(N)N,Skin depigmentation,1
metformin,4091,CN(C)C(=N)N=C(N)N,Neuropathic ulcer,1
nateglinide,5311309,CC(C)C1CCC(CC1)C(=O)NC(CC2=CC=CC=C2)C(=O)O,Cardiac murmur,0
dapagliflozin,9887712,CCOC1=CC=C(C=C1)CC2=C(C=CC(=C2)C3C(C(C(C(O3)CO)O)O)O)Cl,Therapy cessation,1
metformin,4091,CN(C)C(=N)N=C(N)N,Periodontitis,1
sitagliptin,4369359,C1CN2C(=NN=C2C(F)(F)F)CN1C(=O)CC(CC3=CC(=C(C=C3F)F)F)N,Neuroleptic malignant syndrome,0
saxagliptin,11243969,C1C2CC2N(C1C#N)C(=O)C(C34CC5CC(C3)CC(C5)(C4)O)N,Sputum abnormal,0
canagliflozin,24812758,CC1=C(C=C(C=C1)C2C(C(C(C(O2)CO)O)O)O)CC3=CC=C(S3)C4=CC=C(C=C4)F,Dementia Alzheimer's type,1
metformin,4091,CN(C)C(=N)N=C(N)N,Lacrimation increased,1
canagliflozin,24812758,CC1=C(C=C(C=C1)C2C(C(C(C(O2)CO)O)O)O)CC3=CC=C(S3)C4=CC=C(C=C4)F,Cerebrovascular accident,1
empagliflozin,11949646,C1COCC1OC2=CC=C(C=C2)CC3=C(C=CC(=C3)C4C(C(C(C(O4)CO)O)O)O)Cl,Thirst decreased,0
glyburide,3488,COC1=C(C=C(C=C1)Cl)C(=O)NCCC2=CC=C(C=C2)S(=O)(=O)NC(=O)NC3CCCCC3,Aplasia pure red cell,0
metformin,4091,CN(C)C(=N)N=C(N)N,Penile pain,1
pioglitazone,4829,CCC1=CN=C(C=C1)CCOC2=CC=C(C=C2)CC3C(=O)NC(=O)S3,Aptyalism,0
empagliflozin,11949646,C1COCC1OC2=CC=C(C=C2)CC3=C(C=CC(=C3)C4C(C(C(C(O4)CO)O)O)O)Cl,Product contamination chemical,0
empagliflozin,11949646,C1COCC1OC2=CC=C(C=C2)CC3=C(C=CC(=C3)C4C(C(C(C(O4)CO)O)O)O)Cl,Knee operation,1
linagliptin,10096344,CC#CCN1C2=C(N=C1N3CCCC(C3)N)N(C(=O)N(C2=O)CC4=NC5=CC=CC=C5C(=N4)C)C,Nerve block,0
acarbose,9811704,CC1C(C(C(C(O1)OC2C(OC(C(C2O)O)OC(C(CO)O)C(C(C=O)O)O)CO)O)O)NC3C=C(C(C(C3O)O)O)CO,Bicuspid aortic valve,0
metformin,4091,CN(C)C(=N)N=C(N)N,Blood pressure diastolic abnormal,1
linagliptin,10096344,CC#CCN1C2=C(N=C1N3CCCC(C3)N)N(C(=O)N(C2=O)CC4=NC5=CC=CC=C5C(=N4)C)C,Unmasking of previously unidentified disease,0
glimepiride,3476,CCC1=C(CN(C1=O)C(=O)NCCC2=CC=C(C=C2)S(=O)(=O)NC(=O)NC3CCC(CC3)C)C,No adverse event,1
nateglinide,5311309,CC(C)C1CCC(CC1)C(=O)NC(CC2=CC=CC=C2)C(=O)O,Stroke volume,0
metformin,4091,CN(C)C(=N)N=C(N)N,Nephrotic syndrome,1
dapagliflozin,9887712,CCOC1=CC=C(C=C1)CC2=C(C=CC(=C2)C3C(C(C(C(O3)CO)O)O)O)Cl,Colorectal cancer,0
glimepiride,3476,CCC1=C(CN(C1=O)C(=O)NCCC2=CC=C(C=C2)S(=O)(=O)NC(=O)NC3CCC(CC3)C)C,Cystostomy,0
linagliptin,10096344,CC#CCN1C2=C(N=C1N3CCCC(C3)N)N(C(=O)N(C2=O)CC4=NC5=CC=CC=C5C(=N4)C)C,Pulmonary vascular disorder,0
empagliflozin,11949646,C1COCC1OC2=CC=C(C=C2)CC3=C(C=CC(=C3)C4C(C(C(C(O4)CO)O)O)O)Cl,Rash erythematous,1
metformin,4091,CN(C)C(=N)N=C(N)N,Arthroscopy,1
repaglinide,65981,CCOC1=C(C=CC(=C1)CC(=O)NC(CC(C)C)C2=CC=CC=C2N3CCCCC3)C(=O)O,Pancreatic carcinoma,1
glyburide,3488,COC1=C(C=C(C=C1)Cl)C(=O)NCCC2=CC=C(C=C2)S(=O)(=O)NC(=O)NC3CCCCC3,Headache,1
glimepiride,3476,CCC1=C(CN(C1=O)C(=O)NCCC2=CC=C(C=C2)S(=O)(=O)NC(=O)NC3CCC(CC3)C)C,Respiratory depression,0
glipizide,3478,CC1=CN=C(C=N1)C(=O)NCCC2=CC=C(C=C2)S(=O)(=O)NC(=O)NC3CCCCC3,Influenza,1
metformin,4091,CN(C)C(=N)N=C(N)N,Burning sensation,1
metformin,4091,CN(C)C(=N)N=C(N)N,Impaired work ability,1
metformin,4091,CN(C)C(=N)N=C(N)N,Low birth weight baby,1
empagliflozin,11949646,C1COCC1OC2=CC=C(C=C2)CC3=C(C=CC(=C3)C4C(C(C(C(O4)CO)O)O)O)Cl,Decreased appetite,1
metformin,4091,CN(C)C(=N)N=C(N)N,Mouth ulceration,1
repaglinide,65981,CCOC1=C(C=CC(=C1)CC(=O)NC(CC(C)C)C2=CC=CC=C2N3CCCCC3)C(=O)O,Saliva altered,0
repaglinide,65981,CCOC1=C(C=CC(=C1)CC(=O)NC(CC(C)C)C2=CC=CC=C2N3CCCCC3)C(=O)O,Prostatic specific antigen increased,0
dapagliflozin,9887712,CCOC1=CC=C(C=C1)CC2=C(C=CC(=C2)C3C(C(C(C(O3)CO)O)O)O)Cl,Uhthoff's phenomenon,0
dapagliflozin,9887712,CCOC1=CC=C(C=C1)CC2=C(C=CC(=C2)C3C(C(C(C(O3)CO)O)O)O)Cl,Injection related reaction,0
glipizide,3478,CC1=CN=C(C=N1)C(=O)NCCC2=CC=C(C=C2)S(=O)(=O)NC(=O)NC3CCCCC3,Hepatic ischaemia,0
nateglinide,5311309,CC(C)C1CCC(CC1)C(=O)NC(CC2=CC=CC=C2)C(=O)O,Femur fracture,0
nateglinide,5311309,CC(C)C1CCC(CC1)C(=O)NC(CC2=CC=CC=C2)C(=O)O,Drug effect less than expected,0
empagliflozin,11949646,C1COCC1OC2=CC=C(C=C2)CC3=C(C=CC(=C3)C4C(C(C(C(O4)CO)O)O)O)Cl,Prerenal failure,0
empagliflozin,11949646,C1COCC1OC2=CC=C(C=C2)CC3=C(C=CC(=C3)C4C(C(C(C(O4)CO)O)O)O)Cl,Pneumonia,1
glipizide,3478,CC1=CN=C(C=N1)C(=O)NCCC2=CC=C(C=C2)S(=O)(=O)NC(=O)NC3CCCCC3,Insomnia,1
nateglinide,5311309,CC(C)C1CCC(CC1)C(=O)NC(CC2=CC=CC=C2)C(=O)O,Autoinflammatory disease,0
linagliptin,10096344,CC#CCN1C2=C(N=C1N3CCCC(C3)N)N(C(=O)N(C2=O)CC4=NC5=CC=CC=C5C(=N4)C)C,Adverse reaction,0
glyburide,3488,COC1=C(C=C(C=C1)Cl)C(=O)NCCC2=CC=C(C=C2)S(=O)(=O)NC(=O)NC3CCCCC3,Factor V inhibition,0
canagliflozin,24812758,CC1=C(C=C(C=C1)C2C(C(C(C(O2)CO)O)O)O)CC3=CC=C(S3)C4=CC=C(C=C4)F,Complicated appendicitis,0
saxagliptin,11243969,C1C2CC2N(C1C#N)C(=O)C(C34CC5CC(C3)CC(C5)(C4)O)N,Left ventricular dysfunction,0
metformin,4091,CN(C)C(=N)N=C(N)N,Quadriparesis,1
repaglinide,65981,CCOC1=C(C=CC(=C1)CC(=O)NC(CC(C)C)C2=CC=CC=C2N3CCCCC3)C(=O)O,Photophobia,0
saxagliptin,11243969,C1C2CC2N(C1C#N)C(=O)C(C34CC5CC(C3)CC(C5)(C4)O)N,Decubitus ulcer,0
canagliflozin,24812758,CC1=C(C=C(C=C1)C2C(C(C(C(O2)CO)O)O)O)CC3=CC=C(S3)C4=CC=C(C=C4)F,Diarrhoea haemorrhagic,0
linagliptin,10096344,CC#CCN1C2=C(N=C1N3CCCC(C3)N)N(C(=O)N(C2=O)CC4=NC5=CC=CC=C5C(=N4)C)C,Neutrophil percentage increased,0
repaglinide,65981,CCOC1=C(C=CC(=C1)CC(=O)NC(CC(C)C)C2=CC=CC=C2N3CCCCC3)C(=O)O,Pemphigoid,1
metformin,4091,CN(C)C(=N)N=C(N)N,Myocardial fibrosis,1
empagliflozin,11949646,C1COCC1OC2=CC=C(C=C2)CC3=C(C=CC(=C3)C4C(C(C(C(O4)CO)O)O)O)Cl,Vulval disorder,1
metformin,4091,CN(C)C(=N)N=C(N)N,Autoimmune thyroiditis,1
metformin,4091,CN(C)C(=N)N=C(N)N,Toxic epidermal necrolysis,1
metformin,4091,CN(C)C(=N)N=C(N)N,Vaginal infection,1
empagliflozin,11949646,C1COCC1OC2=CC=C(C=C2)CC3=C(C=CC(=C3)C4C(C(C(C(O4)CO)O)O)O)Cl,Fungal urethritis,0
metformin,4091,CN(C)C(=N)N=C(N)N,Central nervous system inflammation,0
repaglinide,65981,CCOC1=C(C=CC(=C1)CC(=O)NC(CC(C)C)C2=CC=CC=C2N3CCCCC3)C(=O)O,Renal cell carcinoma,0
dapagliflozin,9887712,CCOC1=CC=C(C=C1)CC2=C(C=CC(=C2)C3C(C(C(C(O3)CO)O)O)O)Cl,Vulvovaginal pruritus,1
metformin,4091,CN(C)C(=N)N=C(N)N,Injection site hypersensitivity,1
empagliflozin,11949646,C1COCC1OC2=CC=C(C=C2)CC3=C(C=CC(=C3)C4C(C(C(C(O4)CO)O)O)O)Cl,Dyschromatopsia,0
canagliflozin,24812758,CC1=C(C=C(C=C1)C2C(C(C(C(O2)CO)O)O)O)CC3=CC=C(S3)C4=CC=C(C=C4)F,Hepatic neoplasm,1
metformin,4091,CN(C)C(=N)N=C(N)N,Device difficult to use,1
sitagliptin,4369359,C1CN2C(=NN=C2C(F)(F)F)CN1C(=O)CC(CC3=CC(=C(C=C3F)F)F)N,Stent placement,0
glimepiride,3476,CCC1=C(CN(C1=O)C(=O)NCCC2=CC=C(C=C2)S(=O)(=O)NC(=O)NC3CCC(CC3)C)C,Unhealthy diet,1
canagliflozin,24812758,CC1=C(C=C(C=C1)C2C(C(C(C(O2)CO)O)O)O)CC3=CC=C(S3)C4=CC=C(C=C4)F,Dry mouth,1
canagliflozin,24812758,CC1=C(C=C(C=C1)C2C(C(C(C(O2)CO)O)O)O)CC3=CC=C(S3)C4=CC=C(C=C4)F,Myocardial infarction,1
empagliflozin,11949646,C1COCC1OC2=CC=C(C=C2)CC3=C(C=CC(=C3)C4C(C(C(C(O4)CO)O)O)O)Cl,Aphonia,0
canagliflozin,24812758,CC1=C(C=C(C=C1)C2C(C(C(C(O2)CO)O)O)O)CC3=CC=C(S3)C4=CC=C(C=C4)F,Product use in unapproved indication,1
metformin,4091,CN(C)C(=N)N=C(N)N,Blood calcium increased,1
glyburide,3488,COC1=C(C=C(C=C1)Cl)C(=O)NCCC2=CC=C(C=C2)S(=O)(=O)NC(=O)NC3CCCCC3,Osteomyelitis chronic,0
metformin,4091,CN(C)C(=N)N=C(N)N,Flushing,1
dapagliflozin,9887712,CCOC1=CC=C(C=C1)CC2=C(C=CC(=C2)C3C(C(C(C(O3)CO)O)O)O)Cl,Glomerular filtration rate decreased,1
glyburide,3488,COC1=C(C=C(C=C1)Cl)C(=O)NCCC2=CC=C(C=C2)S(=O)(=O)NC(=O)NC3CCCCC3,Haematochezia,0
metformin,4091,CN(C)C(=N)N=C(N)N,Hypospadias,1
metformin,4091,CN(C)C(=N)N=C(N)N,Culture urine positive,1
dapagliflozin,9887712,CCOC1=CC=C(C=C1)CC2=C(C=CC(=C2)C3C(C(C(C(O3)CO)O)O)O)Cl,Glycosylated haemoglobin increased,1
empagliflozin,11949646,C1COCC1OC2=CC=C(C=C2)CC3=C(C=CC(=C3)C4C(C(C(C(O4)CO)O)O)O)Cl,Foetal growth restriction,0
metformin,4091,CN(C)C(=N)N=C(N)N,Mitral valve disease,1
canagliflozin,24812758,CC1=C(C=C(C=C1)C2C(C(C(C(O2)CO)O)O)O)CC3=CC=C(S3)C4=CC=C(C=C4)F,Anosognosia,0
repaglinide,65981,CCOC1=C(C=CC(=C1)CC(=O)NC(CC(C)C)C2=CC=CC=C2N3CCCCC3)C(=O)O,Myelitis transverse,0
glyburide,3488,COC1=C(C=C(C=C1)Cl)C(=O)NCCC2=CC=C(C=C2)S(=O)(=O)NC(=O)NC3CCCCC3,Ligament disorder,0
acarbose,9811704,CC1C(C(C(C(O1)OC2C(OC(C(C2O)O)OC(C(CO)O)C(C(C=O)O)O)CO)O)O)NC3C=C(C(C(C3O)O)O)CO,Breast sarcoma metastatic,0
saxagliptin,11243969,C1C2CC2N(C1C#N)C(=O)C(C34CC5CC(C3)CC(C5)(C4)O)N,Renal pain,0
dapagliflozin,9887712,CCOC1=CC=C(C=C1)CC2=C(C=CC(=C2)C3C(C(C(C(O3)CO)O)O)O)Cl,Diabetic neuropathic ulcer,1
sitagliptin,4369359,C1CN2C(=NN=C2C(F)(F)F)CN1C(=O)CC(CC3=CC(=C(C=C3F)F)F)N,Electrocardiogram QT prolonged,0
empagliflozin,11949646,C1COCC1OC2=CC=C(C=C2)CC3=C(C=CC(=C3)C4C(C(C(C(O4)CO)O)O)O)Cl,Oesophageal stenosis,0
nateglinide,5311309,CC(C)C1CCC(CC1)C(=O)NC(CC2=CC=CC=C2)C(=O)O,Fournier's gangrene,0
metformin,4091,CN(C)C(=N)N=C(N)N,Lichen planus,1
dapagliflozin,9887712,CCOC1=CC=C(C=C1)CC2=C(C=CC(=C2)C3C(C(C(C(O3)CO)O)O)O)Cl,Tricuspid valve incompetence,1
saxagliptin,11243969,C1C2CC2N(C1C#N)C(=O)C(C34CC5CC(C3)CC(C5)(C4)O)N,Sensitivity to weather change,0
pioglitazone,4829,CCC1=CN=C(C=C1)CCOC2=CC=C(C=C2)CC3C(=O)NC(=O)S3,Bone pain,0
metformin,4091,CN(C)C(=N)N=C(N)N,Product dose omission,1
metformin,4091,CN(C)C(=N)N=C(N)N,Soft tissue mass,1
empagliflozin,11949646,C1COCC1OC2=CC=C(C=C2)CC3=C(C=CC(=C3)C4C(C(C(C(O4)CO)O)O)O)Cl,Colitis,1
metformin,4091,CN(C)C(=N)N=C(N)N,Bacteraemia,1
acarbose,9811704,CC1C(C(C(C(O1)OC2C(OC(C(C2O)O)OC(C(CO)O)C(C(C=O)O)O)CO)O)O)NC3C=C(C(C(C3O)O)O)CO,Injection site pruritus,0
glipizide,3478,CC1=CN=C(C=N1)C(=O)NCCC2=CC=C(C=C2)S(=O)(=O)NC(=O)NC3CCCCC3,Cardiac myxoma,0
saxagliptin,11243969,C1C2CC2N(C1C#N)C(=O)C(C34CC5CC(C3)CC(C5)(C4)O)N,Glomerulonephritis membranoproliferative,0
saxagliptin,11243969,C1C2CC2N(C1C#N)C(=O)C(C34CC5CC(C3)CC(C5)(C4)O)N,Magnetic resonance imaging head abnormal,0
nateglinide,5311309,CC(C)C1CCC(CC1)C(=O)NC(CC2=CC=CC=C2)C(=O)O,Polymenorrhoea,0
rosiglitazone,77999,CN(CCOC1=CC=C(C=C1)CC2C(=O)NC(=O)S2)C3=CC=CC=N3,Vaginal haemorrhage,0
metformin,4091,CN(C)C(=N)N=C(N)N,Myositis,1
linagliptin,10096344,CC#CCN1C2=C(N=C1N3CCCC(C3)N)N(C(=O)N(C2=O)CC4=NC5=CC=CC=C5C(=N4)C)C,Optic nerve infarction,0
canagliflozin,24812758,CC1=C(C=C(C=C1)C2C(C(C(C(O2)CO)O)O)O)CC3=CC=C(S3)C4=CC=C(C=C4)F,Laryngeal squamous cell carcinoma,1
glipizide,3478,CC1=CN=C(C=N1)C(=O)NCCC2=CC=C(C=C2)S(=O)(=O)NC(=O)NC3CCCCC3,Urticaria,1
glyburide,3488,COC1=C(C=C(C=C1)Cl)C(=O)NCCC2=CC=C(C=C2)S(=O)(=O)NC(=O)NC3CCCCC3,Somnambulism,0
repaglinide,65981,CCOC1=C(C=CC(=C1)CC(=O)NC(CC(C)C)C2=CC=CC=C2N3CCCCC3)C(=O)O,Anaphylactic reaction,1
metformin,4091,CN(C)C(=N)N=C(N)N,Peripheral artery stenosis,1
dapagliflozin,9887712,CCOC1=CC=C(C=C1)CC2=C(C=CC(=C2)C3C(C(C(C(O3)CO)O)O)O)Cl,Type III immune complex mediated reaction,0
metformin,4091,CN(C)C(=N)N=C(N)N,Trismus,1
metformin,4091,CN(C)C(=N)N=C(N)N,Respiratory syncytial virus infection,1
canagliflozin,24812758,CC1=C(C=C(C=C1)C2C(C(C(C(O2)CO)O)O)O)CC3=CC=C(S3)C4=CC=C(C=C4)F,Renal failure,1
dapagliflozin,9887712,CCOC1=CC=C(C=C1)CC2=C(C=CC(=C2)C3C(C(C(C(O3)CO)O)O)O)Cl,Peritonitis,0
acarbose,9811704,CC1C(C(C(C(O1)OC2C(OC(C(C2O)O)OC(C(CO)O)C(C(C=O)O)O)CO)O)O)NC3C=C(C(C(C3O)O)O)CO,Mumps,0
linagliptin,10096344,CC#CCN1C2=C(N=C1N3CCCC(C3)N)N(C(=O)N(C2=O)CC4=NC5=CC=CC=C5C(=N4)C)C,Lower gastrointestinal haemorrhage,0
dapagliflozin,9887712,CCOC1=CC=C(C=C1)CC2=C(C=CC(=C2)C3C(C(C(C(O3)CO)O)O)O)Cl,Confusional state,1
metformin,4091,CN(C)C(=N)N=C(N)N,Osteoarthritis,1
pioglitazone,4829,CCC1=CN=C(C=C1)CCOC2=CC=C(C=C2)CC3C(=O)NC(=O)S3,Disinhibition,0
glyburide,3488,COC1=C(C=C(C=C1)Cl)C(=O)NCCC2=CC=C(C=C2)S(=O)(=O)NC(=O)NC3CCCCC3,Uterine rupture,0
linagliptin,10096344,CC#CCN1C2=C(N=C1N3CCCC(C3)N)N(C(=O)N(C2=O)CC4=NC5=CC=CC=C5C(=N4)C)C,Mental disorder,0
metformin,4091,CN(C)C(=N)N=C(N)N,Near drowning,0
dapagliflozin,9887712,CCOC1=CC=C(C=C1)CC2=C(C=CC(=C2)C3C(C(C(C(O3)CO)O)O)O)Cl,Renal artery thrombosis,0
acarbose,9811704,CC1C(C(C(C(O1)OC2C(OC(C(C2O)O)OC(C(CO)O)C(C(C=O)O)O)CO)O)O)NC3C=C(C(C(C3O)O)O)CO,Tendon injury,0
metformin,4091,CN(C)C(=N)N=C(N)N,Fibrillary glomerulonephritis,1
rosiglitazone,77999,CN(CCOC1=CC=C(C=C1)CC2C(=O)NC(=O)S2)C3=CC=CC=N3,Epilepsy,0
repaglinide,65981,CCOC1=C(C=CC(=C1)CC(=O)NC(CC(C)C)C2=CC=CC=C2N3CCCCC3)C(=O)O,Foetal death,0
metformin,4091,CN(C)C(=N)N=C(N)N,Night blindness,1
glyburide,3488,COC1=C(C=C(C=C1)Cl)C(=O)NCCC2=CC=C(C=C2)S(=O)(=O)NC(=O)NC3CCCCC3,Therapy change,0
glyburide,3488,COC1=C(C=C(C=C1)Cl)C(=O)NCCC2=CC=C(C=C2)S(=O)(=O)NC(=O)NC3CCCCC3,Tracheostomy,0
metformin,4091,CN(C)C(=N)N=C(N)N,Lumbosacral radiculoplexus neuropathy,1
saxagliptin,11243969,C1C2CC2N(C1C#N)C(=O)C(C34CC5CC(C3)CC(C5)(C4)O)N,Cholelithiasis,0
glimepiride,3476,CCC1=C(CN(C1=O)C(=O)NCCC2=CC=C(C=C2)S(=O)(=O)NC(=O)NC3CCC(CC3)C)C,Stiff person syndrome,0
metformin,4091,CN(C)C(=N)N=C(N)N,Pollakiuria,1
glyburide,3488,COC1=C(C=C(C=C1)Cl)C(=O)NCCC2=CC=C(C=C2)S(=O)(=O)NC(=O)NC3CCCCC3,Migraine,1
metformin,4091,CN(C)C(=N)N=C(N)N,Neuroleptic malignant syndrome,1
sitagliptin,4369359,C1CN2C(=NN=C2C(F)(F)F)CN1C(=O)CC(CC3=CC(=C(C=C3F)F)F)N,Anaemia,1
nateglinide,5311309,CC(C)C1CCC(CC1)C(=O)NC(CC2=CC=CC=C2)C(=O)O,Renal impairment,0
sitagliptin,4369359,C1CN2C(=NN=C2C(F)(F)F)CN1C(=O)CC(CC3=CC(=C(C=C3F)F)F)N,Deafness unilateral,0
glyburide,3488,COC1=C(C=C(C=C1)Cl)C(=O)NCCC2=CC=C(C=C2)S(=O)(=O)NC(=O)NC3CCCCC3,Discouragement,0
metformin,4091,CN(C)C(=N)N=C(N)N,Menstrual disorder,1
acarbose,9811704,CC1C(C(C(C(O1)OC2C(OC(C(C2O)O)OC(C(CO)O)C(C(C=O)O)O)CO)O)O)NC3C=C(C(C(C3O)O)O)CO,Low birth weight baby,0
nateglinide,5311309,CC(C)C1CCC(CC1)C(=O)NC(CC2=CC=CC=C2)C(=O)O,Type V hyperlipidaemia,0
dapagliflozin,9887712,CCOC1=CC=C(C=C1)CC2=C(C=CC(=C2)C3C(C(C(C(O3)CO)O)O)O)Cl,Vulvovaginal discomfort,1
glyburide,3488,COC1=C(C=C(C=C1)Cl)C(=O)NCCC2=CC=C(C=C2)S(=O)(=O)NC(=O)NC3CCCCC3,Blood uric acid increased,0
empagliflozin,11949646,C1COCC1OC2=CC=C(C=C2)CC3=C(C=CC(=C3)C4C(C(C(C(O4)CO)O)O)O)Cl,Vaginitis gardnerella,1
metformin,4091,CN(C)C(=N)N=C(N)N,Macrosomia,1
canagliflozin,24812758,CC1=C(C=C(C=C1)C2C(C(C(C(O2)CO)O)O)O)CC3=CC=C(S3)C4=CC=C(C=C4)F,Neoplasm skin,1
metformin,4091,CN(C)C(=N)N=C(N)N,Wound dehiscence,0
glyburide,3488,COC1=C(C=C(C=C1)Cl)C(=O)NCCC2=CC=C(C=C2)S(=O)(=O)NC(=O)NC3CCCCC3,Paradoxical drug reaction,0
metformin,4091,CN(C)C(=N)N=C(N)N,Feeding intolerance,0
empagliflozin,11949646,C1COCC1OC2=CC=C(C=C2)CC3=C(C=CC(=C3)C4C(C(C(C(O4)CO)O)O)O)Cl,Ketosis,1
metformin,4091,CN(C)C(=N)N=C(N)N,Neuropsychiatric symptoms,1
glyburide,3488,COC1=C(C=C(C=C1)Cl)C(=O)NCCC2=CC=C(C=C2)S(=O)(=O)NC(=O)NC3CCCCC3,Penis disorder,0
canagliflozin,24812758,CC1=C(C=C(C=C1)C2C(C(C(C(O2)CO)O)O)O)CC3=CC=C(S3)C4=CC=C(C=C4)F,Chronic hepatic failure,1
empagliflozin,11949646,C1COCC1OC2=CC=C(C=C2)CC3=C(C=CC(=C3)C4C(C(C(C(O4)CO)O)O)O)Cl,Intraventricular haemorrhage neonatal,0
glimepiride,3476,CCC1=C(CN(C1=O)C(=O)NCCC2=CC=C(C=C2)S(=O)(=O)NC(=O)NC3CCC(CC3)C)C,Blood lactic acid abnormal,0
repaglinide,65981,CCOC1=C(C=CC(=C1)CC(=O)NC(CC(C)C)C2=CC=CC=C2N3CCCCC3)C(=O)O,Lactic acidosis,1
glipizide,3478,CC1=CN=C(C=N1)C(=O)NCCC2=CC=C(C=C2)S(=O)(=O)NC(=O)NC3CCCCC3,Product quality issue,1
acarbose,9811704,CC1C(C(C(C(O1)OC2C(OC(C(C2O)O)OC(C(CO)O)C(C(C=O)O)O)CO)O)O)NC3C=C(C(C(C3O)O)O)CO,Urinary bladder haemorrhage,0
dapagliflozin,9887712,CCOC1=CC=C(C=C1)CC2=C(C=CC(=C2)C3C(C(C(C(O3)CO)O)O)O)Cl,Pulmonary embolism,0
metformin,4091,CN(C)C(=N)N=C(N)N,Transaminases increased,1
glyburide,3488,COC1=C(C=C(C=C1)Cl)C(=O)NCCC2=CC=C(C=C2)S(=O)(=O)NC(=O)NC3CCCCC3,Ascites,0
sitagliptin,4369359,C1CN2C(=NN=C2C(F)(F)F)CN1C(=O)CC(CC3=CC(=C(C=C3F)F)F)N,Haemoconcentration,0
sitagliptin,4369359,C1CN2C(=NN=C2C(F)(F)F)CN1C(=O)CC(CC3=CC(=C(C=C3F)F)F)N,Craniocerebral injury,0
metformin,4091,CN(C)C(=N)N=C(N)N,Aneurysm,0
acarbose,9811704,CC1C(C(C(C(O1)OC2C(OC(C(C2O)O)OC(C(CO)O)C(C(C=O)O)O)CO)O)O)NC3C=C(C(C(C3O)O)O)CO,Stupor,0
empagliflozin,11949646,C1COCC1OC2=CC=C(C=C2)CC3=C(C=CC(=C3)C4C(C(C(C(O4)CO)O)O)O)Cl,Nail disorder,0
glimepiride,3476,CCC1=C(CN(C1=O)C(=O)NCCC2=CC=C(C=C2)S(=O)(=O)NC(=O)NC3CCC(CC3)C)C,Hyperparathyroidism primary,0
glimepiride,3476,CCC1=C(CN(C1=O)C(=O)NCCC2=CC=C(C=C2)S(=O)(=O)NC(=O)NC3CCC(CC3)C)C,Microcephaly,0
metformin,4091,CN(C)C(=N)N=C(N)N,Pneumonia,1
repaglinide,65981,CCOC1=C(C=CC(=C1)CC(=O)NC(CC(C)C)C2=CC=CC=C2N3CCCCC3)C(=O)O,Electrocardiogram ST-T change,0
metformin,4091,CN(C)C(=N)N=C(N)N,Lichen sclerosus,1
empagliflozin,11949646,C1COCC1OC2=CC=C(C=C2)CC3=C(C=CC(=C3)C4C(C(C(C(O4)CO)O)O)O)Cl,Hypoglycaemic unconsciousness,0
metformin,4091,CN(C)C(=N)N=C(N)N,Foot deformity,1
canagliflozin,24812758,CC1=C(C=C(C=C1)C2C(C(C(C(O2)CO)O)O)O)CC3=CC=C(S3)C4=CC=C(C=C4)F,Hypotension,1
saxagliptin,11243969,C1C2CC2N(C1C#N)C(=O)C(C34CC5CC(C3)CC(C5)(C4)O)N,Mucosal inflammation,0
empagliflozin,11949646,C1COCC1OC2=CC=C(C=C2)CC3=C(C=CC(=C3)C4C(C(C(C(O4)CO)O)O)O)Cl,Myocarditis,0
glipizide,3478,CC1=CN=C(C=N1)C(=O)NCCC2=CC=C(C=C2)S(=O)(=O)NC(=O)NC3CCCCC3,Grip strength decreased,0
metformin,4091,CN(C)C(=N)N=C(N)N,Impaired self-care,0
repaglinide,65981,CCOC1=C(C=CC(=C1)CC(=O)NC(CC(C)C)C2=CC=CC=C2N3CCCCC3)C(=O)O,Reflexes abnormal,0
metformin,4091,CN(C)C(=N)N=C(N)N,Caudal regression syndrome,1
metformin,4091,CN(C)C(=N)N=C(N)N,Extremity necrosis,1
metformin,4091,CN(C)C(=N)N=C(N)N,Listless,1
glimepiride,3476,CCC1=C(CN(C1=O)C(=O)NCCC2=CC=C(C=C2)S(=O)(=O)NC(=O)NC3CCC(CC3)C)C,Aortic aneurysm,0
sitagliptin,4369359,C1CN2C(=NN=C2C(F)(F)F)CN1C(=O)CC(CC3=CC(=C(C=C3F)F)F)N,Fungal infection,1
empagliflozin,11949646,C1COCC1OC2=CC=C(C=C2)CC3=C(C=CC(=C3)C4C(C(C(C(O4)CO)O)O)O)Cl,Cardiac tamponade,1
nateglinide,5311309,CC(C)C1CCC(CC1)C(=O)NC(CC2=CC=CC=C2)C(=O)O,Developmental delay,0
metformin,4091,CN(C)C(=N)N=C(N)N,Glioblastoma,1
metformin,4091,CN(C)C(=N)N=C(N)N,Lung neoplasm malignant,1
linagliptin,10096344,CC#CCN1C2=C(N=C1N3CCCC(C3)N)N(C(=O)N(C2=O)CC4=NC5=CC=CC=C5C(=N4)C)C,Candida infection,0
nateglinide,5311309,CC(C)C1CCC(CC1)C(=O)NC(CC2=CC=CC=C2)C(=O)O,Hemiplegia,0
metformin,4091,CN(C)C(=N)N=C(N)N,Systolic hypertension,1
dapagliflozin,9887712,CCOC1=CC=C(C=C1)CC2=C(C=CC(=C2)C3C(C(C(C(O3)CO)O)O)O)Cl,Purpura,1
acarbose,9811704,CC1C(C(C(C(O1)OC2C(OC(C(C2O)O)OC(C(CO)O)C(C(C=O)O)O)CO)O)O)NC3C=C(C(C(C3O)O)O)CO,Manganese increased,0
empagliflozin,11949646,C1COCC1OC2=CC=C(C=C2)CC3=C(C=CC(=C3)C4C(C(C(C(O4)CO)O)O)O)Cl,Congenital musculoskeletal disorder of limbs,0
pioglitazone,4829,CCC1=CN=C(C=C1)CCOC2=CC=C(C=C2)CC3C(=O)NC(=O)S3,Pain in extremity,1
linagliptin,10096344,CC#CCN1C2=C(N=C1N3CCCC(C3)N)N(C(=O)N(C2=O)CC4=NC5=CC=CC=C5C(=N4)C)C,Hepatic infection,0
rosiglitazone,77999,CN(CCOC1=CC=C(C=C1)CC2C(=O)NC(=O)S2)C3=CC=CC=N3,Gamma-glutamyltransferase,0
pioglitazone,4829,CCC1=CN=C(C=C1)CCOC2=CC=C(C=C2)CC3C(=O)NC(=O)S3,Asthma,1
metformin,4091,CN(C)C(=N)N=C(N)N,Intercepted product dispensing error,1
linagliptin,10096344,CC#CCN1C2=C(N=C1N3CCCC(C3)N)N(C(=O)N(C2=O)CC4=NC5=CC=CC=C5C(=N4)C)C,Feeding disorder,0
saxagliptin,11243969,C1C2CC2N(C1C#N)C(=O)C(C34CC5CC(C3)CC(C5)(C4)O)N,Hepatic steatosis,0
rosiglitazone,77999,CN(CCOC1=CC=C(C=C1)CC2C(=O)NC(=O)S2)C3=CC=CC=N3,Increased viscosity of upper respiratory secretion,0
glipizide,3478,CC1=CN=C(C=N1)C(=O)NCCC2=CC=C(C=C2)S(=O)(=O)NC(=O)NC3CCCCC3,Abdominal symptom,0
canagliflozin,24812758,CC1=C(C=C(C=C1)C2C(C(C(C(O2)CO)O)O)O)CC3=CC=C(S3)C4=CC=C(C=C4)F,Gastric dilatation,0
dapagliflozin,9887712,CCOC1=CC=C(C=C1)CC2=C(C=CC(=C2)C3C(C(C(C(O3)CO)O)O)O)Cl,Skin infection,0
linagliptin,10096344,CC#CCN1C2=C(N=C1N3CCCC(C3)N)N(C(=O)N(C2=O)CC4=NC5=CC=CC=C5C(=N4)C)C,Rotator cuff syndrome,0
canagliflozin,24812758,CC1=C(C=C(C=C1)C2C(C(C(C(O2)CO)O)O)O)CC3=CC=C(S3)C4=CC=C(C=C4)F,Torsade de pointes,0
metformin,4091,CN(C)C(=N)N=C(N)N,Helicobacter gastritis,1
metformin,4091,CN(C)C(=N)N=C(N)N,White blood cells urine positive,1
metformin,4091,CN(C)C(=N)N=C(N)N,Hepatitis acute,1
repaglinide,65981,CCOC1=C(C=CC(=C1)CC(=O)NC(CC(C)C)C2=CC=CC=C2N3CCCCC3)C(=O)O,Faecaloma,0
metformin,4091,CN(C)C(=N)N=C(N)N,Hepatitis viral,1
glipizide,3478,CC1=CN=C(C=N1)C(=O)NCCC2=CC=C(C=C2)S(=O)(=O)NC(=O)NC3CCCCC3,Ecthyma,0
saxagliptin,11243969,C1C2CC2N(C1C#N)C(=O)C(C34CC5CC(C3)CC(C5)(C4)O)N,Adenocarcinoma of colon,0
metformin,4091,CN(C)C(=N)N=C(N)N,Carotid artery thrombosis,1
metformin,4091,CN(C)C(=N)N=C(N)N,Hypertensive crisis,1
pioglitazone,4829,CCC1=CN=C(C=C1)CCOC2=CC=C(C=C2)CC3C(=O)NC(=O)S3,Hirsutism,0
acarbose,9811704,CC1C(C(C(C(O1)OC2C(OC(C(C2O)O)OC(C(CO)O)C(C(C=O)O)O)CO)O)O)NC3C=C(C(C(C3O)O)O)CO,Hepatic enzyme increased,0
glipizide,3478,CC1=CN=C(C=N1)C(=O)NCCC2=CC=C(C=C2)S(=O)(=O)NC(=O)NC3CCCCC3,Migraine,0
saxagliptin,11243969,C1C2CC2N(C1C#N)C(=O)C(C34CC5CC(C3)CC(C5)(C4)O)N,Macrocephaly,0
metformin,4091,CN(C)C(=N)N=C(N)N,Microcephaly,1
sitagliptin,4369359,C1CN2C(=NN=C2C(F)(F)F)CN1C(=O)CC(CC3=CC(=C(C=C3F)F)F)N,Product physical consistency issue,0
glipizide,3478,CC1=CN=C(C=N1)C(=O)NCCC2=CC=C(C=C2)S(=O)(=O)NC(=O)NC3CCCCC3,Pain,1
pioglitazone,4829,CCC1=CN=C(C=C1)CCOC2=CC=C(C=C2)CC3C(=O)NC(=O)S3,Mental status changes,1
sitagliptin,4369359,C1CN2C(=NN=C2C(F)(F)F)CN1C(=O)CC(CC3=CC(=C(C=C3F)F)F)N,Myasthenia gravis,0
canagliflozin,24812758,CC1=C(C=C(C=C1)C2C(C(C(C(O2)CO)O)O)O)CC3=CC=C(S3)C4=CC=C(C=C4)F,Iron deficiency anaemia,0
nateglinide,5311309,CC(C)C1CCC(CC1)C(=O)NC(CC2=CC=CC=C2)C(=O)O,Jaundice,0
metformin,4091,CN(C)C(=N)N=C(N)N,Pulmonary fibrosis,1
rosiglitazone,77999,CN(CCOC1=CC=C(C=C1)CC2C(=O)NC(=O)S2)C3=CC=CC=N3,Bipolar I disorder,0
metformin,4091,CN(C)C(=N)N=C(N)N,Rhinovirus infection,1
metformin,4091,CN(C)C(=N)N=C(N)N,Illness,1
metformin,4091,CN(C)C(=N)N=C(N)N,Coccydynia,1
metformin,4091,CN(C)C(=N)N=C(N)N,Unevaluable event,1
metformin,4091,CN(C)C(=N)N=C(N)N,Hypokalaemia,1
glimepiride,3476,CCC1=C(CN(C1=O)C(=O)NCCC2=CC=C(C=C2)S(=O)(=O)NC(=O)NC3CCC(CC3)C)C,Restless legs syndrome,0
metformin,4091,CN(C)C(=N)N=C(N)N,Cyst,1
metformin,4091,CN(C)C(=N)N=C(N)N,Eczema,1
metformin,4091,CN(C)C(=N)N=C(N)N,Nail discolouration,1
glipizide,3478,CC1=CN=C(C=N1)C(=O)NCCC2=CC=C(C=C2)S(=O)(=O)NC(=O)NC3CCCCC3,Abdominal discomfort,1
metformin,4091,CN(C)C(=N)N=C(N)N,Pituitary enlargement,1
linagliptin,10096344,CC#CCN1C2=C(N=C1N3CCCC(C3)N)N(C(=O)N(C2=O)CC4=NC5=CC=CC=C5C(=N4)C)C,Activated partial thromboplastin time prolonged,0
repaglinide,65981,CCOC1=C(C=CC(=C1)CC(=O)NC(CC(C)C)C2=CC=CC=C2N3CCCCC3)C(=O)O,Pharyngeal erythema,0
dapagliflozin,9887712,CCOC1=CC=C(C=C1)CC2=C(C=CC(=C2)C3C(C(C(C(O3)CO)O)O)O)Cl,Sleep disorder,1
acarbose,9811704,CC1C(C(C(C(O1)OC2C(OC(C(C2O)O)OC(C(CO)O)C(C(C=O)O)O)CO)O)O)NC3C=C(C(C(C3O)O)O)CO,Deafness unilateral,0
nateglinide,5311309,CC(C)C1CCC(CC1)C(=O)NC(CC2=CC=CC=C2)C(=O)O,Blood folate decreased,0
glyburide,3488,COC1=C(C=C(C=C1)Cl)C(=O)NCCC2=CC=C(C=C2)S(=O)(=O)NC(=O)NC3CCCCC3,Cluster headache,0
canagliflozin,24812758,CC1=C(C=C(C=C1)C2C(C(C(C(O2)CO)O)O)O)CC3=CC=C(S3)C4=CC=C(C=C4)F,Osteomyelitis,1
glipizide,3478,CC1=CN=C(C=N1)C(=O)NCCC2=CC=C(C=C2)S(=O)(=O)NC(=O)NC3CCCCC3,Tendonitis,0
dapagliflozin,9887712,CCOC1=CC=C(C=C1)CC2=C(C=CC(=C2)C3C(C(C(C(O3)CO)O)O)O)Cl,Decreased appetite,1
dapagliflozin,9887712,CCOC1=CC=C(C=C1)CC2=C(C=CC(=C2)C3C(C(C(C(O3)CO)O)O)O)Cl,Immature granulocyte count increased,0
metformin,4091,CN(C)C(=N)N=C(N)N,Muscle contractions involuntary,1
pioglitazone,4829,CCC1=CN=C(C=C1)CCOC2=CC=C(C=C2)CC3C(=O)NC(=O)S3,Staphylococcal infection,1
dapagliflozin,9887712,CCOC1=CC=C(C=C1)CC2=C(C=CC(=C2)C3C(C(C(C(O3)CO)O)O)O)Cl,Palpitations,1
metformin,4091,CN(C)C(=N)N=C(N)N,Toxic encephalopathy,1
glyburide,3488,COC1=C(C=C(C=C1)Cl)C(=O)NCCC2=CC=C(C=C2)S(=O)(=O)NC(=O)NC3CCCCC3,Implantable defibrillator insertion,0
metformin,4091,CN(C)C(=N)N=C(N)N,Myocardial hypoperfusion,1
glimepiride,3476,CCC1=C(CN(C1=O)C(=O)NCCC2=CC=C(C=C2)S(=O)(=O)NC(=O)NC3CCC(CC3)C)C,Frustration tolerance decreased,1
sitagliptin,4369359,C1CN2C(=NN=C2C(F)(F)F)CN1C(=O)CC(CC3=CC(=C(C=C3F)F)F)N,Self-consciousness,0
metformin,4091,CN(C)C(=N)N=C(N)N,Victim of chemical submission,1
dapagliflozin,9887712,CCOC1=CC=C(C=C1)CC2=C(C=CC(=C2)C3C(C(C(C(O3)CO)O)O)O)Cl,pH urine increased,0
glimepiride,3476,CCC1=C(CN(C1=O)C(=O)NCCC2=CC=C(C=C2)S(=O)(=O)NC(=O)NC3CCC(CC3)C)C,Hepatic infection,1
dapagliflozin,9887712,CCOC1=CC=C(C=C1)CC2=C(C=CC(=C2)C3C(C(C(C(O3)CO)O)O)O)Cl,Thyroid function test abnormal,0
dapagliflozin,9887712,CCOC1=CC=C(C=C1)CC2=C(C=CC(=C2)C3C(C(C(C(O3)CO)O)O)O)Cl,Very long-chain acyl-coenzyme A dehydrogenase deficiency,0
empagliflozin,11949646,C1COCC1OC2=CC=C(C=C2)CC3=C(C=CC(=C3)C4C(C(C(C(O4)CO)O)O)O)Cl,Bandaemia,1
metformin,4091,CN(C)C(=N)N=C(N)N,Cerebral disorder,1
glimepiride,3476,CCC1=C(CN(C1=O)C(=O)NCCC2=CC=C(C=C2)S(=O)(=O)NC(=O)NC3CCC(CC3)C)C,Disturbance in attention,0
repaglinide,65981,CCOC1=C(C=CC(=C1)CC(=O)NC(CC(C)C)C2=CC=CC=C2N3CCCCC3)C(=O)O,Hypokinesia,1
glipizide,3478,CC1=CN=C(C=N1)C(=O)NCCC2=CC=C(C=C2)S(=O)(=O)NC(=O)NC3CCCCC3,Asthenia,1
linagliptin,10096344,CC#CCN1C2=C(N=C1N3CCCC(C3)N)N(C(=O)N(C2=O)CC4=NC5=CC=CC=C5C(=N4)C)C,Blood lactic acid abnormal,0
dapagliflozin,9887712,CCOC1=CC=C(C=C1)CC2=C(C=CC(=C2)C3C(C(C(C(O3)CO)O)O)O)Cl,Left ventricular end-diastolic pressure increased,0
canagliflozin,24812758,CC1=C(C=C(C=C1)C2C(C(C(C(O2)CO)O)O)O)CC3=CC=C(S3)C4=CC=C(C=C4)F,Femoral pulse abnormal,0
metformin,4091,CN(C)C(=N)N=C(N)N,Injection site erosion,1
repaglinide,65981,CCOC1=C(C=CC(=C1)CC(=O)NC(CC(C)C)C2=CC=CC=C2N3CCCCC3)C(=O)O,Acute on chronic liver failure,0
sitagliptin,4369359,C1CN2C(=NN=C2C(F)(F)F)CN1C(=O)CC(CC3=CC(=C(C=C3F)F)F)N,Atrial flutter,0
metformin,4091,CN(C)C(=N)N=C(N)N,Tongue pruritus,1
canagliflozin,24812758,CC1=C(C=C(C=C1)C2C(C(C(C(O2)CO)O)O)O)CC3=CC=C(S3)C4=CC=C(C=C4)F,Enteritis infectious,0
acarbose,9811704,CC1C(C(C(C(O1)OC2C(OC(C(C2O)O)OC(C(CO)O)C(C(C=O)O)O)CO)O)O)NC3C=C(C(C(C3O)O)O)CO,Radiculopathy,0
sitagliptin,4369359,C1CN2C(=NN=C2C(F)(F)F)CN1C(=O)CC(CC3=CC(=C(C=C3F)F)F)N,Gastrointestinal disorder,1
canagliflozin,24812758,CC1=C(C=C(C=C1)C2C(C(C(C(O2)CO)O)O)O)CC3=CC=C(S3)C4=CC=C(C=C4)F,Leukopenia,0
dapagliflozin,9887712,CCOC1=CC=C(C=C1)CC2=C(C=CC(=C2)C3C(C(C(C(O3)CO)O)O)O)Cl,Foreign body ingestion,0
metformin,4091,CN(C)C(=N)N=C(N)N,Blood pH decreased,1
saxagliptin,11243969,C1C2CC2N(C1C#N)C(=O)C(C34CC5CC(C3)CC(C5)(C4)O)N,Aneurysm,0
metformin,4091,CN(C)C(=N)N=C(N)N,Hypercalcaemia,1
sitagliptin,4369359,C1CN2C(=NN=C2C(F)(F)F)CN1C(=O)CC(CC3=CC(=C(C=C3F)F)F)N,Ovarian hyperstimulation syndrome,0
empagliflozin,11949646,C1COCC1OC2=CC=C(C=C2)CC3=C(C=CC(=C3)C4C(C(C(C(O4)CO)O)O)O)Cl,Urinary hesitation,0
pioglitazone,4829,CCC1=CN=C(C=C1)CCOC2=CC=C(C=C2)CC3C(=O)NC(=O)S3,Penis disorder,0
empagliflozin,11949646,C1COCC1OC2=CC=C(C=C2)CC3=C(C=CC(=C3)C4C(C(C(C(O4)CO)O)O)O)Cl,Prostatomegaly,1
metformin,4091,CN(C)C(=N)N=C(N)N,Faeces discoloured,1
pioglitazone,4829,CCC1=CN=C(C=C1)CCOC2=CC=C(C=C2)CC3C(=O)NC(=O)S3,Nephroangiosclerosis,0
saxagliptin,11243969,C1C2CC2N(C1C#N)C(=O)C(C34CC5CC(C3)CC(C5)(C4)O)N,Blood ketone body,0
pioglitazone,4829,CCC1=CN=C(C=C1)CCOC2=CC=C(C=C2)CC3C(=O)NC(=O)S3,Femoral neck fracture,1
pioglitazone,4829,CCC1=CN=C(C=C1)CCOC2=CC=C(C=C2)CC3C(=O)NC(=O)S3,Calculus bladder,1
pioglitazone,4829,CCC1=CN=C(C=C1)CCOC2=CC=C(C=C2)CC3C(=O)NC(=O)S3,Genital haemorrhage,0
acarbose,9811704,CC1C(C(C(C(O1)OC2C(OC(C(C2O)O)OC(C(CO)O)C(C(C=O)O)O)CO)O)O)NC3C=C(C(C(C3O)O)O)CO,Bite,0
metformin,4091,CN(C)C(=N)N=C(N)N,Eye haemorrhage,1
glipizide,3478,CC1=CN=C(C=N1)C(=O)NCCC2=CC=C(C=C2)S(=O)(=O)NC(=O)NC3CCCCC3,Therapy interrupted,0
glipizide,3478,CC1=CN=C(C=N1)C(=O)NCCC2=CC=C(C=C2)S(=O)(=O)NC(=O)NC3CCCCC3,Prostatic operation,0
repaglinide,65981,CCOC1=C(C=CC(=C1)CC(=O)NC(CC(C)C)C2=CC=CC=C2N3CCCCC3)C(=O)O,Pyelonephritis,0
glyburide,3488,COC1=C(C=C(C=C1)Cl)C(=O)NCCC2=CC=C(C=C2)S(=O)(=O)NC(=O)NC3CCCCC3,Anal abscess,0
dapagliflozin,9887712,CCOC1=CC=C(C=C1)CC2=C(C=CC(=C2)C3C(C(C(C(O3)CO)O)O)O)Cl,High density lipoprotein increased,0
metformin,4091,CN(C)C(=N)N=C(N)N,Cardiotoxicity,1
glimepiride,3476,CCC1=C(CN(C1=O)C(=O)NCCC2=CC=C(C=C2)S(=O)(=O)NC(=O)NC3CCC(CC3)C)C,Insomnia,1
metformin,4091,CN(C)C(=N)N=C(N)N,Lichenification,1
rosiglitazone,77999,CN(CCOC1=CC=C(C=C1)CC2C(=O)NC(=O)S2)C3=CC=CC=N3,Skin fibrosis,0
acarbose,9811704,CC1C(C(C(C(O1)OC2C(OC(C(C2O)O)OC(C(CO)O)C(C(C=O)O)O)CO)O)O)NC3C=C(C(C(C3O)O)O)CO,Normocytic anaemia,0
pioglitazone,4829,CCC1=CN=C(C=C1)CCOC2=CC=C(C=C2)CC3C(=O)NC(=O)S3,Leukocyturia,0
metformin,4091,CN(C)C(=N)N=C(N)N,Ectopia cordis,1
metformin,4091,CN(C)C(=N)N=C(N)N,Expired product administered,1
rosiglitazone,77999,CN(CCOC1=CC=C(C=C1)CC2C(=O)NC(=O)S2)C3=CC=CC=N3,Petechiae,0
sitagliptin,4369359,C1CN2C(=NN=C2C(F)(F)F)CN1C(=O)CC(CC3=CC(=C(C=C3F)F)F)N,Smoke sensitivity,0
glimepiride,3476,CCC1=C(CN(C1=O)C(=O)NCCC2=CC=C(C=C2)S(=O)(=O)NC(=O)NC3CCC(CC3)C)C,Eosinophilia,0
empagliflozin,11949646,C1COCC1OC2=CC=C(C=C2)CC3=C(C=CC(=C3)C4C(C(C(C(O4)CO)O)O)O)Cl,Vulvovaginal dryness,0
empagliflozin,11949646,C1COCC1OC2=CC=C(C=C2)CC3=C(C=CC(=C3)C4C(C(C(C(O4)CO)O)O)O)Cl,Pruritus,1
acarbose,9811704,CC1C(C(C(C(O1)OC2C(OC(C(C2O)O)OC(C(CO)O)C(C(C=O)O)O)CO)O)O)NC3C=C(C(C(C3O)O)O)CO,Haemorrhage,0
metformin,4091,CN(C)C(=N)N=C(N)N,Tractional retinal detachment,1
sitagliptin,4369359,C1CN2C(=NN=C2C(F)(F)F)CN1C(=O)CC(CC3=CC(=C(C=C3F)F)F)N,Application site hypersensitivity,0
pioglitazone,4829,CCC1=CN=C(C=C1)CCOC2=CC=C(C=C2)CC3C(=O)NC(=O)S3,Limb discomfort,1
dapagliflozin,9887712,CCOC1=CC=C(C=C1)CC2=C(C=CC(=C2)C3C(C(C(C(O3)CO)O)O)O)Cl,Brain natriuretic peptide abnormal,1
canagliflozin,24812758,CC1=C(C=C(C=C1)C2C(C(C(C(O2)CO)O)O)O)CC3=CC=C(S3)C4=CC=C(C=C4)F,Haemangioma of liver,1
rosiglitazone,77999,CN(CCOC1=CC=C(C=C1)CC2C(=O)NC(=O)S2)C3=CC=CC=N3,Aspartate aminotransferase increased,0
sitagliptin,4369359,C1CN2C(=NN=C2C(F)(F)F)CN1C(=O)CC(CC3=CC(=C(C=C3F)F)F)N,Colon neoplasm,0
metformin,4091,CN(C)C(=N)N=C(N)N,Polyneuropathy,1
sitagliptin,4369359,C1CN2C(=NN=C2C(F)(F)F)CN1C(=O)CC(CC3=CC(=C(C=C3F)F)F)N,Iron overload,0
metformin,4091,CN(C)C(=N)N=C(N)N,Disease recurrence,1
empagliflozin,11949646,C1COCC1OC2=CC=C(C=C2)CC3=C(C=CC(=C3)C4C(C(C(C(O4)CO)O)O)O)Cl,Nephritis,1
glyburide,3488,COC1=C(C=C(C=C1)Cl)C(=O)NCCC2=CC=C(C=C2)S(=O)(=O)NC(=O)NC3CCCCC3,Diabetic gangrene,0
rosiglitazone,77999,CN(CCOC1=CC=C(C=C1)CC2C(=O)NC(=O)S2)C3=CC=CC=N3,Fibula fracture,0
glimepiride,3476,CCC1=C(CN(C1=O)C(=O)NCCC2=CC=C(C=C2)S(=O)(=O)NC(=O)NC3CCC(CC3)C)C,Light chain analysis increased,0
metformin,4091,CN(C)C(=N)N=C(N)N,Quadriplegia,1
metformin,4091,CN(C)C(=N)N=C(N)N,Eye pruritus,1
pioglitazone,4829,CCC1=CN=C(C=C1)CCOC2=CC=C(C=C2)CC3C(=O)NC(=O)S3,Ascites,1
metformin,4091,CN(C)C(=N)N=C(N)N,Neurological symptom,1
metformin,4091,CN(C)C(=N)N=C(N)N,Systolic dysfunction,1
dapagliflozin,9887712,CCOC1=CC=C(C=C1)CC2=C(C=CC(=C2)C3C(C(C(C(O3)CO)O)O)O)Cl,Regurgitation,0
nateglinide,5311309,CC(C)C1CCC(CC1)C(=O)NC(CC2=CC=CC=C2)C(=O)O,Food interaction,0
metformin,4091,CN(C)C(=N)N=C(N)N,Eye pain,1
canagliflozin,24812758,CC1=C(C=C(C=C1)C2C(C(C(C(O2)CO)O)O)O)CC3=CC=C(S3)C4=CC=C(C=C4)F,Pancreatic mass,0
acarbose,9811704,CC1C(C(C(C(O1)OC2C(OC(C(C2O)O)OC(C(CO)O)C(C(C=O)O)O)CO)O)O)NC3C=C(C(C(C3O)O)O)CO,Nausea,1
metformin,4091,CN(C)C(=N)N=C(N)N,Joint ankylosis,1
metformin,4091,CN(C)C(=N)N=C(N)N,Cytomegalovirus viraemia,1
dapagliflozin,9887712,CCOC1=CC=C(C=C1)CC2=C(C=CC(=C2)C3C(C(C(C(O3)CO)O)O)O)Cl,Parathyroid tumour benign,0
glimepiride,3476,CCC1=C(CN(C1=O)C(=O)NCCC2=CC=C(C=C2)S(=O)(=O)NC(=O)NC3CCC(CC3)C)C,Histrionic personality disorder,0
canagliflozin,24812758,CC1=C(C=C(C=C1)C2C(C(C(C(O2)CO)O)O)O)CC3=CC=C(S3)C4=CC=C(C=C4)F,Balance disorder,1
canagliflozin,24812758,CC1=C(C=C(C=C1)C2C(C(C(C(O2)CO)O)O)O)CC3=CC=C(S3)C4=CC=C(C=C4)F,Diabetic foot infection,1
metformin,4091,CN(C)C(=N)N=C(N)N,Adrenal adenoma,1
glyburide,3488,COC1=C(C=C(C=C1)Cl)C(=O)NCCC2=CC=C(C=C2)S(=O)(=O)NC(=O)NC3CCCCC3,Cardiac arrest,0
metformin,4091,CN(C)C(=N)N=C(N)N,Intracranial aneurysm,1
saxagliptin,11243969,C1C2CC2N(C1C#N)C(=O)C(C34CC5CC(C3)CC(C5)(C4)O)N,Muscular weakness,0
linagliptin,10096344,CC#CCN1C2=C(N=C1N3CCCC(C3)N)N(C(=O)N(C2=O)CC4=NC5=CC=CC=C5C(=N4)C)C,Pulmonary arterial pressure increased,0
nateglinide,5311309,CC(C)C1CCC(CC1)C(=O)NC(CC2=CC=CC=C2)C(=O)O,Tongue discomfort,0
metformin,4091,CN(C)C(=N)N=C(N)N,Asphyxia,1
empagliflozin,11949646,C1COCC1OC2=CC=C(C=C2)CC3=C(C=CC(=C3)C4C(C(C(C(O4)CO)O)O)O)Cl,Multiple sclerosis,1
pioglitazone,4829,CCC1=CN=C(C=C1)CCOC2=CC=C(C=C2)CC3C(=O)NC(=O)S3,Urinary tract infection,1
sitagliptin,4369359,C1CN2C(=NN=C2C(F)(F)F)CN1C(=O)CC(CC3=CC(=C(C=C3F)F)F)N,Tachyphrenia,0
sitagliptin,4369359,C1CN2C(=NN=C2C(F)(F)F)CN1C(=O)CC(CC3=CC(=C(C=C3F)F)F)N,Left ventricular dysfunction,0
metformin,4091,CN(C)C(=N)N=C(N)N,Ingrowing nail,1
metformin,4091,CN(C)C(=N)N=C(N)N,Microcytic anaemia,1
nateglinide,5311309,CC(C)C1CCC(CC1)C(=O)NC(CC2=CC=CC=C2)C(=O)O,Genital erosion,0
sitagliptin,4369359,C1CN2C(=NN=C2C(F)(F)F)CN1C(=O)CC(CC3=CC(=C(C=C3F)F)F)N,Cerebral venous thrombosis,0
dapagliflozin,9887712,CCOC1=CC=C(C=C1)CC2=C(C=CC(=C2)C3C(C(C(C(O3)CO)O)O)O)Cl,Pancreatic disorder,1
canagliflozin,24812758,CC1=C(C=C(C=C1)C2C(C(C(C(O2)CO)O)O)O)CC3=CC=C(S3)C4=CC=C(C=C4)F,Ocular myasthenia,1
rosiglitazone,77999,CN(CCOC1=CC=C(C=C1)CC2C(=O)NC(=O)S2)C3=CC=CC=N3,Illness anxiety disorder,0
glimepiride,3476,CCC1=C(CN(C1=O)C(=O)NCCC2=CC=C(C=C2)S(=O)(=O)NC(=O)NC3CCC(CC3)C)C,Splenectomy,0
empagliflozin,11949646,C1COCC1OC2=CC=C(C=C2)CC3=C(C=CC(=C3)C4C(C(C(C(O4)CO)O)O)O)Cl,Prostate cancer,1
rosiglitazone,77999,CN(CCOC1=CC=C(C=C1)CC2C(=O)NC(=O)S2)C3=CC=CC=N3,Oral mucosal blistering,0
empagliflozin,11949646,C1COCC1OC2=CC=C(C=C2)CC3=C(C=CC(=C3)C4C(C(C(C(O4)CO)O)O)O)Cl,Motion sickness,0
pioglitazone,4829,CCC1=CN=C(C=C1)CCOC2=CC=C(C=C2)CC3C(=O)NC(=O)S3,Metastases to liver,0
glimepiride,3476,CCC1=C(CN(C1=O)C(=O)NCCC2=CC=C(C=C2)S(=O)(=O)NC(=O)NC3CCC(CC3)C)C,Gastrointestinal wall thickening,0
pioglitazone,4829,CCC1=CN=C(C=C1)CCOC2=CC=C(C=C2)CC3C(=O)NC(=O)S3,Meningomyelocele,0
saxagliptin,11243969,C1C2CC2N(C1C#N)C(=O)C(C34CC5CC(C3)CC(C5)(C4)O)N,Adrenal insufficiency,0
pioglitazone,4829,CCC1=CN=C(C=C1)CCOC2=CC=C(C=C2)CC3C(=O)NC(=O)S3,Autonomic nervous system imbalance,1
empagliflozin,11949646,C1COCC1OC2=CC=C(C=C2)CC3=C(C=CC(=C3)C4C(C(C(C(O4)CO)O)O)O)Cl,Renal replacement therapy,0
nateglinide,5311309,CC(C)C1CCC(CC1)C(=O)NC(CC2=CC=CC=C2)C(=O)O,Dermatitis,0
dapagliflozin,9887712,CCOC1=CC=C(C=C1)CC2=C(C=CC(=C2)C3C(C(C(C(O3)CO)O)O)O)Cl,Diabetic ulcer,0
empagliflozin,11949646,C1COCC1OC2=CC=C(C=C2)CC3=C(C=CC(=C3)C4C(C(C(C(O4)CO)O)O)O)Cl,Cardiac ventricular thrombosis,1
glipizide,3478,CC1=CN=C(C=N1)C(=O)NCCC2=CC=C(C=C2)S(=O)(=O)NC(=O)NC3CCCCC3,Prinzmetal angina,0
repaglinide,65981,CCOC1=C(C=CC(=C1)CC(=O)NC(CC(C)C)C2=CC=CC=C2N3CCCCC3)C(=O)O,Joint injury,0
metformin,4091,CN(C)C(=N)N=C(N)N,Infusion related reaction,1
metformin,4091,CN(C)C(=N)N=C(N)N,Sensitivity to weather change,1
empagliflozin,11949646,C1COCC1OC2=CC=C(C=C2)CC3=C(C=CC(=C3)C4C(C(C(C(O4)CO)O)O)O)Cl,Therapy partial responder,0
empagliflozin,11949646,C1COCC1OC2=CC=C(C=C2)CC3=C(C=CC(=C3)C4C(C(C(C(O4)CO)O)O)O)Cl,Renal failure,1
sitagliptin,4369359,C1CN2C(=NN=C2C(F)(F)F)CN1C(=O)CC(CC3=CC(=C(C=C3F)F)F)N,Bronchial wall thickening,0
glipizide,3478,CC1=CN=C(C=N1)C(=O)NCCC2=CC=C(C=C2)S(=O)(=O)NC(=O)NC3CCCCC3,Diabetic ketoacidotic hyperglycaemic coma,0
dapagliflozin,9887712,CCOC1=CC=C(C=C1)CC2=C(C=CC(=C2)C3C(C(C(C(O3)CO)O)O)O)Cl,Product dose omission,0
repaglinide,65981,CCOC1=C(C=CC(=C1)CC(=O)NC(CC(C)C)C2=CC=CC=C2N3CCCCC3)C(=O)O,Sepsis neonatal,0
rosiglitazone,77999,CN(CCOC1=CC=C(C=C1)CC2C(=O)NC(=O)S2)C3=CC=CC=N3,Microcephaly,0
glimepiride,3476,CCC1=C(CN(C1=O)C(=O)NCCC2=CC=C(C=C2)S(=O)(=O)NC(=O)NC3CCC(CC3)C)C,Renal neoplasm,0
empagliflozin,11949646,C1COCC1OC2=CC=C(C=C2)CC3=C(C=CC(=C3)C4C(C(C(C(O4)CO)O)O)O)Cl,Blood urine,1
glimepiride,3476,CCC1=C(CN(C1=O)C(=O)NCCC2=CC=C(C=C2)S(=O)(=O)NC(=O)NC3CCC(CC3)C)C,Weight increased,1
canagliflozin,24812758,CC1=C(C=C(C=C1)C2C(C(C(C(O2)CO)O)O)O)CC3=CC=C(S3)C4=CC=C(C=C4)F,Fournier's gangrene,1
glimepiride,3476,CCC1=C(CN(C1=O)C(=O)NCCC2=CC=C(C=C2)S(=O)(=O)NC(=O)NC3CCC(CC3)C)C,Cerebral artery embolism,1
glipizide,3478,CC1=CN=C(C=N1)C(=O)NCCC2=CC=C(C=C2)S(=O)(=O)NC(=O)NC3CCCCC3,Foetal exposure timing unspecified,0
repaglinide,65981,CCOC1=C(C=CC(=C1)CC(=O)NC(CC(C)C)C2=CC=CC=C2N3CCCCC3)C(=O)O,Lacrimation increased,0
acarbose,9811704,CC1C(C(C(C(O1)OC2C(OC(C(C2O)O)OC(C(CO)O)C(C(C=O)O)O)CO)O)O)NC3C=C(C(C(C3O)O)O)CO,Renal haematoma,0
empagliflozin,11949646,C1COCC1OC2=CC=C(C=C2)CC3=C(C=CC(=C3)C4C(C(C(C(O4)CO)O)O)O)Cl,Fluid overload,1
saxagliptin,11243969,C1C2CC2N(C1C#N)C(=O)C(C34CC5CC(C3)CC(C5)(C4)O)N,Chondromalacia,0
metformin,4091,CN(C)C(=N)N=C(N)N,Malignant neoplasm of unknown primary site,1
glyburide,3488,COC1=C(C=C(C=C1)Cl)C(=O)NCCC2=CC=C(C=C2)S(=O)(=O)NC(=O)NC3CCCCC3,Bladder wall calcification,0
dapagliflozin,9887712,CCOC1=CC=C(C=C1)CC2=C(C=CC(=C2)C3C(C(C(C(O3)CO)O)O)O)Cl,Drug hypersensitivity,1
metformin,4091,CN(C)C(=N)N=C(N)N,Malaise,1
metformin,4091,CN(C)C(=N)N=C(N)N,Euphoric mood,1
rosiglitazone,77999,CN(CCOC1=CC=C(C=C1)CC2C(=O)NC(=O)S2)C3=CC=CC=N3,Electric shock,0
glyburide,3488,COC1=C(C=C(C=C1)Cl)C(=O)NCCC2=CC=C(C=C2)S(=O)(=O)NC(=O)NC3CCCCC3,Helicobacter test positive,0
metformin,4091,CN(C)C(=N)N=C(N)N,Intentional self-injury,1
sitagliptin,4369359,C1CN2C(=NN=C2C(F)(F)F)CN1C(=O)CC(CC3=CC(=C(C=C3F)F)F)N,Uterine disorder,0
glyburide,3488,COC1=C(C=C(C=C1)Cl)C(=O)NCCC2=CC=C(C=C2)S(=O)(=O)NC(=O)NC3CCCCC3,Gingival discomfort,0
metformin,4091,CN(C)C(=N)N=C(N)N,Emotional poverty,1
glipizide,3478,CC1=CN=C(C=N1)C(=O)NCCC2=CC=C(C=C2)S(=O)(=O)NC(=O)NC3CCCCC3,Increased tendency to bruise,1
metformin,4091,CN(C)C(=N)N=C(N)N,Proctalgia,1
canagliflozin,24812758,CC1=C(C=C(C=C1)C2C(C(C(C(O2)CO)O)O)O)CC3=CC=C(S3)C4=CC=C(C=C4)F,Blood pressure fluctuation,0
empagliflozin,11949646,C1COCC1OC2=CC=C(C=C2)CC3=C(C=CC(=C3)C4C(C(C(C(O4)CO)O)O)O)Cl,Haemodialysis,1
glimepiride,3476,CCC1=C(CN(C1=O)C(=O)NCCC2=CC=C(C=C2)S(=O)(=O)NC(=O)NC3CCC(CC3)C)C,General physical health deterioration,1
metformin,4091,CN(C)C(=N)N=C(N)N,Therapy change,1
metformin,4091,CN(C)C(=N)N=C(N)N,Myopathy,1
glipizide,3478,CC1=CN=C(C=N1)C(=O)NCCC2=CC=C(C=C2)S(=O)(=O)NC(=O)NC3CCCCC3,Therapeutic product effect incomplete,1
empagliflozin,11949646,C1COCC1OC2=CC=C(C=C2)CC3=C(C=CC(=C3)C4C(C(C(C(O4)CO)O)O)O)Cl,Hepatitis acute,1
glipizide,3478,CC1=CN=C(C=N1)C(=O)NCCC2=CC=C(C=C2)S(=O)(=O)NC(=O)NC3CCCCC3,Anomaly of middle ear congenital,0
empagliflozin,11949646,C1COCC1OC2=CC=C(C=C2)CC3=C(C=CC(=C3)C4C(C(C(C(O4)CO)O)O)O)Cl,Chronic left ventricular failure,1
glimepiride,3476,CCC1=C(CN(C1=O)C(=O)NCCC2=CC=C(C=C2)S(=O)(=O)NC(=O)NC3CCC(CC3)C)C,Renal failure,1
metformin,4091,CN(C)C(=N)N=C(N)N,Nightmare,1
metformin,4091,CN(C)C(=N)N=C(N)N,Product tampering,1
metformin,4091,CN(C)C(=N)N=C(N)N,Paraplegia,1
nateglinide,5311309,CC(C)C1CCC(CC1)C(=O)NC(CC2=CC=CC=C2)C(=O)O,Vulval abscess,0
canagliflozin,24812758,CC1=C(C=C(C=C1)C2C(C(C(C(O2)CO)O)O)O)CC3=CC=C(S3)C4=CC=C(C=C4)F,Unhealthy diet,0
pioglitazone,4829,CCC1=CN=C(C=C1)CCOC2=CC=C(C=C2)CC3C(=O)NC(=O)S3,Alopecia,1
glyburide,3488,COC1=C(C=C(C=C1)Cl)C(=O)NCCC2=CC=C(C=C2)S(=O)(=O)NC(=O)NC3CCCCC3,Physical examination abnormal,0
metformin,4091,CN(C)C(=N)N=C(N)N,Respiratory rate increased,1
metformin,4091,CN(C)C(=N)N=C(N)N,Oesophageal perforation,1
dapagliflozin,9887712,CCOC1=CC=C(C=C1)CC2=C(C=CC(=C2)C3C(C(C(C(O3)CO)O)O)O)Cl,Hypertensive emergency,0
metformin,4091,CN(C)C(=N)N=C(N)N,Idiopathic pulmonary fibrosis,1
metformin,4091,CN(C)C(=N)N=C(N)N,Neck mass,1
pioglitazone,4829,CCC1=CN=C(C=C1)CCOC2=CC=C(C=C2)CC3C(=O)NC(=O)S3,Cataract,1
glyburide,3488,COC1=C(C=C(C=C1)Cl)C(=O)NCCC2=CC=C(C=C2)S(=O)(=O)NC(=O)NC3CCCCC3,Liver transplant,0
metformin,4091,CN(C)C(=N)N=C(N)N,Rhinocerebral mucormycosis,1
dapagliflozin,9887712,CCOC1=CC=C(C=C1)CC2=C(C=CC(=C2)C3C(C(C(C(O3)CO)O)O)O)Cl,Haemoglobin increased,0
metformin,4091,CN(C)C(=N)N=C(N)N,Chronic kidney disease,1
metformin,4091,CN(C)C(=N)N=C(N)N,Leiomyosarcoma,1
sitagliptin,4369359,C1CN2C(=NN=C2C(F)(F)F)CN1C(=O)CC(CC3=CC(=C(C=C3F)F)F)N,Pelvic fracture,0
metformin,4091,CN(C)C(=N)N=C(N)N,Product formulation issue,1
metformin,4091,CN(C)C(=N)N=C(N)N,Retrograde ejaculation,1
repaglinide,65981,CCOC1=C(C=CC(=C1)CC(=O)NC(CC(C)C)C2=CC=CC=C2N3CCCCC3)C(=O)O,Arthralgia,1
empagliflozin,11949646,C1COCC1OC2=CC=C(C=C2)CC3=C(C=CC(=C3)C4C(C(C(C(O4)CO)O)O)O)Cl,Bronchiectasis,0
empagliflozin,11949646,C1COCC1OC2=CC=C(C=C2)CC3=C(C=CC(=C3)C4C(C(C(C(O4)CO)O)O)O)Cl,Tooth repair,0
glyburide,3488,COC1=C(C=C(C=C1)Cl)C(=O)NCCC2=CC=C(C=C2)S(=O)(=O)NC(=O)NC3CCCCC3,Muscular dystrophy,0
glipizide,3478,CC1=CN=C(C=N1)C(=O)NCCC2=CC=C(C=C2)S(=O)(=O)NC(=O)NC3CCCCC3,Product measured potency issue,1
pioglitazone,4829,CCC1=CN=C(C=C1)CCOC2=CC=C(C=C2)CC3C(=O)NC(=O)S3,Productive cough,1
empagliflozin,11949646,C1COCC1OC2=CC=C(C=C2)CC3=C(C=CC(=C3)C4C(C(C(C(O4)CO)O)O)O)Cl,Bone marrow disorder,0
metformin,4091,CN(C)C(=N)N=C(N)N,Arteriovenous fistula,1
metformin,4091,CN(C)C(=N)N=C(N)N,Blood ethanol increased,1
canagliflozin,24812758,CC1=C(C=C(C=C1)C2C(C(C(C(O2)CO)O)O)O)CC3=CC=C(S3)C4=CC=C(C=C4)F,Cerebral arteriosclerosis,0
metformin,4091,CN(C)C(=N)N=C(N)N,Seasonal allergy,1
metformin,4091,CN(C)C(=N)N=C(N)N,Immune-mediated myositis,1
pioglitazone,4829,CCC1=CN=C(C=C1)CCOC2=CC=C(C=C2)CC3C(=O)NC(=O)S3,Therapy non-responder,1
acarbose,9811704,CC1C(C(C(C(O1)OC2C(OC(C(C2O)O)OC(C(CO)O)C(C(C=O)O)O)CO)O)O)NC3C=C(C(C(C3O)O)O)CO,Muscle necrosis,0
sitagliptin,4369359,C1CN2C(=NN=C2C(F)(F)F)CN1C(=O)CC(CC3=CC(=C(C=C3F)F)F)N,Otitis externa,0
linagliptin,10096344,CC#CCN1C2=C(N=C1N3CCCC(C3)N)N(C(=O)N(C2=O)CC4=NC5=CC=CC=C5C(=N4)C)C,Cerebral atrophy,0
metformin,4091,CN(C)C(=N)N=C(N)N,Holmes-Adie pupil,1
glimepiride,3476,CCC1=C(CN(C1=O)C(=O)NCCC2=CC=C(C=C2)S(=O)(=O)NC(=O)NC3CCC(CC3)C)C,Necrotising fasciitis,0
metformin,4091,CN(C)C(=N)N=C(N)N,Upper gastrointestinal haemorrhage,1
empagliflozin,11949646,C1COCC1OC2=CC=C(C=C2)CC3=C(C=CC(=C3)C4C(C(C(C(O4)CO)O)O)O)Cl,Skin disorder,1
glyburide,3488,COC1=C(C=C(C=C1)Cl)C(=O)NCCC2=CC=C(C=C2)S(=O)(=O)NC(=O)NC3CCCCC3,Jaundice,0
metformin,4091,CN(C)C(=N)N=C(N)N,Tricuspid valve incompetence,1
metformin,4091,CN(C)C(=N)N=C(N)N,Vaginal abscess,1
rosiglitazone,77999,CN(CCOC1=CC=C(C=C1)CC2C(=O)NC(=O)S2)C3=CC=CC=N3,Seizure like phenomena,0
metformin,4091,CN(C)C(=N)N=C(N)N,Skin test positive,1
canagliflozin,24812758,CC1=C(C=C(C=C1)C2C(C(C(C(O2)CO)O)O)O)CC3=CC=C(S3)C4=CC=C(C=C4)F,Injection site pain,0
glyburide,3488,COC1=C(C=C(C=C1)Cl)C(=O)NCCC2=CC=C(C=C2)S(=O)(=O)NC(=O)NC3CCCCC3,Ill-defined disorder,0
glimepiride,3476,CCC1=C(CN(C1=O)C(=O)NCCC2=CC=C(C=C2)S(=O)(=O)NC(=O)NC3CCC(CC3)C)C,Light chain disease,0
nateglinide,5311309,CC(C)C1CCC(CC1)C(=O)NC(CC2=CC=CC=C2)C(=O)O,Hiccups,0
repaglinide,65981,CCOC1=C(C=CC(=C1)CC(=O)NC(CC(C)C)C2=CC=CC=C2N3CCCCC3)C(=O)O,Intentional product use issue,1
saxagliptin,11243969,C1C2CC2N(C1C#N)C(=O)C(C34CC5CC(C3)CC(C5)(C4)O)N,Phlebitis,0
canagliflozin,24812758,CC1=C(C=C(C=C1)C2C(C(C(C(O2)CO)O)O)O)CC3=CC=C(S3)C4=CC=C(C=C4)F,Deep vein thrombosis,1
pioglitazone,4829,CCC1=CN=C(C=C1)CCOC2=CC=C(C=C2)CC3C(=O)NC(=O)S3,Gastric ulcer,1
metformin,4091,CN(C)C(=N)N=C(N)N,Alopecia,1
acarbose,9811704,CC1C(C(C(C(O1)OC2C(OC(C(C2O)O)OC(C(CO)O)C(C(C=O)O)O)CO)O)O)NC3C=C(C(C(C3O)O)O)CO,Rebound psychosis,0
metformin,4091,CN(C)C(=N)N=C(N)N,Hepatic failure,1
sitagliptin,4369359,C1CN2C(=NN=C2C(F)(F)F)CN1C(=O)CC(CC3=CC(=C(C=C3F)F)F)N,Gastric haemorrhage,0
saxagliptin,11243969,C1C2CC2N(C1C#N)C(=O)C(C34CC5CC(C3)CC(C5)(C4)O)N,Disinhibition,0
metformin,4091,CN(C)C(=N)N=C(N)N,Joint warmth,1
saxagliptin,11243969,C1C2CC2N(C1C#N)C(=O)C(C34CC5CC(C3)CC(C5)(C4)O)N,Affect lability,0
dapagliflozin,9887712,CCOC1=CC=C(C=C1)CC2=C(C=CC(=C2)C3C(C(C(C(O3)CO)O)O)O)Cl,Intestinal resection,0
glyburide,3488,COC1=C(C=C(C=C1)Cl)C(=O)NCCC2=CC=C(C=C2)S(=O)(=O)NC(=O)NC3CCCCC3,General physical health deterioration,1
metformin,4091,CN(C)C(=N)N=C(N)N,Hepatitis,1
glyburide,3488,COC1=C(C=C(C=C1)Cl)C(=O)NCCC2=CC=C(C=C2)S(=O)(=O)NC(=O)NC3CCCCC3,Evidence based treatment,0
metformin,4091,CN(C)C(=N)N=C(N)N,Angina pectoris,1
metformin,4091,CN(C)C(=N)N=C(N)N,Polydactyly,1
glipizide,3478,CC1=CN=C(C=N1)C(=O)NCCC2=CC=C(C=C2)S(=O)(=O)NC(=O)NC3CCCCC3,Blood lactic acid,0
canagliflozin,24812758,CC1=C(C=C(C=C1)C2C(C(C(C(O2)CO)O)O)O)CC3=CC=C(S3)C4=CC=C(C=C4)F,Asthenia,1
linagliptin,10096344,CC#CCN1C2=C(N=C1N3CCCC(C3)N)N(C(=O)N(C2=O)CC4=NC5=CC=CC=C5C(=N4)C)C,Cerebral venous thrombosis,0
nateglinide,5311309,CC(C)C1CCC(CC1)C(=O)NC(CC2=CC=CC=C2)C(=O)O,Obstruction,0
metformin,4091,CN(C)C(=N)N=C(N)N,Blood loss anaemia,1
rosiglitazone,77999,CN(CCOC1=CC=C(C=C1)CC2C(=O)NC(=O)S2)C3=CC=CC=N3,Aspiration,0
saxagliptin,11243969,C1C2CC2N(C1C#N)C(=O)C(C34CC5CC(C3)CC(C5)(C4)O)N,Joint effusion,0
glipizide,3478,CC1=CN=C(C=N1)C(=O)NCCC2=CC=C(C=C2)S(=O)(=O)NC(=O)NC3CCCCC3,Transitional cell carcinoma,0
metformin,4091,CN(C)C(=N)N=C(N)N,Haemorrhagic diathesis,1
dapagliflozin,9887712,CCOC1=CC=C(C=C1)CC2=C(C=CC(=C2)C3C(C(C(C(O3)CO)O)O)O)Cl,Accidental overdose,1
metformin,4091,CN(C)C(=N)N=C(N)N,Obstructive airways disorder,1
saxagliptin,11243969,C1C2CC2N(C1C#N)C(=O)C(C34CC5CC(C3)CC(C5)(C4)O)N,Reaction to excipient,0
dapagliflozin,9887712,CCOC1=CC=C(C=C1)CC2=C(C=CC(=C2)C3C(C(C(C(O3)CO)O)O)O)Cl,Blood lactic acid increased,0
empagliflozin,11949646,C1COCC1OC2=CC=C(C=C2)CC3=C(C=CC(=C3)C4C(C(C(C(O4)CO)O)O)O)Cl,Cardiopulmonary failure,0
metformin,4091,CN(C)C(=N)N=C(N)N,Renal artery stenosis,1
canagliflozin,24812758,CC1=C(C=C(C=C1)C2C(C(C(C(O2)CO)O)O)O)CC3=CC=C(S3)C4=CC=C(C=C4)F,Humerus fracture,0
acarbose,9811704,CC1C(C(C(C(O1)OC2C(OC(C(C2O)O)OC(C(CO)O)C(C(C=O)O)O)CO)O)O)NC3C=C(C(C(C3O)O)O)CO,Syringe issue,0
acarbose,9811704,CC1C(C(C(C(O1)OC2C(OC(C(C2O)O)OC(C(CO)O)C(C(C=O)O)O)CO)O)O)NC3C=C(C(C(C3O)O)O)CO,Melanoma recurrent,0
pioglitazone,4829,CCC1=CN=C(C=C1)CCOC2=CC=C(C=C2)CC3C(=O)NC(=O)S3,Cardiogenic shock,0
glyburide,3488,COC1=C(C=C(C=C1)Cl)C(=O)NCCC2=CC=C(C=C2)S(=O)(=O)NC(=O)NC3CCCCC3,Genital infection male,0
saxagliptin,11243969,C1C2CC2N(C1C#N)C(=O)C(C34CC5CC(C3)CC(C5)(C4)O)N,Pharyngeal ulceration,0
glipizide,3478,CC1=CN=C(C=N1)C(=O)NCCC2=CC=C(C=C2)S(=O)(=O)NC(=O)NC3CCCCC3,Folate deficiency,0
metformin,4091,CN(C)C(=N)N=C(N)N,Live birth,1
glipizide,3478,CC1=CN=C(C=N1)C(=O)NCCC2=CC=C(C=C2)S(=O)(=O)NC(=O)NC3CCCCC3,Peripheral swelling,1
nateglinide,5311309,CC(C)C1CCC(CC1)C(=O)NC(CC2=CC=CC=C2)C(=O)O,Lipohypertrophy,0
sitagliptin,4369359,C1CN2C(=NN=C2C(F)(F)F)CN1C(=O)CC(CC3=CC(=C(C=C3F)F)F)N,Body temperature increased,0
metformin,4091,CN(C)C(=N)N=C(N)N,Immune thrombocytopenia,1
canagliflozin,24812758,CC1=C(C=C(C=C1)C2C(C(C(C(O2)CO)O)O)O)CC3=CC=C(S3)C4=CC=C(C=C4)F,Loss of personal independence in daily activities,1
canagliflozin,24812758,CC1=C(C=C(C=C1)C2C(C(C(C(O2)CO)O)O)O)CC3=CC=C(S3)C4=CC=C(C=C4)F,Toxic epidermal necrolysis,1
metformin,4091,CN(C)C(=N)N=C(N)N,Immobilisation syndrome,0
glimepiride,3476,CCC1=C(CN(C1=O)C(=O)NCCC2=CC=C(C=C2)S(=O)(=O)NC(=O)NC3CCC(CC3)C)C,Feeling drunk,0
dapagliflozin,9887712,CCOC1=CC=C(C=C1)CC2=C(C=CC(=C2)C3C(C(C(C(O3)CO)O)O)O)Cl,Loose tooth,0
dapagliflozin,9887712,CCOC1=CC=C(C=C1)CC2=C(C=CC(=C2)C3C(C(C(C(O3)CO)O)O)O)Cl,Pulmonary valve incompetence,0
linagliptin,10096344,CC#CCN1C2=C(N=C1N3CCCC(C3)N)N(C(=O)N(C2=O)CC4=NC5=CC=CC=C5C(=N4)C)C,Vomiting,1
nateglinide,5311309,CC(C)C1CCC(CC1)C(=O)NC(CC2=CC=CC=C2)C(=O)O,Floppy infant,0
canagliflozin,24812758,CC1=C(C=C(C=C1)C2C(C(C(C(O2)CO)O)O)O)CC3=CC=C(S3)C4=CC=C(C=C4)F,Autoimmune hepatitis,0
glyburide,3488,COC1=C(C=C(C=C1)Cl)C(=O)NCCC2=CC=C(C=C2)S(=O)(=O)NC(=O)NC3CCCCC3,Creatinine urine increased,0
metformin,4091,CN(C)C(=N)N=C(N)N,Hypovolaemic shock,1
glipizide,3478,CC1=CN=C(C=N1)C(=O)NCCC2=CC=C(C=C2)S(=O)(=O)NC(=O)NC3CCCCC3,Lung hyperinflation,0
metformin,4091,CN(C)C(=N)N=C(N)N,Neuropathy peripheral,1
repaglinide,65981,CCOC1=C(C=CC(=C1)CC(=O)NC(CC(C)C)C2=CC=CC=C2N3CCCCC3)C(=O)O,Tumour ulceration,0
glimepiride,3476,CCC1=C(CN(C1=O)C(=O)NCCC2=CC=C(C=C2)S(=O)(=O)NC(=O)NC3CCC(CC3)C)C,Lactate pyruvate ratio abnormal,0
glyburide,3488,COC1=C(C=C(C=C1)Cl)C(=O)NCCC2=CC=C(C=C2)S(=O)(=O)NC(=O)NC3CCCCC3,Amnesia,0
repaglinide,65981,CCOC1=C(C=CC(=C1)CC(=O)NC(CC(C)C)C2=CC=CC=C2N3CCCCC3)C(=O)O,Cholestasis,1
metformin,4091,CN(C)C(=N)N=C(N)N,Autoimmune nephritis,1
metformin,4091,CN(C)C(=N)N=C(N)N,Central obesity,1
metformin,4091,CN(C)C(=N)N=C(N)N,Torsade de pointes,0
canagliflozin,24812758,CC1=C(C=C(C=C1)C2C(C(C(C(O2)CO)O)O)O)CC3=CC=C(S3)C4=CC=C(C=C4)F,Large intestine polyp,1
metformin,4091,CN(C)C(=N)N=C(N)N,Musculoskeletal stiffness,1
metformin,4091,CN(C)C(=N)N=C(N)N,Gastrointestinal oedema,1
canagliflozin,24812758,CC1=C(C=C(C=C1)C2C(C(C(C(O2)CO)O)O)O)CC3=CC=C(S3)C4=CC=C(C=C4)F,Renal impairment,1
sitagliptin,4369359,C1CN2C(=NN=C2C(F)(F)F)CN1C(=O)CC(CC3=CC(=C(C=C3F)F)F)N,Accidental exposure to product,1
dapagliflozin,9887712,CCOC1=CC=C(C=C1)CC2=C(C=CC(=C2)C3C(C(C(C(O3)CO)O)O)O)Cl,Chronic kidney disease,1
glipizide,3478,CC1=CN=C(C=N1)C(=O)NCCC2=CC=C(C=C2)S(=O)(=O)NC(=O)NC3CCCCC3,Decreased bronchial secretion,0
pioglitazone,4829,CCC1=CN=C(C=C1)CCOC2=CC=C(C=C2)CC3C(=O)NC(=O)S3,Acute kidney injury,1
canagliflozin,24812758,CC1=C(C=C(C=C1)C2C(C(C(C(O2)CO)O)O)O)CC3=CC=C(S3)C4=CC=C(C=C4)F,Gastric ulcer,1
saxagliptin,11243969,C1C2CC2N(C1C#N)C(=O)C(C34CC5CC(C3)CC(C5)(C4)O)N,Drug monitoring procedure not performed,0
nateglinide,5311309,CC(C)C1CCC(CC1)C(=O)NC(CC2=CC=CC=C2)C(=O)O,Product label confusion,0
glipizide,3478,CC1=CN=C(C=N1)C(=O)NCCC2=CC=C(C=C2)S(=O)(=O)NC(=O)NC3CCCCC3,Dyspepsia,1
metformin,4091,CN(C)C(=N)N=C(N)N,Dysphagia,1
saxagliptin,11243969,C1C2CC2N(C1C#N)C(=O)C(C34CC5CC(C3)CC(C5)(C4)O)N,Lipohypertrophy,0
nateglinide,5311309,CC(C)C1CCC(CC1)C(=O)NC(CC2=CC=CC=C2)C(=O)O,Duodenal ulcer haemorrhage,0
glyburide,3488,COC1=C(C=C(C=C1)Cl)C(=O)NCCC2=CC=C(C=C2)S(=O)(=O)NC(=O)NC3CCCCC3,Toxic skin eruption,0
glipizide,3478,CC1=CN=C(C=N1)C(=O)NCCC2=CC=C(C=C2)S(=O)(=O)NC(=O)NC3CCCCC3,Appetite disorder,0
acarbose,9811704,CC1C(C(C(C(O1)OC2C(OC(C(C2O)O)OC(C(CO)O)C(C(C=O)O)O)CO)O)O)NC3C=C(C(C(C3O)O)O)CO,Anal rash,0
metformin,4091,CN(C)C(=N)N=C(N)N,Blood cholesterol increased,1
empagliflozin,11949646,C1COCC1OC2=CC=C(C=C2)CC3=C(C=CC(=C3)C4C(C(C(C(O4)CO)O)O)O)Cl,Diabetes mellitus,1
rosiglitazone,77999,CN(CCOC1=CC=C(C=C1)CC2C(=O)NC(=O)S2)C3=CC=CC=N3,Haematotoxicity,0
rosiglitazone,77999,CN(CCOC1=CC=C(C=C1)CC2C(=O)NC(=O)S2)C3=CC=CC=N3,C-reactive protein increased,0
nateglinide,5311309,CC(C)C1CCC(CC1)C(=O)NC(CC2=CC=CC=C2)C(=O)O,Vulvovaginal swelling,0
glipizide,3478,CC1=CN=C(C=N1)C(=O)NCCC2=CC=C(C=C2)S(=O)(=O)NC(=O)NC3CCCCC3,Tooth extraction,0
glyburide,3488,COC1=C(C=C(C=C1)Cl)C(=O)NCCC2=CC=C(C=C2)S(=O)(=O)NC(=O)NC3CCCCC3,Skin papilloma,0
sitagliptin,4369359,C1CN2C(=NN=C2C(F)(F)F)CN1C(=O)CC(CC3=CC(=C(C=C3F)F)F)N,Depressed level of consciousness,1
pioglitazone,4829,CCC1=CN=C(C=C1)CCOC2=CC=C(C=C2)CC3C(=O)NC(=O)S3,Transurethral bladder resection,1
dapagliflozin,9887712,CCOC1=CC=C(C=C1)CC2=C(C=CC(=C2)C3C(C(C(C(O3)CO)O)O)O)Cl,Crepitations,1
metformin,4091,CN(C)C(=N)N=C(N)N,Sudden visual loss,1
glimepiride,3476,CCC1=C(CN(C1=O)C(=O)NCCC2=CC=C(C=C2)S(=O)(=O)NC(=O)NC3CCC(CC3)C)C,Concussion,0
linagliptin,10096344,CC#CCN1C2=C(N=C1N3CCCC(C3)N)N(C(=O)N(C2=O)CC4=NC5=CC=CC=C5C(=N4)C)C,Persistent left superior vena cava,0
linagliptin,10096344,CC#CCN1C2=C(N=C1N3CCCC(C3)N)N(C(=O)N(C2=O)CC4=NC5=CC=CC=C5C(=N4)C)C,Holmes-Adie pupil,0
saxagliptin,11243969,C1C2CC2N(C1C#N)C(=O)C(C34CC5CC(C3)CC(C5)(C4)O)N,Pyoderma gangrenosum,0
metformin,4091,CN(C)C(=N)N=C(N)N,Personality change,1
glyburide,3488,COC1=C(C=C(C=C1)Cl)C(=O)NCCC2=CC=C(C=C2)S(=O)(=O)NC(=O)NC3CCCCC3,Acute febrile neutrophilic dermatosis,0
dapagliflozin,9887712,CCOC1=CC=C(C=C1)CC2=C(C=CC(=C2)C3C(C(C(C(O3)CO)O)O)O)Cl,Rectosigmoid cancer,0
repaglinide,65981,CCOC1=C(C=CC(=C1)CC(=O)NC(CC(C)C)C2=CC=CC=C2N3CCCCC3)C(=O)O,Unmasking of previously unidentified disease,0
glimepiride,3476,CCC1=C(CN(C1=O)C(=O)NCCC2=CC=C(C=C2)S(=O)(=O)NC(=O)NC3CCC(CC3)C)C,Hypophagia,1
glimepiride,3476,CCC1=C(CN(C1=O)C(=O)NCCC2=CC=C(C=C2)S(=O)(=O)NC(=O)NC3CCC(CC3)C)C,Respiratory arrest,1
glipizide,3478,CC1=CN=C(C=N1)C(=O)NCCC2=CC=C(C=C2)S(=O)(=O)NC(=O)NC3CCCCC3,Steroid diabetes,0
acarbose,9811704,CC1C(C(C(C(O1)OC2C(OC(C(C2O)O)OC(C(CO)O)C(C(C=O)O)O)CO)O)O)NC3C=C(C(C(C3O)O)O)CO,Personality disorder,0
canagliflozin,24812758,CC1=C(C=C(C=C1)C2C(C(C(C(O2)CO)O)O)O)CC3=CC=C(S3)C4=CC=C(C=C4)F,Neoplasm malignant,1
canagliflozin,24812758,CC1=C(C=C(C=C1)C2C(C(C(C(O2)CO)O)O)O)CC3=CC=C(S3)C4=CC=C(C=C4)F,Colitis ulcerative,1
glyburide,3488,COC1=C(C=C(C=C1)Cl)C(=O)NCCC2=CC=C(C=C2)S(=O)(=O)NC(=O)NC3CCCCC3,Cardiac valve disease,0
canagliflozin,24812758,CC1=C(C=C(C=C1)C2C(C(C(C(O2)CO)O)O)O)CC3=CC=C(S3)C4=CC=C(C=C4)F,Illness,1
pioglitazone,4829,CCC1=CN=C(C=C1)CCOC2=CC=C(C=C2)CC3C(=O)NC(=O)S3,Asthenia,1
glipizide,3478,CC1=CN=C(C=N1)C(=O)NCCC2=CC=C(C=C2)S(=O)(=O)NC(=O)NC3CCCCC3,Glomerulonephritis chronic,0
glimepiride,3476,CCC1=C(CN(C1=O)C(=O)NCCC2=CC=C(C=C2)S(=O)(=O)NC(=O)NC3CCC(CC3)C)C,Toxic epidermal necrolysis,1
metformin,4091,CN(C)C(=N)N=C(N)N,Blood disorder,1
dapagliflozin,9887712,CCOC1=CC=C(C=C1)CC2=C(C=CC(=C2)C3C(C(C(C(O3)CO)O)O)O)Cl,Eye swelling,0
glimepiride,3476,CCC1=C(CN(C1=O)C(=O)NCCC2=CC=C(C=C2)S(=O)(=O)NC(=O)NC3CCC(CC3)C)C,Nephrolithiasis,0
dapagliflozin,9887712,CCOC1=CC=C(C=C1)CC2=C(C=CC(=C2)C3C(C(C(C(O3)CO)O)O)O)Cl,Sepsis,1
glyburide,3488,COC1=C(C=C(C=C1)Cl)C(=O)NCCC2=CC=C(C=C2)S(=O)(=O)NC(=O)NC3CCCCC3,Escherichia pyelonephritis,0
linagliptin,10096344,CC#CCN1C2=C(N=C1N3CCCC(C3)N)N(C(=O)N(C2=O)CC4=NC5=CC=CC=C5C(=N4)C)C,Injection site hypersensitivity,0
empagliflozin,11949646,C1COCC1OC2=CC=C(C=C2)CC3=C(C=CC(=C3)C4C(C(C(C(O4)CO)O)O)O)Cl,Anion gap increased,1
glimepiride,3476,CCC1=C(CN(C1=O)C(=O)NCCC2=CC=C(C=C2)S(=O)(=O)NC(=O)NC3CCC(CC3)C)C,Feeling abnormal,1
nateglinide,5311309,CC(C)C1CCC(CC1)C(=O)NC(CC2=CC=CC=C2)C(=O)O,Neutrophilia,0
saxagliptin,11243969,C1C2CC2N(C1C#N)C(=O)C(C34CC5CC(C3)CC(C5)(C4)O)N,Blood gases abnormal,0
metformin,4091,CN(C)C(=N)N=C(N)N,Cholestatic liver injury,1
glimepiride,3476,CCC1=C(CN(C1=O)C(=O)NCCC2=CC=C(C=C2)S(=O)(=O)NC(=O)NC3CCC(CC3)C)C,Respiratory syncytial virus infection,0
saxagliptin,11243969,C1C2CC2N(C1C#N)C(=O)C(C34CC5CC(C3)CC(C5)(C4)O)N,Hepatotoxicity,0
metformin,4091,CN(C)C(=N)N=C(N)N,Diabetic retinopathy,1
metformin,4091,CN(C)C(=N)N=C(N)N,Mucosal disorder,1
linagliptin,10096344,CC#CCN1C2=C(N=C1N3CCCC(C3)N)N(C(=O)N(C2=O)CC4=NC5=CC=CC=C5C(=N4)C)C,Expiratory reserve volume decreased,0
dapagliflozin,9887712,CCOC1=CC=C(C=C1)CC2=C(C=CC(=C2)C3C(C(C(C(O3)CO)O)O)O)Cl,Hepatic failure,1
glyburide,3488,COC1=C(C=C(C=C1)Cl)C(=O)NCCC2=CC=C(C=C2)S(=O)(=O)NC(=O)NC3CCCCC3,Hemiparaesthesia,0
metformin,4091,CN(C)C(=N)N=C(N)N,Circumstance or information capable of leading to device use error,0
nateglinide,5311309,CC(C)C1CCC(CC1)C(=O)NC(CC2=CC=CC=C2)C(=O)O,Feeling of despair,0
sitagliptin,4369359,C1CN2C(=NN=C2C(F)(F)F)CN1C(=O)CC(CC3=CC(=C(C=C3F)F)F)N,Pancreatitis,1
metformin,4091,CN(C)C(=N)N=C(N)N,Product quality issue,1
metformin,4091,CN(C)C(=N)N=C(N)N,Perineal cellulitis,0
dapagliflozin,9887712,CCOC1=CC=C(C=C1)CC2=C(C=CC(=C2)C3C(C(C(C(O3)CO)O)O)O)Cl,Acute kidney injury,1
sitagliptin,4369359,C1CN2C(=NN=C2C(F)(F)F)CN1C(=O)CC(CC3=CC(=C(C=C3F)F)F)N,Neuropathy peripheral,0
sitagliptin,4369359,C1CN2C(=NN=C2C(F)(F)F)CN1C(=O)CC(CC3=CC(=C(C=C3F)F)F)N,Oedema,1
repaglinide,65981,CCOC1=C(C=CC(=C1)CC(=O)NC(CC(C)C)C2=CC=CC=C2N3CCCCC3)C(=O)O,Pyrexia,1
glimepiride,3476,CCC1=C(CN(C1=O)C(=O)NCCC2=CC=C(C=C2)S(=O)(=O)NC(=O)NC3CCC(CC3)C)C,Face oedema,0
empagliflozin,11949646,C1COCC1OC2=CC=C(C=C2)CC3=C(C=CC(=C3)C4C(C(C(C(O4)CO)O)O)O)Cl,Aspartate aminotransferase increased,1
glyburide,3488,COC1=C(C=C(C=C1)Cl)C(=O)NCCC2=CC=C(C=C2)S(=O)(=O)NC(=O)NC3CCCCC3,Tongue pruritus,0
sitagliptin,4369359,C1CN2C(=NN=C2C(F)(F)F)CN1C(=O)CC(CC3=CC(=C(C=C3F)F)F)N,Meningioma,0
saxagliptin,11243969,C1C2CC2N(C1C#N)C(=O)C(C34CC5CC(C3)CC(C5)(C4)O)N,Pemphigoid,1
metformin,4091,CN(C)C(=N)N=C(N)N,Osteoporosis,1
linagliptin,10096344,CC#CCN1C2=C(N=C1N3CCCC(C3)N)N(C(=O)N(C2=O)CC4=NC5=CC=CC=C5C(=N4)C)C,Lichenification,0
rosiglitazone,77999,CN(CCOC1=CC=C(C=C1)CC2C(=O)NC(=O)S2)C3=CC=CC=N3,Spinal subdural haematoma,0
glyburide,3488,COC1=C(C=C(C=C1)Cl)C(=O)NCCC2=CC=C(C=C2)S(=O)(=O)NC(=O)NC3CCCCC3,Gastrointestinal injury,0
dapagliflozin,9887712,CCOC1=CC=C(C=C1)CC2=C(C=CC(=C2)C3C(C(C(C(O3)CO)O)O)O)Cl,Urethral pain,0
canagliflozin,24812758,CC1=C(C=C(C=C1)C2C(C(C(C(O2)CO)O)O)O)CC3=CC=C(S3)C4=CC=C(C=C4)F,Penile haemorrhage,1
saxagliptin,11243969,C1C2CC2N(C1C#N)C(=O)C(C34CC5CC(C3)CC(C5)(C4)O)N,Pain in extremity,1
sitagliptin,4369359,C1CN2C(=NN=C2C(F)(F)F)CN1C(=O)CC(CC3=CC(=C(C=C3F)F)F)N,Sensory disturbance,0
canagliflozin,24812758,CC1=C(C=C(C=C1)C2C(C(C(C(O2)CO)O)O)O)CC3=CC=C(S3)C4=CC=C(C=C4)F,Genital infection,1
metformin,4091,CN(C)C(=N)N=C(N)N,Paralysis,1
acarbose,9811704,CC1C(C(C(C(O1)OC2C(OC(C(C2O)O)OC(C(CO)O)C(C(C=O)O)O)CO)O)O)NC3C=C(C(C(C3O)O)O)CO,Mouth haemorrhage,0
pioglitazone,4829,CCC1=CN=C(C=C1)CCOC2=CC=C(C=C2)CC3C(=O)NC(=O)S3,Metrorrhagia,0
empagliflozin,11949646,C1COCC1OC2=CC=C(C=C2)CC3=C(C=CC(=C3)C4C(C(C(C(O4)CO)O)O)O)Cl,Dementia,1
repaglinide,65981,CCOC1=C(C=CC(=C1)CC(=O)NC(CC(C)C)C2=CC=CC=C2N3CCCCC3)C(=O)O,Metastases to peritoneum,0
saxagliptin,11243969,C1C2CC2N(C1C#N)C(=O)C(C34CC5CC(C3)CC(C5)(C4)O)N,Erythema,1
linagliptin,10096344,CC#CCN1C2=C(N=C1N3CCCC(C3)N)N(C(=O)N(C2=O)CC4=NC5=CC=CC=C5C(=N4)C)C,Arterial disorder,0
dapagliflozin,9887712,CCOC1=CC=C(C=C1)CC2=C(C=CC(=C2)C3C(C(C(C(O3)CO)O)O)O)Cl,Hypoglycaemia,1
metformin,4091,CN(C)C(=N)N=C(N)N,Erythema nodosum,0
nateglinide,5311309,CC(C)C1CCC(CC1)C(=O)NC(CC2=CC=CC=C2)C(=O)O,Hot flush,0
canagliflozin,24812758,CC1=C(C=C(C=C1)C2C(C(C(C(O2)CO)O)O)O)CC3=CC=C(S3)C4=CC=C(C=C4)F,Malaise,1
glimepiride,3476,CCC1=C(CN(C1=O)C(=O)NCCC2=CC=C(C=C2)S(=O)(=O)NC(=O)NC3CCC(CC3)C)C,Troponin increased,1
glipizide,3478,CC1=CN=C(C=N1)C(=O)NCCC2=CC=C(C=C2)S(=O)(=O)NC(=O)NC3CCCCC3,Osteitis,0
glimepiride,3476,CCC1=C(CN(C1=O)C(=O)NCCC2=CC=C(C=C2)S(=O)(=O)NC(=O)NC3CCC(CC3)C)C,Anal fistula,0
glimepiride,3476,CCC1=C(CN(C1=O)C(=O)NCCC2=CC=C(C=C2)S(=O)(=O)NC(=O)NC3CCC(CC3)C)C,Deafness unilateral,0
glimepiride,3476,CCC1=C(CN(C1=O)C(=O)NCCC2=CC=C(C=C2)S(=O)(=O)NC(=O)NC3CCC(CC3)C)C,Pharyngeal ulceration,0
metformin,4091,CN(C)C(=N)N=C(N)N,Nystagmus,1
repaglinide,65981,CCOC1=C(C=CC(=C1)CC(=O)NC(CC(C)C)C2=CC=CC=C2N3CCCCC3)C(=O)O,Gastrointestinal stromal tumour,0
empagliflozin,11949646,C1COCC1OC2=CC=C(C=C2)CC3=C(C=CC(=C3)C4C(C(C(C(O4)CO)O)O)O)Cl,Balance disorder,0
empagliflozin,11949646,C1COCC1OC2=CC=C(C=C2)CC3=C(C=CC(=C3)C4C(C(C(C(O4)CO)O)O)O)Cl,Dysphagia,0
metformin,4091,CN(C)C(=N)N=C(N)N,Smoke sensitivity,1
glimepiride,3476,CCC1=C(CN(C1=O)C(=O)NCCC2=CC=C(C=C2)S(=O)(=O)NC(=O)NC3CCC(CC3)C)C,Upper limb fracture,0
nateglinide,5311309,CC(C)C1CCC(CC1)C(=O)NC(CC2=CC=CC=C2)C(=O)O,Diverticulum,0
sitagliptin,4369359,C1CN2C(=NN=C2C(F)(F)F)CN1C(=O)CC(CC3=CC(=C(C=C3F)F)F)N,Aqueductal stenosis,0
metformin,4091,CN(C)C(=N)N=C(N)N,Phobia,1
glimepiride,3476,CCC1=C(CN(C1=O)C(=O)NCCC2=CC=C(C=C2)S(=O)(=O)NC(=O)NC3CCC(CC3)C)C,Cerebellar infarction,0
pioglitazone,4829,CCC1=CN=C(C=C1)CCOC2=CC=C(C=C2)CC3C(=O)NC(=O)S3,Hepatitis fulminant,1
metformin,4091,CN(C)C(=N)N=C(N)N,Discontinued product administered,1
saxagliptin,11243969,C1C2CC2N(C1C#N)C(=O)C(C34CC5CC(C3)CC(C5)(C4)O)N,Lung disorder,0
canagliflozin,24812758,CC1=C(C=C(C=C1)C2C(C(C(C(O2)CO)O)O)O)CC3=CC=C(S3)C4=CC=C(C=C4)F,Blood urine present,1
rosiglitazone,77999,CN(CCOC1=CC=C(C=C1)CC2C(=O)NC(=O)S2)C3=CC=CC=N3,Systemic infection,0
saxagliptin,11243969,C1C2CC2N(C1C#N)C(=O)C(C34CC5CC(C3)CC(C5)(C4)O)N,Perineal erythema,0
metformin,4091,CN(C)C(=N)N=C(N)N,Productive cough,1
metformin,4091,CN(C)C(=N)N=C(N)N,Anaphylactic reaction,1
glipizide,3478,CC1=CN=C(C=N1)C(=O)NCCC2=CC=C(C=C2)S(=O)(=O)NC(=O)NC3CCCCC3,Hypertension,1
sitagliptin,4369359,C1CN2C(=NN=C2C(F)(F)F)CN1C(=O)CC(CC3=CC(=C(C=C3F)F)F)N,Lung disorder,0
glipizide,3478,CC1=CN=C(C=N1)C(=O)NCCC2=CC=C(C=C2)S(=O)(=O)NC(=O)NC3CCCCC3,Headache,1
repaglinide,65981,CCOC1=C(C=CC(=C1)CC(=O)NC(CC(C)C)C2=CC=CC=C2N3CCCCC3)C(=O)O,Product preparation error,1
metformin,4091,CN(C)C(=N)N=C(N)N,Acetonaemia,1
metformin,4091,CN(C)C(=N)N=C(N)N,Nephropathy toxic,1
metformin,4091,CN(C)C(=N)N=C(N)N,Antibody test abnormal,1
dapagliflozin,9887712,CCOC1=CC=C(C=C1)CC2=C(C=CC(=C2)C3C(C(C(C(O3)CO)O)O)O)Cl,Tongue ulceration,0
glimepiride,3476,CCC1=C(CN(C1=O)C(=O)NCCC2=CC=C(C=C2)S(=O)(=O)NC(=O)NC3CCC(CC3)C)C,Gingival erythema,0
pioglitazone,4829,CCC1=CN=C(C=C1)CCOC2=CC=C(C=C2)CC3C(=O)NC(=O)S3,Left ventricular dysfunction,1
sitagliptin,4369359,C1CN2C(=NN=C2C(F)(F)F)CN1C(=O)CC(CC3=CC(=C(C=C3F)F)F)N,Gastric cancer,0
glipizide,3478,CC1=CN=C(C=N1)C(=O)NCCC2=CC=C(C=C2)S(=O)(=O)NC(=O)NC3CCCCC3,Glycosylated haemoglobin abnormal,1
sitagliptin,4369359,C1CN2C(=NN=C2C(F)(F)F)CN1C(=O)CC(CC3=CC(=C(C=C3F)F)F)N,Deep vein thrombosis,1
empagliflozin,11949646,C1COCC1OC2=CC=C(C=C2)CC3=C(C=CC(=C3)C4C(C(C(C(O4)CO)O)O)O)Cl,Necrotising soft tissue infection,1
pioglitazone,4829,CCC1=CN=C(C=C1)CCOC2=CC=C(C=C2)CC3C(=O)NC(=O)S3,Anaemia,1
empagliflozin,11949646,C1COCC1OC2=CC=C(C=C2)CC3=C(C=CC(=C3)C4C(C(C(C(O4)CO)O)O)O)Cl,Oral papilloma,0
dapagliflozin,9887712,CCOC1=CC=C(C=C1)CC2=C(C=CC(=C2)C3C(C(C(C(O3)CO)O)O)O)Cl,Histrionic personality disorder,0
metformin,4091,CN(C)C(=N)N=C(N)N,Joint injury,1
metformin,4091,CN(C)C(=N)N=C(N)N,Fistula,1
metformin,4091,CN(C)C(=N)N=C(N)N,Mucormycosis,1
saxagliptin,11243969,C1C2CC2N(C1C#N)C(=O)C(C34CC5CC(C3)CC(C5)(C4)O)N,Paresis,0
metformin,4091,CN(C)C(=N)N=C(N)N,Type 1 diabetes mellitus,1
glyburide,3488,COC1=C(C=C(C=C1)Cl)C(=O)NCCC2=CC=C(C=C2)S(=O)(=O)NC(=O)NC3CCCCC3,Haemorrhoids,0
metformin,4091,CN(C)C(=N)N=C(N)N,Hyperthermia,1
metformin,4091,CN(C)C(=N)N=C(N)N,Brain death,1
canagliflozin,24812758,CC1=C(C=C(C=C1)C2C(C(C(C(O2)CO)O)O)O)CC3=CC=C(S3)C4=CC=C(C=C4)F,Lip dry,0
sitagliptin,4369359,C1CN2C(=NN=C2C(F)(F)F)CN1C(=O)CC(CC3=CC(=C(C=C3F)F)F)N,Urinary tract infection,1
metformin,4091,CN(C)C(=N)N=C(N)N,Wrong patient received product,1
saxagliptin,11243969,C1C2CC2N(C1C#N)C(=O)C(C34CC5CC(C3)CC(C5)(C4)O)N,Blood ethanol increased,0
glimepiride,3476,CCC1=C(CN(C1=O)C(=O)NCCC2=CC=C(C=C2)S(=O)(=O)NC(=O)NC3CCC(CC3)C)C,Cardiac disorder,1
dapagliflozin,9887712,CCOC1=CC=C(C=C1)CC2=C(C=CC(=C2)C3C(C(C(C(O3)CO)O)O)O)Cl,Bradyarrhythmia,0
nateglinide,5311309,CC(C)C1CCC(CC1)C(=O)NC(CC2=CC=CC=C2)C(=O)O,Obsessive thoughts,0
glipizide,3478,CC1=CN=C(C=N1)C(=O)NCCC2=CC=C(C=C2)S(=O)(=O)NC(=O)NC3CCCCC3,Feeding intolerance,0
metformin,4091,CN(C)C(=N)N=C(N)N,Dysgeusia,1
saxagliptin,11243969,C1C2CC2N(C1C#N)C(=O)C(C34CC5CC(C3)CC(C5)(C4)O)N,Femoral neck fracture,0
acarbose,9811704,CC1C(C(C(C(O1)OC2C(OC(C(C2O)O)OC(C(CO)O)C(C(C=O)O)O)CO)O)O)NC3C=C(C(C(C3O)O)O)CO,Acute kidney injury,1
metformin,4091,CN(C)C(=N)N=C(N)N,Carbohydrate antigen 19-9 increased,1
metformin,4091,CN(C)C(=N)N=C(N)N,Incorrect dose administered,1
canagliflozin,24812758,CC1=C(C=C(C=C1)C2C(C(C(C(O2)CO)O)O)O)CC3=CC=C(S3)C4=CC=C(C=C4)F,Food interaction,0
saxagliptin,11243969,C1C2CC2N(C1C#N)C(=O)C(C34CC5CC(C3)CC(C5)(C4)O)N,Optic ischaemic neuropathy,0
pioglitazone,4829,CCC1=CN=C(C=C1)CCOC2=CC=C(C=C2)CC3C(=O)NC(=O)S3,Coxsackie viral infection,0
sitagliptin,4369359,C1CN2C(=NN=C2C(F)(F)F)CN1C(=O)CC(CC3=CC(=C(C=C3F)F)F)N,Dilatation ventricular,0
repaglinide,65981,CCOC1=C(C=CC(=C1)CC(=O)NC(CC(C)C)C2=CC=CC=C2N3CCCCC3)C(=O)O,Renal failure,1
metformin,4091,CN(C)C(=N)N=C(N)N,Dyspnoea,1
metformin,4091,CN(C)C(=N)N=C(N)N,Temperature perception test abnormal,1
metformin,4091,CN(C)C(=N)N=C(N)N,Toxic skin eruption,1
repaglinide,65981,CCOC1=C(C=CC(=C1)CC(=O)NC(CC(C)C)C2=CC=CC=C2N3CCCCC3)C(=O)O,Hyperglycaemia,1
rosiglitazone,77999,CN(CCOC1=CC=C(C=C1)CC2C(=O)NC(=O)S2)C3=CC=CC=N3,Scrotal gangrene,0
metformin,4091,CN(C)C(=N)N=C(N)N,Suspected transmission of an infectious agent via product,1
metformin,4091,CN(C)C(=N)N=C(N)N,Arteriosclerosis,1
pioglitazone,4829,CCC1=CN=C(C=C1)CCOC2=CC=C(C=C2)CC3C(=O)NC(=O)S3,Embolic cerebellar infarction,0
pioglitazone,4829,CCC1=CN=C(C=C1)CCOC2=CC=C(C=C2)CC3C(=O)NC(=O)S3,Retroperitoneal lymphadenopathy,1
sitagliptin,4369359,C1CN2C(=NN=C2C(F)(F)F)CN1C(=O)CC(CC3=CC(=C(C=C3F)F)F)N,Hypertensive emergency,1
glimepiride,3476,CCC1=C(CN(C1=O)C(=O)NCCC2=CC=C(C=C2)S(=O)(=O)NC(=O)NC3CCC(CC3)C)C,Blood phosphorus increased,1
metformin,4091,CN(C)C(=N)N=C(N)N,Feeling abnormal,1
acarbose,9811704,CC1C(C(C(C(O1)OC2C(OC(C(C2O)O)OC(C(CO)O)C(C(C=O)O)O)CO)O)O)NC3C=C(C(C(C3O)O)O)CO,Joint dislocation,0
glipizide,3478,CC1=CN=C(C=N1)C(=O)NCCC2=CC=C(C=C2)S(=O)(=O)NC(=O)NC3CCCCC3,Psychotic disorder,0
glipizide,3478,CC1=CN=C(C=N1)C(=O)NCCC2=CC=C(C=C2)S(=O)(=O)NC(=O)NC3CCCCC3,Lip swelling,1
metformin,4091,CN(C)C(=N)N=C(N)N,Surgery,1
metformin,4091,CN(C)C(=N)N=C(N)N,Coagulation time prolonged,1
metformin,4091,CN(C)C(=N)N=C(N)N,Haemoptysis,1
repaglinide,65981,CCOC1=C(C=CC(=C1)CC(=O)NC(CC(C)C)C2=CC=CC=C2N3CCCCC3)C(=O)O,Endocarditis,0
repaglinide,65981,CCOC1=C(C=CC(=C1)CC(=O)NC(CC(C)C)C2=CC=CC=C2N3CCCCC3)C(=O)O,Dyspnoea exertional,0
repaglinide,65981,CCOC1=C(C=CC(=C1)CC(=O)NC(CC(C)C)C2=CC=CC=C2N3CCCCC3)C(=O)O,Thermal burn,0
metformin,4091,CN(C)C(=N)N=C(N)N,Paranoia,1
nateglinide,5311309,CC(C)C1CCC(CC1)C(=O)NC(CC2=CC=CC=C2)C(=O)O,Blood immunoglobulin G decreased,0
metformin,4091,CN(C)C(=N)N=C(N)N,Tenderness,1
canagliflozin,24812758,CC1=C(C=C(C=C1)C2C(C(C(C(O2)CO)O)O)O)CC3=CC=C(S3)C4=CC=C(C=C4)F,Pneumonia,1
pioglitazone,4829,CCC1=CN=C(C=C1)CCOC2=CC=C(C=C2)CC3C(=O)NC(=O)S3,Actinic keratosis,0
linagliptin,10096344,CC#CCN1C2=C(N=C1N3CCCC(C3)N)N(C(=O)N(C2=O)CC4=NC5=CC=CC=C5C(=N4)C)C,Urine sodium decreased,0
metformin,4091,CN(C)C(=N)N=C(N)N,Haemochromatosis,1
glimepiride,3476,CCC1=C(CN(C1=O)C(=O)NCCC2=CC=C(C=C2)S(=O)(=O)NC(=O)NC3CCC(CC3)C)C,Extrasystoles,0
acarbose,9811704,CC1C(C(C(C(O1)OC2C(OC(C(C2O)O)OC(C(CO)O)C(C(C=O)O)O)CO)O)O)NC3C=C(C(C(C3O)O)O)CO,Tuberculosis,0
glimepiride,3476,CCC1=C(CN(C1=O)C(=O)NCCC2=CC=C(C=C2)S(=O)(=O)NC(=O)NC3CCC(CC3)C)C,Ejection fraction decreased,0
metformin,4091,CN(C)C(=N)N=C(N)N,Depressed mood,1
nateglinide,5311309,CC(C)C1CCC(CC1)C(=O)NC(CC2=CC=CC=C2)C(=O)O,Perirectal abscess,0
pioglitazone,4829,CCC1=CN=C(C=C1)CCOC2=CC=C(C=C2)CC3C(=O)NC(=O)S3,Fasciotomy,0
metformin,4091,CN(C)C(=N)N=C(N)N,Aerococcus urinae infection,1
sitagliptin,4369359,C1CN2C(=NN=C2C(F)(F)F)CN1C(=O)CC(CC3=CC(=C(C=C3F)F)F)N,Haemorrhage urinary tract,0
metformin,4091,CN(C)C(=N)N=C(N)N,Malignant melanoma,1
rosiglitazone,77999,CN(CCOC1=CC=C(C=C1)CC2C(=O)NC(=O)S2)C3=CC=CC=N3,Vaginal infection,0
rosiglitazone,77999,CN(CCOC1=CC=C(C=C1)CC2C(=O)NC(=O)S2)C3=CC=CC=N3,Drug screen positive,0
sitagliptin,4369359,C1CN2C(=NN=C2C(F)(F)F)CN1C(=O)CC(CC3=CC(=C(C=C3F)F)F)N,Crohn's disease,1
glyburide,3488,COC1=C(C=C(C=C1)Cl)C(=O)NCCC2=CC=C(C=C2)S(=O)(=O)NC(=O)NC3CCCCC3,Rotator cuff syndrome,0
empagliflozin,11949646,C1COCC1OC2=CC=C(C=C2)CC3=C(C=CC(=C3)C4C(C(C(C(O4)CO)O)O)O)Cl,Normal newborn,0
metformin,4091,CN(C)C(=N)N=C(N)N,Spondylolysis,1
empagliflozin,11949646,C1COCC1OC2=CC=C(C=C2)CC3=C(C=CC(=C3)C4C(C(C(C(O4)CO)O)O)O)Cl,Perineal abscess,1
glimepiride,3476,CCC1=C(CN(C1=O)C(=O)NCCC2=CC=C(C=C2)S(=O)(=O)NC(=O)NC3CCC(CC3)C)C,Retrograde ejaculation,0
glimepiride,3476,CCC1=C(CN(C1=O)C(=O)NCCC2=CC=C(C=C2)S(=O)(=O)NC(=O)NC3CCC(CC3)C)C,Gastrointestinal carcinoma,1
dapagliflozin,9887712,CCOC1=CC=C(C=C1)CC2=C(C=CC(=C2)C3C(C(C(C(O3)CO)O)O)O)Cl,Heavy menstrual bleeding,0
glimepiride,3476,CCC1=C(CN(C1=O)C(=O)NCCC2=CC=C(C=C2)S(=O)(=O)NC(=O)NC3CCC(CC3)C)C,Pruritus,1
saxagliptin,11243969,C1C2CC2N(C1C#N)C(=O)C(C34CC5CC(C3)CC(C5)(C4)O)N,Left ventricular failure,0
glipizide,3478,CC1=CN=C(C=N1)C(=O)NCCC2=CC=C(C=C2)S(=O)(=O)NC(=O)NC3CCCCC3,Metabolic disorder,1
metformin,4091,CN(C)C(=N)N=C(N)N,Foot amputation,1
metformin,4091,CN(C)C(=N)N=C(N)N,Dysplasia,1
canagliflozin,24812758,CC1=C(C=C(C=C1)C2C(C(C(C(O2)CO)O)O)O)CC3=CC=C(S3)C4=CC=C(C=C4)F,Oxygen saturation decreased,0
glipizide,3478,CC1=CN=C(C=N1)C(=O)NCCC2=CC=C(C=C2)S(=O)(=O)NC(=O)NC3CCCCC3,Bacteraemia,0
metformin,4091,CN(C)C(=N)N=C(N)N,Parkinsonism,1
metformin,4091,CN(C)C(=N)N=C(N)N,Suspected product quality issue,1
pioglitazone,4829,CCC1=CN=C(C=C1)CCOC2=CC=C(C=C2)CC3C(=O)NC(=O)S3,Penile pain,0
metformin,4091,CN(C)C(=N)N=C(N)N,Iron deficiency anaemia,1
empagliflozin,11949646,C1COCC1OC2=CC=C(C=C2)CC3=C(C=CC(=C3)C4C(C(C(C(O4)CO)O)O)O)Cl,Psychotic disorder,0
metformin,4091,CN(C)C(=N)N=C(N)N,Malignant neoplasm progression,1
metformin,4091,CN(C)C(=N)N=C(N)N,Procedural pain,1
glyburide,3488,COC1=C(C=C(C=C1)Cl)C(=O)NCCC2=CC=C(C=C2)S(=O)(=O)NC(=O)NC3CCCCC3,Hypothyroidism,0
acarbose,9811704,CC1C(C(C(C(O1)OC2C(OC(C(C2O)O)OC(C(CO)O)C(C(C=O)O)O)CO)O)O)NC3C=C(C(C(C3O)O)O)CO,Left ventricular dilatation,0
dapagliflozin,9887712,CCOC1=CC=C(C=C1)CC2=C(C=CC(=C2)C3C(C(C(C(O3)CO)O)O)O)Cl,Cerebellar artery occlusion,0
rosiglitazone,77999,CN(CCOC1=CC=C(C=C1)CC2C(=O)NC(=O)S2)C3=CC=CC=N3,Stroke volume,0
empagliflozin,11949646,C1COCC1OC2=CC=C(C=C2)CC3=C(C=CC(=C3)C4C(C(C(C(O4)CO)O)O)O)Cl,Pain,1
glimepiride,3476,CCC1=C(CN(C1=O)C(=O)NCCC2=CC=C(C=C2)S(=O)(=O)NC(=O)NC3CCC(CC3)C)C,Resorption bone increased,0
glipizide,3478,CC1=CN=C(C=N1)C(=O)NCCC2=CC=C(C=C2)S(=O)(=O)NC(=O)NC3CCCCC3,Magnetic resonance imaging head abnormal,0
metformin,4091,CN(C)C(=N)N=C(N)N,Oral mucosal eruption,1
acarbose,9811704,CC1C(C(C(C(O1)OC2C(OC(C(C2O)O)OC(C(CO)O)C(C(C=O)O)O)CO)O)O)NC3C=C(C(C(C3O)O)O)CO,Tooth infection,0
empagliflozin,11949646,C1COCC1OC2=CC=C(C=C2)CC3=C(C=CC(=C3)C4C(C(C(C(O4)CO)O)O)O)Cl,Penile rash,1
metformin,4091,CN(C)C(=N)N=C(N)N,Gestational diabetes,1
sitagliptin,4369359,C1CN2C(=NN=C2C(F)(F)F)CN1C(=O)CC(CC3=CC(=C(C=C3F)F)F)N,Proctitis,0
pioglitazone,4829,CCC1=CN=C(C=C1)CCOC2=CC=C(C=C2)CC3C(=O)NC(=O)S3,Escherichia sepsis,0
metformin,4091,CN(C)C(=N)N=C(N)N,Epistaxis,1
glyburide,3488,COC1=C(C=C(C=C1)Cl)C(=O)NCCC2=CC=C(C=C2)S(=O)(=O)NC(=O)NC3CCCCC3,Metastases to pelvis,0
metformin,4091,CN(C)C(=N)N=C(N)N,Myocarditis,1
sitagliptin,4369359,C1CN2C(=NN=C2C(F)(F)F)CN1C(=O)CC(CC3=CC(=C(C=C3F)F)F)N,Blindness,0
glimepiride,3476,CCC1=C(CN(C1=O)C(=O)NCCC2=CC=C(C=C2)S(=O)(=O)NC(=O)NC3CCC(CC3)C)C,Tremor,1
glyburide,3488,COC1=C(C=C(C=C1)Cl)C(=O)NCCC2=CC=C(C=C2)S(=O)(=O)NC(=O)NC3CCCCC3,Ocular icterus,0
metformin,4091,CN(C)C(=N)N=C(N)N,Substance use,1
metformin,4091,CN(C)C(=N)N=C(N)N,Vitamin B12 deficiency,1
glyburide,3488,COC1=C(C=C(C=C1)Cl)C(=O)NCCC2=CC=C(C=C2)S(=O)(=O)NC(=O)NC3CCCCC3,Sleep deficit,0
glimepiride,3476,CCC1=C(CN(C1=O)C(=O)NCCC2=CC=C(C=C2)S(=O)(=O)NC(=O)NC3CCC(CC3)C)C,Trigger finger,0
dapagliflozin,9887712,CCOC1=CC=C(C=C1)CC2=C(C=CC(=C2)C3C(C(C(C(O3)CO)O)O)O)Cl,Radiation associated pain,0
glyburide,3488,COC1=C(C=C(C=C1)Cl)C(=O)NCCC2=CC=C(C=C2)S(=O)(=O)NC(=O)NC3CCCCC3,Gastroenteritis viral,0
metformin,4091,CN(C)C(=N)N=C(N)N,Feeding disorder,1
canagliflozin,24812758,CC1=C(C=C(C=C1)C2C(C(C(C(O2)CO)O)O)O)CC3=CC=C(S3)C4=CC=C(C=C4)F,Liver disorder,1
linagliptin,10096344,CC#CCN1C2=C(N=C1N3CCCC(C3)N)N(C(=O)N(C2=O)CC4=NC5=CC=CC=C5C(=N4)C)C,Dilatation ventricular,0
metformin,4091,CN(C)C(=N)N=C(N)N,Injection site bruising,1
pioglitazone,4829,CCC1=CN=C(C=C1)CCOC2=CC=C(C=C2)CC3C(=O)NC(=O)S3,Poor quality product administered,0
glipizide,3478,CC1=CN=C(C=N1)C(=O)NCCC2=CC=C(C=C2)S(=O)(=O)NC(=O)NC3CCCCC3,Antisocial behaviour,0
metformin,4091,CN(C)C(=N)N=C(N)N,Brain stem syndrome,1
glimepiride,3476,CCC1=C(CN(C1=O)C(=O)NCCC2=CC=C(C=C2)S(=O)(=O)NC(=O)NC3CCC(CC3)C)C,Claudication of jaw muscles,0
metformin,4091,CN(C)C(=N)N=C(N)N,Intestinal polyp,1
metformin,4091,CN(C)C(=N)N=C(N)N,Electrocardiogram QT interval,1
sitagliptin,4369359,C1CN2C(=NN=C2C(F)(F)F)CN1C(=O)CC(CC3=CC(=C(C=C3F)F)F)N,Pancreatectomy,1
glimepiride,3476,CCC1=C(CN(C1=O)C(=O)NCCC2=CC=C(C=C2)S(=O)(=O)NC(=O)NC3CCC(CC3)C)C,Diabetic metabolic decompensation,1
pioglitazone,4829,CCC1=CN=C(C=C1)CCOC2=CC=C(C=C2)CC3C(=O)NC(=O)S3,Rectal cancer,0
empagliflozin,11949646,C1COCC1OC2=CC=C(C=C2)CC3=C(C=CC(=C3)C4C(C(C(C(O4)CO)O)O)O)Cl,Tachycardia,1
sitagliptin,4369359,C1CN2C(=NN=C2C(F)(F)F)CN1C(=O)CC(CC3=CC(=C(C=C3F)F)F)N,Renal aneurysm,0
linagliptin,10096344,CC#CCN1C2=C(N=C1N3CCCC(C3)N)N(C(=O)N(C2=O)CC4=NC5=CC=CC=C5C(=N4)C)C,Malnutrition,0
saxagliptin,11243969,C1C2CC2N(C1C#N)C(=O)C(C34CC5CC(C3)CC(C5)(C4)O)N,Occult blood positive,0
glyburide,3488,COC1=C(C=C(C=C1)Cl)C(=O)NCCC2=CC=C(C=C2)S(=O)(=O)NC(=O)NC3CCCCC3,Sjogren's syndrome,0
dapagliflozin,9887712,CCOC1=CC=C(C=C1)CC2=C(C=CC(=C2)C3C(C(C(C(O3)CO)O)O)O)Cl,Conjunctivitis allergic,0
metformin,4091,CN(C)C(=N)N=C(N)N,Mean cell volume abnormal,1
canagliflozin,24812758,CC1=C(C=C(C=C1)C2C(C(C(C(O2)CO)O)O)O)CC3=CC=C(S3)C4=CC=C(C=C4)F,Gastric cancer,1
linagliptin,10096344,CC#CCN1C2=C(N=C1N3CCCC(C3)N)N(C(=O)N(C2=O)CC4=NC5=CC=CC=C5C(=N4)C)C,Hypertonic bladder,0
glimepiride,3476,CCC1=C(CN(C1=O)C(=O)NCCC2=CC=C(C=C2)S(=O)(=O)NC(=O)NC3CCC(CC3)C)C,Urinary tract obstruction,0
glimepiride,3476,CCC1=C(CN(C1=O)C(=O)NCCC2=CC=C(C=C2)S(=O)(=O)NC(=O)NC3CCC(CC3)C)C,Breast milk substitute intolerance,0
metformin,4091,CN(C)C(=N)N=C(N)N,Hypoxic-ischaemic encephalopathy,1
glipizide,3478,CC1=CN=C(C=N1)C(=O)NCCC2=CC=C(C=C2)S(=O)(=O)NC(=O)NC3CCCCC3,Hypothermia,0
metformin,4091,CN(C)C(=N)N=C(N)N,Osmolar gap,1
glipizide,3478,CC1=CN=C(C=N1)C(=O)NCCC2=CC=C(C=C2)S(=O)(=O)NC(=O)NC3CCCCC3,Saliva altered,0
metformin,4091,CN(C)C(=N)N=C(N)N,International normalised ratio increased,1
canagliflozin,24812758,CC1=C(C=C(C=C1)C2C(C(C(C(O2)CO)O)O)O)CC3=CC=C(S3)C4=CC=C(C=C4)F,Starvation ketoacidosis,0
metformin,4091,CN(C)C(=N)N=C(N)N,Acquired phimosis,1
glipizide,3478,CC1=CN=C(C=N1)C(=O)NCCC2=CC=C(C=C2)S(=O)(=O)NC(=O)NC3CCCCC3,Endocarditis,0
metformin,4091,CN(C)C(=N)N=C(N)N,Tooth injury,1
empagliflozin,11949646,C1COCC1OC2=CC=C(C=C2)CC3=C(C=CC(=C3)C4C(C(C(C(O4)CO)O)O)O)Cl,Septic shock,1
repaglinide,65981,CCOC1=C(C=CC(=C1)CC(=O)NC(CC(C)C)C2=CC=CC=C2N3CCCCC3)C(=O)O,Injection site hypertrophy,0
metformin,4091,CN(C)C(=N)N=C(N)N,Impaired healing,1
empagliflozin,11949646,C1COCC1OC2=CC=C(C=C2)CC3=C(C=CC(=C3)C4C(C(C(C(O4)CO)O)O)O)Cl,Peroneal nerve palsy,0
metformin,4091,CN(C)C(=N)N=C(N)N,Hepatocellular injury,1
metformin,4091,CN(C)C(=N)N=C(N)N,Cardiac flutter,1
glimepiride,3476,CCC1=C(CN(C1=O)C(=O)NCCC2=CC=C(C=C2)S(=O)(=O)NC(=O)NC3CCC(CC3)C)C,Pericarditis,1
canagliflozin,24812758,CC1=C(C=C(C=C1)C2C(C(C(C(O2)CO)O)O)O)CC3=CC=C(S3)C4=CC=C(C=C4)F,Peripheral vascular disorder,1
canagliflozin,24812758,CC1=C(C=C(C=C1)C2C(C(C(C(O2)CO)O)O)O)CC3=CC=C(S3)C4=CC=C(C=C4)F,Crystal urine present,0
acarbose,9811704,CC1C(C(C(C(O1)OC2C(OC(C(C2O)O)OC(C(CO)O)C(C(C=O)O)O)CO)O)O)NC3C=C(C(C(C3O)O)O)CO,Ruptured cerebral aneurysm,0
acarbose,9811704,CC1C(C(C(C(O1)OC2C(OC(C(C2O)O)OC(C(CO)O)C(C(C=O)O)O)CO)O)O)NC3C=C(C(C(C3O)O)O)CO,Prostate cancer,0
glimepiride,3476,CCC1=C(CN(C1=O)C(=O)NCCC2=CC=C(C=C2)S(=O)(=O)NC(=O)NC3CCC(CC3)C)C,Expiratory reserve volume decreased,0
repaglinide,65981,CCOC1=C(C=CC(=C1)CC(=O)NC(CC(C)C)C2=CC=CC=C2N3CCCCC3)C(=O)O,Bladder outlet obstruction,0
metformin,4091,CN(C)C(=N)N=C(N)N,Osmolar gap increased,1
metformin,4091,CN(C)C(=N)N=C(N)N,Conjunctival oedema,1
sitagliptin,4369359,C1CN2C(=NN=C2C(F)(F)F)CN1C(=O)CC(CC3=CC(=C(C=C3F)F)F)N,Ecthyma,1
pioglitazone,4829,CCC1=CN=C(C=C1)CCOC2=CC=C(C=C2)CC3C(=O)NC(=O)S3,Candida infection,1
pioglitazone,4829,CCC1=CN=C(C=C1)CCOC2=CC=C(C=C2)CC3C(=O)NC(=O)S3,Heterophoria,0
dapagliflozin,9887712,CCOC1=CC=C(C=C1)CC2=C(C=CC(=C2)C3C(C(C(C(O3)CO)O)O)O)Cl,Synovitis,0
metformin,4091,CN(C)C(=N)N=C(N)N,Poor personal hygiene,1
canagliflozin,24812758,CC1=C(C=C(C=C1)C2C(C(C(C(O2)CO)O)O)O)CC3=CC=C(S3)C4=CC=C(C=C4)F,Poisoning deliberate,0
glimepiride,3476,CCC1=C(CN(C1=O)C(=O)NCCC2=CC=C(C=C2)S(=O)(=O)NC(=O)NC3CCC(CC3)C)C,Arthritis,1
metformin,4091,CN(C)C(=N)N=C(N)N,Ligament sprain,1
glimepiride,3476,CCC1=C(CN(C1=O)C(=O)NCCC2=CC=C(C=C2)S(=O)(=O)NC(=O)NC3CCC(CC3)C)C,Bladder neoplasm,0
dapagliflozin,9887712,CCOC1=CC=C(C=C1)CC2=C(C=CC(=C2)C3C(C(C(C(O3)CO)O)O)O)Cl,Breast cancer metastatic,0
glimepiride,3476,CCC1=C(CN(C1=O)C(=O)NCCC2=CC=C(C=C2)S(=O)(=O)NC(=O)NC3CCC(CC3)C)C,Melaena,0
glimepiride,3476,CCC1=C(CN(C1=O)C(=O)NCCC2=CC=C(C=C2)S(=O)(=O)NC(=O)NC3CCC(CC3)C)C,Muscle contracture,1
empagliflozin,11949646,C1COCC1OC2=CC=C(C=C2)CC3=C(C=CC(=C3)C4C(C(C(C(O4)CO)O)O)O)Cl,Persistent left superior vena cava,0
empagliflozin,11949646,C1COCC1OC2=CC=C(C=C2)CC3=C(C=CC(=C3)C4C(C(C(C(O4)CO)O)O)O)Cl,Metabolic syndrome,0
metformin,4091,CN(C)C(=N)N=C(N)N,Lactate pyruvate ratio increased,1
metformin,4091,CN(C)C(=N)N=C(N)N,Liver transplant,1
glimepiride,3476,CCC1=C(CN(C1=O)C(=O)NCCC2=CC=C(C=C2)S(=O)(=O)NC(=O)NC3CCC(CC3)C)C,Bone density abnormal,0
linagliptin,10096344,CC#CCN1C2=C(N=C1N3CCCC(C3)N)N(C(=O)N(C2=O)CC4=NC5=CC=CC=C5C(=N4)C)C,Gastritis erosive,0
acarbose,9811704,CC1C(C(C(C(O1)OC2C(OC(C(C2O)O)OC(C(CO)O)C(C(C=O)O)O)CO)O)O)NC3C=C(C(C(C3O)O)O)CO,Temperature intolerance,0
linagliptin,10096344,CC#CCN1C2=C(N=C1N3CCCC(C3)N)N(C(=O)N(C2=O)CC4=NC5=CC=CC=C5C(=N4)C)C,Helicobacter infection,1
linagliptin,10096344,CC#CCN1C2=C(N=C1N3CCCC(C3)N)N(C(=O)N(C2=O)CC4=NC5=CC=CC=C5C(=N4)C)C,Eyelid function disorder,0
glimepiride,3476,CCC1=C(CN(C1=O)C(=O)NCCC2=CC=C(C=C2)S(=O)(=O)NC(=O)NC3CCC(CC3)C)C,Thrombotic microangiopathy,0
sitagliptin,4369359,C1CN2C(=NN=C2C(F)(F)F)CN1C(=O)CC(CC3=CC(=C(C=C3F)F)F)N,Intestinal haemorrhage,0
acarbose,9811704,CC1C(C(C(C(O1)OC2C(OC(C(C2O)O)OC(C(CO)O)C(C(C=O)O)O)CO)O)O)NC3C=C(C(C(C3O)O)O)CO,Presyncope,0
glyburide,3488,COC1=C(C=C(C=C1)Cl)C(=O)NCCC2=CC=C(C=C2)S(=O)(=O)NC(=O)NC3CCCCC3,Genital erosion,0
metformin,4091,CN(C)C(=N)N=C(N)N,Eye inflammation,1
glipizide,3478,CC1=CN=C(C=N1)C(=O)NCCC2=CC=C(C=C2)S(=O)(=O)NC(=O)NC3CCCCC3,Vulval ulceration,0
glyburide,3488,COC1=C(C=C(C=C1)Cl)C(=O)NCCC2=CC=C(C=C2)S(=O)(=O)NC(=O)NC3CCCCC3,Hyperhidrosis,1
canagliflozin,24812758,CC1=C(C=C(C=C1)C2C(C(C(C(O2)CO)O)O)O)CC3=CC=C(S3)C4=CC=C(C=C4)F,Vaginal discharge,0
repaglinide,65981,CCOC1=C(C=CC(=C1)CC(=O)NC(CC(C)C)C2=CC=CC=C2N3CCCCC3)C(=O)O,Procedural complication,0
pioglitazone,4829,CCC1=CN=C(C=C1)CCOC2=CC=C(C=C2)CC3C(=O)NC(=O)S3,Pyonephrosis,0
metformin,4091,CN(C)C(=N)N=C(N)N,Pharyngeal mass,1
metformin,4091,CN(C)C(=N)N=C(N)N,Exercise tolerance decreased,1
glipizide,3478,CC1=CN=C(C=N1)C(=O)NCCC2=CC=C(C=C2)S(=O)(=O)NC(=O)NC3CCCCC3,Persistent cloaca,0
empagliflozin,11949646,C1COCC1OC2=CC=C(C=C2)CC3=C(C=CC(=C3)C4C(C(C(C(O4)CO)O)O)O)Cl,Eyelid function disorder,0
rosiglitazone,77999,CN(CCOC1=CC=C(C=C1)CC2C(=O)NC(=O)S2)C3=CC=CC=N3,Bone pain,0
metformin,4091,CN(C)C(=N)N=C(N)N,Haemoglobin increased,1
metformin,4091,CN(C)C(=N)N=C(N)N,Reaction to excipient,1
glimepiride,3476,CCC1=C(CN(C1=O)C(=O)NCCC2=CC=C(C=C2)S(=O)(=O)NC(=O)NC3CCC(CC3)C)C,Metabolic disorder,1
metformin,4091,CN(C)C(=N)N=C(N)N,Wrist surgery,1
acarbose,9811704,CC1C(C(C(C(O1)OC2C(OC(C(C2O)O)OC(C(CO)O)C(C(C=O)O)O)CO)O)O)NC3C=C(C(C(C3O)O)O)CO,Motion sickness,0
glipizide,3478,CC1=CN=C(C=N1)C(=O)NCCC2=CC=C(C=C2)S(=O)(=O)NC(=O)NC3CCCCC3,Blood culture positive,0
canagliflozin,24812758,CC1=C(C=C(C=C1)C2C(C(C(C(O2)CO)O)O)O)CC3=CC=C(S3)C4=CC=C(C=C4)F,Respiratory failure,1
glimepiride,3476,CCC1=C(CN(C1=O)C(=O)NCCC2=CC=C(C=C2)S(=O)(=O)NC(=O)NC3CCC(CC3)C)C,Misleading laboratory test result,0
sitagliptin,4369359,C1CN2C(=NN=C2C(F)(F)F)CN1C(=O)CC(CC3=CC(=C(C=C3F)F)F)N,Mitral valve thickening,0
canagliflozin,24812758,CC1=C(C=C(C=C1)C2C(C(C(C(O2)CO)O)O)O)CC3=CC=C(S3)C4=CC=C(C=C4)F,Clostridial infection,0
dapagliflozin,9887712,CCOC1=CC=C(C=C1)CC2=C(C=CC(=C2)C3C(C(C(C(O3)CO)O)O)O)Cl,Urine output increased,1
glyburide,3488,COC1=C(C=C(C=C1)Cl)C(=O)NCCC2=CC=C(C=C2)S(=O)(=O)NC(=O)NC3CCCCC3,Enterococcal infection,0
metformin,4091,CN(C)C(=N)N=C(N)N,Food craving,1
canagliflozin,24812758,CC1=C(C=C(C=C1)C2C(C(C(C(O2)CO)O)O)O)CC3=CC=C(S3)C4=CC=C(C=C4)F,Influenza,1
empagliflozin,11949646,C1COCC1OC2=CC=C(C=C2)CC3=C(C=CC(=C3)C4C(C(C(C(O4)CO)O)O)O)Cl,Sopor,1
nateglinide,5311309,CC(C)C1CCC(CC1)C(=O)NC(CC2=CC=CC=C2)C(=O)O,Acute abdomen,0
saxagliptin,11243969,C1C2CC2N(C1C#N)C(=O)C(C34CC5CC(C3)CC(C5)(C4)O)N,Vision blurred,1
metformin,4091,CN(C)C(=N)N=C(N)N,Sopor,1
metformin,4091,CN(C)C(=N)N=C(N)N,Explorative laparotomy,1
canagliflozin,24812758,CC1=C(C=C(C=C1)C2C(C(C(C(O2)CO)O)O)O)CC3=CC=C(S3)C4=CC=C(C=C4)F,Paradoxical drug reaction,0
saxagliptin,11243969,C1C2CC2N(C1C#N)C(=O)C(C34CC5CC(C3)CC(C5)(C4)O)N,Ectopia cordis,0
linagliptin,10096344,CC#CCN1C2=C(N=C1N3CCCC(C3)N)N(C(=O)N(C2=O)CC4=NC5=CC=CC=C5C(=N4)C)C,Colitis ischaemic,0
glimepiride,3476,CCC1=C(CN(C1=O)C(=O)NCCC2=CC=C(C=C2)S(=O)(=O)NC(=O)NC3CCC(CC3)C)C,Hepatic encephalopathy,0
glipizide,3478,CC1=CN=C(C=N1)C(=O)NCCC2=CC=C(C=C2)S(=O)(=O)NC(=O)NC3CCCCC3,Tachypnoea,0
metformin,4091,CN(C)C(=N)N=C(N)N,Renal cyst haemorrhage,1
metformin,4091,CN(C)C(=N)N=C(N)N,Hypoxia,1
canagliflozin,24812758,CC1=C(C=C(C=C1)C2C(C(C(C(O2)CO)O)O)O)CC3=CC=C(S3)C4=CC=C(C=C4)F,Surgery,1
metformin,4091,CN(C)C(=N)N=C(N)N,Neutrophil count decreased,1
canagliflozin,24812758,CC1=C(C=C(C=C1)C2C(C(C(C(O2)CO)O)O)O)CC3=CC=C(S3)C4=CC=C(C=C4)F,Dysarthria,1
metformin,4091,CN(C)C(=N)N=C(N)N,Hepatotoxicity,1
repaglinide,65981,CCOC1=C(C=CC(=C1)CC(=O)NC(CC(C)C)C2=CC=CC=C2N3CCCCC3)C(=O)O,Priapism,0
metformin,4091,CN(C)C(=N)N=C(N)N,Product substitution issue,1
metformin,4091,CN(C)C(=N)N=C(N)N,Leukopenia,1
glyburide,3488,COC1=C(C=C(C=C1)Cl)C(=O)NCCC2=CC=C(C=C2)S(=O)(=O)NC(=O)NC3CCCCC3,Hyperglycaemia,1
acarbose,9811704,CC1C(C(C(C(O1)OC2C(OC(C(C2O)O)OC(C(CO)O)C(C(C=O)O)O)CO)O)O)NC3C=C(C(C(C3O)O)O)CO,Diabetic mononeuropathy,0
metformin,4091,CN(C)C(=N)N=C(N)N,Neuropathic arthropathy,1
repaglinide,65981,CCOC1=C(C=CC(=C1)CC(=O)NC(CC(C)C)C2=CC=CC=C2N3CCCCC3)C(=O)O,Dry eye,0
pioglitazone,4829,CCC1=CN=C(C=C1)CCOC2=CC=C(C=C2)CC3C(=O)NC(=O)S3,Thyroid cancer recurrent,0
saxagliptin,11243969,C1C2CC2N(C1C#N)C(=O)C(C34CC5CC(C3)CC(C5)(C4)O)N,Blood ketone body present,0
dapagliflozin,9887712,CCOC1=CC=C(C=C1)CC2=C(C=CC(=C2)C3C(C(C(C(O3)CO)O)O)O)Cl,Otitis externa,1
rosiglitazone,77999,CN(CCOC1=CC=C(C=C1)CC2C(=O)NC(=O)S2)C3=CC=CC=N3,Transferrin saturation decreased,0
metformin,4091,CN(C)C(=N)N=C(N)N,Disorientation,1
sitagliptin,4369359,C1CN2C(=NN=C2C(F)(F)F)CN1C(=O)CC(CC3=CC(=C(C=C3F)F)F)N,Febrile neutropenia,0
empagliflozin,11949646,C1COCC1OC2=CC=C(C=C2)CC3=C(C=CC(=C3)C4C(C(C(C(O4)CO)O)O)O)Cl,Vaginal haemorrhage,1
glipizide,3478,CC1=CN=C(C=N1)C(=O)NCCC2=CC=C(C=C2)S(=O)(=O)NC(=O)NC3CCCCC3,Polymenorrhoea,0
metformin,4091,CN(C)C(=N)N=C(N)N,Generalised tonic-clonic seizure,1
repaglinide,65981,CCOC1=C(C=CC(=C1)CC(=O)NC(CC(C)C)C2=CC=CC=C2N3CCCCC3)C(=O)O,Diabetic mononeuropathy,0
glipizide,3478,CC1=CN=C(C=N1)C(=O)NCCC2=CC=C(C=C2)S(=O)(=O)NC(=O)NC3CCCCC3,Breast cancer female,0
empagliflozin,11949646,C1COCC1OC2=CC=C(C=C2)CC3=C(C=CC(=C3)C4C(C(C(C(O4)CO)O)O)O)Cl,Dacryostenosis acquired,1
metformin,4091,CN(C)C(=N)N=C(N)N,Abdominal mass,1
sitagliptin,4369359,C1CN2C(=NN=C2C(F)(F)F)CN1C(=O)CC(CC3=CC(=C(C=C3F)F)F)N,Synovial cyst,0
glipizide,3478,CC1=CN=C(C=N1)C(=O)NCCC2=CC=C(C=C2)S(=O)(=O)NC(=O)NC3CCCCC3,Laboratory test abnormal,0
rosiglitazone,77999,CN(CCOC1=CC=C(C=C1)CC2C(=O)NC(=O)S2)C3=CC=CC=N3,Dry gangrene,0
linagliptin,10096344,CC#CCN1C2=C(N=C1N3CCCC(C3)N)N(C(=O)N(C2=O)CC4=NC5=CC=CC=C5C(=N4)C)C,Congenital central nervous system anomaly,0
repaglinide,65981,CCOC1=C(C=CC(=C1)CC(=O)NC(CC(C)C)C2=CC=CC=C2N3CCCCC3)C(=O)O,Lung disorder,1
sitagliptin,4369359,C1CN2C(=NN=C2C(F)(F)F)CN1C(=O)CC(CC3=CC(=C(C=C3F)F)F)N,Pelvic cyst,0
dapagliflozin,9887712,CCOC1=CC=C(C=C1)CC2=C(C=CC(=C2)C3C(C(C(C(O3)CO)O)O)O)Cl,Autoimmune nephritis,0
metformin,4091,CN(C)C(=N)N=C(N)N,Creatinine renal clearance abnormal,1
metformin,4091,CN(C)C(=N)N=C(N)N,Nephroangiosclerosis,1
glipizide,3478,CC1=CN=C(C=N1)C(=O)NCCC2=CC=C(C=C2)S(=O)(=O)NC(=O)NC3CCCCC3,Contusion,1
dapagliflozin,9887712,CCOC1=CC=C(C=C1)CC2=C(C=CC(=C2)C3C(C(C(C(O3)CO)O)O)O)Cl,Genital ulceration,1
canagliflozin,24812758,CC1=C(C=C(C=C1)C2C(C(C(C(O2)CO)O)O)O)CC3=CC=C(S3)C4=CC=C(C=C4)F,Hypoglycaemia,1
pioglitazone,4829,CCC1=CN=C(C=C1)CCOC2=CC=C(C=C2)CC3C(=O)NC(=O)S3,Myalgia,1
pioglitazone,4829,CCC1=CN=C(C=C1)CCOC2=CC=C(C=C2)CC3C(=O)NC(=O)S3,Periorbital cellulitis,0
empagliflozin,11949646,C1COCC1OC2=CC=C(C=C2)CC3=C(C=CC(=C3)C4C(C(C(C(O4)CO)O)O)O)Cl,Nephrolithiasis,1
glyburide,3488,COC1=C(C=C(C=C1)Cl)C(=O)NCCC2=CC=C(C=C2)S(=O)(=O)NC(=O)NC3CCCCC3,Thirst,0
empagliflozin,11949646,C1COCC1OC2=CC=C(C=C2)CC3=C(C=CC(=C3)C4C(C(C(C(O4)CO)O)O)O)Cl,Vascular stenosis,0
repaglinide,65981,CCOC1=C(C=CC(=C1)CC(=O)NC(CC(C)C)C2=CC=CC=C2N3CCCCC3)C(=O)O,Hordeolum,0
saxagliptin,11243969,C1C2CC2N(C1C#N)C(=O)C(C34CC5CC(C3)CC(C5)(C4)O)N,Feeling of body temperature change,1
metformin,4091,CN(C)C(=N)N=C(N)N,Aortic aneurysm,1
metformin,4091,CN(C)C(=N)N=C(N)N,Blood pressure abnormal,1
metformin,4091,CN(C)C(=N)N=C(N)N,Gingival pain,1
metformin,4091,CN(C)C(=N)N=C(N)N,Sensorimotor disorder,1
glimepiride,3476,CCC1=C(CN(C1=O)C(=O)NCCC2=CC=C(C=C2)S(=O)(=O)NC(=O)NC3CCC(CC3)C)C,Renal cyst haemorrhage,0
metformin,4091,CN(C)C(=N)N=C(N)N,Blood pressure decreased,1
nateglinide,5311309,CC(C)C1CCC(CC1)C(=O)NC(CC2=CC=CC=C2)C(=O)O,Nephroangiosclerosis,0
metformin,4091,CN(C)C(=N)N=C(N)N,Overweight,1
empagliflozin,11949646,C1COCC1OC2=CC=C(C=C2)CC3=C(C=CC(=C3)C4C(C(C(C(O4)CO)O)O)O)Cl,Scrotal abscess,0
pioglitazone,4829,CCC1=CN=C(C=C1)CCOC2=CC=C(C=C2)CC3C(=O)NC(=O)S3,Painful respiration,0
glyburide,3488,COC1=C(C=C(C=C1)Cl)C(=O)NCCC2=CC=C(C=C2)S(=O)(=O)NC(=O)NC3CCCCC3,Gait inability,0
rosiglitazone,77999,CN(CCOC1=CC=C(C=C1)CC2C(=O)NC(=O)S2)C3=CC=CC=N3,Hepatic enzyme increased,0
sitagliptin,4369359,C1CN2C(=NN=C2C(F)(F)F)CN1C(=O)CC(CC3=CC(=C(C=C3F)F)F)N,Atypical pneumonia,0
rosiglitazone,77999,CN(CCOC1=CC=C(C=C1)CC2C(=O)NC(=O)S2)C3=CC=CC=N3,Pyrexia,0
saxagliptin,11243969,C1C2CC2N(C1C#N)C(=O)C(C34CC5CC(C3)CC(C5)(C4)O)N,Sinusitis,1
empagliflozin,11949646,C1COCC1OC2=CC=C(C=C2)CC3=C(C=CC(=C3)C4C(C(C(C(O4)CO)O)O)O)Cl,Abdominal adhesions,0
acarbose,9811704,CC1C(C(C(C(O1)OC2C(OC(C(C2O)O)OC(C(CO)O)C(C(C=O)O)O)CO)O)O)NC3C=C(C(C(C3O)O)O)CO,Respiratory rate increased,0
glipizide,3478,CC1=CN=C(C=N1)C(=O)NCCC2=CC=C(C=C2)S(=O)(=O)NC(=O)NC3CCCCC3,Eosinophil count decreased,0
pioglitazone,4829,CCC1=CN=C(C=C1)CCOC2=CC=C(C=C2)CC3C(=O)NC(=O)S3,Drug dispensed to wrong patient,0
repaglinide,65981,CCOC1=C(C=CC(=C1)CC(=O)NC(CC(C)C)C2=CC=CC=C2N3CCCCC3)C(=O)O,Influenza like illness,1
metformin,4091,CN(C)C(=N)N=C(N)N,Product preparation error,1
empagliflozin,11949646,C1COCC1OC2=CC=C(C=C2)CC3=C(C=CC(=C3)C4C(C(C(C(O4)CO)O)O)O)Cl,Gingivitis,0
canagliflozin,24812758,CC1=C(C=C(C=C1)C2C(C(C(C(O2)CO)O)O)O)CC3=CC=C(S3)C4=CC=C(C=C4)F,Fear,1
rosiglitazone,77999,CN(CCOC1=CC=C(C=C1)CC2C(=O)NC(=O)S2)C3=CC=CC=N3,Circumstance or information capable of leading to device use error,0
metformin,4091,CN(C)C(=N)N=C(N)N,Hyperbilirubinaemia,1
repaglinide,65981,CCOC1=C(C=CC(=C1)CC(=O)NC(CC(C)C)C2=CC=CC=C2N3CCCCC3)C(=O)O,Extrapyramidal disorder,1
metformin,4091,CN(C)C(=N)N=C(N)N,Cholestasis,1
empagliflozin,11949646,C1COCC1OC2=CC=C(C=C2)CC3=C(C=CC(=C3)C4C(C(C(C(O4)CO)O)O)O)Cl,Scrotal gangrene,1
rosiglitazone,77999,CN(CCOC1=CC=C(C=C1)CC2C(=O)NC(=O)S2)C3=CC=CC=N3,Malaise,0
metformin,4091,CN(C)C(=N)N=C(N)N,Low density lipoprotein increased,1
dapagliflozin,9887712,CCOC1=CC=C(C=C1)CC2=C(C=CC(=C2)C3C(C(C(C(O3)CO)O)O)O)Cl,Sudden visual loss,0
sitagliptin,4369359,C1CN2C(=NN=C2C(F)(F)F)CN1C(=O)CC(CC3=CC(=C(C=C3F)F)F)N,Rhabdomyolysis,0
metformin,4091,CN(C)C(=N)N=C(N)N,Hyperhidrosis,1
empagliflozin,11949646,C1COCC1OC2=CC=C(C=C2)CC3=C(C=CC(=C3)C4C(C(C(C(O4)CO)O)O)O)Cl,Atrial flutter,0
nateglinide,5311309,CC(C)C1CCC(CC1)C(=O)NC(CC2=CC=CC=C2)C(=O)O,Vulval oedema,0
dapagliflozin,9887712,CCOC1=CC=C(C=C1)CC2=C(C=CC(=C2)C3C(C(C(C(O3)CO)O)O)O)Cl,Resorption bone increased,0
metformin,4091,CN(C)C(=N)N=C(N)N,Fluid retention,1
sitagliptin,4369359,C1CN2C(=NN=C2C(F)(F)F)CN1C(=O)CC(CC3=CC(=C(C=C3F)F)F)N,Lactic acidosis,1
metformin,4091,CN(C)C(=N)N=C(N)N,Underdose,1
saxagliptin,11243969,C1C2CC2N(C1C#N)C(=O)C(C34CC5CC(C3)CC(C5)(C4)O)N,Mitochondrial enzyme deficiency,0
glimepiride,3476,CCC1=C(CN(C1=O)C(=O)NCCC2=CC=C(C=C2)S(=O)(=O)NC(=O)NC3CCC(CC3)C)C,Embolic cerebellar infarction,0
metformin,4091,CN(C)C(=N)N=C(N)N,Bronchial obstruction,1
pioglitazone,4829,CCC1=CN=C(C=C1)CCOC2=CC=C(C=C2)CC3C(=O)NC(=O)S3,Cardiomegaly,1
linagliptin,10096344,CC#CCN1C2=C(N=C1N3CCCC(C3)N)N(C(=O)N(C2=O)CC4=NC5=CC=CC=C5C(=N4)C)C,Postoperative respiratory failure,0
glimepiride,3476,CCC1=C(CN(C1=O)C(=O)NCCC2=CC=C(C=C2)S(=O)(=O)NC(=O)NC3CCC(CC3)C)C,Tongue ulceration,0
metformin,4091,CN(C)C(=N)N=C(N)N,Myoclonus,1
nateglinide,5311309,CC(C)C1CCC(CC1)C(=O)NC(CC2=CC=CC=C2)C(=O)O,Vasoplegia syndrome,0
metformin,4091,CN(C)C(=N)N=C(N)N,Uterine disorder,1
pioglitazone,4829,CCC1=CN=C(C=C1)CCOC2=CC=C(C=C2)CC3C(=O)NC(=O)S3,Testicular abscess,0
dapagliflozin,9887712,CCOC1=CC=C(C=C1)CC2=C(C=CC(=C2)C3C(C(C(C(O3)CO)O)O)O)Cl,Diabetic ketosis,1
empagliflozin,11949646,C1COCC1OC2=CC=C(C=C2)CC3=C(C=CC(=C3)C4C(C(C(C(O4)CO)O)O)O)Cl,Osteomyelitis chronic,0
pioglitazone,4829,CCC1=CN=C(C=C1)CCOC2=CC=C(C=C2)CC3C(=O)NC(=O)S3,Urticaria,1
metformin,4091,CN(C)C(=N)N=C(N)N,Glucose urine,1
dapagliflozin,9887712,CCOC1=CC=C(C=C1)CC2=C(C=CC(=C2)C3C(C(C(C(O3)CO)O)O)O)Cl,Hypovolaemic shock,1
glipizide,3478,CC1=CN=C(C=N1)C(=O)NCCC2=CC=C(C=C2)S(=O)(=O)NC(=O)NC3CCCCC3,Mental status changes,1
repaglinide,65981,CCOC1=C(C=CC(=C1)CC(=O)NC(CC(C)C)C2=CC=CC=C2N3CCCCC3)C(=O)O,Feeling jittery,0
dapagliflozin,9887712,CCOC1=CC=C(C=C1)CC2=C(C=CC(=C2)C3C(C(C(C(O3)CO)O)O)O)Cl,Delayed graft function,0
pioglitazone,4829,CCC1=CN=C(C=C1)CCOC2=CC=C(C=C2)CC3C(=O)NC(=O)S3,Fallot's tetralogy,0
glyburide,3488,COC1=C(C=C(C=C1)Cl)C(=O)NCCC2=CC=C(C=C2)S(=O)(=O)NC(=O)NC3CCCCC3,Palatal swelling,0
glimepiride,3476,CCC1=C(CN(C1=O)C(=O)NCCC2=CC=C(C=C2)S(=O)(=O)NC(=O)NC3CCC(CC3)C)C,Gastric dilatation,0
empagliflozin,11949646,C1COCC1OC2=CC=C(C=C2)CC3=C(C=CC(=C3)C4C(C(C(C(O4)CO)O)O)O)Cl,Back pain,1
empagliflozin,11949646,C1COCC1OC2=CC=C(C=C2)CC3=C(C=CC(=C3)C4C(C(C(C(O4)CO)O)O)O)Cl,Choking sensation,0
glimepiride,3476,CCC1=C(CN(C1=O)C(=O)NCCC2=CC=C(C=C2)S(=O)(=O)NC(=O)NC3CCC(CC3)C)C,Acute hepatic failure,1
glipizide,3478,CC1=CN=C(C=N1)C(=O)NCCC2=CC=C(C=C2)S(=O)(=O)NC(=O)NC3CCCCC3,Leukopenia,0
sitagliptin,4369359,C1CN2C(=NN=C2C(F)(F)F)CN1C(=O)CC(CC3=CC(=C(C=C3F)F)F)N,Taste disorder,0
repaglinide,65981,CCOC1=C(C=CC(=C1)CC(=O)NC(CC(C)C)C2=CC=CC=C2N3CCCCC3)C(=O)O,Urine abnormality,0
rosiglitazone,77999,CN(CCOC1=CC=C(C=C1)CC2C(=O)NC(=O)S2)C3=CC=CC=N3,Prerenal failure,0
metformin,4091,CN(C)C(=N)N=C(N)N,Product residue present,1
empagliflozin,11949646,C1COCC1OC2=CC=C(C=C2)CC3=C(C=CC(=C3)C4C(C(C(C(O4)CO)O)O)O)Cl,Discomfort,0
canagliflozin,24812758,CC1=C(C=C(C=C1)C2C(C(C(C(O2)CO)O)O)O)CC3=CC=C(S3)C4=CC=C(C=C4)F,Urosepsis,0
saxagliptin,11243969,C1C2CC2N(C1C#N)C(=O)C(C34CC5CC(C3)CC(C5)(C4)O)N,Abortion spontaneous,0
repaglinide,65981,CCOC1=C(C=CC(=C1)CC(=O)NC(CC(C)C)C2=CC=CC=C2N3CCCCC3)C(=O)O,Change of bowel habit,0
canagliflozin,24812758,CC1=C(C=C(C=C1)C2C(C(C(C(O2)CO)O)O)O)CC3=CC=C(S3)C4=CC=C(C=C4)F,Deafness bilateral,0
nateglinide,5311309,CC(C)C1CCC(CC1)C(=O)NC(CC2=CC=CC=C2)C(=O)O,Restlessness,0
glyburide,3488,COC1=C(C=C(C=C1)Cl)C(=O)NCCC2=CC=C(C=C2)S(=O)(=O)NC(=O)NC3CCCCC3,Micturition disorder,0
sitagliptin,4369359,C1CN2C(=NN=C2C(F)(F)F)CN1C(=O)CC(CC3=CC(=C(C=C3F)F)F)N,Pancreatitis chronic,1
glimepiride,3476,CCC1=C(CN(C1=O)C(=O)NCCC2=CC=C(C=C2)S(=O)(=O)NC(=O)NC3CCC(CC3)C)C,Thyroid function test abnormal,0
linagliptin,10096344,CC#CCN1C2=C(N=C1N3CCCC(C3)N)N(C(=O)N(C2=O)CC4=NC5=CC=CC=C5C(=N4)C)C,Bundle branch block left,0
empagliflozin,11949646,C1COCC1OC2=CC=C(C=C2)CC3=C(C=CC(=C3)C4C(C(C(C(O4)CO)O)O)O)Cl,Gait inability,0
pioglitazone,4829,CCC1=CN=C(C=C1)CCOC2=CC=C(C=C2)CC3C(=O)NC(=O)S3,Pyelonephritis,0
glimepiride,3476,CCC1=C(CN(C1=O)C(=O)NCCC2=CC=C(C=C2)S(=O)(=O)NC(=O)NC3CCC(CC3)C)C,Hepatocellular carcinoma,1
glyburide,3488,COC1=C(C=C(C=C1)Cl)C(=O)NCCC2=CC=C(C=C2)S(=O)(=O)NC(=O)NC3CCCCC3,Throat tightness,0
glipizide,3478,CC1=CN=C(C=N1)C(=O)NCCC2=CC=C(C=C2)S(=O)(=O)NC(=O)NC3CCCCC3,Hyperhidrosis,1
canagliflozin,24812758,CC1=C(C=C(C=C1)C2C(C(C(C(O2)CO)O)O)O)CC3=CC=C(S3)C4=CC=C(C=C4)F,Insomnia,1
glipizide,3478,CC1=CN=C(C=N1)C(=O)NCCC2=CC=C(C=C2)S(=O)(=O)NC(=O)NC3CCCCC3,Unresponsive to stimuli,1
glimepiride,3476,CCC1=C(CN(C1=O)C(=O)NCCC2=CC=C(C=C2)S(=O)(=O)NC(=O)NC3CCC(CC3)C)C,Capillary leak syndrome,1
dapagliflozin,9887712,CCOC1=CC=C(C=C1)CC2=C(C=CC(=C2)C3C(C(C(C(O3)CO)O)O)O)Cl,Accidental exposure to product,0
saxagliptin,11243969,C1C2CC2N(C1C#N)C(=O)C(C34CC5CC(C3)CC(C5)(C4)O)N,Cardiac failure chronic,0
nateglinide,5311309,CC(C)C1CCC(CC1)C(=O)NC(CC2=CC=CC=C2)C(=O)O,Cardiac asthma,0
saxagliptin,11243969,C1C2CC2N(C1C#N)C(=O)C(C34CC5CC(C3)CC(C5)(C4)O)N,Developmental hip dysplasia,0
metformin,4091,CN(C)C(=N)N=C(N)N,Ear discomfort,1
glimepiride,3476,CCC1=C(CN(C1=O)C(=O)NCCC2=CC=C(C=C2)S(=O)(=O)NC(=O)NC3CCC(CC3)C)C,Intervertebral disc protrusion,0
dapagliflozin,9887712,CCOC1=CC=C(C=C1)CC2=C(C=CC(=C2)C3C(C(C(C(O3)CO)O)O)O)Cl,Cardiac failure,1
canagliflozin,24812758,CC1=C(C=C(C=C1)C2C(C(C(C(O2)CO)O)O)O)CC3=CC=C(S3)C4=CC=C(C=C4)F,Listeria encephalitis,0
dapagliflozin,9887712,CCOC1=CC=C(C=C1)CC2=C(C=CC(=C2)C3C(C(C(C(O3)CO)O)O)O)Cl,Pustule,1
empagliflozin,11949646,C1COCC1OC2=CC=C(C=C2)CC3=C(C=CC(=C3)C4C(C(C(C(O4)CO)O)O)O)Cl,Pancreatic carcinoma,0
glyburide,3488,COC1=C(C=C(C=C1)Cl)C(=O)NCCC2=CC=C(C=C2)S(=O)(=O)NC(=O)NC3CCCCC3,Neurological symptom,0
dapagliflozin,9887712,CCOC1=CC=C(C=C1)CC2=C(C=CC(=C2)C3C(C(C(C(O3)CO)O)O)O)Cl,International normalised ratio increased,1
pioglitazone,4829,CCC1=CN=C(C=C1)CCOC2=CC=C(C=C2)CC3C(=O)NC(=O)S3,Bone deformity,1
empagliflozin,11949646,C1COCC1OC2=CC=C(C=C2)CC3=C(C=CC(=C3)C4C(C(C(C(O4)CO)O)O)O)Cl,COVID-19 pneumonia,1
empagliflozin,11949646,C1COCC1OC2=CC=C(C=C2)CC3=C(C=CC(=C3)C4C(C(C(C(O4)CO)O)O)O)Cl,Myocardial infarction,1
dapagliflozin,9887712,CCOC1=CC=C(C=C1)CC2=C(C=CC(=C2)C3C(C(C(C(O3)CO)O)O)O)Cl,Vulvovaginal swelling,1
metformin,4091,CN(C)C(=N)N=C(N)N,Unmasking of previously unidentified disease,1
repaglinide,65981,CCOC1=C(C=CC(=C1)CC(=O)NC(CC(C)C)C2=CC=CC=C2N3CCCCC3)C(=O)O,QRS axis abnormal,0
rosiglitazone,77999,CN(CCOC1=CC=C(C=C1)CC2C(=O)NC(=O)S2)C3=CC=CC=N3,Ultrasound Doppler abnormal,0
rosiglitazone,77999,CN(CCOC1=CC=C(C=C1)CC2C(=O)NC(=O)S2)C3=CC=CC=N3,Inguinal hernia,0
repaglinide,65981,CCOC1=C(C=CC(=C1)CC(=O)NC(CC(C)C)C2=CC=CC=C2N3CCCCC3)C(=O)O,Ulcerative gastritis,0
rosiglitazone,77999,CN(CCOC1=CC=C(C=C1)CC2C(=O)NC(=O)S2)C3=CC=CC=N3,Bone marrow failure,0
repaglinide,65981,CCOC1=C(C=CC(=C1)CC(=O)NC(CC(C)C)C2=CC=CC=C2N3CCCCC3)C(=O)O,Urinary tract infection viral,0
metformin,4091,CN(C)C(=N)N=C(N)N,Product impurity,1
canagliflozin,24812758,CC1=C(C=C(C=C1)C2C(C(C(C(O2)CO)O)O)O)CC3=CC=C(S3)C4=CC=C(C=C4)F,Sarcoidosis,0
nateglinide,5311309,CC(C)C1CCC(CC1)C(=O)NC(CC2=CC=CC=C2)C(=O)O,Spinal cord injury,0
metformin,4091,CN(C)C(=N)N=C(N)N,Microvascular coronary artery disease,1
saxagliptin,11243969,C1C2CC2N(C1C#N)C(=O)C(C34CC5CC(C3)CC(C5)(C4)O)N,Abdominal pain upper,1
empagliflozin,11949646,C1COCC1OC2=CC=C(C=C2)CC3=C(C=CC(=C3)C4C(C(C(C(O4)CO)O)O)O)Cl,Anogenital warts,0
repaglinide,65981,CCOC1=C(C=CC(=C1)CC(=O)NC(CC(C)C)C2=CC=CC=C2N3CCCCC3)C(=O)O,Oliguria,0
rosiglitazone,77999,CN(CCOC1=CC=C(C=C1)CC2C(=O)NC(=O)S2)C3=CC=CC=N3,Multiple fractures,1
pioglitazone,4829,CCC1=CN=C(C=C1)CCOC2=CC=C(C=C2)CC3C(=O)NC(=O)S3,Myocardial infarction,1
pioglitazone,4829,CCC1=CN=C(C=C1)CCOC2=CC=C(C=C2)CC3C(=O)NC(=O)S3,Endotracheal intubation,0
canagliflozin,24812758,CC1=C(C=C(C=C1)C2C(C(C(C(O2)CO)O)O)O)CC3=CC=C(S3)C4=CC=C(C=C4)F,Cytokine release syndrome,0
rosiglitazone,77999,CN(CCOC1=CC=C(C=C1)CC2C(=O)NC(=O)S2)C3=CC=CC=N3,Ventricular enlargement,0
metformin,4091,CN(C)C(=N)N=C(N)N,Pancreatitis haemorrhagic,1
metformin,4091,CN(C)C(=N)N=C(N)N,Low density lipoprotein abnormal,1
canagliflozin,24812758,CC1=C(C=C(C=C1)C2C(C(C(C(O2)CO)O)O)O)CC3=CC=C(S3)C4=CC=C(C=C4)F,Glycosylated haemoglobin decreased,0
glipizide,3478,CC1=CN=C(C=N1)C(=O)NCCC2=CC=C(C=C2)S(=O)(=O)NC(=O)NC3CCCCC3,Haemorrhage urinary tract,0
acarbose,9811704,CC1C(C(C(C(O1)OC2C(OC(C(C2O)O)OC(C(CO)O)C(C(C=O)O)O)CO)O)O)NC3C=C(C(C(C3O)O)O)CO,Atheroembolism,0
dapagliflozin,9887712,CCOC1=CC=C(C=C1)CC2=C(C=CC(=C2)C3C(C(C(C(O3)CO)O)O)O)Cl,Rectal abscess,0
metformin,4091,CN(C)C(=N)N=C(N)N,Hypovolaemia,1
sitagliptin,4369359,C1CN2C(=NN=C2C(F)(F)F)CN1C(=O)CC(CC3=CC(=C(C=C3F)F)F)N,Precancerous lesion of digestive tract,0
glimepiride,3476,CCC1=C(CN(C1=O)C(=O)NCCC2=CC=C(C=C2)S(=O)(=O)NC(=O)NC3CCC(CC3)C)C,Tooth infection,0
acarbose,9811704,CC1C(C(C(C(O1)OC2C(OC(C(C2O)O)OC(C(CO)O)C(C(C=O)O)O)CO)O)O)NC3C=C(C(C(C3O)O)O)CO,Retinal tear,0
saxagliptin,11243969,C1C2CC2N(C1C#N)C(=O)C(C34CC5CC(C3)CC(C5)(C4)O)N,Accidental exposure to product by child,0
metformin,4091,CN(C)C(=N)N=C(N)N,Groin pain,1
glimepiride,3476,CCC1=C(CN(C1=O)C(=O)NCCC2=CC=C(C=C2)S(=O)(=O)NC(=O)NC3CCC(CC3)C)C,Cough,1
metformin,4091,CN(C)C(=N)N=C(N)N,Limb mass,1
metformin,4091,CN(C)C(=N)N=C(N)N,Product blister packaging issue,1
pioglitazone,4829,CCC1=CN=C(C=C1)CCOC2=CC=C(C=C2)CC3C(=O)NC(=O)S3,Diabetic ketoacidotic hyperglycaemic coma,0
glimepiride,3476,CCC1=C(CN(C1=O)C(=O)NCCC2=CC=C(C=C2)S(=O)(=O)NC(=O)NC3CCC(CC3)C)C,Hypercapnia,0
glyburide,3488,COC1=C(C=C(C=C1)Cl)C(=O)NCCC2=CC=C(C=C2)S(=O)(=O)NC(=O)NC3CCCCC3,Pneumocystis jirovecii pneumonia,0
metformin,4091,CN(C)C(=N)N=C(N)N,Inappropriate antidiuretic hormone secretion,1
repaglinide,65981,CCOC1=C(C=CC(=C1)CC(=O)NC(CC(C)C)C2=CC=CC=C2N3CCCCC3)C(=O)O,Cervical vertebral fracture,0
glimepiride,3476,CCC1=C(CN(C1=O)C(=O)NCCC2=CC=C(C=C2)S(=O)(=O)NC(=O)NC3CCC(CC3)C)C,Intentional dose omission,1
repaglinide,65981,CCOC1=C(C=CC(=C1)CC(=O)NC(CC(C)C)C2=CC=CC=C2N3CCCCC3)C(=O)O,Underdose,1
glipizide,3478,CC1=CN=C(C=N1)C(=O)NCCC2=CC=C(C=C2)S(=O)(=O)NC(=O)NC3CCCCC3,Hypotension,1
metformin,4091,CN(C)C(=N)N=C(N)N,Pancreatectomy,1
glimepiride,3476,CCC1=C(CN(C1=O)C(=O)NCCC2=CC=C(C=C2)S(=O)(=O)NC(=O)NC3CCC(CC3)C)C,Tonsillitis fungal,0
metformin,4091,CN(C)C(=N)N=C(N)N,Intentional dose omission,1
rosiglitazone,77999,CN(CCOC1=CC=C(C=C1)CC2C(=O)NC(=O)S2)C3=CC=CC=N3,Post infection glomerulonephritis,0
pioglitazone,4829,CCC1=CN=C(C=C1)CCOC2=CC=C(C=C2)CC3C(=O)NC(=O)S3,Tonsillitis fungal,0
repaglinide,65981,CCOC1=C(C=CC(=C1)CC(=O)NC(CC(C)C)C2=CC=CC=C2N3CCCCC3)C(=O)O,Nausea,1
metformin,4091,CN(C)C(=N)N=C(N)N,Skin injury,1
empagliflozin,11949646,C1COCC1OC2=CC=C(C=C2)CC3=C(C=CC(=C3)C4C(C(C(C(O4)CO)O)O)O)Cl,Hydroureter,1
canagliflozin,24812758,CC1=C(C=C(C=C1)C2C(C(C(C(O2)CO)O)O)O)CC3=CC=C(S3)C4=CC=C(C=C4)F,Rhinitis,0
metformin,4091,CN(C)C(=N)N=C(N)N,Nerve compression,1
metformin,4091,CN(C)C(=N)N=C(N)N,Tachyphrenia,1
empagliflozin,11949646,C1COCC1OC2=CC=C(C=C2)CC3=C(C=CC(=C3)C4C(C(C(C(O4)CO)O)O)O)Cl,Respiratory rate increased,0
sitagliptin,4369359,C1CN2C(=NN=C2C(F)(F)F)CN1C(=O)CC(CC3=CC(=C(C=C3F)F)F)N,Atrial septal defect,0
metformin,4091,CN(C)C(=N)N=C(N)N,Rhinitis allergic,1
empagliflozin,11949646,C1COCC1OC2=CC=C(C=C2)CC3=C(C=CC(=C3)C4C(C(C(C(O4)CO)O)O)O)Cl,Expired product administered,1
canagliflozin,24812758,CC1=C(C=C(C=C1)C2C(C(C(C(O2)CO)O)O)O)CC3=CC=C(S3)C4=CC=C(C=C4)F,Laryngospasm,0
canagliflozin,24812758,CC1=C(C=C(C=C1)C2C(C(C(C(O2)CO)O)O)O)CC3=CC=C(S3)C4=CC=C(C=C4)F,Anxiety disorder,1
acarbose,9811704,CC1C(C(C(C(O1)OC2C(OC(C(C2O)O)OC(C(CO)O)C(C(C=O)O)O)CO)O)O)NC3C=C(C(C(C3O)O)O)CO,Myelitis transverse,0
metformin,4091,CN(C)C(=N)N=C(N)N,Metastatic carcinoid tumour,1
glyburide,3488,COC1=C(C=C(C=C1)Cl)C(=O)NCCC2=CC=C(C=C2)S(=O)(=O)NC(=O)NC3CCCCC3,Incisional hernia,0
metformin,4091,CN(C)C(=N)N=C(N)N,Pyrexia,1
metformin,4091,CN(C)C(=N)N=C(N)N,Flank pain,1
saxagliptin,11243969,C1C2CC2N(C1C#N)C(=O)C(C34CC5CC(C3)CC(C5)(C4)O)N,Electrocardiogram Q wave abnormal,0
metformin,4091,CN(C)C(=N)N=C(N)N,Purpura fulminans,1
metformin,4091,CN(C)C(=N)N=C(N)N,Necrotising oesophagitis,1
glyburide,3488,COC1=C(C=C(C=C1)Cl)C(=O)NCCC2=CC=C(C=C2)S(=O)(=O)NC(=O)NC3CCCCC3,Disorganised speech,0
linagliptin,10096344,CC#CCN1C2=C(N=C1N3CCCC(C3)N)N(C(=O)N(C2=O)CC4=NC5=CC=CC=C5C(=N4)C)C,Facial asymmetry,0
dapagliflozin,9887712,CCOC1=CC=C(C=C1)CC2=C(C=CC(=C2)C3C(C(C(C(O3)CO)O)O)O)Cl,Blood creatine increased,1
glipizide,3478,CC1=CN=C(C=N1)C(=O)NCCC2=CC=C(C=C2)S(=O)(=O)NC(=O)NC3CCCCC3,Dialysis,1
linagliptin,10096344,CC#CCN1C2=C(N=C1N3CCCC(C3)N)N(C(=O)N(C2=O)CC4=NC5=CC=CC=C5C(=N4)C)C,Hepatocellular injury,0
metformin,4091,CN(C)C(=N)N=C(N)N,Delusion,0
dapagliflozin,9887712,CCOC1=CC=C(C=C1)CC2=C(C=CC(=C2)C3C(C(C(C(O3)CO)O)O)O)Cl,Pulse absent,0
metformin,4091,CN(C)C(=N)N=C(N)N,Drug screen positive,1
metformin,4091,CN(C)C(=N)N=C(N)N,Electric shock,1
rosiglitazone,77999,CN(CCOC1=CC=C(C=C1)CC2C(=O)NC(=O)S2)C3=CC=CC=N3,Hemiparesis,0
empagliflozin,11949646,C1COCC1OC2=CC=C(C=C2)CC3=C(C=CC(=C3)C4C(C(C(C(O4)CO)O)O)O)Cl,Perirectal abscess,1
metformin,4091,CN(C)C(=N)N=C(N)N,Multiple congenital abnormalities,1
metformin,4091,CN(C)C(=N)N=C(N)N,Therapy interrupted,1
empagliflozin,11949646,C1COCC1OC2=CC=C(C=C2)CC3=C(C=CC(=C3)C4C(C(C(C(O4)CO)O)O)O)Cl,Procedural pain,0
empagliflozin,11949646,C1COCC1OC2=CC=C(C=C2)CC3=C(C=CC(=C3)C4C(C(C(C(O4)CO)O)O)O)Cl,Thyroiditis,0
canagliflozin,24812758,CC1=C(C=C(C=C1)C2C(C(C(C(O2)CO)O)O)O)CC3=CC=C(S3)C4=CC=C(C=C4)F,Retrograde amnesia,0
metformin,4091,CN(C)C(=N)N=C(N)N,Drug screen false positive,1
metformin,4091,CN(C)C(=N)N=C(N)N,Daydreaming,1
dapagliflozin,9887712,CCOC1=CC=C(C=C1)CC2=C(C=CC(=C2)C3C(C(C(C(O3)CO)O)O)O)Cl,Intercepted product prescribing error,0
acarbose,9811704,CC1C(C(C(C(O1)OC2C(OC(C(C2O)O)OC(C(CO)O)C(C(C=O)O)O)CO)O)O)NC3C=C(C(C(C3O)O)O)CO,Lower respiratory tract infection,0
linagliptin,10096344,CC#CCN1C2=C(N=C1N3CCCC(C3)N)N(C(=O)N(C2=O)CC4=NC5=CC=CC=C5C(=N4)C)C,Premature baby,0
linagliptin,10096344,CC#CCN1C2=C(N=C1N3CCCC(C3)N)N(C(=O)N(C2=O)CC4=NC5=CC=CC=C5C(=N4)C)C,Injection site induration,0
acarbose,9811704,CC1C(C(C(C(O1)OC2C(OC(C(C2O)O)OC(C(CO)O)C(C(C=O)O)O)CO)O)O)NC3C=C(C(C(C3O)O)O)CO,Cholestasis,0
sitagliptin,4369359,C1CN2C(=NN=C2C(F)(F)F)CN1C(=O)CC(CC3=CC(=C(C=C3F)F)F)N,Neurotoxicity,0
acarbose,9811704,CC1C(C(C(C(O1)OC2C(OC(C(C2O)O)OC(C(CO)O)C(C(C=O)O)O)CO)O)O)NC3C=C(C(C(C3O)O)O)CO,Mucosal disorder,0
pioglitazone,4829,CCC1=CN=C(C=C1)CCOC2=CC=C(C=C2)CC3C(=O)NC(=O)S3,Constipation,1
metformin,4091,CN(C)C(=N)N=C(N)N,Minimal residual disease,1
pioglitazone,4829,CCC1=CN=C(C=C1)CCOC2=CC=C(C=C2)CC3C(=O)NC(=O)S3,Hyponatraemia,1
empagliflozin,11949646,C1COCC1OC2=CC=C(C=C2)CC3=C(C=CC(=C3)C4C(C(C(C(O4)CO)O)O)O)Cl,Acidosis,1
empagliflozin,11949646,C1COCC1OC2=CC=C(C=C2)CC3=C(C=CC(=C3)C4C(C(C(C(O4)CO)O)O)O)Cl,Endophthalmitis,1
acarbose,9811704,CC1C(C(C(C(O1)OC2C(OC(C(C2O)O)OC(C(CO)O)C(C(C=O)O)O)CO)O)O)NC3C=C(C(C(C3O)O)O)CO,Deep vein thrombosis,0
canagliflozin,24812758,CC1=C(C=C(C=C1)C2C(C(C(C(O2)CO)O)O)O)CC3=CC=C(S3)C4=CC=C(C=C4)F,Atrial fibrillation,1
linagliptin,10096344,CC#CCN1C2=C(N=C1N3CCCC(C3)N)N(C(=O)N(C2=O)CC4=NC5=CC=CC=C5C(=N4)C)C,Atrioventricular block,0
metformin,4091,CN(C)C(=N)N=C(N)N,Glycosylated haemoglobin abnormal,1
metformin,4091,CN(C)C(=N)N=C(N)N,Vascular cognitive impairment,1
repaglinide,65981,CCOC1=C(C=CC(=C1)CC(=O)NC(CC(C)C)C2=CC=CC=C2N3CCCCC3)C(=O)O,Product contamination,1
dapagliflozin,9887712,CCOC1=CC=C(C=C1)CC2=C(C=CC(=C2)C3C(C(C(C(O3)CO)O)O)O)Cl,Neutrophil count abnormal,0
sitagliptin,4369359,C1CN2C(=NN=C2C(F)(F)F)CN1C(=O)CC(CC3=CC(=C(C=C3F)F)F)N,Erythema multiforme,1
metformin,4091,CN(C)C(=N)N=C(N)N,Blood parathyroid hormone increased,1
nateglinide,5311309,CC(C)C1CCC(CC1)C(=O)NC(CC2=CC=CC=C2)C(=O)O,Minimal residual disease,0
sitagliptin,4369359,C1CN2C(=NN=C2C(F)(F)F)CN1C(=O)CC(CC3=CC(=C(C=C3F)F)F)N,Epididymitis,0
sitagliptin,4369359,C1CN2C(=NN=C2C(F)(F)F)CN1C(=O)CC(CC3=CC(=C(C=C3F)F)F)N,Somnolence,1
metformin,4091,CN(C)C(=N)N=C(N)N,Metastases to lymph nodes,1
empagliflozin,11949646,C1COCC1OC2=CC=C(C=C2)CC3=C(C=CC(=C3)C4C(C(C(C(O4)CO)O)O)O)Cl,Fungal sepsis,1
metformin,4091,CN(C)C(=N)N=C(N)N,Macroangiopathy,1
nateglinide,5311309,CC(C)C1CCC(CC1)C(=O)NC(CC2=CC=CC=C2)C(=O)O,Aortic stenosis,0
sitagliptin,4369359,C1CN2C(=NN=C2C(F)(F)F)CN1C(=O)CC(CC3=CC(=C(C=C3F)F)F)N,Renal failure,1
metformin,4091,CN(C)C(=N)N=C(N)N,Urinary tract candidiasis,0
nateglinide,5311309,CC(C)C1CCC(CC1)C(=O)NC(CC2=CC=CC=C2)C(=O)O,Haemochromatosis,0
glimepiride,3476,CCC1=C(CN(C1=O)C(=O)NCCC2=CC=C(C=C2)S(=O)(=O)NC(=O)NC3CCC(CC3)C)C,Transaminases increased,0
metformin,4091,CN(C)C(=N)N=C(N)N,Haemofiltration,1
acarbose,9811704,CC1C(C(C(C(O1)OC2C(OC(C(C2O)O)OC(C(CO)O)C(C(C=O)O)O)CO)O)O)NC3C=C(C(C(C3O)O)O)CO,Guttate psoriasis,0
dapagliflozin,9887712,CCOC1=CC=C(C=C1)CC2=C(C=CC(=C2)C3C(C(C(C(O3)CO)O)O)O)Cl,Floppy infant,0
canagliflozin,24812758,CC1=C(C=C(C=C1)C2C(C(C(C(O2)CO)O)O)O)CC3=CC=C(S3)C4=CC=C(C=C4)F,Nasopharyngitis,1
canagliflozin,24812758,CC1=C(C=C(C=C1)C2C(C(C(C(O2)CO)O)O)O)CC3=CC=C(S3)C4=CC=C(C=C4)F,Bronchitis,1
rosiglitazone,77999,CN(CCOC1=CC=C(C=C1)CC2C(=O)NC(=O)S2)C3=CC=CC=N3,Rectal cancer,0
empagliflozin,11949646,C1COCC1OC2=CC=C(C=C2)CC3=C(C=CC(=C3)C4C(C(C(C(O4)CO)O)O)O)Cl,Bacterial test,0
linagliptin,10096344,CC#CCN1C2=C(N=C1N3CCCC(C3)N)N(C(=O)N(C2=O)CC4=NC5=CC=CC=C5C(=N4)C)C,Pleurisy,0
nateglinide,5311309,CC(C)C1CCC(CC1)C(=O)NC(CC2=CC=CC=C2)C(=O)O,Gingival discomfort,0
metformin,4091,CN(C)C(=N)N=C(N)N,Nervous system disorder,1
acarbose,9811704,CC1C(C(C(C(O1)OC2C(OC(C(C2O)O)OC(C(CO)O)C(C(C=O)O)O)CO)O)O)NC3C=C(C(C(C3O)O)O)CO,Superinfection,0
acarbose,9811704,CC1C(C(C(C(O1)OC2C(OC(C(C2O)O)OC(C(CO)O)C(C(C=O)O)O)CO)O)O)NC3C=C(C(C(C3O)O)O)CO,Labelled drug-drug interaction issue,0
pioglitazone,4829,CCC1=CN=C(C=C1)CCOC2=CC=C(C=C2)CC3C(=O)NC(=O)S3,Intervertebral disc degeneration,0
empagliflozin,11949646,C1COCC1OC2=CC=C(C=C2)CC3=C(C=CC(=C3)C4C(C(C(C(O4)CO)O)O)O)Cl,Drug exposure before pregnancy,0
metformin,4091,CN(C)C(=N)N=C(N)N,Corneal reflex decreased,1
sitagliptin,4369359,C1CN2C(=NN=C2C(F)(F)F)CN1C(=O)CC(CC3=CC(=C(C=C3F)F)F)N,Sputum discoloured,0
canagliflozin,24812758,CC1=C(C=C(C=C1)C2C(C(C(C(O2)CO)O)O)O)CC3=CC=C(S3)C4=CC=C(C=C4)F,Superior mesenteric artery syndrome,1
dapagliflozin,9887712,CCOC1=CC=C(C=C1)CC2=C(C=CC(=C2)C3C(C(C(C(O3)CO)O)O)O)Cl,Musculoskeletal pain,0
rosiglitazone,77999,CN(CCOC1=CC=C(C=C1)CC2C(=O)NC(=O)S2)C3=CC=CC=N3,Perineal infection,0
acarbose,9811704,CC1C(C(C(C(O1)OC2C(OC(C(C2O)O)OC(C(CO)O)C(C(C=O)O)O)CO)O)O)NC3C=C(C(C(C3O)O)O)CO,Limb discomfort,0
metformin,4091,CN(C)C(=N)N=C(N)N,Inner ear disorder,1
metformin,4091,CN(C)C(=N)N=C(N)N,Blood pressure increased,1
metformin,4091,CN(C)C(=N)N=C(N)N,Poor quality sleep,1
glimepiride,3476,CCC1=C(CN(C1=O)C(=O)NCCC2=CC=C(C=C2)S(=O)(=O)NC(=O)NC3CCC(CC3)C)C,Contraindicated product administered,0
metformin,4091,CN(C)C(=N)N=C(N)N,Polyarthritis,1
metformin,4091,CN(C)C(=N)N=C(N)N,Respiration abnormal,1
empagliflozin,11949646,C1COCC1OC2=CC=C(C=C2)CC3=C(C=CC(=C3)C4C(C(C(C(O4)CO)O)O)O)Cl,Macular degeneration,0
metformin,4091,CN(C)C(=N)N=C(N)N,Epilepsy,1
rosiglitazone,77999,CN(CCOC1=CC=C(C=C1)CC2C(=O)NC(=O)S2)C3=CC=CC=N3,Hypernatraemia,0
metformin,4091,CN(C)C(=N)N=C(N)N,Herpes virus infection,1
saxagliptin,11243969,C1C2CC2N(C1C#N)C(=O)C(C34CC5CC(C3)CC(C5)(C4)O)N,Ketoacidosis,1
metformin,4091,CN(C)C(=N)N=C(N)N,Exostosis,1
metformin,4091,CN(C)C(=N)N=C(N)N,Fasciotomy,1
metformin,4091,CN(C)C(=N)N=C(N)N,Inguinal hernia,1
glimepiride,3476,CCC1=C(CN(C1=O)C(=O)NCCC2=CC=C(C=C2)S(=O)(=O)NC(=O)NC3CCC(CC3)C)C,Postictal paralysis,0
empagliflozin,11949646,C1COCC1OC2=CC=C(C=C2)CC3=C(C=CC(=C3)C4C(C(C(C(O4)CO)O)O)O)Cl,Pulseless electrical activity,0
metformin,4091,CN(C)C(=N)N=C(N)N,Gastric ulcer,1
pioglitazone,4829,CCC1=CN=C(C=C1)CCOC2=CC=C(C=C2)CC3C(=O)NC(=O)S3,Hepatic infarction,0
glimepiride,3476,CCC1=C(CN(C1=O)C(=O)NCCC2=CC=C(C=C2)S(=O)(=O)NC(=O)NC3CCC(CC3)C)C,Musculoskeletal discomfort,1
metformin,4091,CN(C)C(=N)N=C(N)N,Drug ineffective for unapproved indication,1
glipizide,3478,CC1=CN=C(C=N1)C(=O)NCCC2=CC=C(C=C2)S(=O)(=O)NC(=O)NC3CCCCC3,Drug monitoring procedure not performed,1
glipizide,3478,CC1=CN=C(C=N1)C(=O)NCCC2=CC=C(C=C2)S(=O)(=O)NC(=O)NC3CCCCC3,Humidity intolerance,0
metformin,4091,CN(C)C(=N)N=C(N)N,Barrett's oesophagus,1
acarbose,9811704,CC1C(C(C(C(O1)OC2C(OC(C(C2O)O)OC(C(CO)O)C(C(C=O)O)O)CO)O)O)NC3C=C(C(C(C3O)O)O)CO,Decreased appetite,1
metformin,4091,CN(C)C(=N)N=C(N)N,Defaecation urgency,1
metformin,4091,CN(C)C(=N)N=C(N)N,Escherichia bacteraemia,1
metformin,4091,CN(C)C(=N)N=C(N)N,Cystocele,1
metformin,4091,CN(C)C(=N)N=C(N)N,Anaemia vitamin B12 deficiency,1
empagliflozin,11949646,C1COCC1OC2=CC=C(C=C2)CC3=C(C=CC(=C3)C4C(C(C(C(O4)CO)O)O)O)Cl,Emphysema,1
glipizide,3478,CC1=CN=C(C=N1)C(=O)NCCC2=CC=C(C=C2)S(=O)(=O)NC(=O)NC3CCCCC3,Vital capacity decreased,1
dapagliflozin,9887712,CCOC1=CC=C(C=C1)CC2=C(C=CC(=C2)C3C(C(C(C(O3)CO)O)O)O)Cl,Renal cyst,1
empagliflozin,11949646,C1COCC1OC2=CC=C(C=C2)CC3=C(C=CC(=C3)C4C(C(C(C(O4)CO)O)O)O)Cl,Calculus urethral,0
metformin,4091,CN(C)C(=N)N=C(N)N,Gallbladder oedema,1
glipizide,3478,CC1=CN=C(C=N1)C(=O)NCCC2=CC=C(C=C2)S(=O)(=O)NC(=O)NC3CCCCC3,Blood bilirubin decreased,0
glimepiride,3476,CCC1=C(CN(C1=O)C(=O)NCCC2=CC=C(C=C2)S(=O)(=O)NC(=O)NC3CCC(CC3)C)C,Hyporesponsive to stimuli,1
rosiglitazone,77999,CN(CCOC1=CC=C(C=C1)CC2C(=O)NC(=O)S2)C3=CC=CC=N3,Anxiety,0
empagliflozin,11949646,C1COCC1OC2=CC=C(C=C2)CC3=C(C=CC(=C3)C4C(C(C(C(O4)CO)O)O)O)Cl,Eye swelling,1
canagliflozin,24812758,CC1=C(C=C(C=C1)C2C(C(C(C(O2)CO)O)O)O)CC3=CC=C(S3)C4=CC=C(C=C4)F,Dysstasia,1
metformin,4091,CN(C)C(=N)N=C(N)N,Oesophageal atresia,1
glimepiride,3476,CCC1=C(CN(C1=O)C(=O)NCCC2=CC=C(C=C2)S(=O)(=O)NC(=O)NC3CCC(CC3)C)C,Muscle rupture,0
acarbose,9811704,CC1C(C(C(C(O1)OC2C(OC(C(C2O)O)OC(C(CO)O)C(C(C=O)O)O)CO)O)O)NC3C=C(C(C(C3O)O)O)CO,Dust allergy,0
metformin,4091,CN(C)C(=N)N=C(N)N,Gastroschisis,1
nateglinide,5311309,CC(C)C1CCC(CC1)C(=O)NC(CC2=CC=CC=C2)C(=O)O,Corneal dystrophy,0
sitagliptin,4369359,C1CN2C(=NN=C2C(F)(F)F)CN1C(=O)CC(CC3=CC(=C(C=C3F)F)F)N,Dermatitis exfoliative,0
metformin,4091,CN(C)C(=N)N=C(N)N,Spine malformation,1
metformin,4091,CN(C)C(=N)N=C(N)N,Dialysis,1
glipizide,3478,CC1=CN=C(C=N1)C(=O)NCCC2=CC=C(C=C2)S(=O)(=O)NC(=O)NC3CCCCC3,Mucosal inflammation,0
metformin,4091,CN(C)C(=N)N=C(N)N,Disorganised speech,1
canagliflozin,24812758,CC1=C(C=C(C=C1)C2C(C(C(C(O2)CO)O)O)O)CC3=CC=C(S3)C4=CC=C(C=C4)F,Pancreatitis,1
dapagliflozin,9887712,CCOC1=CC=C(C=C1)CC2=C(C=CC(=C2)C3C(C(C(C(O3)CO)O)O)O)Cl,Erythema,1
repaglinide,65981,CCOC1=C(C=CC(=C1)CC(=O)NC(CC(C)C)C2=CC=CC=C2N3CCCCC3)C(=O)O,Muscle necrosis,0
metformin,4091,CN(C)C(=N)N=C(N)N,Cardiac valve disease,0
metformin,4091,CN(C)C(=N)N=C(N)N,Loss of personal independence in daily activities,1
metformin,4091,CN(C)C(=N)N=C(N)N,Disability assessment scale score increased,1
glipizide,3478,CC1=CN=C(C=N1)C(=O)NCCC2=CC=C(C=C2)S(=O)(=O)NC(=O)NC3CCCCC3,Klebsiella infection,0
metformin,4091,CN(C)C(=N)N=C(N)N,Skin erosion,1
metformin,4091,CN(C)C(=N)N=C(N)N,Haematotoxicity,1
metformin,4091,CN(C)C(=N)N=C(N)N,Polyhydramnios,1
rosiglitazone,77999,CN(CCOC1=CC=C(C=C1)CC2C(=O)NC(=O)S2)C3=CC=CC=N3,Tissue infiltration,0
metformin,4091,CN(C)C(=N)N=C(N)N,Visceral congestion,1
saxagliptin,11243969,C1C2CC2N(C1C#N)C(=O)C(C34CC5CC(C3)CC(C5)(C4)O)N,Discomfort,0
metformin,4091,CN(C)C(=N)N=C(N)N,Thinking abnormal,1
saxagliptin,11243969,C1C2CC2N(C1C#N)C(=O)C(C34CC5CC(C3)CC(C5)(C4)O)N,Burning mouth syndrome,0
metformin,4091,CN(C)C(=N)N=C(N)N,Oral candidiasis,1
empagliflozin,11949646,C1COCC1OC2=CC=C(C=C2)CC3=C(C=CC(=C3)C4C(C(C(C(O4)CO)O)O)O)Cl,Blood phosphorus increased,0
canagliflozin,24812758,CC1=C(C=C(C=C1)C2C(C(C(C(O2)CO)O)O)O)CC3=CC=C(S3)C4=CC=C(C=C4)F,Product size issue,0
metformin,4091,CN(C)C(=N)N=C(N)N,Neurogenic bladder,0
repaglinide,65981,CCOC1=C(C=CC(=C1)CC(=O)NC(CC(C)C)C2=CC=CC=C2N3CCCCC3)C(=O)O,Aerococcus urinae infection,0
metformin,4091,CN(C)C(=N)N=C(N)N,Empty sella syndrome,1
sitagliptin,4369359,C1CN2C(=NN=C2C(F)(F)F)CN1C(=O)CC(CC3=CC(=C(C=C3F)F)F)N,Gastrointestinal polyp haemorrhage,0
canagliflozin,24812758,CC1=C(C=C(C=C1)C2C(C(C(C(O2)CO)O)O)O)CC3=CC=C(S3)C4=CC=C(C=C4)F,Retinal disorder,0
repaglinide,65981,CCOC1=C(C=CC(=C1)CC(=O)NC(CC(C)C)C2=CC=CC=C2N3CCCCC3)C(=O)O,Malaise,1
repaglinide,65981,CCOC1=C(C=CC(=C1)CC(=O)NC(CC(C)C)C2=CC=CC=C2N3CCCCC3)C(=O)O,Back injury,0
nateglinide,5311309,CC(C)C1CCC(CC1)C(=O)NC(CC2=CC=CC=C2)C(=O)O,Blood creatine increased,0
metformin,4091,CN(C)C(=N)N=C(N)N,Renal cyst infection,1
empagliflozin,11949646,C1COCC1OC2=CC=C(C=C2)CC3=C(C=CC(=C3)C4C(C(C(C(O4)CO)O)O)O)Cl,Hypophagia,1
canagliflozin,24812758,CC1=C(C=C(C=C1)C2C(C(C(C(O2)CO)O)O)O)CC3=CC=C(S3)C4=CC=C(C=C4)F,Suicide attempt,1
sitagliptin,4369359,C1CN2C(=NN=C2C(F)(F)F)CN1C(=O)CC(CC3=CC(=C(C=C3F)F)F)N,Anal fissure,0
dapagliflozin,9887712,CCOC1=CC=C(C=C1)CC2=C(C=CC(=C2)C3C(C(C(C(O3)CO)O)O)O)Cl,Depressed level of consciousness,1
repaglinide,65981,CCOC1=C(C=CC(=C1)CC(=O)NC(CC(C)C)C2=CC=CC=C2N3CCCCC3)C(=O)O,Trismus,0
linagliptin,10096344,CC#CCN1C2=C(N=C1N3CCCC(C3)N)N(C(=O)N(C2=O)CC4=NC5=CC=CC=C5C(=N4)C)C,Hypersomnia,0
glyburide,3488,COC1=C(C=C(C=C1)Cl)C(=O)NCCC2=CC=C(C=C2)S(=O)(=O)NC(=O)NC3CCCCC3,Sinus arrest,0
acarbose,9811704,CC1C(C(C(C(O1)OC2C(OC(C(C2O)O)OC(C(CO)O)C(C(C=O)O)O)CO)O)O)NC3C=C(C(C(C3O)O)O)CO,Gastric neoplasm,0
linagliptin,10096344,CC#CCN1C2=C(N=C1N3CCCC(C3)N)N(C(=O)N(C2=O)CC4=NC5=CC=CC=C5C(=N4)C)C,Sinus pain,0
repaglinide,65981,CCOC1=C(C=CC(=C1)CC(=O)NC(CC(C)C)C2=CC=CC=C2N3CCCCC3)C(=O)O,Lymphopenia,0
repaglinide,65981,CCOC1=C(C=CC(=C1)CC(=O)NC(CC(C)C)C2=CC=CC=C2N3CCCCC3)C(=O)O,Hypothermia,0
metformin,4091,CN(C)C(=N)N=C(N)N,Nodule,1
dapagliflozin,9887712,CCOC1=CC=C(C=C1)CC2=C(C=CC(=C2)C3C(C(C(C(O3)CO)O)O)O)Cl,Thrombocytopenia,0
linagliptin,10096344,CC#CCN1C2=C(N=C1N3CCCC(C3)N)N(C(=O)N(C2=O)CC4=NC5=CC=CC=C5C(=N4)C)C,Aspartate aminotransferase decreased,0
empagliflozin,11949646,C1COCC1OC2=CC=C(C=C2)CC3=C(C=CC(=C3)C4C(C(C(C(O4)CO)O)O)O)Cl,Escherichia bacteraemia,0
canagliflozin,24812758,CC1=C(C=C(C=C1)C2C(C(C(C(O2)CO)O)O)O)CC3=CC=C(S3)C4=CC=C(C=C4)F,Interleukin level increased,0
canagliflozin,24812758,CC1=C(C=C(C=C1)C2C(C(C(C(O2)CO)O)O)O)CC3=CC=C(S3)C4=CC=C(C=C4)F,Glycosuria,1
dapagliflozin,9887712,CCOC1=CC=C(C=C1)CC2=C(C=CC(=C2)C3C(C(C(C(O3)CO)O)O)O)Cl,Pneumonia,1
rosiglitazone,77999,CN(CCOC1=CC=C(C=C1)CC2C(=O)NC(=O)S2)C3=CC=CC=N3,Limb deformity,1
linagliptin,10096344,CC#CCN1C2=C(N=C1N3CCCC(C3)N)N(C(=O)N(C2=O)CC4=NC5=CC=CC=C5C(=N4)C)C,Cardio-respiratory arrest,0
repaglinide,65981,CCOC1=C(C=CC(=C1)CC(=O)NC(CC(C)C)C2=CC=CC=C2N3CCCCC3)C(=O)O,Ischaemia,1
metformin,4091,CN(C)C(=N)N=C(N)N,Blood immunoglobulin G decreased,1
canagliflozin,24812758,CC1=C(C=C(C=C1)C2C(C(C(C(O2)CO)O)O)O)CC3=CC=C(S3)C4=CC=C(C=C4)F,Pyelonephritis chronic,0
metformin,4091,CN(C)C(=N)N=C(N)N,Axonal neuropathy,1
saxagliptin,11243969,C1C2CC2N(C1C#N)C(=O)C(C34CC5CC(C3)CC(C5)(C4)O)N,Groin infection,0
glimepiride,3476,CCC1=C(CN(C1=O)C(=O)NCCC2=CC=C(C=C2)S(=O)(=O)NC(=O)NC3CCC(CC3)C)C,Cellulitis of male external genital organ,0
pioglitazone,4829,CCC1=CN=C(C=C1)CCOC2=CC=C(C=C2)CC3C(=O)NC(=O)S3,Urine output decreased,1
metformin,4091,CN(C)C(=N)N=C(N)N,Nerve block,1
metformin,4091,CN(C)C(=N)N=C(N)N,Premature delivery,1
canagliflozin,24812758,CC1=C(C=C(C=C1)C2C(C(C(C(O2)CO)O)O)O)CC3=CC=C(S3)C4=CC=C(C=C4)F,Infrequent bowel movements,1
acarbose,9811704,CC1C(C(C(C(O1)OC2C(OC(C(C2O)O)OC(C(CO)O)C(C(C=O)O)O)CO)O)O)NC3C=C(C(C(C3O)O)O)CO,Bronchial carcinoma,0
glipizide,3478,CC1=CN=C(C=N1)C(=O)NCCC2=CC=C(C=C2)S(=O)(=O)NC(=O)NC3CCCCC3,Urinary tract discomfort,0
pioglitazone,4829,CCC1=CN=C(C=C1)CCOC2=CC=C(C=C2)CC3C(=O)NC(=O)S3,Abdominal pain upper,1
dapagliflozin,9887712,CCOC1=CC=C(C=C1)CC2=C(C=CC(=C2)C3C(C(C(C(O3)CO)O)O)O)Cl,Flank pain,1
canagliflozin,24812758,CC1=C(C=C(C=C1)C2C(C(C(C(O2)CO)O)O)O)CC3=CC=C(S3)C4=CC=C(C=C4)F,Non-small cell lung cancer,0
empagliflozin,11949646,C1COCC1OC2=CC=C(C=C2)CC3=C(C=CC(=C3)C4C(C(C(C(O4)CO)O)O)O)Cl,Cerebellar artery occlusion,0
linagliptin,10096344,CC#CCN1C2=C(N=C1N3CCCC(C3)N)N(C(=O)N(C2=O)CC4=NC5=CC=CC=C5C(=N4)C)C,Accidental overdose,0
pioglitazone,4829,CCC1=CN=C(C=C1)CCOC2=CC=C(C=C2)CC3C(=O)NC(=O)S3,Pancreatic fistula,0
nateglinide,5311309,CC(C)C1CCC(CC1)C(=O)NC(CC2=CC=CC=C2)C(=O)O,Thrombocytopenia,0
dapagliflozin,9887712,CCOC1=CC=C(C=C1)CC2=C(C=CC(=C2)C3C(C(C(C(O3)CO)O)O)O)Cl,Candida sepsis,0
saxagliptin,11243969,C1C2CC2N(C1C#N)C(=O)C(C34CC5CC(C3)CC(C5)(C4)O)N,Nonspecific reaction,0
dapagliflozin,9887712,CCOC1=CC=C(C=C1)CC2=C(C=CC(=C2)C3C(C(C(C(O3)CO)O)O)O)Cl,Cardiac failure chronic,1
linagliptin,10096344,CC#CCN1C2=C(N=C1N3CCCC(C3)N)N(C(=O)N(C2=O)CC4=NC5=CC=CC=C5C(=N4)C)C,Panic reaction,0
metformin,4091,CN(C)C(=N)N=C(N)N,Rheumatoid factor,1
metformin,4091,CN(C)C(=N)N=C(N)N,Enteritis,1
dapagliflozin,9887712,CCOC1=CC=C(C=C1)CC2=C(C=CC(=C2)C3C(C(C(C(O3)CO)O)O)O)Cl,Lacrimation increased,0
metformin,4091,CN(C)C(=N)N=C(N)N,Peripheral motor neuropathy,1
empagliflozin,11949646,C1COCC1OC2=CC=C(C=C2)CC3=C(C=CC(=C3)C4C(C(C(C(O4)CO)O)O)O)Cl,Large intestinal obstruction,0
acarbose,9811704,CC1C(C(C(C(O1)OC2C(OC(C(C2O)O)OC(C(CO)O)C(C(C=O)O)O)CO)O)O)NC3C=C(C(C(C3O)O)O)CO,Haemobilia,0
metformin,4091,CN(C)C(=N)N=C(N)N,Eye oedema,1
metformin,4091,CN(C)C(=N)N=C(N)N,Drug-induced liver injury,1
empagliflozin,11949646,C1COCC1OC2=CC=C(C=C2)CC3=C(C=CC(=C3)C4C(C(C(C(O4)CO)O)O)O)Cl,Chest pain,1
metformin,4091,CN(C)C(=N)N=C(N)N,Blood pressure fluctuation,1
glimepiride,3476,CCC1=C(CN(C1=O)C(=O)NCCC2=CC=C(C=C2)S(=O)(=O)NC(=O)NC3CCC(CC3)C)C,Refraction disorder,0
empagliflozin,11949646,C1COCC1OC2=CC=C(C=C2)CC3=C(C=CC(=C3)C4C(C(C(C(O4)CO)O)O)O)Cl,Haematuria,1
metformin,4091,CN(C)C(=N)N=C(N)N,Stupor,1
metformin,4091,CN(C)C(=N)N=C(N)N,Tooth fracture,1
saxagliptin,11243969,C1C2CC2N(C1C#N)C(=O)C(C34CC5CC(C3)CC(C5)(C4)O)N,Hepatic enzyme abnormal,0
saxagliptin,11243969,C1C2CC2N(C1C#N)C(=O)C(C34CC5CC(C3)CC(C5)(C4)O)N,Diabetes with hyperosmolarity,0
metformin,4091,CN(C)C(=N)N=C(N)N,Skin atrophy,1
empagliflozin,11949646,C1COCC1OC2=CC=C(C=C2)CC3=C(C=CC(=C3)C4C(C(C(C(O4)CO)O)O)O)Cl,Defaecation urgency,1
repaglinide,65981,CCOC1=C(C=CC(=C1)CC(=O)NC(CC(C)C)C2=CC=CC=C2N3CCCCC3)C(=O)O,Frequent bowel movements,0
empagliflozin,11949646,C1COCC1OC2=CC=C(C=C2)CC3=C(C=CC(=C3)C4C(C(C(C(O4)CO)O)O)O)Cl,Hypoglycaemia,1
glimepiride,3476,CCC1=C(CN(C1=O)C(=O)NCCC2=CC=C(C=C2)S(=O)(=O)NC(=O)NC3CCC(CC3)C)C,Neuroleptic malignant syndrome,0
metformin,4091,CN(C)C(=N)N=C(N)N,Gait disturbance,1
metformin,4091,CN(C)C(=N)N=C(N)N,Animal scratch,1
dapagliflozin,9887712,CCOC1=CC=C(C=C1)CC2=C(C=CC(=C2)C3C(C(C(C(O3)CO)O)O)O)Cl,Multiple organ dysfunction syndrome,1
empagliflozin,11949646,C1COCC1OC2=CC=C(C=C2)CC3=C(C=CC(=C3)C4C(C(C(C(O4)CO)O)O)O)Cl,Abdominal pain,1
metformin,4091,CN(C)C(=N)N=C(N)N,Pneumococcal sepsis,1
sitagliptin,4369359,C1CN2C(=NN=C2C(F)(F)F)CN1C(=O)CC(CC3=CC(=C(C=C3F)F)F)N,Intestinal fistula,0
glipizide,3478,CC1=CN=C(C=N1)C(=O)NCCC2=CC=C(C=C2)S(=O)(=O)NC(=O)NC3CCCCC3,Tenderness,1
glimepiride,3476,CCC1=C(CN(C1=O)C(=O)NCCC2=CC=C(C=C2)S(=O)(=O)NC(=O)NC3CCC(CC3)C)C,Joint warmth,0
metformin,4091,CN(C)C(=N)N=C(N)N,Retinal scar,1
metformin,4091,CN(C)C(=N)N=C(N)N,Haematoma,1
glimepiride,3476,CCC1=C(CN(C1=O)C(=O)NCCC2=CC=C(C=C2)S(=O)(=O)NC(=O)NC3CCC(CC3)C)C,Laryngospasm,0
metformin,4091,CN(C)C(=N)N=C(N)N,Conversion disorder,1
pioglitazone,4829,CCC1=CN=C(C=C1)CCOC2=CC=C(C=C2)CC3C(=O)NC(=O)S3,Therapy cessation,1
pioglitazone,4829,CCC1=CN=C(C=C1)CCOC2=CC=C(C=C2)CC3C(=O)NC(=O)S3,Diverticulum,0
glipizide,3478,CC1=CN=C(C=N1)C(=O)NCCC2=CC=C(C=C2)S(=O)(=O)NC(=O)NC3CCCCC3,Intercepted product dispensing error,1
metformin,4091,CN(C)C(=N)N=C(N)N,Left atrial dilatation,1
dapagliflozin,9887712,CCOC1=CC=C(C=C1)CC2=C(C=CC(=C2)C3C(C(C(C(O3)CO)O)O)O)Cl,Alopecia,1
metformin,4091,CN(C)C(=N)N=C(N)N,Autoinflammatory disease,1
metformin,4091,CN(C)C(=N)N=C(N)N,Head injury,1
acarbose,9811704,CC1C(C(C(C(O1)OC2C(OC(C(C2O)O)OC(C(CO)O)C(C(C=O)O)O)CO)O)O)NC3C=C(C(C(C3O)O)O)CO,Bladder catheterisation,0
metformin,4091,CN(C)C(=N)N=C(N)N,Blood bilirubin increased,1
canagliflozin,24812758,CC1=C(C=C(C=C1)C2C(C(C(C(O2)CO)O)O)O)CC3=CC=C(S3)C4=CC=C(C=C4)F,Seizure,1
metformin,4091,CN(C)C(=N)N=C(N)N,Latent autoimmune diabetes in adults,1
metformin,4091,CN(C)C(=N)N=C(N)N,Ketoacidosis,1
metformin,4091,CN(C)C(=N)N=C(N)N,Obstructive pancreatitis,1
nateglinide,5311309,CC(C)C1CCC(CC1)C(=O)NC(CC2=CC=CC=C2)C(=O)O,Faeces pale,0
metformin,4091,CN(C)C(=N)N=C(N)N,Gout,1
repaglinide,65981,CCOC1=C(C=CC(=C1)CC(=O)NC(CC(C)C)C2=CC=CC=C2N3CCCCC3)C(=O)O,Allodynia,0
linagliptin,10096344,CC#CCN1C2=C(N=C1N3CCCC(C3)N)N(C(=O)N(C2=O)CC4=NC5=CC=CC=C5C(=N4)C)C,Toxicologic test abnormal,0
glyburide,3488,COC1=C(C=C(C=C1)Cl)C(=O)NCCC2=CC=C(C=C2)S(=O)(=O)NC(=O)NC3CCCCC3,Vitreous haemorrhage,0
dapagliflozin,9887712,CCOC1=CC=C(C=C1)CC2=C(C=CC(=C2)C3C(C(C(C(O3)CO)O)O)O)Cl,Anaemia folate deficiency,0
sitagliptin,4369359,C1CN2C(=NN=C2C(F)(F)F)CN1C(=O)CC(CC3=CC(=C(C=C3F)F)F)N,Peripheral swelling,1
empagliflozin,11949646,C1COCC1OC2=CC=C(C=C2)CC3=C(C=CC(=C3)C4C(C(C(C(O4)CO)O)O)O)Cl,Pyelonephritis,1
metformin,4091,CN(C)C(=N)N=C(N)N,Gait inability,1
canagliflozin,24812758,CC1=C(C=C(C=C1)C2C(C(C(C(O2)CO)O)O)O)CC3=CC=C(S3)C4=CC=C(C=C4)F,Blood glucose increased,1
sitagliptin,4369359,C1CN2C(=NN=C2C(F)(F)F)CN1C(=O)CC(CC3=CC(=C(C=C3F)F)F)N,Intestinal ischaemia,0
metformin,4091,CN(C)C(=N)N=C(N)N,Paraproteinaemia,1
metformin,4091,CN(C)C(=N)N=C(N)N,Intervertebral disc displacement,1
glipizide,3478,CC1=CN=C(C=N1)C(=O)NCCC2=CC=C(C=C2)S(=O)(=O)NC(=O)NC3CCCCC3,Skin turgor decreased,0
saxagliptin,11243969,C1C2CC2N(C1C#N)C(=O)C(C34CC5CC(C3)CC(C5)(C4)O)N,Gingival erosion,0
metformin,4091,CN(C)C(=N)N=C(N)N,Anti-neutrophil cytoplasmic antibody positive vasculitis,1
repaglinide,65981,CCOC1=C(C=CC(=C1)CC(=O)NC(CC(C)C)C2=CC=CC=C2N3CCCCC3)C(=O)O,Erythromelalgia,0
repaglinide,65981,CCOC1=C(C=CC(=C1)CC(=O)NC(CC(C)C)C2=CC=CC=C2N3CCCCC3)C(=O)O,Cutaneous calcification,0
dapagliflozin,9887712,CCOC1=CC=C(C=C1)CC2=C(C=CC(=C2)C3C(C(C(C(O3)CO)O)O)O)Cl,Atrial flutter,0
pioglitazone,4829,CCC1=CN=C(C=C1)CCOC2=CC=C(C=C2)CC3C(=O)NC(=O)S3,Drug-induced liver injury,1
glimepiride,3476,CCC1=C(CN(C1=O)C(=O)NCCC2=CC=C(C=C2)S(=O)(=O)NC(=O)NC3CCC(CC3)C)C,Protein urine present,0
saxagliptin,11243969,C1C2CC2N(C1C#N)C(=O)C(C34CC5CC(C3)CC(C5)(C4)O)N,Myocardial injury,0
glimepiride,3476,CCC1=C(CN(C1=O)C(=O)NCCC2=CC=C(C=C2)S(=O)(=O)NC(=O)NC3CCC(CC3)C)C,Nervousness,1
canagliflozin,24812758,CC1=C(C=C(C=C1)C2C(C(C(C(O2)CO)O)O)O)CC3=CC=C(S3)C4=CC=C(C=C4)F,Asthma,1
saxagliptin,11243969,C1C2CC2N(C1C#N)C(=O)C(C34CC5CC(C3)CC(C5)(C4)O)N,Dizziness,1
acarbose,9811704,CC1C(C(C(C(O1)OC2C(OC(C(C2O)O)OC(C(CO)O)C(C(C=O)O)O)CO)O)O)NC3C=C(C(C(C3O)O)O)CO,Oedema peripheral,1
glimepiride,3476,CCC1=C(CN(C1=O)C(=O)NCCC2=CC=C(C=C2)S(=O)(=O)NC(=O)NC3CCC(CC3)C)C,Oesophageal atresia,0
glyburide,3488,COC1=C(C=C(C=C1)Cl)C(=O)NCCC2=CC=C(C=C2)S(=O)(=O)NC(=O)NC3CCCCC3,Stress,1
glimepiride,3476,CCC1=C(CN(C1=O)C(=O)NCCC2=CC=C(C=C2)S(=O)(=O)NC(=O)NC3CCC(CC3)C)C,Serous cystadenocarcinoma ovary,0
metformin,4091,CN(C)C(=N)N=C(N)N,Dementia Alzheimer's type,1
metformin,4091,CN(C)C(=N)N=C(N)N,Premature rupture of membranes,1
sitagliptin,4369359,C1CN2C(=NN=C2C(F)(F)F)CN1C(=O)CC(CC3=CC(=C(C=C3F)F)F)N,Cerebral infarction,0
glimepiride,3476,CCC1=C(CN(C1=O)C(=O)NCCC2=CC=C(C=C2)S(=O)(=O)NC(=O)NC3CCC(CC3)C)C,Meconium stain,0
repaglinide,65981,CCOC1=C(C=CC(=C1)CC(=O)NC(CC(C)C)C2=CC=CC=C2N3CCCCC3)C(=O)O,Decreased immune responsiveness,0
metformin,4091,CN(C)C(=N)N=C(N)N,Muscle spasms,1
rosiglitazone,77999,CN(CCOC1=CC=C(C=C1)CC2C(=O)NC(=O)S2)C3=CC=CC=N3,Barrett's oesophagus,0
empagliflozin,11949646,C1COCC1OC2=CC=C(C=C2)CC3=C(C=CC(=C3)C4C(C(C(C(O4)CO)O)O)O)Cl,Blood disorder,0
glipizide,3478,CC1=CN=C(C=N1)C(=O)NCCC2=CC=C(C=C2)S(=O)(=O)NC(=O)NC3CCCCC3,Syncope,1
metformin,4091,CN(C)C(=N)N=C(N)N,Blood sodium increased,1
pioglitazone,4829,CCC1=CN=C(C=C1)CCOC2=CC=C(C=C2)CC3C(=O)NC(=O)S3,Aortic valve incompetence,0
sitagliptin,4369359,C1CN2C(=NN=C2C(F)(F)F)CN1C(=O)CC(CC3=CC(=C(C=C3F)F)F)N,Product monitoring error,1
canagliflozin,24812758,CC1=C(C=C(C=C1)C2C(C(C(C(O2)CO)O)O)O)CC3=CC=C(S3)C4=CC=C(C=C4)F,Pyelonephritis,1
metformin,4091,CN(C)C(=N)N=C(N)N,Saliva altered,1
canagliflozin,24812758,CC1=C(C=C(C=C1)C2C(C(C(C(O2)CO)O)O)O)CC3=CC=C(S3)C4=CC=C(C=C4)F,Herpes zoster,1
rosiglitazone,77999,CN(CCOC1=CC=C(C=C1)CC2C(=O)NC(=O)S2)C3=CC=CC=N3,Maternal exposure during breast feeding,0
repaglinide,65981,CCOC1=C(C=CC(=C1)CC(=O)NC(CC(C)C)C2=CC=CC=C2N3CCCCC3)C(=O)O,Acute abdomen,0
sitagliptin,4369359,C1CN2C(=NN=C2C(F)(F)F)CN1C(=O)CC(CC3=CC(=C(C=C3F)F)F)N,Stevens-Johnson syndrome,1
metformin,4091,CN(C)C(=N)N=C(N)N,Retinal injury,0
canagliflozin,24812758,CC1=C(C=C(C=C1)C2C(C(C(C(O2)CO)O)O)O)CC3=CC=C(S3)C4=CC=C(C=C4)F,Autoinflammatory disease,0
glyburide,3488,COC1=C(C=C(C=C1)Cl)C(=O)NCCC2=CC=C(C=C2)S(=O)(=O)NC(=O)NC3CCCCC3,Pre-eclampsia,0
saxagliptin,11243969,C1C2CC2N(C1C#N)C(=O)C(C34CC5CC(C3)CC(C5)(C4)O)N,Pancreatitis necrotising,1
metformin,4091,CN(C)C(=N)N=C(N)N,Hypopnoea,1
pioglitazone,4829,CCC1=CN=C(C=C1)CCOC2=CC=C(C=C2)CC3C(=O)NC(=O)S3,Laryngeal oedema,0
canagliflozin,24812758,CC1=C(C=C(C=C1)C2C(C(C(C(O2)CO)O)O)O)CC3=CC=C(S3)C4=CC=C(C=C4)F,Miosis,0
metformin,4091,CN(C)C(=N)N=C(N)N,Injection site inflammation,0
metformin,4091,CN(C)C(=N)N=C(N)N,Body temperature abnormal,1
canagliflozin,24812758,CC1=C(C=C(C=C1)C2C(C(C(C(O2)CO)O)O)O)CC3=CC=C(S3)C4=CC=C(C=C4)F,Lumbar spinal stenosis,1
dapagliflozin,9887712,CCOC1=CC=C(C=C1)CC2=C(C=CC(=C2)C3C(C(C(C(O3)CO)O)O)O)Cl,Skin hypertrophy,1
canagliflozin,24812758,CC1=C(C=C(C=C1)C2C(C(C(C(O2)CO)O)O)O)CC3=CC=C(S3)C4=CC=C(C=C4)F,Forced expiratory flow decreased,0
empagliflozin,11949646,C1COCC1OC2=CC=C(C=C2)CC3=C(C=CC(=C3)C4C(C(C(C(O4)CO)O)O)O)Cl,Glycogen storage disorder,0
metformin,4091,CN(C)C(=N)N=C(N)N,Umbilical hernia,1
empagliflozin,11949646,C1COCC1OC2=CC=C(C=C2)CC3=C(C=CC(=C3)C4C(C(C(C(O4)CO)O)O)O)Cl,Hypoglycaemic coma,0
glimepiride,3476,CCC1=C(CN(C1=O)C(=O)NCCC2=CC=C(C=C2)S(=O)(=O)NC(=O)NC3CCC(CC3)C)C,Platelet count increased,1
saxagliptin,11243969,C1C2CC2N(C1C#N)C(=O)C(C34CC5CC(C3)CC(C5)(C4)O)N,Prescribed overdose,0
metformin,4091,CN(C)C(=N)N=C(N)N,Genital herpes,1
rosiglitazone,77999,CN(CCOC1=CC=C(C=C1)CC2C(=O)NC(=O)S2)C3=CC=CC=N3,Amputation,0
pioglitazone,4829,CCC1=CN=C(C=C1)CCOC2=CC=C(C=C2)CC3C(=O)NC(=O)S3,Dehydration,1
saxagliptin,11243969,C1C2CC2N(C1C#N)C(=O)C(C34CC5CC(C3)CC(C5)(C4)O)N,Thermal burn,1
glimepiride,3476,CCC1=C(CN(C1=O)C(=O)NCCC2=CC=C(C=C2)S(=O)(=O)NC(=O)NC3CCC(CC3)C)C,Mental disorder,1
rosiglitazone,77999,CN(CCOC1=CC=C(C=C1)CC2C(=O)NC(=O)S2)C3=CC=CC=N3,Night blindness,0
dapagliflozin,9887712,CCOC1=CC=C(C=C1)CC2=C(C=CC(=C2)C3C(C(C(C(O3)CO)O)O)O)Cl,Fanconi syndrome acquired,0
metformin,4091,CN(C)C(=N)N=C(N)N,Panic disorder,1
repaglinide,65981,CCOC1=C(C=CC(=C1)CC(=O)NC(CC(C)C)C2=CC=CC=C2N3CCCCC3)C(=O)O,Diaphragmalgia,0
metformin,4091,CN(C)C(=N)N=C(N)N,Macular degeneration,1
linagliptin,10096344,CC#CCN1C2=C(N=C1N3CCCC(C3)N)N(C(=O)N(C2=O)CC4=NC5=CC=CC=C5C(=N4)C)C,Brain stem haemorrhage,0
empagliflozin,11949646,C1COCC1OC2=CC=C(C=C2)CC3=C(C=CC(=C3)C4C(C(C(C(O4)CO)O)O)O)Cl,Diabetic foot,1
empagliflozin,11949646,C1COCC1OC2=CC=C(C=C2)CC3=C(C=CC(=C3)C4C(C(C(C(O4)CO)O)O)O)Cl,Drug intolerance,1
glimepiride,3476,CCC1=C(CN(C1=O)C(=O)NCCC2=CC=C(C=C2)S(=O)(=O)NC(=O)NC3CCC(CC3)C)C,Lip swelling,0
glyburide,3488,COC1=C(C=C(C=C1)Cl)C(=O)NCCC2=CC=C(C=C2)S(=O)(=O)NC(=O)NC3CCCCC3,Ischaemia,0
glyburide,3488,COC1=C(C=C(C=C1)Cl)C(=O)NCCC2=CC=C(C=C2)S(=O)(=O)NC(=O)NC3CCCCC3,Blood cholesterol increased,0
dapagliflozin,9887712,CCOC1=CC=C(C=C1)CC2=C(C=CC(=C2)C3C(C(C(C(O3)CO)O)O)O)Cl,Laryngeal discomfort,0
metformin,4091,CN(C)C(=N)N=C(N)N,Chills,1
metformin,4091,CN(C)C(=N)N=C(N)N,Connective tissue disorder,1
rosiglitazone,77999,CN(CCOC1=CC=C(C=C1)CC2C(=O)NC(=O)S2)C3=CC=CC=N3,Hydrocele,0
glipizide,3478,CC1=CN=C(C=N1)C(=O)NCCC2=CC=C(C=C2)S(=O)(=O)NC(=O)NC3CCCCC3,Renal failure,1
metformin,4091,CN(C)C(=N)N=C(N)N,Asthenia,1
repaglinide,65981,CCOC1=C(C=CC(=C1)CC(=O)NC(CC(C)C)C2=CC=CC=C2N3CCCCC3)C(=O)O,Hip fracture,0
metformin,4091,CN(C)C(=N)N=C(N)N,Intestinal fistula,1
repaglinide,65981,CCOC1=C(C=CC(=C1)CC(=O)NC(CC(C)C)C2=CC=CC=C2N3CCCCC3)C(=O)O,Basal cell carcinoma,0
pioglitazone,4829,CCC1=CN=C(C=C1)CCOC2=CC=C(C=C2)CC3C(=O)NC(=O)S3,Bladder neoplasm,1
metformin,4091,CN(C)C(=N)N=C(N)N,Hypomagnesaemia,1
glipizide,3478,CC1=CN=C(C=N1)C(=O)NCCC2=CC=C(C=C2)S(=O)(=O)NC(=O)NC3CCCCC3,Blood ketone body present,0
rosiglitazone,77999,CN(CCOC1=CC=C(C=C1)CC2C(=O)NC(=O)S2)C3=CC=CC=N3,Orthopaedic procedure,0
sitagliptin,4369359,C1CN2C(=NN=C2C(F)(F)F)CN1C(=O)CC(CC3=CC(=C(C=C3F)F)F)N,Vitamin B1 decreased,0
canagliflozin,24812758,CC1=C(C=C(C=C1)C2C(C(C(C(O2)CO)O)O)O)CC3=CC=C(S3)C4=CC=C(C=C4)F,Respiratory distress,1
glipizide,3478,CC1=CN=C(C=N1)C(=O)NCCC2=CC=C(C=C2)S(=O)(=O)NC(=O)NC3CCCCC3,Extubation,0
saxagliptin,11243969,C1C2CC2N(C1C#N)C(=O)C(C34CC5CC(C3)CC(C5)(C4)O)N,Nasopharyngitis,1
metformin,4091,CN(C)C(=N)N=C(N)N,Scratch,1
empagliflozin,11949646,C1COCC1OC2=CC=C(C=C2)CC3=C(C=CC(=C3)C4C(C(C(C(O4)CO)O)O)O)Cl,Infarction,1
metformin,4091,CN(C)C(=N)N=C(N)N,Hypoventilation,1
rosiglitazone,77999,CN(CCOC1=CC=C(C=C1)CC2C(=O)NC(=O)S2)C3=CC=CC=N3,Histrionic personality disorder,0
metformin,4091,CN(C)C(=N)N=C(N)N,Product dispensing error,1
glipizide,3478,CC1=CN=C(C=N1)C(=O)NCCC2=CC=C(C=C2)S(=O)(=O)NC(=O)NC3CCCCC3,Crying,1
pioglitazone,4829,CCC1=CN=C(C=C1)CCOC2=CC=C(C=C2)CC3C(=O)NC(=O)S3,Hypercreatinaemia,1
metformin,4091,CN(C)C(=N)N=C(N)N,Arthritis,1
metformin,4091,CN(C)C(=N)N=C(N)N,Lip dry,1
sitagliptin,4369359,C1CN2C(=NN=C2C(F)(F)F)CN1C(=O)CC(CC3=CC(=C(C=C3F)F)F)N,Urinary tract obstruction,0
metformin,4091,CN(C)C(=N)N=C(N)N,Gene mutation,1
metformin,4091,CN(C)C(=N)N=C(N)N,Microtia,1
metformin,4091,CN(C)C(=N)N=C(N)N,Granuloma annulare,1
glipizide,3478,CC1=CN=C(C=N1)C(=O)NCCC2=CC=C(C=C2)S(=O)(=O)NC(=O)NC3CCCCC3,Gastritis,1
nateglinide,5311309,CC(C)C1CCC(CC1)C(=O)NC(CC2=CC=CC=C2)C(=O)O,Intestinal polyp,0
glimepiride,3476,CCC1=C(CN(C1=O)C(=O)NCCC2=CC=C(C=C2)S(=O)(=O)NC(=O)NC3CCC(CC3)C)C,Delirium,1
metformin,4091,CN(C)C(=N)N=C(N)N,Postprandial hypoglycaemia,1
metformin,4091,CN(C)C(=N)N=C(N)N,Hand deformity,1
repaglinide,65981,CCOC1=C(C=CC(=C1)CC(=O)NC(CC(C)C)C2=CC=CC=C2N3CCCCC3)C(=O)O,Pancreatic cyst,0
acarbose,9811704,CC1C(C(C(C(O1)OC2C(OC(C(C2O)O)OC(C(CO)O)C(C(C=O)O)O)CO)O)O)NC3C=C(C(C(C3O)O)O)CO,Dehydration,1
repaglinide,65981,CCOC1=C(C=CC(=C1)CC(=O)NC(CC(C)C)C2=CC=CC=C2N3CCCCC3)C(=O)O,Product complaint,0
glipizide,3478,CC1=CN=C(C=N1)C(=O)NCCC2=CC=C(C=C2)S(=O)(=O)NC(=O)NC3CCCCC3,Product intolerance,0
linagliptin,10096344,CC#CCN1C2=C(N=C1N3CCCC(C3)N)N(C(=O)N(C2=O)CC4=NC5=CC=CC=C5C(=N4)C)C,Antipsychotic drug level increased,0
metformin,4091,CN(C)C(=N)N=C(N)N,Product supply issue,1
metformin,4091,CN(C)C(=N)N=C(N)N,Muscle contracture,1
repaglinide,65981,CCOC1=C(C=CC(=C1)CC(=O)NC(CC(C)C)C2=CC=CC=C2N3CCCCC3)C(=O)O,Electrocardiogram Q wave abnormal,0
metformin,4091,CN(C)C(=N)N=C(N)N,Aspergillus infection,1
metformin,4091,CN(C)C(=N)N=C(N)N,Tension,0
canagliflozin,24812758,CC1=C(C=C(C=C1)C2C(C(C(C(O2)CO)O)O)O)CC3=CC=C(S3)C4=CC=C(C=C4)F,Blood magnesium abnormal,0
metformin,4091,CN(C)C(=N)N=C(N)N,Rhabdomyolysis,1
glyburide,3488,COC1=C(C=C(C=C1)Cl)C(=O)NCCC2=CC=C(C=C2)S(=O)(=O)NC(=O)NC3CCCCC3,Heart alternation,0
metformin,4091,CN(C)C(=N)N=C(N)N,Muscle disorder,1
glimepiride,3476,CCC1=C(CN(C1=O)C(=O)NCCC2=CC=C(C=C2)S(=O)(=O)NC(=O)NC3CCC(CC3)C)C,Aortic disorder,0
acarbose,9811704,CC1C(C(C(C(O1)OC2C(OC(C(C2O)O)OC(C(CO)O)C(C(C=O)O)O)CO)O)O)NC3C=C(C(C(C3O)O)O)CO,Skin abrasion,0
repaglinide,65981,CCOC1=C(C=CC(=C1)CC(=O)NC(CC(C)C)C2=CC=CC=C2N3CCCCC3)C(=O)O,Lung neoplasm,0
glimepiride,3476,CCC1=C(CN(C1=O)C(=O)NCCC2=CC=C(C=C2)S(=O)(=O)NC(=O)NC3CCC(CC3)C)C,Chronic spontaneous urticaria,0
metformin,4091,CN(C)C(=N)N=C(N)N,Sleep disorder,1
repaglinide,65981,CCOC1=C(C=CC(=C1)CC(=O)NC(CC(C)C)C2=CC=CC=C2N3CCCCC3)C(=O)O,Suspected counterfeit product,0
metformin,4091,CN(C)C(=N)N=C(N)N,Dysphonia,1
pioglitazone,4829,CCC1=CN=C(C=C1)CCOC2=CC=C(C=C2)CC3C(=O)NC(=O)S3,Hepatitis,1
metformin,4091,CN(C)C(=N)N=C(N)N,Precancerous lesion of digestive tract,1
metformin,4091,CN(C)C(=N)N=C(N)N,Tremor,1
nateglinide,5311309,CC(C)C1CCC(CC1)C(=O)NC(CC2=CC=CC=C2)C(=O)O,Ligament disorder,0
pioglitazone,4829,CCC1=CN=C(C=C1)CCOC2=CC=C(C=C2)CC3C(=O)NC(=O)S3,Infective exacerbation of chronic obstructive airways disease,0
metformin,4091,CN(C)C(=N)N=C(N)N,Colorectal cancer,1
empagliflozin,11949646,C1COCC1OC2=CC=C(C=C2)CC3=C(C=CC(=C3)C4C(C(C(C(O4)CO)O)O)O)Cl,Heart rate decreased,0
dapagliflozin,9887712,CCOC1=CC=C(C=C1)CC2=C(C=CC(=C2)C3C(C(C(C(O3)CO)O)O)O)Cl,Ovarian cyst ruptured,0
sitagliptin,4369359,C1CN2C(=NN=C2C(F)(F)F)CN1C(=O)CC(CC3=CC(=C(C=C3F)F)F)N,Diabetic ketoacidosis,1
dapagliflozin,9887712,CCOC1=CC=C(C=C1)CC2=C(C=CC(=C2)C3C(C(C(C(O3)CO)O)O)O)Cl,SARS-CoV-2 test positive,1
nateglinide,5311309,CC(C)C1CCC(CC1)C(=O)NC(CC2=CC=CC=C2)C(=O)O,Schizoaffective disorder,0
metformin,4091,CN(C)C(=N)N=C(N)N,Hyperventilation,1
glimepiride,3476,CCC1=C(CN(C1=O)C(=O)NCCC2=CC=C(C=C2)S(=O)(=O)NC(=O)NC3CCC(CC3)C)C,Vertigo,1
pioglitazone,4829,CCC1=CN=C(C=C1)CCOC2=CC=C(C=C2)CC3C(=O)NC(=O)S3,Drug hypersensitivity,1
metformin,4091,CN(C)C(=N)N=C(N)N,Hypoperfusion,1
metformin,4091,CN(C)C(=N)N=C(N)N,Bone density abnormal,1
dapagliflozin,9887712,CCOC1=CC=C(C=C1)CC2=C(C=CC(=C2)C3C(C(C(C(O3)CO)O)O)O)Cl,Liver palpable,0
glipizide,3478,CC1=CN=C(C=N1)C(=O)NCCC2=CC=C(C=C2)S(=O)(=O)NC(=O)NC3CCCCC3,Ear pain,1
dapagliflozin,9887712,CCOC1=CC=C(C=C1)CC2=C(C=CC(=C2)C3C(C(C(C(O3)CO)O)O)O)Cl,Urine ketone body present,1
metformin,4091,CN(C)C(=N)N=C(N)N,Neutrophil count increased,1
empagliflozin,11949646,C1COCC1OC2=CC=C(C=C2)CC3=C(C=CC(=C3)C4C(C(C(C(O4)CO)O)O)O)Cl,Prolonged expiration,0
empagliflozin,11949646,C1COCC1OC2=CC=C(C=C2)CC3=C(C=CC(=C3)C4C(C(C(C(O4)CO)O)O)O)Cl,Libido disorder,0
metformin,4091,CN(C)C(=N)N=C(N)N,Apparent death,1
glimepiride,3476,CCC1=C(CN(C1=O)C(=O)NCCC2=CC=C(C=C2)S(=O)(=O)NC(=O)NC3CCC(CC3)C)C,Exposure to SARS-CoV-2,0
metformin,4091,CN(C)C(=N)N=C(N)N,Constipation,1
canagliflozin,24812758,CC1=C(C=C(C=C1)C2C(C(C(C(O2)CO)O)O)O)CC3=CC=C(S3)C4=CC=C(C=C4)F,Torulopsis infection,1
glyburide,3488,COC1=C(C=C(C=C1)Cl)C(=O)NCCC2=CC=C(C=C2)S(=O)(=O)NC(=O)NC3CCCCC3,Forced vital capacity decreased,0
metformin,4091,CN(C)C(=N)N=C(N)N,Product monitoring error,1
empagliflozin,11949646,C1COCC1OC2=CC=C(C=C2)CC3=C(C=CC(=C3)C4C(C(C(C(O4)CO)O)O)O)Cl,Intentional self-injury,1
empagliflozin,11949646,C1COCC1OC2=CC=C(C=C2)CC3=C(C=CC(=C3)C4C(C(C(C(O4)CO)O)O)O)Cl,Dyslipidaemia,1
canagliflozin,24812758,CC1=C(C=C(C=C1)C2C(C(C(C(O2)CO)O)O)O)CC3=CC=C(S3)C4=CC=C(C=C4)F,Skin ulcer,1
canagliflozin,24812758,CC1=C(C=C(C=C1)C2C(C(C(C(O2)CO)O)O)O)CC3=CC=C(S3)C4=CC=C(C=C4)F,Pulmonary artery thrombosis,1
glimepiride,3476,CCC1=C(CN(C1=O)C(=O)NCCC2=CC=C(C=C2)S(=O)(=O)NC(=O)NC3CCC(CC3)C)C,Nonspecific reaction,0
empagliflozin,11949646,C1COCC1OC2=CC=C(C=C2)CC3=C(C=CC(=C3)C4C(C(C(C(O4)CO)O)O)O)Cl,Hypersensitivity,1
glipizide,3478,CC1=CN=C(C=N1)C(=O)NCCC2=CC=C(C=C2)S(=O)(=O)NC(=O)NC3CCCCC3,Loss of consciousness,1
nateglinide,5311309,CC(C)C1CCC(CC1)C(=O)NC(CC2=CC=CC=C2)C(=O)O,Therapy partial responder,0
metformin,4091,CN(C)C(=N)N=C(N)N,Hyperammonaemia,1
metformin,4091,CN(C)C(=N)N=C(N)N,Hypoglycaemia,1
empagliflozin,11949646,C1COCC1OC2=CC=C(C=C2)CC3=C(C=CC(=C3)C4C(C(C(C(O4)CO)O)O)O)Cl,Exposure to allergen,0
linagliptin,10096344,CC#CCN1C2=C(N=C1N3CCCC(C3)N)N(C(=O)N(C2=O)CC4=NC5=CC=CC=C5C(=N4)C)C,Scar,0
empagliflozin,11949646,C1COCC1OC2=CC=C(C=C2)CC3=C(C=CC(=C3)C4C(C(C(C(O4)CO)O)O)O)Cl,Glucose urine present,1
glipizide,3478,CC1=CN=C(C=N1)C(=O)NCCC2=CC=C(C=C2)S(=O)(=O)NC(=O)NC3CCCCC3,Caudal regression syndrome,0
glimepiride,3476,CCC1=C(CN(C1=O)C(=O)NCCC2=CC=C(C=C2)S(=O)(=O)NC(=O)NC3CCC(CC3)C)C,Therapeutic product effect variable,1
nateglinide,5311309,CC(C)C1CCC(CC1)C(=O)NC(CC2=CC=CC=C2)C(=O)O,Crystal urine present,0
saxagliptin,11243969,C1C2CC2N(C1C#N)C(=O)C(C34CC5CC(C3)CC(C5)(C4)O)N,Hypopituitarism,0
metformin,4091,CN(C)C(=N)N=C(N)N,Anaemia macrocytic,1
acarbose,9811704,CC1C(C(C(C(O1)OC2C(OC(C(C2O)O)OC(C(CO)O)C(C(C=O)O)O)CO)O)O)NC3C=C(C(C(C3O)O)O)CO,Tooth restoration,0
pioglitazone,4829,CCC1=CN=C(C=C1)CCOC2=CC=C(C=C2)CC3C(=O)NC(=O)S3,Prostatic disorder,0
metformin,4091,CN(C)C(=N)N=C(N)N,Arterial disorder,1
metformin,4091,CN(C)C(=N)N=C(N)N,Cleft lip and palate,1
repaglinide,65981,CCOC1=C(C=CC(=C1)CC(=O)NC(CC(C)C)C2=CC=CC=C2N3CCCCC3)C(=O)O,Product solubility abnormal,1
canagliflozin,24812758,CC1=C(C=C(C=C1)C2C(C(C(C(O2)CO)O)O)O)CC3=CC=C(S3)C4=CC=C(C=C4)F,Continuous haemodiafiltration,0
acarbose,9811704,CC1C(C(C(C(O1)OC2C(OC(C(C2O)O)OC(C(CO)O)C(C(C=O)O)O)CO)O)O)NC3C=C(C(C(C3O)O)O)CO,Postoperative thoracic procedure complication,0
metformin,4091,CN(C)C(=N)N=C(N)N,Asthma,1
empagliflozin,11949646,C1COCC1OC2=CC=C(C=C2)CC3=C(C=CC(=C3)C4C(C(C(C(O4)CO)O)O)O)Cl,Gangrene,1
glipizide,3478,CC1=CN=C(C=N1)C(=O)NCCC2=CC=C(C=C2)S(=O)(=O)NC(=O)NC3CCCCC3,Intraocular pressure fluctuation,0
sitagliptin,4369359,C1CN2C(=NN=C2C(F)(F)F)CN1C(=O)CC(CC3=CC(=C(C=C3F)F)F)N,Pneumonia aspiration,1
dapagliflozin,9887712,CCOC1=CC=C(C=C1)CC2=C(C=CC(=C2)C3C(C(C(C(O3)CO)O)O)O)Cl,Myoglobin blood increased,0
saxagliptin,11243969,C1C2CC2N(C1C#N)C(=O)C(C34CC5CC(C3)CC(C5)(C4)O)N,Palpitations,1
canagliflozin,24812758,CC1=C(C=C(C=C1)C2C(C(C(C(O2)CO)O)O)O)CC3=CC=C(S3)C4=CC=C(C=C4)F,Nitrite urine present,0
canagliflozin,24812758,CC1=C(C=C(C=C1)C2C(C(C(C(O2)CO)O)O)O)CC3=CC=C(S3)C4=CC=C(C=C4)F,Hepatic failure,0
repaglinide,65981,CCOC1=C(C=CC(=C1)CC(=O)NC(CC(C)C)C2=CC=CC=C2N3CCCCC3)C(=O)O,Anticonvulsant drug level decreased,1
metformin,4091,CN(C)C(=N)N=C(N)N,Herpes zoster,1
metformin,4091,CN(C)C(=N)N=C(N)N,Gastric ulcer haemorrhage,0
metformin,4091,CN(C)C(=N)N=C(N)N,Peripheral nerve injury,1
pioglitazone,4829,CCC1=CN=C(C=C1)CCOC2=CC=C(C=C2)CC3C(=O)NC(=O)S3,Inappropriate antidiuretic hormone secretion,0
glipizide,3478,CC1=CN=C(C=N1)C(=O)NCCC2=CC=C(C=C2)S(=O)(=O)NC(=O)NC3CCCCC3,Neck surgery,0
glyburide,3488,COC1=C(C=C(C=C1)Cl)C(=O)NCCC2=CC=C(C=C2)S(=O)(=O)NC(=O)NC3CCCCC3,Self-consciousness,0
dapagliflozin,9887712,CCOC1=CC=C(C=C1)CC2=C(C=CC(=C2)C3C(C(C(C(O3)CO)O)O)O)Cl,Necrosis,1
metformin,4091,CN(C)C(=N)N=C(N)N,Toothache,1
metformin,4091,CN(C)C(=N)N=C(N)N,Thrombophlebitis,1
rosiglitazone,77999,CN(CCOC1=CC=C(C=C1)CC2C(=O)NC(=O)S2)C3=CC=CC=N3,Product administration error,0
glipizide,3478,CC1=CN=C(C=N1)C(=O)NCCC2=CC=C(C=C2)S(=O)(=O)NC(=O)NC3CCCCC3,Aortic valve disease,0
glipizide,3478,CC1=CN=C(C=N1)C(=O)NCCC2=CC=C(C=C2)S(=O)(=O)NC(=O)NC3CCCCC3,Respiratory failure,1
metformin,4091,CN(C)C(=N)N=C(N)N,Anal fistula,0
metformin,4091,CN(C)C(=N)N=C(N)N,Tendon rupture,1
metformin,4091,CN(C)C(=N)N=C(N)N,Therapeutic response shortened,1
dapagliflozin,9887712,CCOC1=CC=C(C=C1)CC2=C(C=CC(=C2)C3C(C(C(C(O3)CO)O)O)O)Cl,Psychomotor retardation,0
empagliflozin,11949646,C1COCC1OC2=CC=C(C=C2)CC3=C(C=CC(=C3)C4C(C(C(C(O4)CO)O)O)O)Cl,Suspected product contamination,0
acarbose,9811704,CC1C(C(C(C(O1)OC2C(OC(C(C2O)O)OC(C(CO)O)C(C(C=O)O)O)CO)O)O)NC3C=C(C(C(C3O)O)O)CO,Ecchymosis,0
nateglinide,5311309,CC(C)C1CCC(CC1)C(=O)NC(CC2=CC=CC=C2)C(=O)O,Pyelonephritis,0
metformin,4091,CN(C)C(=N)N=C(N)N,Dactylitis,0
empagliflozin,11949646,C1COCC1OC2=CC=C(C=C2)CC3=C(C=CC(=C3)C4C(C(C(C(O4)CO)O)O)O)Cl,Glomerulonephritis membranoproliferative,0
metformin,4091,CN(C)C(=N)N=C(N)N,Food poisoning,1
metformin,4091,CN(C)C(=N)N=C(N)N,Appetite disorder,1
empagliflozin,11949646,C1COCC1OC2=CC=C(C=C2)CC3=C(C=CC(=C3)C4C(C(C(C(O4)CO)O)O)O)Cl,Bladder neoplasm,1
sitagliptin,4369359,C1CN2C(=NN=C2C(F)(F)F)CN1C(=O)CC(CC3=CC(=C(C=C3F)F)F)N,Mumps,0
sitagliptin,4369359,C1CN2C(=NN=C2C(F)(F)F)CN1C(=O)CC(CC3=CC(=C(C=C3F)F)F)N,Agitation,1
metformin,4091,CN(C)C(=N)N=C(N)N,Inflammation of wound,1
metformin,4091,CN(C)C(=N)N=C(N)N,Agranulocytosis,1
metformin,4091,CN(C)C(=N)N=C(N)N,Wrong dose,1
canagliflozin,24812758,CC1=C(C=C(C=C1)C2C(C(C(C(O2)CO)O)O)O)CC3=CC=C(S3)C4=CC=C(C=C4)F,Blood ketone body increased,1
metformin,4091,CN(C)C(=N)N=C(N)N,Regurgitation,1
empagliflozin,11949646,C1COCC1OC2=CC=C(C=C2)CC3=C(C=CC(=C3)C4C(C(C(C(O4)CO)O)O)O)Cl,Pulse absent,0
pioglitazone,4829,CCC1=CN=C(C=C1)CCOC2=CC=C(C=C2)CC3C(=O)NC(=O)S3,Hypertension,1
glyburide,3488,COC1=C(C=C(C=C1)Cl)C(=O)NCCC2=CC=C(C=C2)S(=O)(=O)NC(=O)NC3CCCCC3,Retinal scar,0
metformin,4091,CN(C)C(=N)N=C(N)N,Seizure,1
glimepiride,3476,CCC1=C(CN(C1=O)C(=O)NCCC2=CC=C(C=C2)S(=O)(=O)NC(=O)NC3CCC(CC3)C)C,Gastrointestinal hypermotility,0
glimepiride,3476,CCC1=C(CN(C1=O)C(=O)NCCC2=CC=C(C=C2)S(=O)(=O)NC(=O)NC3CCC(CC3)C)C,Pain,0
acarbose,9811704,CC1C(C(C(C(O1)OC2C(OC(C(C2O)O)OC(C(CO)O)C(C(C=O)O)O)CO)O)O)NC3C=C(C(C(C3O)O)O)CO,IgA nephropathy,0
canagliflozin,24812758,CC1=C(C=C(C=C1)C2C(C(C(C(O2)CO)O)O)O)CC3=CC=C(S3)C4=CC=C(C=C4)F,Abdominal discomfort,1
pioglitazone,4829,CCC1=CN=C(C=C1)CCOC2=CC=C(C=C2)CC3C(=O)NC(=O)S3,Nail disorder,0
metformin,4091,CN(C)C(=N)N=C(N)N,Haematocrit abnormal,1
metformin,4091,CN(C)C(=N)N=C(N)N,Oedematous pancreatitis,1
metformin,4091,CN(C)C(=N)N=C(N)N,Pancreatic neoplasm,1
metformin,4091,CN(C)C(=N)N=C(N)N,Arterial thrombosis,1
dapagliflozin,9887712,CCOC1=CC=C(C=C1)CC2=C(C=CC(=C2)C3C(C(C(C(O3)CO)O)O)O)Cl,Loss of bladder sensation,1
metformin,4091,CN(C)C(=N)N=C(N)N,Product closure removal difficult,0
saxagliptin,11243969,C1C2CC2N(C1C#N)C(=O)C(C34CC5CC(C3)CC(C5)(C4)O)N,Thyroxine free decreased,0
canagliflozin,24812758,CC1=C(C=C(C=C1)C2C(C(C(C(O2)CO)O)O)O)CC3=CC=C(S3)C4=CC=C(C=C4)F,Premature rupture of membranes,0
glimepiride,3476,CCC1=C(CN(C1=O)C(=O)NCCC2=CC=C(C=C2)S(=O)(=O)NC(=O)NC3CCC(CC3)C)C,Extrapyramidal disorder,1
metformin,4091,CN(C)C(=N)N=C(N)N,Osteoma,1
repaglinide,65981,CCOC1=C(C=CC(=C1)CC(=O)NC(CC(C)C)C2=CC=CC=C2N3CCCCC3)C(=O)O,Urine sodium decreased,0
sitagliptin,4369359,C1CN2C(=NN=C2C(F)(F)F)CN1C(=O)CC(CC3=CC(=C(C=C3F)F)F)N,Diabetic foot infection,0
pioglitazone,4829,CCC1=CN=C(C=C1)CCOC2=CC=C(C=C2)CC3C(=O)NC(=O)S3,Headache,1
metformin,4091,CN(C)C(=N)N=C(N)N,Intentional product misuse,1
metformin,4091,CN(C)C(=N)N=C(N)N,Cerebral venous thrombosis,1
saxagliptin,11243969,C1C2CC2N(C1C#N)C(=O)C(C34CC5CC(C3)CC(C5)(C4)O)N,Necrotising fasciitis,0
dapagliflozin,9887712,CCOC1=CC=C(C=C1)CC2=C(C=CC(=C2)C3C(C(C(C(O3)CO)O)O)O)Cl,Dyspepsia,1
canagliflozin,24812758,CC1=C(C=C(C=C1)C2C(C(C(C(O2)CO)O)O)O)CC3=CC=C(S3)C4=CC=C(C=C4)F,Cushing's syndrome,1
metformin,4091,CN(C)C(=N)N=C(N)N,Hepatic cyst,1
glimepiride,3476,CCC1=C(CN(C1=O)C(=O)NCCC2=CC=C(C=C2)S(=O)(=O)NC(=O)NC3CCC(CC3)C)C,Glycosylated haemoglobin decreased,1
metformin,4091,CN(C)C(=N)N=C(N)N,Sunburn,1
glimepiride,3476,CCC1=C(CN(C1=O)C(=O)NCCC2=CC=C(C=C2)S(=O)(=O)NC(=O)NC3CCC(CC3)C)C,Accidental overdose,1
nateglinide,5311309,CC(C)C1CCC(CC1)C(=O)NC(CC2=CC=CC=C2)C(=O)O,Gastroschisis,0
canagliflozin,24812758,CC1=C(C=C(C=C1)C2C(C(C(C(O2)CO)O)O)O)CC3=CC=C(S3)C4=CC=C(C=C4)F,Laboratory test abnormal,0
pioglitazone,4829,CCC1=CN=C(C=C1)CCOC2=CC=C(C=C2)CC3C(=O)NC(=O)S3,Vitamin B12 decreased,0
canagliflozin,24812758,CC1=C(C=C(C=C1)C2C(C(C(C(O2)CO)O)O)O)CC3=CC=C(S3)C4=CC=C(C=C4)F,Candida urethritis,0
canagliflozin,24812758,CC1=C(C=C(C=C1)C2C(C(C(C(O2)CO)O)O)O)CC3=CC=C(S3)C4=CC=C(C=C4)F,Affective disorder,0
glyburide,3488,COC1=C(C=C(C=C1)Cl)C(=O)NCCC2=CC=C(C=C2)S(=O)(=O)NC(=O)NC3CCCCC3,Kyphosis,0
dapagliflozin,9887712,CCOC1=CC=C(C=C1)CC2=C(C=CC(=C2)C3C(C(C(C(O3)CO)O)O)O)Cl,Balanoposthitis,1
sitagliptin,4369359,C1CN2C(=NN=C2C(F)(F)F)CN1C(=O)CC(CC3=CC(=C(C=C3F)F)F)N,Intraventricular haemorrhage neonatal,0
metformin,4091,CN(C)C(=N)N=C(N)N,Death neonatal,1
metformin,4091,CN(C)C(=N)N=C(N)N,Rheumatoid arthritis,1
metformin,4091,CN(C)C(=N)N=C(N)N,Multiple fractures,0
glipizide,3478,CC1=CN=C(C=N1)C(=O)NCCC2=CC=C(C=C2)S(=O)(=O)NC(=O)NC3CCCCC3,Hypoacusis,1
nateglinide,5311309,CC(C)C1CCC(CC1)C(=O)NC(CC2=CC=CC=C2)C(=O)O,Blood albumin decreased,0
metformin,4091,CN(C)C(=N)N=C(N)N,Cardiac pacemaker insertion,1
glimepiride,3476,CCC1=C(CN(C1=O)C(=O)NCCC2=CC=C(C=C2)S(=O)(=O)NC(=O)NC3CCC(CC3)C)C,Birt-Hogg-Dube syndrome,0
sitagliptin,4369359,C1CN2C(=NN=C2C(F)(F)F)CN1C(=O)CC(CC3=CC(=C(C=C3F)F)F)N,Ultrasound antenatal screen,0
dapagliflozin,9887712,CCOC1=CC=C(C=C1)CC2=C(C=CC(=C2)C3C(C(C(C(O3)CO)O)O)O)Cl,Fatigue,1
dapagliflozin,9887712,CCOC1=CC=C(C=C1)CC2=C(C=CC(=C2)C3C(C(C(C(O3)CO)O)O)O)Cl,Ventricular tachycardia,1
glimepiride,3476,CCC1=C(CN(C1=O)C(=O)NCCC2=CC=C(C=C2)S(=O)(=O)NC(=O)NC3CCC(CC3)C)C,Burning mouth syndrome,0
glimepiride,3476,CCC1=C(CN(C1=O)C(=O)NCCC2=CC=C(C=C2)S(=O)(=O)NC(=O)NC3CCC(CC3)C)C,Pulse abnormal,0
pioglitazone,4829,CCC1=CN=C(C=C1)CCOC2=CC=C(C=C2)CC3C(=O)NC(=O)S3,Pemphigoid,1
linagliptin,10096344,CC#CCN1C2=C(N=C1N3CCCC(C3)N)N(C(=O)N(C2=O)CC4=NC5=CC=CC=C5C(=N4)C)C,Skin injury,0
metformin,4091,CN(C)C(=N)N=C(N)N,Sleep apnoea syndrome,1
empagliflozin,11949646,C1COCC1OC2=CC=C(C=C2)CC3=C(C=CC(=C3)C4C(C(C(C(O4)CO)O)O)O)Cl,Skin abrasion,0
sitagliptin,4369359,C1CN2C(=NN=C2C(F)(F)F)CN1C(=O)CC(CC3=CC(=C(C=C3F)F)F)N,General physical health deterioration,1
glipizide,3478,CC1=CN=C(C=N1)C(=O)NCCC2=CC=C(C=C2)S(=O)(=O)NC(=O)NC3CCCCC3,Blood glucose decreased,1
pioglitazone,4829,CCC1=CN=C(C=C1)CCOC2=CC=C(C=C2)CC3C(=O)NC(=O)S3,White blood cells urine positive,0
nateglinide,5311309,CC(C)C1CCC(CC1)C(=O)NC(CC2=CC=CC=C2)C(=O)O,Musculoskeletal stiffness,0
glipizide,3478,CC1=CN=C(C=N1)C(=O)NCCC2=CC=C(C=C2)S(=O)(=O)NC(=O)NC3CCCCC3,Pancreatitis necrotising,0
metformin,4091,CN(C)C(=N)N=C(N)N,Bone pain,1
saxagliptin,11243969,C1C2CC2N(C1C#N)C(=O)C(C34CC5CC(C3)CC(C5)(C4)O)N,Radius fracture,0
rosiglitazone,77999,CN(CCOC1=CC=C(C=C1)CC2C(=O)NC(=O)S2)C3=CC=CC=N3,Therapeutic product effect increased,0
metformin,4091,CN(C)C(=N)N=C(N)N,Cardiomyopathy,1
dapagliflozin,9887712,CCOC1=CC=C(C=C1)CC2=C(C=CC(=C2)C3C(C(C(C(O3)CO)O)O)O)Cl,Atrial fibrillation,1
metformin,4091,CN(C)C(=N)N=C(N)N,Anorectal swelling,1
dapagliflozin,9887712,CCOC1=CC=C(C=C1)CC2=C(C=CC(=C2)C3C(C(C(C(O3)CO)O)O)O)Cl,Intraductal papillary mucinous neoplasm,0
sitagliptin,4369359,C1CN2C(=NN=C2C(F)(F)F)CN1C(=O)CC(CC3=CC(=C(C=C3F)F)F)N,Performance status decreased,0
empagliflozin,11949646,C1COCC1OC2=CC=C(C=C2)CC3=C(C=CC(=C3)C4C(C(C(C(O4)CO)O)O)O)Cl,Agitation,1
metformin,4091,CN(C)C(=N)N=C(N)N,Distributive shock,1
metformin,4091,CN(C)C(=N)N=C(N)N,Splenic lesion,1
repaglinide,65981,CCOC1=C(C=CC(=C1)CC(=O)NC(CC(C)C)C2=CC=CC=C2N3CCCCC3)C(=O)O,Musculoskeletal discomfort,0
pioglitazone,4829,CCC1=CN=C(C=C1)CCOC2=CC=C(C=C2)CC3C(=O)NC(=O)S3,Confusional state,1
canagliflozin,24812758,CC1=C(C=C(C=C1)C2C(C(C(C(O2)CO)O)O)O)CC3=CC=C(S3)C4=CC=C(C=C4)F,Borderline personality disorder,1
linagliptin,10096344,CC#CCN1C2=C(N=C1N3CCCC(C3)N)N(C(=O)N(C2=O)CC4=NC5=CC=CC=C5C(=N4)C)C,Leukopenia neonatal,0
empagliflozin,11949646,C1COCC1OC2=CC=C(C=C2)CC3=C(C=CC(=C3)C4C(C(C(C(O4)CO)O)O)O)Cl,Depression,1
metformin,4091,CN(C)C(=N)N=C(N)N,Lymphoma,1
glyburide,3488,COC1=C(C=C(C=C1)Cl)C(=O)NCCC2=CC=C(C=C2)S(=O)(=O)NC(=O)NC3CCCCC3,Respiratory tract haemorrhage,0
rosiglitazone,77999,CN(CCOC1=CC=C(C=C1)CC2C(=O)NC(=O)S2)C3=CC=CC=N3,Myocarditis,0
glipizide,3478,CC1=CN=C(C=N1)C(=O)NCCC2=CC=C(C=C2)S(=O)(=O)NC(=O)NC3CCCCC3,Product substitution issue,1
metformin,4091,CN(C)C(=N)N=C(N)N,Leukoplakia oral,1
glyburide,3488,COC1=C(C=C(C=C1)Cl)C(=O)NCCC2=CC=C(C=C2)S(=O)(=O)NC(=O)NC3CCCCC3,Purpura,0
metformin,4091,CN(C)C(=N)N=C(N)N,Injection site swelling,1
glimepiride,3476,CCC1=C(CN(C1=O)C(=O)NCCC2=CC=C(C=C2)S(=O)(=O)NC(=O)NC3CCC(CC3)C)C,Haematocrit decreased,1
dapagliflozin,9887712,CCOC1=CC=C(C=C1)CC2=C(C=CC(=C2)C3C(C(C(C(O3)CO)O)O)O)Cl,Pyelocaliectasis,0
metformin,4091,CN(C)C(=N)N=C(N)N,Cryopyrin associated periodic syndrome,1
linagliptin,10096344,CC#CCN1C2=C(N=C1N3CCCC(C3)N)N(C(=O)N(C2=O)CC4=NC5=CC=CC=C5C(=N4)C)C,Retinal scar,0
saxagliptin,11243969,C1C2CC2N(C1C#N)C(=O)C(C34CC5CC(C3)CC(C5)(C4)O)N,Intracranial aneurysm,0
metformin,4091,CN(C)C(=N)N=C(N)N,Chest pain,1
glimepiride,3476,CCC1=C(CN(C1=O)C(=O)NCCC2=CC=C(C=C2)S(=O)(=O)NC(=O)NC3CCC(CC3)C)C,Multiple organ dysfunction syndrome,1
metformin,4091,CN(C)C(=N)N=C(N)N,Eye injury,1
metformin,4091,CN(C)C(=N)N=C(N)N,Tracheo-oesophageal fistula,1
metformin,4091,CN(C)C(=N)N=C(N)N,Diplopia,1
nateglinide,5311309,CC(C)C1CCC(CC1)C(=O)NC(CC2=CC=CC=C2)C(=O)O,Ketonuria,0
metformin,4091,CN(C)C(=N)N=C(N)N,Colon cancer,1
nateglinide,5311309,CC(C)C1CCC(CC1)C(=O)NC(CC2=CC=CC=C2)C(=O)O,Blood iron increased,0
repaglinide,65981,CCOC1=C(C=CC(=C1)CC(=O)NC(CC(C)C)C2=CC=CC=C2N3CCCCC3)C(=O)O,Blood albumin decreased,0
glyburide,3488,COC1=C(C=C(C=C1)Cl)C(=O)NCCC2=CC=C(C=C2)S(=O)(=O)NC(=O)NC3CCCCC3,Injection site discomfort,0
metformin,4091,CN(C)C(=N)N=C(N)N,Influenza,1
rosiglitazone,77999,CN(CCOC1=CC=C(C=C1)CC2C(=O)NC(=O)S2)C3=CC=CC=N3,Pancreatic steatosis,0
metformin,4091,CN(C)C(=N)N=C(N)N,Oesophageal candidiasis,1
metformin,4091,CN(C)C(=N)N=C(N)N,Incision site complication,1
metformin,4091,CN(C)C(=N)N=C(N)N,Boredom,1
metformin,4091,CN(C)C(=N)N=C(N)N,Middle insomnia,1
empagliflozin,11949646,C1COCC1OC2=CC=C(C=C2)CC3=C(C=CC(=C3)C4C(C(C(C(O4)CO)O)O)O)Cl,Coronary artery disease,1
metformin,4091,CN(C)C(=N)N=C(N)N,Chemotherapy,1
glipizide,3478,CC1=CN=C(C=N1)C(=O)NCCC2=CC=C(C=C2)S(=O)(=O)NC(=O)NC3CCCCC3,Amniotic cavity infection,0
metformin,4091,CN(C)C(=N)N=C(N)N,Injection site discomfort,1
linagliptin,10096344,CC#CCN1C2=C(N=C1N3CCCC(C3)N)N(C(=O)N(C2=O)CC4=NC5=CC=CC=C5C(=N4)C)C,Contusion,0
empagliflozin,11949646,C1COCC1OC2=CC=C(C=C2)CC3=C(C=CC(=C3)C4C(C(C(C(O4)CO)O)O)O)Cl,Vitreous floaters,0
canagliflozin,24812758,CC1=C(C=C(C=C1)C2C(C(C(C(O2)CO)O)O)O)CC3=CC=C(S3)C4=CC=C(C=C4)F,Feeling abnormal,1
acarbose,9811704,CC1C(C(C(C(O1)OC2C(OC(C(C2O)O)OC(C(CO)O)C(C(C=O)O)O)CO)O)O)NC3C=C(C(C(C3O)O)O)CO,Hepatic cirrhosis,1
canagliflozin,24812758,CC1=C(C=C(C=C1)C2C(C(C(C(O2)CO)O)O)O)CC3=CC=C(S3)C4=CC=C(C=C4)F,Haemofiltration,0
metformin,4091,CN(C)C(=N)N=C(N)N,Stress,1
sitagliptin,4369359,C1CN2C(=NN=C2C(F)(F)F)CN1C(=O)CC(CC3=CC(=C(C=C3F)F)F)N,Impaired driving ability,0
glipizide,3478,CC1=CN=C(C=N1)C(=O)NCCC2=CC=C(C=C2)S(=O)(=O)NC(=O)NC3CCCCC3,Deep vein thrombosis,0
rosiglitazone,77999,CN(CCOC1=CC=C(C=C1)CC2C(=O)NC(=O)S2)C3=CC=CC=N3,Cough,0
sitagliptin,4369359,C1CN2C(=NN=C2C(F)(F)F)CN1C(=O)CC(CC3=CC(=C(C=C3F)F)F)N,Food refusal,0
metformin,4091,CN(C)C(=N)N=C(N)N,Decreased vibratory sense,1
acarbose,9811704,CC1C(C(C(C(O1)OC2C(OC(C(C2O)O)OC(C(CO)O)C(C(C=O)O)O)CO)O)O)NC3C=C(C(C(C3O)O)O)CO,Granulomatosis with polyangiitis,0
acarbose,9811704,CC1C(C(C(C(O1)OC2C(OC(C(C2O)O)OC(C(CO)O)C(C(C=O)O)O)CO)O)O)NC3C=C(C(C(C3O)O)O)CO,Hypercapnia,0
metformin,4091,CN(C)C(=N)N=C(N)N,Sense of oppression,1
rosiglitazone,77999,CN(CCOC1=CC=C(C=C1)CC2C(=O)NC(=O)S2)C3=CC=CC=N3,Gene mutation,0
acarbose,9811704,CC1C(C(C(C(O1)OC2C(OC(C(C2O)O)OC(C(CO)O)C(C(C=O)O)O)CO)O)O)NC3C=C(C(C(C3O)O)O)CO,Product contamination chemical,0
sitagliptin,4369359,C1CN2C(=NN=C2C(F)(F)F)CN1C(=O)CC(CC3=CC(=C(C=C3F)F)F)N,Deafness,0
metformin,4091,CN(C)C(=N)N=C(N)N,Hypovitaminosis,1
metformin,4091,CN(C)C(=N)N=C(N)N,Dysmorphism,1
empagliflozin,11949646,C1COCC1OC2=CC=C(C=C2)CC3=C(C=CC(=C3)C4C(C(C(C(O4)CO)O)O)O)Cl,Balanitis candida,1
dapagliflozin,9887712,CCOC1=CC=C(C=C1)CC2=C(C=CC(=C2)C3C(C(C(C(O3)CO)O)O)O)Cl,Ischaemia,1
metformin,4091,CN(C)C(=N)N=C(N)N,Orthostatic hypotension,1
dapagliflozin,9887712,CCOC1=CC=C(C=C1)CC2=C(C=CC(=C2)C3C(C(C(C(O3)CO)O)O)O)Cl,Phimosis,1
pioglitazone,4829,CCC1=CN=C(C=C1)CCOC2=CC=C(C=C2)CC3C(=O)NC(=O)S3,Foetal exposure during pregnancy,1
metformin,4091,CN(C)C(=N)N=C(N)N,Blood gases,1
metformin,4091,CN(C)C(=N)N=C(N)N,Rectal adenocarcinoma,1
acarbose,9811704,CC1C(C(C(C(O1)OC2C(OC(C(C2O)O)OC(C(CO)O)C(C(C=O)O)O)CO)O)O)NC3C=C(C(C(C3O)O)O)CO,Tongue disorder,0
dapagliflozin,9887712,CCOC1=CC=C(C=C1)CC2=C(C=CC(=C2)C3C(C(C(C(O3)CO)O)O)O)Cl,Vision blurred,1
sitagliptin,4369359,C1CN2C(=NN=C2C(F)(F)F)CN1C(=O)CC(CC3=CC(=C(C=C3F)F)F)N,Accidental overdose,1
metformin,4091,CN(C)C(=N)N=C(N)N,Costochondritis,1
acarbose,9811704,CC1C(C(C(C(O1)OC2C(OC(C(C2O)O)OC(C(CO)O)C(C(C=O)O)O)CO)O)O)NC3C=C(C(C(C3O)O)O)CO,Scrotal gangrene,0
dapagliflozin,9887712,CCOC1=CC=C(C=C1)CC2=C(C=CC(=C2)C3C(C(C(C(O3)CO)O)O)O)Cl,Ileus paralytic,0
empagliflozin,11949646,C1COCC1OC2=CC=C(C=C2)CC3=C(C=CC(=C3)C4C(C(C(C(O4)CO)O)O)O)Cl,Vitamin B1 decreased,0
rosiglitazone,77999,CN(CCOC1=CC=C(C=C1)CC2C(=O)NC(=O)S2)C3=CC=CC=N3,Chronic graft versus host disease in skin,0
metformin,4091,CN(C)C(=N)N=C(N)N,Stillbirth,1
glipizide,3478,CC1=CN=C(C=N1)C(=O)NCCC2=CC=C(C=C2)S(=O)(=O)NC(=O)NC3CCCCC3,Haemarthrosis,0
glimepiride,3476,CCC1=C(CN(C1=O)C(=O)NCCC2=CC=C(C=C2)S(=O)(=O)NC(=O)NC3CCC(CC3)C)C,Scoliosis,0
pioglitazone,4829,CCC1=CN=C(C=C1)CCOC2=CC=C(C=C2)CC3C(=O)NC(=O)S3,Splenic vein occlusion,1
dapagliflozin,9887712,CCOC1=CC=C(C=C1)CC2=C(C=CC(=C2)C3C(C(C(C(O3)CO)O)O)O)Cl,Hot flush,1
canagliflozin,24812758,CC1=C(C=C(C=C1)C2C(C(C(C(O2)CO)O)O)O)CC3=CC=C(S3)C4=CC=C(C=C4)F,Type III immune complex mediated reaction,0
rosiglitazone,77999,CN(CCOC1=CC=C(C=C1)CC2C(=O)NC(=O)S2)C3=CC=CC=N3,Atrial septal defect,0
pioglitazone,4829,CCC1=CN=C(C=C1)CCOC2=CC=C(C=C2)CC3C(=O)NC(=O)S3,Metabolic function test abnormal,0
metformin,4091,CN(C)C(=N)N=C(N)N,Conjunctivitis viral,1
glimepiride,3476,CCC1=C(CN(C1=O)C(=O)NCCC2=CC=C(C=C2)S(=O)(=O)NC(=O)NC3CCC(CC3)C)C,Product prescribing error,1
sitagliptin,4369359,C1CN2C(=NN=C2C(F)(F)F)CN1C(=O)CC(CC3=CC(=C(C=C3F)F)F)N,Sleep apnoea syndrome,0
pioglitazone,4829,CCC1=CN=C(C=C1)CCOC2=CC=C(C=C2)CC3C(=O)NC(=O)S3,Paraesthesia,1
metformin,4091,CN(C)C(=N)N=C(N)N,Metabolic syndrome,1
canagliflozin,24812758,CC1=C(C=C(C=C1)C2C(C(C(C(O2)CO)O)O)O)CC3=CC=C(S3)C4=CC=C(C=C4)F,Osteoporosis,1
metformin,4091,CN(C)C(=N)N=C(N)N,Multiple use of single-use product,1
glimepiride,3476,CCC1=C(CN(C1=O)C(=O)NCCC2=CC=C(C=C2)S(=O)(=O)NC(=O)NC3CCC(CC3)C)C,Neoplasm malignant,0
metformin,4091,CN(C)C(=N)N=C(N)N,Behaviour disorder,1
glimepiride,3476,CCC1=C(CN(C1=O)C(=O)NCCC2=CC=C(C=C2)S(=O)(=O)NC(=O)NC3CCC(CC3)C)C,Syncope,0
canagliflozin,24812758,CC1=C(C=C(C=C1)C2C(C(C(C(O2)CO)O)O)O)CC3=CC=C(S3)C4=CC=C(C=C4)F,Urine output increased,0
glyburide,3488,COC1=C(C=C(C=C1)Cl)C(=O)NCCC2=CC=C(C=C2)S(=O)(=O)NC(=O)NC3CCCCC3,Diplegia,0
metformin,4091,CN(C)C(=N)N=C(N)N,Clavicle fracture,1
rosiglitazone,77999,CN(CCOC1=CC=C(C=C1)CC2C(=O)NC(=O)S2)C3=CC=CC=N3,Brain herniation,0
linagliptin,10096344,CC#CCN1C2=C(N=C1N3CCCC(C3)N)N(C(=O)N(C2=O)CC4=NC5=CC=CC=C5C(=N4)C)C,Asthenia,0
glipizide,3478,CC1=CN=C(C=N1)C(=O)NCCC2=CC=C(C=C2)S(=O)(=O)NC(=O)NC3CCCCC3,Albumin urine present,0
pioglitazone,4829,CCC1=CN=C(C=C1)CCOC2=CC=C(C=C2)CC3C(=O)NC(=O)S3,Macular oedema,1
acarbose,9811704,CC1C(C(C(C(O1)OC2C(OC(C(C2O)O)OC(C(CO)O)C(C(C=O)O)O)CO)O)O)NC3C=C(C(C(C3O)O)O)CO,Gastrointestinal disorder,0
empagliflozin,11949646,C1COCC1OC2=CC=C(C=C2)CC3=C(C=CC(=C3)C4C(C(C(C(O4)CO)O)O)O)Cl,Congenital anomaly in offspring,0
dapagliflozin,9887712,CCOC1=CC=C(C=C1)CC2=C(C=CC(=C2)C3C(C(C(C(O3)CO)O)O)O)Cl,Hyperglycaemic hyperosmolar nonketotic syndrome,1
metformin,4091,CN(C)C(=N)N=C(N)N,Tumour invasion,1
metformin,4091,CN(C)C(=N)N=C(N)N,Obstruction,1
acarbose,9811704,CC1C(C(C(C(O1)OC2C(OC(C(C2O)O)OC(C(CO)O)C(C(C=O)O)O)CO)O)O)NC3C=C(C(C(C3O)O)O)CO,Ruptured ectopic pregnancy,0
metformin,4091,CN(C)C(=N)N=C(N)N,Albuminuria,1
glyburide,3488,COC1=C(C=C(C=C1)Cl)C(=O)NCCC2=CC=C(C=C2)S(=O)(=O)NC(=O)NC3CCCCC3,Cholestasis of pregnancy,0
canagliflozin,24812758,CC1=C(C=C(C=C1)C2C(C(C(C(O2)CO)O)O)O)CC3=CC=C(S3)C4=CC=C(C=C4)F,Product dosage form issue,0
dapagliflozin,9887712,CCOC1=CC=C(C=C1)CC2=C(C=CC(=C2)C3C(C(C(C(O3)CO)O)O)O)Cl,Gamma-glutamyltransferase,0
metformin,4091,CN(C)C(=N)N=C(N)N,Vascular operation,1
metformin,4091,CN(C)C(=N)N=C(N)N,Body mass index increased,1
dapagliflozin,9887712,CCOC1=CC=C(C=C1)CC2=C(C=CC(=C2)C3C(C(C(C(O3)CO)O)O)O)Cl,Vertigo,1
empagliflozin,11949646,C1COCC1OC2=CC=C(C=C2)CC3=C(C=CC(=C3)C4C(C(C(C(O4)CO)O)O)O)Cl,Respiratory acidosis,1
metformin,4091,CN(C)C(=N)N=C(N)N,Small intestine carcinoma,1
canagliflozin,24812758,CC1=C(C=C(C=C1)C2C(C(C(C(O2)CO)O)O)O)CC3=CC=C(S3)C4=CC=C(C=C4)F,Prostatitis,1
repaglinide,65981,CCOC1=C(C=CC(=C1)CC(=O)NC(CC(C)C)C2=CC=CC=C2N3CCCCC3)C(=O)O,Oral mucosal blistering,0
metformin,4091,CN(C)C(=N)N=C(N)N,Cystitis haemorrhagic,1
saxagliptin,11243969,C1C2CC2N(C1C#N)C(=O)C(C34CC5CC(C3)CC(C5)(C4)O)N,Vitamin D decreased,0
pioglitazone,4829,CCC1=CN=C(C=C1)CCOC2=CC=C(C=C2)CC3C(=O)NC(=O)S3,Polyarthritis,0
metformin,4091,CN(C)C(=N)N=C(N)N,Foaming at mouth,1
repaglinide,65981,CCOC1=C(C=CC(=C1)CC(=O)NC(CC(C)C)C2=CC=CC=C2N3CCCCC3)C(=O)O,Embolic cerebellar infarction,0
repaglinide,65981,CCOC1=C(C=CC(=C1)CC(=O)NC(CC(C)C)C2=CC=CC=C2N3CCCCC3)C(=O)O,Hepatic cytolysis,0
glimepiride,3476,CCC1=C(CN(C1=O)C(=O)NCCC2=CC=C(C=C2)S(=O)(=O)NC(=O)NC3CCC(CC3)C)C,Urinary tract infection,1
metformin,4091,CN(C)C(=N)N=C(N)N,Tooth infection,1
pioglitazone,4829,CCC1=CN=C(C=C1)CCOC2=CC=C(C=C2)CC3C(=O)NC(=O)S3,Aortic dilatation,0
metformin,4091,CN(C)C(=N)N=C(N)N,Therapeutic product effect variable,1
metformin,4091,CN(C)C(=N)N=C(N)N,Duplicate therapy error,1
repaglinide,65981,CCOC1=C(C=CC(=C1)CC(=O)NC(CC(C)C)C2=CC=CC=C2N3CCCCC3)C(=O)O,Incorrect route of product administration,0
nateglinide,5311309,CC(C)C1CCC(CC1)C(=O)NC(CC2=CC=CC=C2)C(=O)O,Otitis media,0
canagliflozin,24812758,CC1=C(C=C(C=C1)C2C(C(C(C(O2)CO)O)O)O)CC3=CC=C(S3)C4=CC=C(C=C4)F,Forced expiratory volume decreased,0
dapagliflozin,9887712,CCOC1=CC=C(C=C1)CC2=C(C=CC(=C2)C3C(C(C(C(O3)CO)O)O)O)Cl,Granuloma annulare,0
metformin,4091,CN(C)C(=N)N=C(N)N,Deep vein thrombosis,1
empagliflozin,11949646,C1COCC1OC2=CC=C(C=C2)CC3=C(C=CC(=C3)C4C(C(C(C(O4)CO)O)O)O)Cl,Congenital absence of bile ducts,0
nateglinide,5311309,CC(C)C1CCC(CC1)C(=O)NC(CC2=CC=CC=C2)C(=O)O,Blepharitis,0
metformin,4091,CN(C)C(=N)N=C(N)N,Polyp,1
pioglitazone,4829,CCC1=CN=C(C=C1)CCOC2=CC=C(C=C2)CC3C(=O)NC(=O)S3,Pyrexia,1
glipizide,3478,CC1=CN=C(C=N1)C(=O)NCCC2=CC=C(C=C2)S(=O)(=O)NC(=O)NC3CCCCC3,Insulin resistance,0
canagliflozin,24812758,CC1=C(C=C(C=C1)C2C(C(C(C(O2)CO)O)O)O)CC3=CC=C(S3)C4=CC=C(C=C4)F,Nephrotic syndrome,1
metformin,4091,CN(C)C(=N)N=C(N)N,Vitamin B12 decreased,1
empagliflozin,11949646,C1COCC1OC2=CC=C(C=C2)CC3=C(C=CC(=C3)C4C(C(C(C(O4)CO)O)O)O)Cl,Blood creatine phosphokinase increased,1
metformin,4091,CN(C)C(=N)N=C(N)N,Malignant melanoma in situ,1
glipizide,3478,CC1=CN=C(C=N1)C(=O)NCCC2=CC=C(C=C2)S(=O)(=O)NC(=O)NC3CCCCC3,Muscle spasms,1
sitagliptin,4369359,C1CN2C(=NN=C2C(F)(F)F)CN1C(=O)CC(CC3=CC(=C(C=C3F)F)F)N,Splenic artery aneurysm,0
saxagliptin,11243969,C1C2CC2N(C1C#N)C(=O)C(C34CC5CC(C3)CC(C5)(C4)O)N,Mixed liver injury,0
dapagliflozin,9887712,CCOC1=CC=C(C=C1)CC2=C(C=CC(=C2)C3C(C(C(C(O3)CO)O)O)O)Cl,Diabetes insipidus,1
metformin,4091,CN(C)C(=N)N=C(N)N,Urinary tract obstruction,1
pioglitazone,4829,CCC1=CN=C(C=C1)CCOC2=CC=C(C=C2)CC3C(=O)NC(=O)S3,Liver function test abnormal,1
saxagliptin,11243969,C1C2CC2N(C1C#N)C(=O)C(C34CC5CC(C3)CC(C5)(C4)O)N,Dry throat,0
metformin,4091,CN(C)C(=N)N=C(N)N,Feelings of worthlessness,1
saxagliptin,11243969,C1C2CC2N(C1C#N)C(=O)C(C34CC5CC(C3)CC(C5)(C4)O)N,Groin pain,0
metformin,4091,CN(C)C(=N)N=C(N)N,Inappropriate schedule of product administration,1
dapagliflozin,9887712,CCOC1=CC=C(C=C1)CC2=C(C=CC(=C2)C3C(C(C(C(O3)CO)O)O)O)Cl,Rash,1
metformin,4091,CN(C)C(=N)N=C(N)N,Dysuria,1
dapagliflozin,9887712,CCOC1=CC=C(C=C1)CC2=C(C=CC(=C2)C3C(C(C(C(O3)CO)O)O)O)Cl,Left ventricular dysfunction,1
pioglitazone,4829,CCC1=CN=C(C=C1)CCOC2=CC=C(C=C2)CC3C(=O)NC(=O)S3,Pancreatitis,1
metformin,4091,CN(C)C(=N)N=C(N)N,Product prescribing issue,1
repaglinide,65981,CCOC1=C(C=CC(=C1)CC(=O)NC(CC(C)C)C2=CC=CC=C2N3CCCCC3)C(=O)O,Hypothalamo-pituitary disorder,1
rosiglitazone,77999,CN(CCOC1=CC=C(C=C1)CC2C(=O)NC(=O)S2)C3=CC=CC=N3,Hydroureter,0
empagliflozin,11949646,C1COCC1OC2=CC=C(C=C2)CC3=C(C=CC(=C3)C4C(C(C(C(O4)CO)O)O)O)Cl,Cough,1
glimepiride,3476,CCC1=C(CN(C1=O)C(=O)NCCC2=CC=C(C=C2)S(=O)(=O)NC(=O)NC3CCC(CC3)C)C,Schizoaffective disorder,0
glyburide,3488,COC1=C(C=C(C=C1)Cl)C(=O)NCCC2=CC=C(C=C2)S(=O)(=O)NC(=O)NC3CCCCC3,Chills,0
sitagliptin,4369359,C1CN2C(=NN=C2C(F)(F)F)CN1C(=O)CC(CC3=CC(=C(C=C3F)F)F)N,Intervertebral disc protrusion,0
dapagliflozin,9887712,CCOC1=CC=C(C=C1)CC2=C(C=CC(=C2)C3C(C(C(C(O3)CO)O)O)O)Cl,Hypoproteinaemia,1
metformin,4091,CN(C)C(=N)N=C(N)N,Septic shock,1
canagliflozin,24812758,CC1=C(C=C(C=C1)C2C(C(C(C(O2)CO)O)O)O)CC3=CC=C(S3)C4=CC=C(C=C4)F,Blood alkaline phosphatase increased,1
metformin,4091,CN(C)C(=N)N=C(N)N,Tonsillar hypertrophy,1
metformin,4091,CN(C)C(=N)N=C(N)N,Metastatic neoplasm,1
empagliflozin,11949646,C1COCC1OC2=CC=C(C=C2)CC3=C(C=CC(=C3)C4C(C(C(C(O4)CO)O)O)O)Cl,Vulvovaginal burning sensation,0
pioglitazone,4829,CCC1=CN=C(C=C1)CCOC2=CC=C(C=C2)CC3C(=O)NC(=O)S3,Pancreatic carcinoma,1
glimepiride,3476,CCC1=C(CN(C1=O)C(=O)NCCC2=CC=C(C=C2)S(=O)(=O)NC(=O)NC3CCC(CC3)C)C,Erythema,1
empagliflozin,11949646,C1COCC1OC2=CC=C(C=C2)CC3=C(C=CC(=C3)C4C(C(C(C(O4)CO)O)O)O)Cl,Herpes zoster,1
glyburide,3488,COC1=C(C=C(C=C1)Cl)C(=O)NCCC2=CC=C(C=C2)S(=O)(=O)NC(=O)NC3CCCCC3,Calcinosis,0
empagliflozin,11949646,C1COCC1OC2=CC=C(C=C2)CC3=C(C=CC(=C3)C4C(C(C(C(O4)CO)O)O)O)Cl,Disorientation,1
repaglinide,65981,CCOC1=C(C=CC(=C1)CC(=O)NC(CC(C)C)C2=CC=CC=C2N3CCCCC3)C(=O)O,Atrioventricular block,0
canagliflozin,24812758,CC1=C(C=C(C=C1)C2C(C(C(C(O2)CO)O)O)O)CC3=CC=C(S3)C4=CC=C(C=C4)F,Atheroembolism,1
pioglitazone,4829,CCC1=CN=C(C=C1)CCOC2=CC=C(C=C2)CC3C(=O)NC(=O)S3,Oedema,1
glyburide,3488,COC1=C(C=C(C=C1)Cl)C(=O)NCCC2=CC=C(C=C2)S(=O)(=O)NC(=O)NC3CCCCC3,Fall,1
metformin,4091,CN(C)C(=N)N=C(N)N,Tubulointerstitial nephritis,1
pioglitazone,4829,CCC1=CN=C(C=C1)CCOC2=CC=C(C=C2)CC3C(=O)NC(=O)S3,Unmasking of previously unidentified disease,0
glipizide,3478,CC1=CN=C(C=N1)C(=O)NCCC2=CC=C(C=C2)S(=O)(=O)NC(=O)NC3CCCCC3,Irritability,0
nateglinide,5311309,CC(C)C1CCC(CC1)C(=O)NC(CC2=CC=CC=C2)C(=O)O,Laryngitis,0
empagliflozin,11949646,C1COCC1OC2=CC=C(C=C2)CC3=C(C=CC(=C3)C4C(C(C(C(O4)CO)O)O)O)Cl,White blood cells urine positive,0
glipizide,3478,CC1=CN=C(C=N1)C(=O)NCCC2=CC=C(C=C2)S(=O)(=O)NC(=O)NC3CCCCC3,Fungal test positive,1
linagliptin,10096344,CC#CCN1C2=C(N=C1N3CCCC(C3)N)N(C(=O)N(C2=O)CC4=NC5=CC=CC=C5C(=N4)C)C,Electrocardiogram ST segment abnormal,0
metformin,4091,CN(C)C(=N)N=C(N)N,Gastric disorder,1
sitagliptin,4369359,C1CN2C(=NN=C2C(F)(F)F)CN1C(=O)CC(CC3=CC(=C(C=C3F)F)F)N,Dizziness,1
acarbose,9811704,CC1C(C(C(C(O1)OC2C(OC(C(C2O)O)OC(C(CO)O)C(C(C=O)O)O)CO)O)O)NC3C=C(C(C(C3O)O)O)CO,Hypertonia,0
dapagliflozin,9887712,CCOC1=CC=C(C=C1)CC2=C(C=CC(=C2)C3C(C(C(C(O3)CO)O)O)O)Cl,Pancreatitis acute,1
metformin,4091,CN(C)C(=N)N=C(N)N,Bronchostenosis,1
glimepiride,3476,CCC1=C(CN(C1=O)C(=O)NCCC2=CC=C(C=C2)S(=O)(=O)NC(=O)NC3CCC(CC3)C)C,Brain stem infarction,0
empagliflozin,11949646,C1COCC1OC2=CC=C(C=C2)CC3=C(C=CC(=C3)C4C(C(C(C(O4)CO)O)O)O)Cl,Large for dates baby,0
dapagliflozin,9887712,CCOC1=CC=C(C=C1)CC2=C(C=CC(=C2)C3C(C(C(C(O3)CO)O)O)O)Cl,Subarachnoid haemorrhage,1
dapagliflozin,9887712,CCOC1=CC=C(C=C1)CC2=C(C=CC(=C2)C3C(C(C(C(O3)CO)O)O)O)Cl,Pruritus,1
glipizide,3478,CC1=CN=C(C=N1)C(=O)NCCC2=CC=C(C=C2)S(=O)(=O)NC(=O)NC3CCCCC3,Soft tissue inflammation,0
saxagliptin,11243969,C1C2CC2N(C1C#N)C(=O)C(C34CC5CC(C3)CC(C5)(C4)O)N,Dyspnoea,1
canagliflozin,24812758,CC1=C(C=C(C=C1)C2C(C(C(C(O2)CO)O)O)O)CC3=CC=C(S3)C4=CC=C(C=C4)F,Nephrolithiasis,1
empagliflozin,11949646,C1COCC1OC2=CC=C(C=C2)CC3=C(C=CC(=C3)C4C(C(C(C(O4)CO)O)O)O)Cl,Dysuria,1
pioglitazone,4829,CCC1=CN=C(C=C1)CCOC2=CC=C(C=C2)CC3C(=O)NC(=O)S3,Allodynia,0
glipizide,3478,CC1=CN=C(C=N1)C(=O)NCCC2=CC=C(C=C2)S(=O)(=O)NC(=O)NC3CCCCC3,Abdominal pain upper,1
linagliptin,10096344,CC#CCN1C2=C(N=C1N3CCCC(C3)N)N(C(=O)N(C2=O)CC4=NC5=CC=CC=C5C(=N4)C)C,Microvascular coronary artery disease,0
repaglinide,65981,CCOC1=C(C=CC(=C1)CC(=O)NC(CC(C)C)C2=CC=CC=C2N3CCCCC3)C(=O)O,Therapy non-responder,1
empagliflozin,11949646,C1COCC1OC2=CC=C(C=C2)CC3=C(C=CC(=C3)C4C(C(C(C(O4)CO)O)O)O)Cl,Breast cancer female,1
nateglinide,5311309,CC(C)C1CCC(CC1)C(=O)NC(CC2=CC=CC=C2)C(=O)O,Product monitoring error,0
acarbose,9811704,CC1C(C(C(C(O1)OC2C(OC(C(C2O)O)OC(C(CO)O)C(C(C=O)O)O)CO)O)O)NC3C=C(C(C(C3O)O)O)CO,Umbilical cord vascular disorder,0
metformin,4091,CN(C)C(=N)N=C(N)N,IIIrd nerve paralysis,1
metformin,4091,CN(C)C(=N)N=C(N)N,Labelled drug-drug interaction medication error,1
glimepiride,3476,CCC1=C(CN(C1=O)C(=O)NCCC2=CC=C(C=C2)S(=O)(=O)NC(=O)NC3CCC(CC3)C)C,Prostatic adenoma,0
repaglinide,65981,CCOC1=C(C=CC(=C1)CC(=O)NC(CC(C)C)C2=CC=CC=C2N3CCCCC3)C(=O)O,Loss of consciousness,1
canagliflozin,24812758,CC1=C(C=C(C=C1)C2C(C(C(C(O2)CO)O)O)O)CC3=CC=C(S3)C4=CC=C(C=C4)F,Thirst,1
dapagliflozin,9887712,CCOC1=CC=C(C=C1)CC2=C(C=CC(=C2)C3C(C(C(C(O3)CO)O)O)O)Cl,Asymptomatic COVID-19,1
metformin,4091,CN(C)C(=N)N=C(N)N,Drug exposure before pregnancy,1
repaglinide,65981,CCOC1=C(C=CC(=C1)CC(=O)NC(CC(C)C)C2=CC=CC=C2N3CCCCC3)C(=O)O,Renal disorder,1
sitagliptin,4369359,C1CN2C(=NN=C2C(F)(F)F)CN1C(=O)CC(CC3=CC(=C(C=C3F)F)F)N,Failure to thrive,0
sitagliptin,4369359,C1CN2C(=NN=C2C(F)(F)F)CN1C(=O)CC(CC3=CC(=C(C=C3F)F)F)N,Factor V inhibition,0
linagliptin,10096344,CC#CCN1C2=C(N=C1N3CCCC(C3)N)N(C(=O)N(C2=O)CC4=NC5=CC=CC=C5C(=N4)C)C,Hypothermia,0
canagliflozin,24812758,CC1=C(C=C(C=C1)C2C(C(C(C(O2)CO)O)O)O)CC3=CC=C(S3)C4=CC=C(C=C4)F,Anomaly of middle ear congenital,0
nateglinide,5311309,CC(C)C1CCC(CC1)C(=O)NC(CC2=CC=CC=C2)C(=O)O,Labyrinthitis,0
metformin,4091,CN(C)C(=N)N=C(N)N,Endometrial cancer,1
metformin,4091,CN(C)C(=N)N=C(N)N,Respiratory rate decreased,1
sitagliptin,4369359,C1CN2C(=NN=C2C(F)(F)F)CN1C(=O)CC(CC3=CC(=C(C=C3F)F)F)N,Cognitive disorder,1
metformin,4091,CN(C)C(=N)N=C(N)N,Respiratory symptom,1
metformin,4091,CN(C)C(=N)N=C(N)N,Lower respiratory tract infection,1
glimepiride,3476,CCC1=C(CN(C1=O)C(=O)NCCC2=CC=C(C=C2)S(=O)(=O)NC(=O)NC3CCC(CC3)C)C,Dysgeusia,0
saxagliptin,11243969,C1C2CC2N(C1C#N)C(=O)C(C34CC5CC(C3)CC(C5)(C4)O)N,Uterine leiomyoma,0
metformin,4091,CN(C)C(=N)N=C(N)N,Injection site erythema,1
glimepiride,3476,CCC1=C(CN(C1=O)C(=O)NCCC2=CC=C(C=C2)S(=O)(=O)NC(=O)NC3CCC(CC3)C)C,Halo vision,0
glipizide,3478,CC1=CN=C(C=N1)C(=O)NCCC2=CC=C(C=C2)S(=O)(=O)NC(=O)NC3CCCCC3,Hypertensive emergency,0
metformin,4091,CN(C)C(=N)N=C(N)N,Peritonitis,1
dapagliflozin,9887712,CCOC1=CC=C(C=C1)CC2=C(C=CC(=C2)C3C(C(C(C(O3)CO)O)O)O)Cl,Liver disorder,0
linagliptin,10096344,CC#CCN1C2=C(N=C1N3CCCC(C3)N)N(C(=O)N(C2=O)CC4=NC5=CC=CC=C5C(=N4)C)C,Age-related macular degeneration,0
metformin,4091,CN(C)C(=N)N=C(N)N,Brain oedema,1
glimepiride,3476,CCC1=C(CN(C1=O)C(=O)NCCC2=CC=C(C=C2)S(=O)(=O)NC(=O)NC3CCC(CC3)C)C,Oesophageal perforation,0
empagliflozin,11949646,C1COCC1OC2=CC=C(C=C2)CC3=C(C=CC(=C3)C4C(C(C(C(O4)CO)O)O)O)Cl,Liver disorder,1
glimepiride,3476,CCC1=C(CN(C1=O)C(=O)NCCC2=CC=C(C=C2)S(=O)(=O)NC(=O)NC3CCC(CC3)C)C,Circulatory collapse,0
acarbose,9811704,CC1C(C(C(C(O1)OC2C(OC(C(C2O)O)OC(C(CO)O)C(C(C=O)O)O)CO)O)O)NC3C=C(C(C(C3O)O)O)CO,Hysterectomy,0
pioglitazone,4829,CCC1=CN=C(C=C1)CCOC2=CC=C(C=C2)CC3C(=O)NC(=O)S3,Spinal pain,0
pioglitazone,4829,CCC1=CN=C(C=C1)CCOC2=CC=C(C=C2)CC3C(=O)NC(=O)S3,Dysphonia,1
canagliflozin,24812758,CC1=C(C=C(C=C1)C2C(C(C(C(O2)CO)O)O)O)CC3=CC=C(S3)C4=CC=C(C=C4)F,Genital herpes zoster,0
repaglinide,65981,CCOC1=C(C=CC(=C1)CC(=O)NC(CC(C)C)C2=CC=CC=C2N3CCCCC3)C(=O)O,N-terminal prohormone brain natriuretic peptide increased,0
repaglinide,65981,CCOC1=C(C=CC(=C1)CC(=O)NC(CC(C)C)C2=CC=CC=C2N3CCCCC3)C(=O)O,Shock,1
canagliflozin,24812758,CC1=C(C=C(C=C1)C2C(C(C(C(O2)CO)O)O)O)CC3=CC=C(S3)C4=CC=C(C=C4)F,Nausea,1
metformin,4091,CN(C)C(=N)N=C(N)N,Skin discomfort,1
metformin,4091,CN(C)C(=N)N=C(N)N,Eye disorder,1
metformin,4091,CN(C)C(=N)N=C(N)N,Forced expiratory volume decreased,1
glimepiride,3476,CCC1=C(CN(C1=O)C(=O)NCCC2=CC=C(C=C2)S(=O)(=O)NC(=O)NC3CCC(CC3)C)C,Feeling cold,1
metformin,4091,CN(C)C(=N)N=C(N)N,Post procedural infection,1
sitagliptin,4369359,C1CN2C(=NN=C2C(F)(F)F)CN1C(=O)CC(CC3=CC(=C(C=C3F)F)F)N,Device related infection,0
acarbose,9811704,CC1C(C(C(C(O1)OC2C(OC(C(C2O)O)OC(C(CO)O)C(C(C=O)O)O)CO)O)O)NC3C=C(C(C(C3O)O)O)CO,Skin infection,0
metformin,4091,CN(C)C(=N)N=C(N)N,Neurodermatitis,1
metformin,4091,CN(C)C(=N)N=C(N)N,Persistent cloaca,1
metformin,4091,CN(C)C(=N)N=C(N)N,Drug eruption,1
canagliflozin,24812758,CC1=C(C=C(C=C1)C2C(C(C(C(O2)CO)O)O)O)CC3=CC=C(S3)C4=CC=C(C=C4)F,Glucose urine,0
metformin,4091,CN(C)C(=N)N=C(N)N,Aplastic anaemia,1
empagliflozin,11949646,C1COCC1OC2=CC=C(C=C2)CC3=C(C=CC(=C3)C4C(C(C(C(O4)CO)O)O)O)Cl,Myocardial ischaemia,1
metformin,4091,CN(C)C(=N)N=C(N)N,Arthralgia,1
acarbose,9811704,CC1C(C(C(C(O1)OC2C(OC(C(C2O)O)OC(C(CO)O)C(C(C=O)O)O)CO)O)O)NC3C=C(C(C(C3O)O)O)CO,Oropharyngeal discomfort,0
glyburide,3488,COC1=C(C=C(C=C1)Cl)C(=O)NCCC2=CC=C(C=C2)S(=O)(=O)NC(=O)NC3CCCCC3,Troponin increased,0
sitagliptin,4369359,C1CN2C(=NN=C2C(F)(F)F)CN1C(=O)CC(CC3=CC(=C(C=C3F)F)F)N,Nausea,1
saxagliptin,11243969,C1C2CC2N(C1C#N)C(=O)C(C34CC5CC(C3)CC(C5)(C4)O)N,Craniofacial injury,0
metformin,4091,CN(C)C(=N)N=C(N)N,Product use in unapproved indication,1
pioglitazone,4829,CCC1=CN=C(C=C1)CCOC2=CC=C(C=C2)CC3C(=O)NC(=O)S3,Noninfective gingivitis,0
empagliflozin,11949646,C1COCC1OC2=CC=C(C=C2)CC3=C(C=CC(=C3)C4C(C(C(C(O4)CO)O)O)O)Cl,Hypopituitarism,0
glimepiride,3476,CCC1=C(CN(C1=O)C(=O)NCCC2=CC=C(C=C2)S(=O)(=O)NC(=O)NC3CCC(CC3)C)C,Disseminated intravascular coagulation,1
metformin,4091,CN(C)C(=N)N=C(N)N,Superior mesenteric artery syndrome,1
metformin,4091,CN(C)C(=N)N=C(N)N,Bowel movement irregularity,1
repaglinide,65981,CCOC1=C(C=CC(=C1)CC(=O)NC(CC(C)C)C2=CC=CC=C2N3CCCCC3)C(=O)O,Blood test abnormal,0
metformin,4091,CN(C)C(=N)N=C(N)N,Anger,1
rosiglitazone,77999,CN(CCOC1=CC=C(C=C1)CC2C(=O)NC(=O)S2)C3=CC=CC=N3,Hepatic pain,0
metformin,4091,CN(C)C(=N)N=C(N)N,Cardiovascular insufficiency,1
linagliptin,10096344,CC#CCN1C2=C(N=C1N3CCCC(C3)N)N(C(=O)N(C2=O)CC4=NC5=CC=CC=C5C(=N4)C)C,Immunosuppression,0
metformin,4091,CN(C)C(=N)N=C(N)N,Colon cancer stage IV,1
empagliflozin,11949646,C1COCC1OC2=CC=C(C=C2)CC3=C(C=CC(=C3)C4C(C(C(C(O4)CO)O)O)O)Cl,Blood urea decreased,1
pioglitazone,4829,CCC1=CN=C(C=C1)CCOC2=CC=C(C=C2)CC3C(=O)NC(=O)S3,Product use in unapproved indication,1
linagliptin,10096344,CC#CCN1C2=C(N=C1N3CCCC(C3)N)N(C(=O)N(C2=O)CC4=NC5=CC=CC=C5C(=N4)C)C,Nonalcoholic fatty liver disease,0
glimepiride,3476,CCC1=C(CN(C1=O)C(=O)NCCC2=CC=C(C=C2)S(=O)(=O)NC(=O)NC3CCC(CC3)C)C,Electrocardiogram ambulatory abnormal,0
rosiglitazone,77999,CN(CCOC1=CC=C(C=C1)CC2C(=O)NC(=O)S2)C3=CC=CC=N3,Adverse event,0
acarbose,9811704,CC1C(C(C(C(O1)OC2C(OC(C(C2O)O)OC(C(CO)O)C(C(C=O)O)O)CO)O)O)NC3C=C(C(C(C3O)O)O)CO,Intra-abdominal haematoma,0
metformin,4091,CN(C)C(=N)N=C(N)N,Unresponsive to stimuli,1
glipizide,3478,CC1=CN=C(C=N1)C(=O)NCCC2=CC=C(C=C2)S(=O)(=O)NC(=O)NC3CCCCC3,Hypophagia,1
metformin,4091,CN(C)C(=N)N=C(N)N,Excessive eye blinking,1
empagliflozin,11949646,C1COCC1OC2=CC=C(C=C2)CC3=C(C=CC(=C3)C4C(C(C(C(O4)CO)O)O)O)Cl,Renal cyst haemorrhage,0
canagliflozin,24812758,CC1=C(C=C(C=C1)C2C(C(C(C(O2)CO)O)O)O)CC3=CC=C(S3)C4=CC=C(C=C4)F,Angina pectoris,1
sitagliptin,4369359,C1CN2C(=NN=C2C(F)(F)F)CN1C(=O)CC(CC3=CC(=C(C=C3F)F)F)N,Bilirubin conjugated increased,0
metformin,4091,CN(C)C(=N)N=C(N)N,Localised infection,1
metformin,4091,CN(C)C(=N)N=C(N)N,Flatulence,1
dapagliflozin,9887712,CCOC1=CC=C(C=C1)CC2=C(C=CC(=C2)C3C(C(C(C(O3)CO)O)O)O)Cl,Trigeminal neuralgia,0
nateglinide,5311309,CC(C)C1CCC(CC1)C(=O)NC(CC2=CC=CC=C2)C(=O)O,Tongue neoplasm,0
acarbose,9811704,CC1C(C(C(C(O1)OC2C(OC(C(C2O)O)OC(C(CO)O)C(C(C=O)O)O)CO)O)O)NC3C=C(C(C(C3O)O)O)CO,Product administered by wrong person,0
empagliflozin,11949646,C1COCC1OC2=CC=C(C=C2)CC3=C(C=CC(=C3)C4C(C(C(C(O4)CO)O)O)O)Cl,Cervical vertebral fracture,1
metformin,4091,CN(C)C(=N)N=C(N)N,Arrhythmia,1
linagliptin,10096344,CC#CCN1C2=C(N=C1N3CCCC(C3)N)N(C(=O)N(C2=O)CC4=NC5=CC=CC=C5C(=N4)C)C,Product label confusion,0
glimepiride,3476,CCC1=C(CN(C1=O)C(=O)NCCC2=CC=C(C=C2)S(=O)(=O)NC(=O)NC3CCC(CC3)C)C,Blood bilirubin increased,0
glimepiride,3476,CCC1=C(CN(C1=O)C(=O)NCCC2=CC=C(C=C2)S(=O)(=O)NC(=O)NC3CCC(CC3)C)C,Osteomyelitis chronic,0
metformin,4091,CN(C)C(=N)N=C(N)N,Anxiety disorder,1
metformin,4091,CN(C)C(=N)N=C(N)N,Hypothyroidism,1
nateglinide,5311309,CC(C)C1CCC(CC1)C(=O)NC(CC2=CC=CC=C2)C(=O)O,Hyperaesthesia,0
repaglinide,65981,CCOC1=C(C=CC(=C1)CC(=O)NC(CC(C)C)C2=CC=CC=C2N3CCCCC3)C(=O)O,Starvation,0
saxagliptin,11243969,C1C2CC2N(C1C#N)C(=O)C(C34CC5CC(C3)CC(C5)(C4)O)N,Dysstasia,0
metformin,4091,CN(C)C(=N)N=C(N)N,Occult blood,1
pioglitazone,4829,CCC1=CN=C(C=C1)CCOC2=CC=C(C=C2)CC3C(=O)NC(=O)S3,Weight decreased,1
repaglinide,65981,CCOC1=C(C=CC(=C1)CC(=O)NC(CC(C)C)C2=CC=CC=C2N3CCCCC3)C(=O)O,Apathy,0
empagliflozin,11949646,C1COCC1OC2=CC=C(C=C2)CC3=C(C=CC(=C3)C4C(C(C(C(O4)CO)O)O)O)Cl,Penis disorder,0
rosiglitazone,77999,CN(CCOC1=CC=C(C=C1)CC2C(=O)NC(=O)S2)C3=CC=CC=N3,Orthopnoea,0
acarbose,9811704,CC1C(C(C(C(O1)OC2C(OC(C(C2O)O)OC(C(CO)O)C(C(C=O)O)O)CO)O)O)NC3C=C(C(C(C3O)O)O)CO,Vulvovaginal dryness,0
metformin,4091,CN(C)C(=N)N=C(N)N,Aldolase increased,1
repaglinide,65981,CCOC1=C(C=CC(=C1)CC(=O)NC(CC(C)C)C2=CC=CC=C2N3CCCCC3)C(=O)O,Subcutaneous abscess,0
metformin,4091,CN(C)C(=N)N=C(N)N,Upper respiratory tract infection,1
glimepiride,3476,CCC1=C(CN(C1=O)C(=O)NCCC2=CC=C(C=C2)S(=O)(=O)NC(=O)NC3CCC(CC3)C)C,Neutrophil count decreased,0
empagliflozin,11949646,C1COCC1OC2=CC=C(C=C2)CC3=C(C=CC(=C3)C4C(C(C(C(O4)CO)O)O)O)Cl,Gastritis,0
pioglitazone,4829,CCC1=CN=C(C=C1)CCOC2=CC=C(C=C2)CC3C(=O)NC(=O)S3,Liver injury,1
linagliptin,10096344,CC#CCN1C2=C(N=C1N3CCCC(C3)N)N(C(=O)N(C2=O)CC4=NC5=CC=CC=C5C(=N4)C)C,Congenital small intestinal atresia,0
metformin,4091,CN(C)C(=N)N=C(N)N,Joint range of motion decreased,1
metformin,4091,CN(C)C(=N)N=C(N)N,Chest discomfort,1
pioglitazone,4829,CCC1=CN=C(C=C1)CCOC2=CC=C(C=C2)CC3C(=O)NC(=O)S3,Contraindicated product administered,1
metformin,4091,CN(C)C(=N)N=C(N)N,Urine output decreased,1
sitagliptin,4369359,C1CN2C(=NN=C2C(F)(F)F)CN1C(=O)CC(CC3=CC(=C(C=C3F)F)F)N,Colon cancer stage IV,0
linagliptin,10096344,CC#CCN1C2=C(N=C1N3CCCC(C3)N)N(C(=O)N(C2=O)CC4=NC5=CC=CC=C5C(=N4)C)C,Drug screen positive,0
empagliflozin,11949646,C1COCC1OC2=CC=C(C=C2)CC3=C(C=CC(=C3)C4C(C(C(C(O4)CO)O)O)O)Cl,Renal tubular acidosis,1
metformin,4091,CN(C)C(=N)N=C(N)N,Muscle atrophy,1
canagliflozin,24812758,CC1=C(C=C(C=C1)C2C(C(C(C(O2)CO)O)O)O)CC3=CC=C(S3)C4=CC=C(C=C4)F,Interstitial lung disease,1
canagliflozin,24812758,CC1=C(C=C(C=C1)C2C(C(C(C(O2)CO)O)O)O)CC3=CC=C(S3)C4=CC=C(C=C4)F,Faeces discoloured,0
glipizide,3478,CC1=CN=C(C=N1)C(=O)NCCC2=CC=C(C=C2)S(=O)(=O)NC(=O)NC3CCCCC3,Blood iron decreased,1
glimepiride,3476,CCC1=C(CN(C1=O)C(=O)NCCC2=CC=C(C=C2)S(=O)(=O)NC(=O)NC3CCC(CC3)C)C,Conjunctivitis viral,0
glipizide,3478,CC1=CN=C(C=N1)C(=O)NCCC2=CC=C(C=C2)S(=O)(=O)NC(=O)NC3CCCCC3,Accidental exposure to product,1
dapagliflozin,9887712,CCOC1=CC=C(C=C1)CC2=C(C=CC(=C2)C3C(C(C(C(O3)CO)O)O)O)Cl,Scrotal pain,0
metformin,4091,CN(C)C(=N)N=C(N)N,White blood cell count,1
nateglinide,5311309,CC(C)C1CCC(CC1)C(=O)NC(CC2=CC=CC=C2)C(=O)O,Fluid intake reduced,0
glimepiride,3476,CCC1=C(CN(C1=O)C(=O)NCCC2=CC=C(C=C2)S(=O)(=O)NC(=O)NC3CCC(CC3)C)C,Cerebral infarction,1
metformin,4091,CN(C)C(=N)N=C(N)N,Hepatocellular carcinoma,1
metformin,4091,CN(C)C(=N)N=C(N)N,Oxygen saturation decreased,1
acarbose,9811704,CC1C(C(C(C(O1)OC2C(OC(C(C2O)O)OC(C(CO)O)C(C(C=O)O)O)CO)O)O)NC3C=C(C(C(C3O)O)O)CO,Polyarthritis,0
dapagliflozin,9887712,CCOC1=CC=C(C=C1)CC2=C(C=CC(=C2)C3C(C(C(C(O3)CO)O)O)O)Cl,Food poisoning,0
dapagliflozin,9887712,CCOC1=CC=C(C=C1)CC2=C(C=CC(=C2)C3C(C(C(C(O3)CO)O)O)O)Cl,Renal impairment,1
glipizide,3478,CC1=CN=C(C=N1)C(=O)NCCC2=CC=C(C=C2)S(=O)(=O)NC(=O)NC3CCCCC3,Mucosal erosion,0
glimepiride,3476,CCC1=C(CN(C1=O)C(=O)NCCC2=CC=C(C=C2)S(=O)(=O)NC(=O)NC3CCC(CC3)C)C,Cardiovascular insufficiency,0
canagliflozin,24812758,CC1=C(C=C(C=C1)C2C(C(C(C(O2)CO)O)O)O)CC3=CC=C(S3)C4=CC=C(C=C4)F,Renal replacement therapy,0
glipizide,3478,CC1=CN=C(C=N1)C(=O)NCCC2=CC=C(C=C2)S(=O)(=O)NC(=O)NC3CCCCC3,Emphysematous pyelonephritis,0
rosiglitazone,77999,CN(CCOC1=CC=C(C=C1)CC2C(=O)NC(=O)S2)C3=CC=CC=N3,Neuroendocrine tumour of the lung metastatic,0
sitagliptin,4369359,C1CN2C(=NN=C2C(F)(F)F)CN1C(=O)CC(CC3=CC(=C(C=C3F)F)F)N,Oculomucocutaneous syndrome,1
metformin,4091,CN(C)C(=N)N=C(N)N,Postpartum haemorrhage,1
canagliflozin,24812758,CC1=C(C=C(C=C1)C2C(C(C(C(O2)CO)O)O)O)CC3=CC=C(S3)C4=CC=C(C=C4)F,Polycythaemia vera,1
dapagliflozin,9887712,CCOC1=CC=C(C=C1)CC2=C(C=CC(=C2)C3C(C(C(C(O3)CO)O)O)O)Cl,Behaviour disorder,0
nateglinide,5311309,CC(C)C1CCC(CC1)C(=O)NC(CC2=CC=CC=C2)C(=O)O,Depressed mood,0
metformin,4091,CN(C)C(=N)N=C(N)N,Bilirubinuria,0
pioglitazone,4829,CCC1=CN=C(C=C1)CCOC2=CC=C(C=C2)CC3C(=O)NC(=O)S3,Adult failure to thrive,1
glipizide,3478,CC1=CN=C(C=N1)C(=O)NCCC2=CC=C(C=C2)S(=O)(=O)NC(=O)NC3CCCCC3,Dizziness,1
empagliflozin,11949646,C1COCC1OC2=CC=C(C=C2)CC3=C(C=CC(=C3)C4C(C(C(C(O4)CO)O)O)O)Cl,Renal impairment,1
canagliflozin,24812758,CC1=C(C=C(C=C1)C2C(C(C(C(O2)CO)O)O)O)CC3=CC=C(S3)C4=CC=C(C=C4)F,White blood cells urine positive,0
sitagliptin,4369359,C1CN2C(=NN=C2C(F)(F)F)CN1C(=O)CC(CC3=CC(=C(C=C3F)F)F)N,Headache,1
pioglitazone,4829,CCC1=CN=C(C=C1)CCOC2=CC=C(C=C2)CC3C(=O)NC(=O)S3,Hyporeflexia,0
rosiglitazone,77999,CN(CCOC1=CC=C(C=C1)CC2C(=O)NC(=O)S2)C3=CC=CC=N3,Head titubation,0
glyburide,3488,COC1=C(C=C(C=C1)Cl)C(=O)NCCC2=CC=C(C=C2)S(=O)(=O)NC(=O)NC3CCCCC3,Choking,1
metformin,4091,CN(C)C(=N)N=C(N)N,Reflux gastritis,1
metformin,4091,CN(C)C(=N)N=C(N)N,Metabolic disorder,1
glipizide,3478,CC1=CN=C(C=N1)C(=O)NCCC2=CC=C(C=C2)S(=O)(=O)NC(=O)NC3CCCCC3,Product use issue,1
sitagliptin,4369359,C1CN2C(=NN=C2C(F)(F)F)CN1C(=O)CC(CC3=CC(=C(C=C3F)F)F)N,C-reactive protein increased,0
linagliptin,10096344,CC#CCN1C2=C(N=C1N3CCCC(C3)N)N(C(=O)N(C2=O)CC4=NC5=CC=CC=C5C(=N4)C)C,Congenital cardiovascular anomaly,0
acarbose,9811704,CC1C(C(C(C(O1)OC2C(OC(C(C2O)O)OC(C(CO)O)C(C(C=O)O)O)CO)O)O)NC3C=C(C(C(C3O)O)O)CO,Failure to suspend medication,0
dapagliflozin,9887712,CCOC1=CC=C(C=C1)CC2=C(C=CC(=C2)C3C(C(C(C(O3)CO)O)O)O)Cl,Papilloedema,0
metformin,4091,CN(C)C(=N)N=C(N)N,Birt-Hogg-Dube syndrome,1
acarbose,9811704,CC1C(C(C(C(O1)OC2C(OC(C(C2O)O)OC(C(CO)O)C(C(C=O)O)O)CO)O)O)NC3C=C(C(C(C3O)O)O)CO,Streptococcal sepsis,0
rosiglitazone,77999,CN(CCOC1=CC=C(C=C1)CC2C(=O)NC(=O)S2)C3=CC=CC=N3,White blood cell count decreased,0
empagliflozin,11949646,C1COCC1OC2=CC=C(C=C2)CC3=C(C=CC(=C3)C4C(C(C(C(O4)CO)O)O)O)Cl,Anal abscess,1
sitagliptin,4369359,C1CN2C(=NN=C2C(F)(F)F)CN1C(=O)CC(CC3=CC(=C(C=C3F)F)F)N,Parotid abscess,0
dapagliflozin,9887712,CCOC1=CC=C(C=C1)CC2=C(C=CC(=C2)C3C(C(C(C(O3)CO)O)O)O)Cl,Nephrolithiasis,1
metformin,4091,CN(C)C(=N)N=C(N)N,Leukocytosis,1
metformin,4091,CN(C)C(=N)N=C(N)N,Dry throat,1
sitagliptin,4369359,C1CN2C(=NN=C2C(F)(F)F)CN1C(=O)CC(CC3=CC(=C(C=C3F)F)F)N,Alopecia,1
sitagliptin,4369359,C1CN2C(=NN=C2C(F)(F)F)CN1C(=O)CC(CC3=CC(=C(C=C3F)F)F)N,Mediastinitis,0
glipizide,3478,CC1=CN=C(C=N1)C(=O)NCCC2=CC=C(C=C2)S(=O)(=O)NC(=O)NC3CCCCC3,Speech disorder,0
metformin,4091,CN(C)C(=N)N=C(N)N,Insulin resistance,1
dapagliflozin,9887712,CCOC1=CC=C(C=C1)CC2=C(C=CC(=C2)C3C(C(C(C(O3)CO)O)O)O)Cl,Intestinal obstruction,0
repaglinide,65981,CCOC1=C(C=CC(=C1)CC(=O)NC(CC(C)C)C2=CC=CC=C2N3CCCCC3)C(=O)O,Suicidal behaviour,0
glimepiride,3476,CCC1=C(CN(C1=O)C(=O)NCCC2=CC=C(C=C2)S(=O)(=O)NC(=O)NC3CCC(CC3)C)C,Libido disorder,0
metformin,4091,CN(C)C(=N)N=C(N)N,Decreased interest,1
repaglinide,65981,CCOC1=C(C=CC(=C1)CC(=O)NC(CC(C)C)C2=CC=CC=C2N3CCCCC3)C(=O)O,Drug eruption,0
metformin,4091,CN(C)C(=N)N=C(N)N,Congenital cardiovascular anomaly,1
repaglinide,65981,CCOC1=C(C=CC(=C1)CC(=O)NC(CC(C)C)C2=CC=CC=C2N3CCCCC3)C(=O)O,Product dispensing error,1
empagliflozin,11949646,C1COCC1OC2=CC=C(C=C2)CC3=C(C=CC(=C3)C4C(C(C(C(O4)CO)O)O)O)Cl,Culture urine positive,1
linagliptin,10096344,CC#CCN1C2=C(N=C1N3CCCC(C3)N)N(C(=O)N(C2=O)CC4=NC5=CC=CC=C5C(=N4)C)C,Abnormal uterine bleeding,0
canagliflozin,24812758,CC1=C(C=C(C=C1)C2C(C(C(C(O2)CO)O)O)O)CC3=CC=C(S3)C4=CC=C(C=C4)F,Left ventricular dilatation,0
pioglitazone,4829,CCC1=CN=C(C=C1)CCOC2=CC=C(C=C2)CC3C(=O)NC(=O)S3,Groin pain,0
sitagliptin,4369359,C1CN2C(=NN=C2C(F)(F)F)CN1C(=O)CC(CC3=CC(=C(C=C3F)F)F)N,Cardiac failure congestive,0
empagliflozin,11949646,C1COCC1OC2=CC=C(C=C2)CC3=C(C=CC(=C3)C4C(C(C(C(O4)CO)O)O)O)Cl,Cardiogenic shock,1
linagliptin,10096344,CC#CCN1C2=C(N=C1N3CCCC(C3)N)N(C(=O)N(C2=O)CC4=NC5=CC=CC=C5C(=N4)C)C,Gene mutation,0
repaglinide,65981,CCOC1=C(C=CC(=C1)CC(=O)NC(CC(C)C)C2=CC=CC=C2N3CCCCC3)C(=O)O,Osteomyelitis chronic,0
empagliflozin,11949646,C1COCC1OC2=CC=C(C=C2)CC3=C(C=CC(=C3)C4C(C(C(C(O4)CO)O)O)O)Cl,Hyperhidrosis,1
saxagliptin,11243969,C1C2CC2N(C1C#N)C(=O)C(C34CC5CC(C3)CC(C5)(C4)O)N,Loss of consciousness,1
glyburide,3488,COC1=C(C=C(C=C1)Cl)C(=O)NCCC2=CC=C(C=C2)S(=O)(=O)NC(=O)NC3CCCCC3,Therapeutic product effect decreased,0
empagliflozin,11949646,C1COCC1OC2=CC=C(C=C2)CC3=C(C=CC(=C3)C4C(C(C(C(O4)CO)O)O)O)Cl,Anaemia,1
saxagliptin,11243969,C1C2CC2N(C1C#N)C(=O)C(C34CC5CC(C3)CC(C5)(C4)O)N,Arthralgia,1
metformin,4091,CN(C)C(=N)N=C(N)N,Ureteric obstruction,1
glimepiride,3476,CCC1=C(CN(C1=O)C(=O)NCCC2=CC=C(C=C2)S(=O)(=O)NC(=O)NC3CCC(CC3)C)C,Thrombocytopenia,0
glipizide,3478,CC1=CN=C(C=N1)C(=O)NCCC2=CC=C(C=C2)S(=O)(=O)NC(=O)NC3CCCCC3,Chronic myeloid leukaemia,0
metformin,4091,CN(C)C(=N)N=C(N)N,Magnetic resonance imaging abnormal,0
metformin,4091,CN(C)C(=N)N=C(N)N,Withdrawal syndrome,1
glyburide,3488,COC1=C(C=C(C=C1)Cl)C(=O)NCCC2=CC=C(C=C2)S(=O)(=O)NC(=O)NC3CCCCC3,Recurrent cancer,0
repaglinide,65981,CCOC1=C(C=CC(=C1)CC(=O)NC(CC(C)C)C2=CC=CC=C2N3CCCCC3)C(=O)O,Peripheral arterial occlusive disease,0
sitagliptin,4369359,C1CN2C(=NN=C2C(F)(F)F)CN1C(=O)CC(CC3=CC(=C(C=C3F)F)F)N,"Bladder cancer stage 0, with cancer in situ",0
canagliflozin,24812758,CC1=C(C=C(C=C1)C2C(C(C(C(O2)CO)O)O)O)CC3=CC=C(S3)C4=CC=C(C=C4)F,Toe amputation,1
metformin,4091,CN(C)C(=N)N=C(N)N,Iatrogenic injury,1
glipizide,3478,CC1=CN=C(C=N1)C(=O)NCCC2=CC=C(C=C2)S(=O)(=O)NC(=O)NC3CCCCC3,Perineal rash,0
metformin,4091,CN(C)C(=N)N=C(N)N,Gestational hypertension,1
nateglinide,5311309,CC(C)C1CCC(CC1)C(=O)NC(CC2=CC=CC=C2)C(=O)O,Full blood count abnormal,0
pioglitazone,4829,CCC1=CN=C(C=C1)CCOC2=CC=C(C=C2)CC3C(=O)NC(=O)S3,Angiopathy,0
pioglitazone,4829,CCC1=CN=C(C=C1)CCOC2=CC=C(C=C2)CC3C(=O)NC(=O)S3,Appendicitis perforated,0
glyburide,3488,COC1=C(C=C(C=C1)Cl)C(=O)NCCC2=CC=C(C=C2)S(=O)(=O)NC(=O)NC3CCCCC3,Rectosigmoid cancer,0
metformin,4091,CN(C)C(=N)N=C(N)N,Acute febrile neutrophilic dermatosis,1
glipizide,3478,CC1=CN=C(C=N1)C(=O)NCCC2=CC=C(C=C2)S(=O)(=O)NC(=O)NC3CCCCC3,Bipolar I disorder,0
canagliflozin,24812758,CC1=C(C=C(C=C1)C2C(C(C(C(O2)CO)O)O)O)CC3=CC=C(S3)C4=CC=C(C=C4)F,Dyspnoea,1
canagliflozin,24812758,CC1=C(C=C(C=C1)C2C(C(C(C(O2)CO)O)O)O)CC3=CC=C(S3)C4=CC=C(C=C4)F,Neuroendocrine tumour,1
glipizide,3478,CC1=CN=C(C=N1)C(=O)NCCC2=CC=C(C=C2)S(=O)(=O)NC(=O)NC3CCCCC3,Seizure,1
metformin,4091,CN(C)C(=N)N=C(N)N,PO2 increased,1
sitagliptin,4369359,C1CN2C(=NN=C2C(F)(F)F)CN1C(=O)CC(CC3=CC(=C(C=C3F)F)F)N,Skin fissures,0
rosiglitazone,77999,CN(CCOC1=CC=C(C=C1)CC2C(=O)NC(=O)S2)C3=CC=CC=N3,Product packaging confusion,0
repaglinide,65981,CCOC1=C(C=CC(=C1)CC(=O)NC(CC(C)C)C2=CC=CC=C2N3CCCCC3)C(=O)O,Drug abuse,1
sitagliptin,4369359,C1CN2C(=NN=C2C(F)(F)F)CN1C(=O)CC(CC3=CC(=C(C=C3F)F)F)N,Pruritus,1
metformin,4091,CN(C)C(=N)N=C(N)N,Listeria encephalitis,1
canagliflozin,24812758,CC1=C(C=C(C=C1)C2C(C(C(C(O2)CO)O)O)O)CC3=CC=C(S3)C4=CC=C(C=C4)F,Hypertension,1
metformin,4091,CN(C)C(=N)N=C(N)N,Infected neoplasm,1
glipizide,3478,CC1=CN=C(C=N1)C(=O)NCCC2=CC=C(C=C2)S(=O)(=O)NC(=O)NC3CCCCC3,Illness,1
repaglinide,65981,CCOC1=C(C=CC(=C1)CC(=O)NC(CC(C)C)C2=CC=CC=C2N3CCCCC3)C(=O)O,Arrhythmia,1
sitagliptin,4369359,C1CN2C(=NN=C2C(F)(F)F)CN1C(=O)CC(CC3=CC(=C(C=C3F)F)F)N,Body height decreased,0
metformin,4091,CN(C)C(=N)N=C(N)N,Concussion,1
metformin,4091,CN(C)C(=N)N=C(N)N,Hidradenitis,1
metformin,4091,CN(C)C(=N)N=C(N)N,Wound,1
linagliptin,10096344,CC#CCN1C2=C(N=C1N3CCCC(C3)N)N(C(=O)N(C2=O)CC4=NC5=CC=CC=C5C(=N4)C)C,Torulopsis infection,0
glipizide,3478,CC1=CN=C(C=N1)C(=O)NCCC2=CC=C(C=C2)S(=O)(=O)NC(=O)NC3CCCCC3,Therapy non-responder,1
rosiglitazone,77999,CN(CCOC1=CC=C(C=C1)CC2C(=O)NC(=O)S2)C3=CC=CC=N3,Spinal operation,0
canagliflozin,24812758,CC1=C(C=C(C=C1)C2C(C(C(C(O2)CO)O)O)O)CC3=CC=C(S3)C4=CC=C(C=C4)F,Septic shock,1
dapagliflozin,9887712,CCOC1=CC=C(C=C1)CC2=C(C=CC(=C2)C3C(C(C(C(O3)CO)O)O)O)Cl,Chest pain,1
metformin,4091,CN(C)C(=N)N=C(N)N,Chronic myelomonocytic leukaemia,1
pioglitazone,4829,CCC1=CN=C(C=C1)CCOC2=CC=C(C=C2)CC3C(=O)NC(=O)S3,Respiratory depression,1
metformin,4091,CN(C)C(=N)N=C(N)N,Fallot's tetralogy,1
glipizide,3478,CC1=CN=C(C=N1)C(=O)NCCC2=CC=C(C=C2)S(=O)(=O)NC(=O)NC3CCCCC3,Deformity thorax,0
acarbose,9811704,CC1C(C(C(C(O1)OC2C(OC(C(C2O)O)OC(C(CO)O)C(C(C=O)O)O)CO)O)O)NC3C=C(C(C(C3O)O)O)CO,Ischaemia,0
glimepiride,3476,CCC1=C(CN(C1=O)C(=O)NCCC2=CC=C(C=C2)S(=O)(=O)NC(=O)NC3CCC(CC3)C)C,Neuroglycopenia,1
pioglitazone,4829,CCC1=CN=C(C=C1)CCOC2=CC=C(C=C2)CC3C(=O)NC(=O)S3,Bronchitis,1
metformin,4091,CN(C)C(=N)N=C(N)N,Erythromelalgia,1
saxagliptin,11243969,C1C2CC2N(C1C#N)C(=O)C(C34CC5CC(C3)CC(C5)(C4)O)N,Endometrial cancer,0
sitagliptin,4369359,C1CN2C(=NN=C2C(F)(F)F)CN1C(=O)CC(CC3=CC(=C(C=C3F)F)F)N,Colon cancer,0
empagliflozin,11949646,C1COCC1OC2=CC=C(C=C2)CC3=C(C=CC(=C3)C4C(C(C(C(O4)CO)O)O)O)Cl,Escherichia infection,1
saxagliptin,11243969,C1C2CC2N(C1C#N)C(=O)C(C34CC5CC(C3)CC(C5)(C4)O)N,Fracture,0
acarbose,9811704,CC1C(C(C(C(O1)OC2C(OC(C(C2O)O)OC(C(CO)O)C(C(C=O)O)O)CO)O)O)NC3C=C(C(C(C3O)O)O)CO,Wound infection,0
sitagliptin,4369359,C1CN2C(=NN=C2C(F)(F)F)CN1C(=O)CC(CC3=CC(=C(C=C3F)F)F)N,Genital discomfort,0
acarbose,9811704,CC1C(C(C(C(O1)OC2C(OC(C(C2O)O)OC(C(CO)O)C(C(C=O)O)O)CO)O)O)NC3C=C(C(C(C3O)O)O)CO,Intercepted product dispensing error,0
linagliptin,10096344,CC#CCN1C2=C(N=C1N3CCCC(C3)N)N(C(=O)N(C2=O)CC4=NC5=CC=CC=C5C(=N4)C)C,Product appearance confusion,0
pioglitazone,4829,CCC1=CN=C(C=C1)CCOC2=CC=C(C=C2)CC3C(=O)NC(=O)S3,Anion gap,0
acarbose,9811704,CC1C(C(C(C(O1)OC2C(OC(C(C2O)O)OC(C(CO)O)C(C(C=O)O)O)CO)O)O)NC3C=C(C(C(C3O)O)O)CO,Tremor,0
empagliflozin,11949646,C1COCC1OC2=CC=C(C=C2)CC3=C(C=CC(=C3)C4C(C(C(C(O4)CO)O)O)O)Cl,Fungal infection,1
rosiglitazone,77999,CN(CCOC1=CC=C(C=C1)CC2C(=O)NC(=O)S2)C3=CC=CC=N3,Fear,0
pioglitazone,4829,CCC1=CN=C(C=C1)CCOC2=CC=C(C=C2)CC3C(=O)NC(=O)S3,Costovertebral angle tenderness,0
nateglinide,5311309,CC(C)C1CCC(CC1)C(=O)NC(CC2=CC=CC=C2)C(=O)O,Dust allergy,0
empagliflozin,11949646,C1COCC1OC2=CC=C(C=C2)CC3=C(C=CC(=C3)C4C(C(C(C(O4)CO)O)O)O)Cl,Constipation,1
repaglinide,65981,CCOC1=C(C=CC(=C1)CC(=O)NC(CC(C)C)C2=CC=CC=C2N3CCCCC3)C(=O)O,Atrophic glossitis,0
canagliflozin,24812758,CC1=C(C=C(C=C1)C2C(C(C(C(O2)CO)O)O)O)CC3=CC=C(S3)C4=CC=C(C=C4)F,Altered state of consciousness,1
sitagliptin,4369359,C1CN2C(=NN=C2C(F)(F)F)CN1C(=O)CC(CC3=CC(=C(C=C3F)F)F)N,Myoclonus,0
glipizide,3478,CC1=CN=C(C=N1)C(=O)NCCC2=CC=C(C=C2)S(=O)(=O)NC(=O)NC3CCCCC3,Serum ferritin increased,0
canagliflozin,24812758,CC1=C(C=C(C=C1)C2C(C(C(C(O2)CO)O)O)O)CC3=CC=C(S3)C4=CC=C(C=C4)F,Incontinence,0
glyburide,3488,COC1=C(C=C(C=C1)Cl)C(=O)NCCC2=CC=C(C=C2)S(=O)(=O)NC(=O)NC3CCCCC3,Purpura fulminans,0
metformin,4091,CN(C)C(=N)N=C(N)N,Decreased bronchial secretion,1
repaglinide,65981,CCOC1=C(C=CC(=C1)CC(=O)NC(CC(C)C)C2=CC=CC=C2N3CCCCC3)C(=O)O,Inferior vena cava dilatation,0
glipizide,3478,CC1=CN=C(C=N1)C(=O)NCCC2=CC=C(C=C2)S(=O)(=O)NC(=O)NC3CCCCC3,Depression,1
metformin,4091,CN(C)C(=N)N=C(N)N,Tuberculosis,1
sitagliptin,4369359,C1CN2C(=NN=C2C(F)(F)F)CN1C(=O)CC(CC3=CC(=C(C=C3F)F)F)N,Streptococcal sepsis,0
dapagliflozin,9887712,CCOC1=CC=C(C=C1)CC2=C(C=CC(=C2)C3C(C(C(C(O3)CO)O)O)O)Cl,Abdominal distension,1
linagliptin,10096344,CC#CCN1C2=C(N=C1N3CCCC(C3)N)N(C(=O)N(C2=O)CC4=NC5=CC=CC=C5C(=N4)C)C,Hip fracture,0
metformin,4091,CN(C)C(=N)N=C(N)N,Hyponatraemia,1
metformin,4091,CN(C)C(=N)N=C(N)N,Venous injury,1
metformin,4091,CN(C)C(=N)N=C(N)N,Congenital anomaly of inner ear,1
glimepiride,3476,CCC1=C(CN(C1=O)C(=O)NCCC2=CC=C(C=C2)S(=O)(=O)NC(=O)NC3CCC(CC3)C)C,Intervertebral discitis,0
empagliflozin,11949646,C1COCC1OC2=CC=C(C=C2)CC3=C(C=CC(=C3)C4C(C(C(C(O4)CO)O)O)O)Cl,Hypertensive urgency,1
pioglitazone,4829,CCC1=CN=C(C=C1)CCOC2=CC=C(C=C2)CC3C(=O)NC(=O)S3,Treatment noncompliance,1
sitagliptin,4369359,C1CN2C(=NN=C2C(F)(F)F)CN1C(=O)CC(CC3=CC(=C(C=C3F)F)F)N,Pneumonia,1
glipizide,3478,CC1=CN=C(C=N1)C(=O)NCCC2=CC=C(C=C2)S(=O)(=O)NC(=O)NC3CCCCC3,Gastrointestinal angiectasia,0
rosiglitazone,77999,CN(CCOC1=CC=C(C=C1)CC2C(=O)NC(=O)S2)C3=CC=CC=N3,Primary amyloidosis,0
sitagliptin,4369359,C1CN2C(=NN=C2C(F)(F)F)CN1C(=O)CC(CC3=CC(=C(C=C3F)F)F)N,Arterial revascularisation,0
sitagliptin,4369359,C1CN2C(=NN=C2C(F)(F)F)CN1C(=O)CC(CC3=CC(=C(C=C3F)F)F)N,Oropharyngeal pain,1
metformin,4091,CN(C)C(=N)N=C(N)N,Mental impairment,1
empagliflozin,11949646,C1COCC1OC2=CC=C(C=C2)CC3=C(C=CC(=C3)C4C(C(C(C(O4)CO)O)O)O)Cl,Bradykinesia,0
glipizide,3478,CC1=CN=C(C=N1)C(=O)NCCC2=CC=C(C=C2)S(=O)(=O)NC(=O)NC3CCCCC3,Hepatitis viral,0
glyburide,3488,COC1=C(C=C(C=C1)Cl)C(=O)NCCC2=CC=C(C=C2)S(=O)(=O)NC(=O)NC3CCCCC3,Neutrophil count abnormal,0
metformin,4091,CN(C)C(=N)N=C(N)N,Food aversion,1
repaglinide,65981,CCOC1=C(C=CC(=C1)CC(=O)NC(CC(C)C)C2=CC=CC=C2N3CCCCC3)C(=O)O,Mumps,0
repaglinide,65981,CCOC1=C(C=CC(=C1)CC(=O)NC(CC(C)C)C2=CC=CC=C2N3CCCCC3)C(=O)O,Incision site erythema,0
repaglinide,65981,CCOC1=C(C=CC(=C1)CC(=O)NC(CC(C)C)C2=CC=CC=C2N3CCCCC3)C(=O)O,Dysarthria,1
metformin,4091,CN(C)C(=N)N=C(N)N,Subcutaneous abscess,1
empagliflozin,11949646,C1COCC1OC2=CC=C(C=C2)CC3=C(C=CC(=C3)C4C(C(C(C(O4)CO)O)O)O)Cl,Abdominal pain lower,0
dapagliflozin,9887712,CCOC1=CC=C(C=C1)CC2=C(C=CC(=C2)C3C(C(C(C(O3)CO)O)O)O)Cl,Diabetes mellitus,1
rosiglitazone,77999,CN(CCOC1=CC=C(C=C1)CC2C(=O)NC(=O)S2)C3=CC=CC=N3,Aqueductal stenosis,0
repaglinide,65981,CCOC1=C(C=CC(=C1)CC(=O)NC(CC(C)C)C2=CC=CC=C2N3CCCCC3)C(=O)O,Atheroembolism,0
glipizide,3478,CC1=CN=C(C=N1)C(=O)NCCC2=CC=C(C=C2)S(=O)(=O)NC(=O)NC3CCCCC3,Biliary tract disorder,0
empagliflozin,11949646,C1COCC1OC2=CC=C(C=C2)CC3=C(C=CC(=C3)C4C(C(C(C(O4)CO)O)O)O)Cl,Alcoholic pancreatitis,0
linagliptin,10096344,CC#CCN1C2=C(N=C1N3CCCC(C3)N)N(C(=O)N(C2=O)CC4=NC5=CC=CC=C5C(=N4)C)C,Infarction,0
metformin,4091,CN(C)C(=N)N=C(N)N,Troponin T increased,1
canagliflozin,24812758,CC1=C(C=C(C=C1)C2C(C(C(C(O2)CO)O)O)O)CC3=CC=C(S3)C4=CC=C(C=C4)F,Hypomagnesaemia,1
metformin,4091,CN(C)C(=N)N=C(N)N,Polycystic ovaries,1
dapagliflozin,9887712,CCOC1=CC=C(C=C1)CC2=C(C=CC(=C2)C3C(C(C(C(O3)CO)O)O)O)Cl,Non-small cell lung cancer,0
glipizide,3478,CC1=CN=C(C=N1)C(=O)NCCC2=CC=C(C=C2)S(=O)(=O)NC(=O)NC3CCCCC3,Decreased appetite,1
nateglinide,5311309,CC(C)C1CCC(CC1)C(=O)NC(CC2=CC=CC=C2)C(=O)O,Drug exposure before pregnancy,0
empagliflozin,11949646,C1COCC1OC2=CC=C(C=C2)CC3=C(C=CC(=C3)C4C(C(C(C(O4)CO)O)O)O)Cl,Gastrooesophageal sphincter insufficiency,0
glipizide,3478,CC1=CN=C(C=N1)C(=O)NCCC2=CC=C(C=C2)S(=O)(=O)NC(=O)NC3CCCCC3,Umbilical hernia,0
canagliflozin,24812758,CC1=C(C=C(C=C1)C2C(C(C(C(O2)CO)O)O)O)CC3=CC=C(S3)C4=CC=C(C=C4)F,Psychotic symptom,0
acarbose,9811704,CC1C(C(C(C(O1)OC2C(OC(C(C2O)O)OC(C(CO)O)C(C(C=O)O)O)CO)O)O)NC3C=C(C(C(C3O)O)O)CO,Muscle twitching,0
dapagliflozin,9887712,CCOC1=CC=C(C=C1)CC2=C(C=CC(=C2)C3C(C(C(C(O3)CO)O)O)O)Cl,Arterial disorder,1
metformin,4091,CN(C)C(=N)N=C(N)N,Therapy partial responder,1
metformin,4091,CN(C)C(=N)N=C(N)N,Brain stem ischaemia,1
pioglitazone,4829,CCC1=CN=C(C=C1)CCOC2=CC=C(C=C2)CC3C(=O)NC(=O)S3,Amnesia,0
saxagliptin,11243969,C1C2CC2N(C1C#N)C(=O)C(C34CC5CC(C3)CC(C5)(C4)O)N,Breast cancer female,0
canagliflozin,24812758,CC1=C(C=C(C=C1)C2C(C(C(C(O2)CO)O)O)O)CC3=CC=C(S3)C4=CC=C(C=C4)F,Blood triglycerides increased,1
glimepiride,3476,CCC1=C(CN(C1=O)C(=O)NCCC2=CC=C(C=C2)S(=O)(=O)NC(=O)NC3CCC(CC3)C)C,Sunburn,0
acarbose,9811704,CC1C(C(C(C(O1)OC2C(OC(C(C2O)O)OC(C(CO)O)C(C(C=O)O)O)CO)O)O)NC3C=C(C(C(C3O)O)O)CO,Drug ineffective for unapproved indication,1
metformin,4091,CN(C)C(=N)N=C(N)N,Vein rupture,1
sitagliptin,4369359,C1CN2C(=NN=C2C(F)(F)F)CN1C(=O)CC(CC3=CC(=C(C=C3F)F)F)N,Cholestatic liver injury,0
pioglitazone,4829,CCC1=CN=C(C=C1)CCOC2=CC=C(C=C2)CC3C(=O)NC(=O)S3,Pain,1
canagliflozin,24812758,CC1=C(C=C(C=C1)C2C(C(C(C(O2)CO)O)O)O)CC3=CC=C(S3)C4=CC=C(C=C4)F,Metastases to central nervous system,1
empagliflozin,11949646,C1COCC1OC2=CC=C(C=C2)CC3=C(C=CC(=C3)C4C(C(C(C(O4)CO)O)O)O)Cl,Blood chloride decreased,0
pioglitazone,4829,CCC1=CN=C(C=C1)CCOC2=CC=C(C=C2)CC3C(=O)NC(=O)S3,Occupational problem environmental,0
rosiglitazone,77999,CN(CCOC1=CC=C(C=C1)CC2C(=O)NC(=O)S2)C3=CC=CC=N3,Poverty of speech,0
canagliflozin,24812758,CC1=C(C=C(C=C1)C2C(C(C(C(O2)CO)O)O)O)CC3=CC=C(S3)C4=CC=C(C=C4)F,Amputation,1
acarbose,9811704,CC1C(C(C(C(O1)OC2C(OC(C(C2O)O)OC(C(CO)O)C(C(C=O)O)O)CO)O)O)NC3C=C(C(C(C3O)O)O)CO,Intestinal villi atrophy,0
sitagliptin,4369359,C1CN2C(=NN=C2C(F)(F)F)CN1C(=O)CC(CC3=CC(=C(C=C3F)F)F)N,Cleft lip and palate,0
acarbose,9811704,CC1C(C(C(C(O1)OC2C(OC(C(C2O)O)OC(C(CO)O)C(C(C=O)O)O)CO)O)O)NC3C=C(C(C(C3O)O)O)CO,General physical health deterioration,1
glipizide,3478,CC1=CN=C(C=N1)C(=O)NCCC2=CC=C(C=C2)S(=O)(=O)NC(=O)NC3CCCCC3,Rectal tenesmus,0
metformin,4091,CN(C)C(=N)N=C(N)N,Splenic thrombosis,1
dapagliflozin,9887712,CCOC1=CC=C(C=C1)CC2=C(C=CC(=C2)C3C(C(C(C(O3)CO)O)O)O)Cl,Hepatic steatosis,1
pioglitazone,4829,CCC1=CN=C(C=C1)CCOC2=CC=C(C=C2)CC3C(=O)NC(=O)S3,Increased upper airway secretion,0
glimepiride,3476,CCC1=C(CN(C1=O)C(=O)NCCC2=CC=C(C=C2)S(=O)(=O)NC(=O)NC3CCC(CC3)C)C,Pemphigus,0
glipizide,3478,CC1=CN=C(C=N1)C(=O)NCCC2=CC=C(C=C2)S(=O)(=O)NC(=O)NC3CCCCC3,Iatrogenic injury,0
empagliflozin,11949646,C1COCC1OC2=CC=C(C=C2)CC3=C(C=CC(=C3)C4C(C(C(C(O4)CO)O)O)O)Cl,Therapeutic response shortened,0
metformin,4091,CN(C)C(=N)N=C(N)N,Neuroendocrine carcinoma metastatic,1
acarbose,9811704,CC1C(C(C(C(O1)OC2C(OC(C(C2O)O)OC(C(CO)O)C(C(C=O)O)O)CO)O)O)NC3C=C(C(C(C3O)O)O)CO,Transitional cell carcinoma,0
metformin,4091,CN(C)C(=N)N=C(N)N,Dysarthria,1
dapagliflozin,9887712,CCOC1=CC=C(C=C1)CC2=C(C=CC(=C2)C3C(C(C(C(O3)CO)O)O)O)Cl,Pyoderma,0
sitagliptin,4369359,C1CN2C(=NN=C2C(F)(F)F)CN1C(=O)CC(CC3=CC(=C(C=C3F)F)F)N,Intentional self-injury,1
metformin,4091,CN(C)C(=N)N=C(N)N,Nervousness,1
acarbose,9811704,CC1C(C(C(C(O1)OC2C(OC(C(C2O)O)OC(C(CO)O)C(C(C=O)O)O)CO)O)O)NC3C=C(C(C(C3O)O)O)CO,Contraindication to medical treatment,0
canagliflozin,24812758,CC1=C(C=C(C=C1)C2C(C(C(C(O2)CO)O)O)O)CC3=CC=C(S3)C4=CC=C(C=C4)F,Peripheral circulatory failure,0
sitagliptin,4369359,C1CN2C(=NN=C2C(F)(F)F)CN1C(=O)CC(CC3=CC(=C(C=C3F)F)F)N,Hepatic function abnormal,0
metformin,4091,CN(C)C(=N)N=C(N)N,Bundle branch block right,1
sitagliptin,4369359,C1CN2C(=NN=C2C(F)(F)F)CN1C(=O)CC(CC3=CC(=C(C=C3F)F)F)N,Melaena,1
metformin,4091,CN(C)C(=N)N=C(N)N,Urine chloride decreased,1
metformin,4091,CN(C)C(=N)N=C(N)N,Oxygen saturation immeasurable,1
metformin,4091,CN(C)C(=N)N=C(N)N,Onycholysis,1
canagliflozin,24812758,CC1=C(C=C(C=C1)C2C(C(C(C(O2)CO)O)O)O)CC3=CC=C(S3)C4=CC=C(C=C4)F,Food poisoning,1
glipizide,3478,CC1=CN=C(C=N1)C(=O)NCCC2=CC=C(C=C2)S(=O)(=O)NC(=O)NC3CCCCC3,Panic disorder,0
canagliflozin,24812758,CC1=C(C=C(C=C1)C2C(C(C(C(O2)CO)O)O)O)CC3=CC=C(S3)C4=CC=C(C=C4)F,Osteomyelitis chronic,1
metformin,4091,CN(C)C(=N)N=C(N)N,Tooth disorder,1
metformin,4091,CN(C)C(=N)N=C(N)N,Buttock injury,1
metformin,4091,CN(C)C(=N)N=C(N)N,Blood alkaline phosphatase increased,1
glimepiride,3476,CCC1=C(CN(C1=O)C(=O)NCCC2=CC=C(C=C2)S(=O)(=O)NC(=O)NC3CCC(CC3)C)C,Secondary hypothyroidism,0
repaglinide,65981,CCOC1=C(C=CC(=C1)CC(=O)NC(CC(C)C)C2=CC=CC=C2N3CCCCC3)C(=O)O,Transcatheter aortic valve implantation,0
saxagliptin,11243969,C1C2CC2N(C1C#N)C(=O)C(C34CC5CC(C3)CC(C5)(C4)O)N,Atrioventricular block,0
saxagliptin,11243969,C1C2CC2N(C1C#N)C(=O)C(C34CC5CC(C3)CC(C5)(C4)O)N,Neonatal asphyxia,0
metformin,4091,CN(C)C(=N)N=C(N)N,Calculus urethral,1
pioglitazone,4829,CCC1=CN=C(C=C1)CCOC2=CC=C(C=C2)CC3C(=O)NC(=O)S3,Corneal reflex decreased,0
repaglinide,65981,CCOC1=C(C=CC(=C1)CC(=O)NC(CC(C)C)C2=CC=CC=C2N3CCCCC3)C(=O)O,Buttock injury,0
metformin,4091,CN(C)C(=N)N=C(N)N,Neurological examination abnormal,1
metformin,4091,CN(C)C(=N)N=C(N)N,Micrognathia,1
nateglinide,5311309,CC(C)C1CCC(CC1)C(=O)NC(CC2=CC=CC=C2)C(=O)O,Prostatic operation,0
glimepiride,3476,CCC1=C(CN(C1=O)C(=O)NCCC2=CC=C(C=C2)S(=O)(=O)NC(=O)NC3CCC(CC3)C)C,Vomiting,1
metformin,4091,CN(C)C(=N)N=C(N)N,Enzyme abnormality,1
acarbose,9811704,CC1C(C(C(C(O1)OC2C(OC(C(C2O)O)OC(C(CO)O)C(C(C=O)O)O)CO)O)O)NC3C=C(C(C(C3O)O)O)CO,Vaginal ulceration,0
acarbose,9811704,CC1C(C(C(C(O1)OC2C(OC(C(C2O)O)OC(C(CO)O)C(C(C=O)O)O)CO)O)O)NC3C=C(C(C(C3O)O)O)CO,Cerebrospinal fluid leakage,0
metformin,4091,CN(C)C(=N)N=C(N)N,Skin ulcer,1
glipizide,3478,CC1=CN=C(C=N1)C(=O)NCCC2=CC=C(C=C2)S(=O)(=O)NC(=O)NC3CCCCC3,Hepatic mass,0
glyburide,3488,COC1=C(C=C(C=C1)Cl)C(=O)NCCC2=CC=C(C=C2)S(=O)(=O)NC(=O)NC3CCCCC3,Recalled product,0
metformin,4091,CN(C)C(=N)N=C(N)N,Hepatic cancer stage IV,1
metformin,4091,CN(C)C(=N)N=C(N)N,Renal oncocytoma,1
saxagliptin,11243969,C1C2CC2N(C1C#N)C(=O)C(C34CC5CC(C3)CC(C5)(C4)O)N,Tongue pruritus,0
nateglinide,5311309,CC(C)C1CCC(CC1)C(=O)NC(CC2=CC=CC=C2)C(=O)O,Prostatomegaly,0
rosiglitazone,77999,CN(CCOC1=CC=C(C=C1)CC2C(=O)NC(=O)S2)C3=CC=CC=N3,Metastatic renal cell carcinoma,0
metformin,4091,CN(C)C(=N)N=C(N)N,Neoplasm skin,0
repaglinide,65981,CCOC1=C(C=CC(=C1)CC(=O)NC(CC(C)C)C2=CC=CC=C2N3CCCCC3)C(=O)O,Eye irritation,0
linagliptin,10096344,CC#CCN1C2=C(N=C1N3CCCC(C3)N)N(C(=O)N(C2=O)CC4=NC5=CC=CC=C5C(=N4)C)C,Glomerular filtration rate increased,0
canagliflozin,24812758,CC1=C(C=C(C=C1)C2C(C(C(C(O2)CO)O)O)O)CC3=CC=C(S3)C4=CC=C(C=C4)F,Formication,0
dapagliflozin,9887712,CCOC1=CC=C(C=C1)CC2=C(C=CC(=C2)C3C(C(C(C(O3)CO)O)O)O)Cl,Syncope,1
pioglitazone,4829,CCC1=CN=C(C=C1)CCOC2=CC=C(C=C2)CC3C(=O)NC(=O)S3,Eye swelling,0
canagliflozin,24812758,CC1=C(C=C(C=C1)C2C(C(C(C(O2)CO)O)O)O)CC3=CC=C(S3)C4=CC=C(C=C4)F,Maternal exposure during breast feeding,0
glipizide,3478,CC1=CN=C(C=N1)C(=O)NCCC2=CC=C(C=C2)S(=O)(=O)NC(=O)NC3CCCCC3,Parkinson's disease,1
canagliflozin,24812758,CC1=C(C=C(C=C1)C2C(C(C(C(O2)CO)O)O)O)CC3=CC=C(S3)C4=CC=C(C=C4)F,Circumstance or information capable of leading to device use error,0
empagliflozin,11949646,C1COCC1OC2=CC=C(C=C2)CC3=C(C=CC(=C3)C4C(C(C(C(O4)CO)O)O)O)Cl,Rhinitis,0
rosiglitazone,77999,CN(CCOC1=CC=C(C=C1)CC2C(=O)NC(=O)S2)C3=CC=CC=N3,Flatulence,0
nateglinide,5311309,CC(C)C1CCC(CC1)C(=O)NC(CC2=CC=CC=C2)C(=O)O,Mean cell volume abnormal,0
rosiglitazone,77999,CN(CCOC1=CC=C(C=C1)CC2C(=O)NC(=O)S2)C3=CC=CC=N3,Rash macular,0
repaglinide,65981,CCOC1=C(C=CC(=C1)CC(=O)NC(CC(C)C)C2=CC=CC=C2N3CCCCC3)C(=O)O,Renal tubular acidosis,0
linagliptin,10096344,CC#CCN1C2=C(N=C1N3CCCC(C3)N)N(C(=O)N(C2=O)CC4=NC5=CC=CC=C5C(=N4)C)C,Superficial inflammatory dermatosis,0
repaglinide,65981,CCOC1=C(C=CC(=C1)CC(=O)NC(CC(C)C)C2=CC=CC=C2N3CCCCC3)C(=O)O,Dyspnoea at rest,0
metformin,4091,CN(C)C(=N)N=C(N)N,Acid-base balance disorder mixed,1
rosiglitazone,77999,CN(CCOC1=CC=C(C=C1)CC2C(=O)NC(=O)S2)C3=CC=CC=N3,Bone erosion,0
saxagliptin,11243969,C1C2CC2N(C1C#N)C(=O)C(C34CC5CC(C3)CC(C5)(C4)O)N,Blood insulin decreased,0
sitagliptin,4369359,C1CN2C(=NN=C2C(F)(F)F)CN1C(=O)CC(CC3=CC(=C(C=C3F)F)F)N,Adverse event,1
canagliflozin,24812758,CC1=C(C=C(C=C1)C2C(C(C(C(O2)CO)O)O)O)CC3=CC=C(S3)C4=CC=C(C=C4)F,Oculomucocutaneous syndrome,0
metformin,4091,CN(C)C(=N)N=C(N)N,Blood pressure systolic decreased,1
glimepiride,3476,CCC1=C(CN(C1=O)C(=O)NCCC2=CC=C(C=C2)S(=O)(=O)NC(=O)NC3CCC(CC3)C)C,Bronchial neoplasm,0
sitagliptin,4369359,C1CN2C(=NN=C2C(F)(F)F)CN1C(=O)CC(CC3=CC(=C(C=C3F)F)F)N,Haemochromatosis,0
canagliflozin,24812758,CC1=C(C=C(C=C1)C2C(C(C(C(O2)CO)O)O)O)CC3=CC=C(S3)C4=CC=C(C=C4)F,Angiopathy,1
glipizide,3478,CC1=CN=C(C=N1)C(=O)NCCC2=CC=C(C=C2)S(=O)(=O)NC(=O)NC3CCCCC3,Incision site swelling,0
dapagliflozin,9887712,CCOC1=CC=C(C=C1)CC2=C(C=CC(=C2)C3C(C(C(C(O3)CO)O)O)O)Cl,Blood testosterone decreased,0
pioglitazone,4829,CCC1=CN=C(C=C1)CCOC2=CC=C(C=C2)CC3C(=O)NC(=O)S3,Epilepsy,0
nateglinide,5311309,CC(C)C1CCC(CC1)C(=O)NC(CC2=CC=CC=C2)C(=O)O,Hepatic enzyme increased,0
pioglitazone,4829,CCC1=CN=C(C=C1)CCOC2=CC=C(C=C2)CC3C(=O)NC(=O)S3,Muscle spasms,0
metformin,4091,CN(C)C(=N)N=C(N)N,Blood pressure inadequately controlled,1
metformin,4091,CN(C)C(=N)N=C(N)N,Acute abdomen,1
empagliflozin,11949646,C1COCC1OC2=CC=C(C=C2)CC3=C(C=CC(=C3)C4C(C(C(C(O4)CO)O)O)O)Cl,Rash,1
metformin,4091,CN(C)C(=N)N=C(N)N,Colitis microscopic,1
sitagliptin,4369359,C1CN2C(=NN=C2C(F)(F)F)CN1C(=O)CC(CC3=CC(=C(C=C3F)F)F)N,Electrolyte imbalance,1
acarbose,9811704,CC1C(C(C(C(O1)OC2C(OC(C(C2O)O)OC(C(CO)O)C(C(C=O)O)O)CO)O)O)NC3C=C(C(C(C3O)O)O)CO,Lumbar vertebral fracture,0
rosiglitazone,77999,CN(CCOC1=CC=C(C=C1)CC2C(=O)NC(=O)S2)C3=CC=CC=N3,Fatigue,0
empagliflozin,11949646,C1COCC1OC2=CC=C(C=C2)CC3=C(C=CC(=C3)C4C(C(C(C(O4)CO)O)O)O)Cl,Rheumatic disorder,0
glipizide,3478,CC1=CN=C(C=N1)C(=O)NCCC2=CC=C(C=C2)S(=O)(=O)NC(=O)NC3CCCCC3,Multiple organ dysfunction syndrome,0
canagliflozin,24812758,CC1=C(C=C(C=C1)C2C(C(C(C(O2)CO)O)O)O)CC3=CC=C(S3)C4=CC=C(C=C4)F,Product use issue,1
metformin,4091,CN(C)C(=N)N=C(N)N,Vitamin B1 decreased,1
dapagliflozin,9887712,CCOC1=CC=C(C=C1)CC2=C(C=CC(=C2)C3C(C(C(C(O3)CO)O)O)O)Cl,Underweight,0
sitagliptin,4369359,C1CN2C(=NN=C2C(F)(F)F)CN1C(=O)CC(CC3=CC(=C(C=C3F)F)F)N,End stage renal disease,1
empagliflozin,11949646,C1COCC1OC2=CC=C(C=C2)CC3=C(C=CC(=C3)C4C(C(C(C(O4)CO)O)O)O)Cl,Feeling jittery,1
metformin,4091,CN(C)C(=N)N=C(N)N,Osteopenia,1
acarbose,9811704,CC1C(C(C(C(O1)OC2C(OC(C(C2O)O)OC(C(CO)O)C(C(C=O)O)O)CO)O)O)NC3C=C(C(C(C3O)O)O)CO,Sjogren's syndrome,0
metformin,4091,CN(C)C(=N)N=C(N)N,Coordination abnormal,1
metformin,4091,CN(C)C(=N)N=C(N)N,Ovarian hyperstimulation syndrome,1
metformin,4091,CN(C)C(=N)N=C(N)N,Cushing's syndrome,1
glimepiride,3476,CCC1=C(CN(C1=O)C(=O)NCCC2=CC=C(C=C2)S(=O)(=O)NC(=O)NC3CCC(CC3)C)C,Vascular stenosis,0
sitagliptin,4369359,C1CN2C(=NN=C2C(F)(F)F)CN1C(=O)CC(CC3=CC(=C(C=C3F)F)F)N,Confusional state,1
metformin,4091,CN(C)C(=N)N=C(N)N,Left ventricular hypertrophy,1
glimepiride,3476,CCC1=C(CN(C1=O)C(=O)NCCC2=CC=C(C=C2)S(=O)(=O)NC(=O)NC3CCC(CC3)C)C,Scratch,0
metformin,4091,CN(C)C(=N)N=C(N)N,Stent placement,1
metformin,4091,CN(C)C(=N)N=C(N)N,Ligament rupture,1
metformin,4091,CN(C)C(=N)N=C(N)N,Humidity intolerance,1
metformin,4091,CN(C)C(=N)N=C(N)N,Post thrombotic syndrome,1
sitagliptin,4369359,C1CN2C(=NN=C2C(F)(F)F)CN1C(=O)CC(CC3=CC(=C(C=C3F)F)F)N,Neutrophilia,0
nateglinide,5311309,CC(C)C1CCC(CC1)C(=O)NC(CC2=CC=CC=C2)C(=O)O,Large intestine infection,0
dapagliflozin,9887712,CCOC1=CC=C(C=C1)CC2=C(C=CC(=C2)C3C(C(C(C(O3)CO)O)O)O)Cl,Urinary tract infection fungal,0
metformin,4091,CN(C)C(=N)N=C(N)N,Portal hypertension,1
metformin,4091,CN(C)C(=N)N=C(N)N,Forced expiratory flow decreased,1
metformin,4091,CN(C)C(=N)N=C(N)N,Poor quality product administered,1
pioglitazone,4829,CCC1=CN=C(C=C1)CCOC2=CC=C(C=C2)CC3C(=O)NC(=O)S3,Visual impairment,0
metformin,4091,CN(C)C(=N)N=C(N)N,Maternal exposure during pregnancy,1
sitagliptin,4369359,C1CN2C(=NN=C2C(F)(F)F)CN1C(=O)CC(CC3=CC(=C(C=C3F)F)F)N,Disease recurrence,0
pioglitazone,4829,CCC1=CN=C(C=C1)CCOC2=CC=C(C=C2)CC3C(=O)NC(=O)S3,Urine output increased,1
metformin,4091,CN(C)C(=N)N=C(N)N,Scab,1
glyburide,3488,COC1=C(C=C(C=C1)Cl)C(=O)NCCC2=CC=C(C=C2)S(=O)(=O)NC(=O)NC3CCCCC3,Hypopituitarism,0
rosiglitazone,77999,CN(CCOC1=CC=C(C=C1)CC2C(=O)NC(=O)S2)C3=CC=CC=N3,Fasciitis,0
sitagliptin,4369359,C1CN2C(=NN=C2C(F)(F)F)CN1C(=O)CC(CC3=CC(=C(C=C3F)F)F)N,Hypokalaemia,1
dapagliflozin,9887712,CCOC1=CC=C(C=C1)CC2=C(C=CC(=C2)C3C(C(C(C(O3)CO)O)O)O)Cl,Cerebral atrophy,1
dapagliflozin,9887712,CCOC1=CC=C(C=C1)CC2=C(C=CC(=C2)C3C(C(C(C(O3)CO)O)O)O)Cl,Blood ketone body increased,1
metformin,4091,CN(C)C(=N)N=C(N)N,Herbal interaction,1
metformin,4091,CN(C)C(=N)N=C(N)N,Upper limb fracture,1
canagliflozin,24812758,CC1=C(C=C(C=C1)C2C(C(C(C(O2)CO)O)O)O)CC3=CC=C(S3)C4=CC=C(C=C4)F,Localised infection,1
linagliptin,10096344,CC#CCN1C2=C(N=C1N3CCCC(C3)N)N(C(=O)N(C2=O)CC4=NC5=CC=CC=C5C(=N4)C)C,Blood viscosity increased,0
saxagliptin,11243969,C1C2CC2N(C1C#N)C(=O)C(C34CC5CC(C3)CC(C5)(C4)O)N,Dehydration,1
rosiglitazone,77999,CN(CCOC1=CC=C(C=C1)CC2C(=O)NC(=O)S2)C3=CC=CC=N3,Adverse drug reaction,0
glyburide,3488,COC1=C(C=C(C=C1)Cl)C(=O)NCCC2=CC=C(C=C2)S(=O)(=O)NC(=O)NC3CCCCC3,Tremor,1
metformin,4091,CN(C)C(=N)N=C(N)N,Intestinal obstruction,1
metformin,4091,CN(C)C(=N)N=C(N)N,Splenomegaly,1
metformin,4091,CN(C)C(=N)N=C(N)N,Hyperglycaemia,1
metformin,4091,CN(C)C(=N)N=C(N)N,Pseudomembranous colitis,1
acarbose,9811704,CC1C(C(C(C(O1)OC2C(OC(C(C2O)O)OC(C(CO)O)C(C(C=O)O)O)CO)O)O)NC3C=C(C(C(C3O)O)O)CO,Diet noncompliance,0
dapagliflozin,9887712,CCOC1=CC=C(C=C1)CC2=C(C=CC(=C2)C3C(C(C(C(O3)CO)O)O)O)Cl,Perineal ulceration,0
sitagliptin,4369359,C1CN2C(=NN=C2C(F)(F)F)CN1C(=O)CC(CC3=CC(=C(C=C3F)F)F)N,Obstructive pancreatitis,1
saxagliptin,11243969,C1C2CC2N(C1C#N)C(=O)C(C34CC5CC(C3)CC(C5)(C4)O)N,Blood cholesterol abnormal,0
glipizide,3478,CC1=CN=C(C=N1)C(=O)NCCC2=CC=C(C=C2)S(=O)(=O)NC(=O)NC3CCCCC3,Vitamin D decreased,0
glimepiride,3476,CCC1=C(CN(C1=O)C(=O)NCCC2=CC=C(C=C2)S(=O)(=O)NC(=O)NC3CCC(CC3)C)C,Frequent bowel movements,0
metformin,4091,CN(C)C(=N)N=C(N)N,Asymptomatic COVID-19,1
metformin,4091,CN(C)C(=N)N=C(N)N,Urogenital infection bacterial,1
nateglinide,5311309,CC(C)C1CCC(CC1)C(=O)NC(CC2=CC=CC=C2)C(=O)O,Tongue ulceration,0
empagliflozin,11949646,C1COCC1OC2=CC=C(C=C2)CC3=C(C=CC(=C3)C4C(C(C(C(O4)CO)O)O)O)Cl,Peripheral venous disease,1
empagliflozin,11949646,C1COCC1OC2=CC=C(C=C2)CC3=C(C=CC(=C3)C4C(C(C(C(O4)CO)O)O)O)Cl,Neuropathy peripheral,1
metformin,4091,CN(C)C(=N)N=C(N)N,Psychomotor retardation,1
empagliflozin,11949646,C1COCC1OC2=CC=C(C=C2)CC3=C(C=CC(=C3)C4C(C(C(C(O4)CO)O)O)O)Cl,Incisional hernia,1
glimepiride,3476,CCC1=C(CN(C1=O)C(=O)NCCC2=CC=C(C=C2)S(=O)(=O)NC(=O)NC3CCC(CC3)C)C,Pneumonia aspiration,1
canagliflozin,24812758,CC1=C(C=C(C=C1)C2C(C(C(C(O2)CO)O)O)O)CC3=CC=C(S3)C4=CC=C(C=C4)F,Urine ketone body,1
saxagliptin,11243969,C1C2CC2N(C1C#N)C(=O)C(C34CC5CC(C3)CC(C5)(C4)O)N,Ocular icterus,0
metformin,4091,CN(C)C(=N)N=C(N)N,Bacterial test,1
dapagliflozin,9887712,CCOC1=CC=C(C=C1)CC2=C(C=CC(=C2)C3C(C(C(C(O3)CO)O)O)O)Cl,Cutaneous vasculitis,1
metformin,4091,CN(C)C(=N)N=C(N)N,Protein urine present,1
sitagliptin,4369359,C1CN2C(=NN=C2C(F)(F)F)CN1C(=O)CC(CC3=CC(=C(C=C3F)F)F)N,Nonalcoholic fatty liver disease,0
acarbose,9811704,CC1C(C(C(C(O1)OC2C(OC(C(C2O)O)OC(C(CO)O)C(C(C=O)O)O)CO)O)O)NC3C=C(C(C(C3O)O)O)CO,Intensive care,0
pioglitazone,4829,CCC1=CN=C(C=C1)CCOC2=CC=C(C=C2)CC3C(=O)NC(=O)S3,Dermatitis contact,0
metformin,4091,CN(C)C(=N)N=C(N)N,Aortic valve calcification,1
sitagliptin,4369359,C1CN2C(=NN=C2C(F)(F)F)CN1C(=O)CC(CC3=CC(=C(C=C3F)F)F)N,Pituitary tumour benign,0
linagliptin,10096344,CC#CCN1C2=C(N=C1N3CCCC(C3)N)N(C(=O)N(C2=O)CC4=NC5=CC=CC=C5C(=N4)C)C,Hepatomegaly,0
metformin,4091,CN(C)C(=N)N=C(N)N,Blood insulin increased,0
saxagliptin,11243969,C1C2CC2N(C1C#N)C(=O)C(C34CC5CC(C3)CC(C5)(C4)O)N,Axillary pain,0
rosiglitazone,77999,CN(CCOC1=CC=C(C=C1)CC2C(=O)NC(=O)S2)C3=CC=CC=N3,Neutrophilia,0
glipizide,3478,CC1=CN=C(C=N1)C(=O)NCCC2=CC=C(C=C2)S(=O)(=O)NC(=O)NC3CCCCC3,Central obesity,0
dapagliflozin,9887712,CCOC1=CC=C(C=C1)CC2=C(C=CC(=C2)C3C(C(C(C(O3)CO)O)O)O)Cl,Diverticulum intestinal,1
repaglinide,65981,CCOC1=C(C=CC(=C1)CC(=O)NC(CC(C)C)C2=CC=CC=C2N3CCCCC3)C(=O)O,Abscess limb,0
metformin,4091,CN(C)C(=N)N=C(N)N,Photopsia,1
metformin,4091,CN(C)C(=N)N=C(N)N,Dengue fever,1
rosiglitazone,77999,CN(CCOC1=CC=C(C=C1)CC2C(=O)NC(=O)S2)C3=CC=CC=N3,Pyelonephritis chronic,0
acarbose,9811704,CC1C(C(C(C(O1)OC2C(OC(C(C2O)O)OC(C(CO)O)C(C(C=O)O)O)CO)O)O)NC3C=C(C(C(C3O)O)O)CO,Sunburn,0
metformin,4091,CN(C)C(=N)N=C(N)N,Lung disorder,1
metformin,4091,CN(C)C(=N)N=C(N)N,Apnoea,1
canagliflozin,24812758,CC1=C(C=C(C=C1)C2C(C(C(C(O2)CO)O)O)O)CC3=CC=C(S3)C4=CC=C(C=C4)F,Lymphadenopathy,1
nateglinide,5311309,CC(C)C1CCC(CC1)C(=O)NC(CC2=CC=CC=C2)C(=O)O,Prosthetic valve endocarditis,0
metformin,4091,CN(C)C(=N)N=C(N)N,Madarosis,1
metformin,4091,CN(C)C(=N)N=C(N)N,Acute lymphocytic leukaemia,1
canagliflozin,24812758,CC1=C(C=C(C=C1)C2C(C(C(C(O2)CO)O)O)O)CC3=CC=C(S3)C4=CC=C(C=C4)F,Functional gastrointestinal disorder,1
metformin,4091,CN(C)C(=N)N=C(N)N,Urine abnormality,1
glipizide,3478,CC1=CN=C(C=N1)C(=O)NCCC2=CC=C(C=C2)S(=O)(=O)NC(=O)NC3CCCCC3,Nervousness,1
metformin,4091,CN(C)C(=N)N=C(N)N,Abnormal loss of weight,1
metformin,4091,CN(C)C(=N)N=C(N)N,Urosepsis,1
metformin,4091,CN(C)C(=N)N=C(N)N,Aggression,1
metformin,4091,CN(C)C(=N)N=C(N)N,Blood test abnormal,1
sitagliptin,4369359,C1CN2C(=NN=C2C(F)(F)F)CN1C(=O)CC(CC3=CC(=C(C=C3F)F)F)N,Transplant rejection,1
sitagliptin,4369359,C1CN2C(=NN=C2C(F)(F)F)CN1C(=O)CC(CC3=CC(=C(C=C3F)F)F)N,Skin lesion,1
glyburide,3488,COC1=C(C=C(C=C1)Cl)C(=O)NCCC2=CC=C(C=C2)S(=O)(=O)NC(=O)NC3CCCCC3,Laryngitis viral,0
sitagliptin,4369359,C1CN2C(=NN=C2C(F)(F)F)CN1C(=O)CC(CC3=CC(=C(C=C3F)F)F)N,Device malfunction,0
acarbose,9811704,CC1C(C(C(C(O1)OC2C(OC(C(C2O)O)OC(C(CO)O)C(C(C=O)O)O)CO)O)O)NC3C=C(C(C(C3O)O)O)CO,Cholangitis acute,0
dapagliflozin,9887712,CCOC1=CC=C(C=C1)CC2=C(C=CC(=C2)C3C(C(C(C(O3)CO)O)O)O)Cl,Umbilical cord abnormality,0
repaglinide,65981,CCOC1=C(C=CC(=C1)CC(=O)NC(CC(C)C)C2=CC=CC=C2N3CCCCC3)C(=O)O,Vertigo positional,0
metformin,4091,CN(C)C(=N)N=C(N)N,Double stranded DNA antibody positive,1
glimepiride,3476,CCC1=C(CN(C1=O)C(=O)NCCC2=CC=C(C=C2)S(=O)(=O)NC(=O)NC3CCC(CC3)C)C,Aerococcus urinae infection,0
glipizide,3478,CC1=CN=C(C=N1)C(=O)NCCC2=CC=C(C=C2)S(=O)(=O)NC(=O)NC3CCCCC3,Lethargy,1
glyburide,3488,COC1=C(C=C(C=C1)Cl)C(=O)NCCC2=CC=C(C=C2)S(=O)(=O)NC(=O)NC3CCCCC3,Pemphigus,0
glimepiride,3476,CCC1=C(CN(C1=O)C(=O)NCCC2=CC=C(C=C2)S(=O)(=O)NC(=O)NC3CCC(CC3)C)C,Periostitis,0
empagliflozin,11949646,C1COCC1OC2=CC=C(C=C2)CC3=C(C=CC(=C3)C4C(C(C(C(O4)CO)O)O)O)Cl,Necrotising fasciitis,1
canagliflozin,24812758,CC1=C(C=C(C=C1)C2C(C(C(C(O2)CO)O)O)O)CC3=CC=C(S3)C4=CC=C(C=C4)F,Diabetic gangrene,1
dapagliflozin,9887712,CCOC1=CC=C(C=C1)CC2=C(C=CC(=C2)C3C(C(C(C(O3)CO)O)O)O)Cl,Breast tenderness,1
glipizide,3478,CC1=CN=C(C=N1)C(=O)NCCC2=CC=C(C=C2)S(=O)(=O)NC(=O)NC3CCCCC3,Rash,1
dapagliflozin,9887712,CCOC1=CC=C(C=C1)CC2=C(C=CC(=C2)C3C(C(C(C(O3)CO)O)O)O)Cl,Hyperthyroidism,1
dapagliflozin,9887712,CCOC1=CC=C(C=C1)CC2=C(C=CC(=C2)C3C(C(C(C(O3)CO)O)O)O)Cl,Amyotrophic lateral sclerosis,0
canagliflozin,24812758,CC1=C(C=C(C=C1)C2C(C(C(C(O2)CO)O)O)O)CC3=CC=C(S3)C4=CC=C(C=C4)F,Blood count abnormal,1
metformin,4091,CN(C)C(=N)N=C(N)N,Foreign travel,1
canagliflozin,24812758,CC1=C(C=C(C=C1)C2C(C(C(C(O2)CO)O)O)O)CC3=CC=C(S3)C4=CC=C(C=C4)F,Atrial septal defect,0
sitagliptin,4369359,C1CN2C(=NN=C2C(F)(F)F)CN1C(=O)CC(CC3=CC(=C(C=C3F)F)F)N,Tachycardia,1
metformin,4091,CN(C)C(=N)N=C(N)N,Injection site warmth,1
saxagliptin,11243969,C1C2CC2N(C1C#N)C(=O)C(C34CC5CC(C3)CC(C5)(C4)O)N,Hyperglycaemia,1
metformin,4091,CN(C)C(=N)N=C(N)N,Renal neoplasm,1
pioglitazone,4829,CCC1=CN=C(C=C1)CCOC2=CC=C(C=C2)CC3C(=O)NC(=O)S3,Fall,1
saxagliptin,11243969,C1C2CC2N(C1C#N)C(=O)C(C34CC5CC(C3)CC(C5)(C4)O)N,Fatigue,1
glyburide,3488,COC1=C(C=C(C=C1)Cl)C(=O)NCCC2=CC=C(C=C2)S(=O)(=O)NC(=O)NC3CCCCC3,Alveolar osteitis,0
glipizide,3478,CC1=CN=C(C=N1)C(=O)NCCC2=CC=C(C=C2)S(=O)(=O)NC(=O)NC3CCCCC3,Genital erosion,0
nateglinide,5311309,CC(C)C1CCC(CC1)C(=O)NC(CC2=CC=CC=C2)C(=O)O,Agitated depression,0
glimepiride,3476,CCC1=C(CN(C1=O)C(=O)NCCC2=CC=C(C=C2)S(=O)(=O)NC(=O)NC3CCC(CC3)C)C,Campylobacter infection,0
metformin,4091,CN(C)C(=N)N=C(N)N,Nitrite urine present,1
metformin,4091,CN(C)C(=N)N=C(N)N,Acute lung injury,1
sitagliptin,4369359,C1CN2C(=NN=C2C(F)(F)F)CN1C(=O)CC(CC3=CC(=C(C=C3F)F)F)N,Nasopharyngitis,0
empagliflozin,11949646,C1COCC1OC2=CC=C(C=C2)CC3=C(C=CC(=C3)C4C(C(C(C(O4)CO)O)O)O)Cl,Dehydration,1
pioglitazone,4829,CCC1=CN=C(C=C1)CCOC2=CC=C(C=C2)CC3C(=O)NC(=O)S3,Generalised oedema,1
metformin,4091,CN(C)C(=N)N=C(N)N,Vulvovaginal burning sensation,1
glipizide,3478,CC1=CN=C(C=N1)C(=O)NCCC2=CC=C(C=C2)S(=O)(=O)NC(=O)NC3CCCCC3,Product dispensing error,1
metformin,4091,CN(C)C(=N)N=C(N)N,Hepatopulmonary syndrome,1
metformin,4091,CN(C)C(=N)N=C(N)N,Fungal pharyngitis,1
saxagliptin,11243969,C1C2CC2N(C1C#N)C(=O)C(C34CC5CC(C3)CC(C5)(C4)O)N,Quadriparesis,0
metformin,4091,CN(C)C(=N)N=C(N)N,Non-alcoholic steatohepatitis,1
repaglinide,65981,CCOC1=C(C=CC(=C1)CC(=O)NC(CC(C)C)C2=CC=CC=C2N3CCCCC3)C(=O)O,Reduced facial expression,0
metformin,4091,CN(C)C(=N)N=C(N)N,Squamous cell carcinoma,1
metformin,4091,CN(C)C(=N)N=C(N)N,Blood potassium increased,1
metformin,4091,CN(C)C(=N)N=C(N)N,Internal haemorrhage,1
repaglinide,65981,CCOC1=C(C=CC(=C1)CC(=O)NC(CC(C)C)C2=CC=CC=C2N3CCCCC3)C(=O)O,Intestinal obstruction,0
canagliflozin,24812758,CC1=C(C=C(C=C1)C2C(C(C(C(O2)CO)O)O)O)CC3=CC=C(S3)C4=CC=C(C=C4)F,Cyanosis,0
dapagliflozin,9887712,CCOC1=CC=C(C=C1)CC2=C(C=CC(=C2)C3C(C(C(C(O3)CO)O)O)O)Cl,Hypothermia,1
dapagliflozin,9887712,CCOC1=CC=C(C=C1)CC2=C(C=CC(=C2)C3C(C(C(C(O3)CO)O)O)O)Cl,Gingival disorder,0
glipizide,3478,CC1=CN=C(C=N1)C(=O)NCCC2=CC=C(C=C2)S(=O)(=O)NC(=O)NC3CCCCC3,Papule,0
saxagliptin,11243969,C1C2CC2N(C1C#N)C(=O)C(C34CC5CC(C3)CC(C5)(C4)O)N,Emotional distress,0
metformin,4091,CN(C)C(=N)N=C(N)N,Acidosis,1
metformin,4091,CN(C)C(=N)N=C(N)N,Burning mouth syndrome,1
sitagliptin,4369359,C1CN2C(=NN=C2C(F)(F)F)CN1C(=O)CC(CC3=CC(=C(C=C3F)F)F)N,Sensorimotor disorder,0
glimepiride,3476,CCC1=C(CN(C1=O)C(=O)NCCC2=CC=C(C=C2)S(=O)(=O)NC(=O)NC3CCC(CC3)C)C,Chronic gastritis,0
saxagliptin,11243969,C1C2CC2N(C1C#N)C(=O)C(C34CC5CC(C3)CC(C5)(C4)O)N,Ocular hypertension,0
saxagliptin,11243969,C1C2CC2N(C1C#N)C(=O)C(C34CC5CC(C3)CC(C5)(C4)O)N,Heart rate decreased,1
metformin,4091,CN(C)C(=N)N=C(N)N,International normalised ratio decreased,1
linagliptin,10096344,CC#CCN1C2=C(N=C1N3CCCC(C3)N)N(C(=O)N(C2=O)CC4=NC5=CC=CC=C5C(=N4)C)C,Gastrointestinal toxicity,0
metformin,4091,CN(C)C(=N)N=C(N)N,Hormone level abnormal,1
sitagliptin,4369359,C1CN2C(=NN=C2C(F)(F)F)CN1C(=O)CC(CC3=CC(=C(C=C3F)F)F)N,Daydreaming,0
glipizide,3478,CC1=CN=C(C=N1)C(=O)NCCC2=CC=C(C=C2)S(=O)(=O)NC(=O)NC3CCCCC3,Poor quality product administered,1
rosiglitazone,77999,CN(CCOC1=CC=C(C=C1)CC2C(=O)NC(=O)S2)C3=CC=CC=N3,Oesophageal varices haemorrhage,0
sitagliptin,4369359,C1CN2C(=NN=C2C(F)(F)F)CN1C(=O)CC(CC3=CC(=C(C=C3F)F)F)N,Enteritis,1
metformin,4091,CN(C)C(=N)N=C(N)N,Blood glucose fluctuation,1
metformin,4091,CN(C)C(=N)N=C(N)N,Anal fissure,1
glipizide,3478,CC1=CN=C(C=N1)C(=O)NCCC2=CC=C(C=C2)S(=O)(=O)NC(=O)NC3CCCCC3,Continuous haemodiafiltration,0
linagliptin,10096344,CC#CCN1C2=C(N=C1N3CCCC(C3)N)N(C(=O)N(C2=O)CC4=NC5=CC=CC=C5C(=N4)C)C,Chronic spontaneous urticaria,0
glyburide,3488,COC1=C(C=C(C=C1)Cl)C(=O)NCCC2=CC=C(C=C2)S(=O)(=O)NC(=O)NC3CCCCC3,Heparin-induced thrombocytopenia,0
dapagliflozin,9887712,CCOC1=CC=C(C=C1)CC2=C(C=CC(=C2)C3C(C(C(C(O3)CO)O)O)O)Cl,Headache,1
canagliflozin,24812758,CC1=C(C=C(C=C1)C2C(C(C(C(O2)CO)O)O)O)CC3=CC=C(S3)C4=CC=C(C=C4)F,Metabolic alkalosis,0
canagliflozin,24812758,CC1=C(C=C(C=C1)C2C(C(C(C(O2)CO)O)O)O)CC3=CC=C(S3)C4=CC=C(C=C4)F,Somnolence,1
metformin,4091,CN(C)C(=N)N=C(N)N,Dermatitis allergic,1
dapagliflozin,9887712,CCOC1=CC=C(C=C1)CC2=C(C=CC(=C2)C3C(C(C(C(O3)CO)O)O)O)Cl,Perineal pain,1
metformin,4091,CN(C)C(=N)N=C(N)N,Toxicologic test abnormal,1
pioglitazone,4829,CCC1=CN=C(C=C1)CCOC2=CC=C(C=C2)CC3C(=O)NC(=O)S3,Thermal burn,0
canagliflozin,24812758,CC1=C(C=C(C=C1)C2C(C(C(C(O2)CO)O)O)O)CC3=CC=C(S3)C4=CC=C(C=C4)F,Therapy partial responder,0
saxagliptin,11243969,C1C2CC2N(C1C#N)C(=O)C(C34CC5CC(C3)CC(C5)(C4)O)N,Blood pressure systolic increased,1
saxagliptin,11243969,C1C2CC2N(C1C#N)C(=O)C(C34CC5CC(C3)CC(C5)(C4)O)N,Nausea,1
saxagliptin,11243969,C1C2CC2N(C1C#N)C(=O)C(C34CC5CC(C3)CC(C5)(C4)O)N,Angina pectoris,1
nateglinide,5311309,CC(C)C1CCC(CC1)C(=O)NC(CC2=CC=CC=C2)C(=O)O,Leukopenia neonatal,0
metformin,4091,CN(C)C(=N)N=C(N)N,Basilar artery thrombosis,1
rosiglitazone,77999,CN(CCOC1=CC=C(C=C1)CC2C(=O)NC(=O)S2)C3=CC=CC=N3,Conduction disorder,0
metformin,4091,CN(C)C(=N)N=C(N)N,Hiatus hernia,1
metformin,4091,CN(C)C(=N)N=C(N)N,Respiratory tract congestion,1
glimepiride,3476,CCC1=C(CN(C1=O)C(=O)NCCC2=CC=C(C=C2)S(=O)(=O)NC(=O)NC3CCC(CC3)C)C,Pulmonary embolism,1
dapagliflozin,9887712,CCOC1=CC=C(C=C1)CC2=C(C=CC(=C2)C3C(C(C(C(O3)CO)O)O)O)Cl,Nocturia,1
glipizide,3478,CC1=CN=C(C=N1)C(=O)NCCC2=CC=C(C=C2)S(=O)(=O)NC(=O)NC3CCCCC3,Drug-induced liver injury,0
metformin,4091,CN(C)C(=N)N=C(N)N,Pharyngotonsillitis,1
empagliflozin,11949646,C1COCC1OC2=CC=C(C=C2)CC3=C(C=CC(=C3)C4C(C(C(C(O4)CO)O)O)O)Cl,Toe amputation,1
metformin,4091,CN(C)C(=N)N=C(N)N,Malabsorption,1
sitagliptin,4369359,C1CN2C(=NN=C2C(F)(F)F)CN1C(=O)CC(CC3=CC(=C(C=C3F)F)F)N,Gastrointestinal carcinoma,0
metformin,4091,CN(C)C(=N)N=C(N)N,Tooth abscess,1
repaglinide,65981,CCOC1=C(C=CC(=C1)CC(=O)NC(CC(C)C)C2=CC=CC=C2N3CCCCC3)C(=O)O,Hypercoagulation,0
saxagliptin,11243969,C1C2CC2N(C1C#N)C(=O)C(C34CC5CC(C3)CC(C5)(C4)O)N,Cold sweat,1
glyburide,3488,COC1=C(C=C(C=C1)Cl)C(=O)NCCC2=CC=C(C=C2)S(=O)(=O)NC(=O)NC3CCCCC3,5-hydroxyindolacetic acid in urine increased,0
canagliflozin,24812758,CC1=C(C=C(C=C1)C2C(C(C(C(O2)CO)O)O)O)CC3=CC=C(S3)C4=CC=C(C=C4)F,Cellulitis,1
metformin,4091,CN(C)C(=N)N=C(N)N,Penile infection,1
glimepiride,3476,CCC1=C(CN(C1=O)C(=O)NCCC2=CC=C(C=C2)S(=O)(=O)NC(=O)NC3CCC(CC3)C)C,Infective exacerbation of chronic obstructive airways disease,0
glyburide,3488,COC1=C(C=C(C=C1)Cl)C(=O)NCCC2=CC=C(C=C2)S(=O)(=O)NC(=O)NC3CCCCC3,Foetal exposure during pregnancy,1
glyburide,3488,COC1=C(C=C(C=C1)Cl)C(=O)NCCC2=CC=C(C=C2)S(=O)(=O)NC(=O)NC3CCCCC3,Abdominal pain lower,0
glipizide,3478,CC1=CN=C(C=N1)C(=O)NCCC2=CC=C(C=C2)S(=O)(=O)NC(=O)NC3CCCCC3,Arthralgia,1
metformin,4091,CN(C)C(=N)N=C(N)N,Diabetic vascular disorder,1
repaglinide,65981,CCOC1=C(C=CC(=C1)CC(=O)NC(CC(C)C)C2=CC=CC=C2N3CCCCC3)C(=O)O,Mania,1
linagliptin,10096344,CC#CCN1C2=C(N=C1N3CCCC(C3)N)N(C(=O)N(C2=O)CC4=NC5=CC=CC=C5C(=N4)C)C,Hyperphagia,0
pioglitazone,4829,CCC1=CN=C(C=C1)CCOC2=CC=C(C=C2)CC3C(=O)NC(=O)S3,Failure to suspend medication,0
repaglinide,65981,CCOC1=C(C=CC(=C1)CC(=O)NC(CC(C)C)C2=CC=CC=C2N3CCCCC3)C(=O)O,Sexual dysfunction,0
nateglinide,5311309,CC(C)C1CCC(CC1)C(=O)NC(CC2=CC=CC=C2)C(=O)O,Infection,0
sitagliptin,4369359,C1CN2C(=NN=C2C(F)(F)F)CN1C(=O)CC(CC3=CC(=C(C=C3F)F)F)N,International normalised ratio increased,0
empagliflozin,11949646,C1COCC1OC2=CC=C(C=C2)CC3=C(C=CC(=C3)C4C(C(C(C(O4)CO)O)O)O)Cl,Hepatitis A,0
sitagliptin,4369359,C1CN2C(=NN=C2C(F)(F)F)CN1C(=O)CC(CC3=CC(=C(C=C3F)F)F)N,Lip dry,0
glimepiride,3476,CCC1=C(CN(C1=O)C(=O)NCCC2=CC=C(C=C2)S(=O)(=O)NC(=O)NC3CCC(CC3)C)C,Amylase increased,0
metformin,4091,CN(C)C(=N)N=C(N)N,Oedema peripheral,1
repaglinide,65981,CCOC1=C(C=CC(=C1)CC(=O)NC(CC(C)C)C2=CC=CC=C2N3CCCCC3)C(=O)O,Hypoglycaemic coma,1
glyburide,3488,COC1=C(C=C(C=C1)Cl)C(=O)NCCC2=CC=C(C=C2)S(=O)(=O)NC(=O)NC3CCCCC3,Dermatitis allergic,0
dapagliflozin,9887712,CCOC1=CC=C(C=C1)CC2=C(C=CC(=C2)C3C(C(C(C(O3)CO)O)O)O)Cl,Psychotic disorder,0
metformin,4091,CN(C)C(=N)N=C(N)N,Mental disorder,1
pioglitazone,4829,CCC1=CN=C(C=C1)CCOC2=CC=C(C=C2)CC3C(=O)NC(=O)S3,Drug effective for unapproved indication,0
nateglinide,5311309,CC(C)C1CCC(CC1)C(=O)NC(CC2=CC=CC=C2)C(=O)O,Out of specification test results,0
glimepiride,3476,CCC1=C(CN(C1=O)C(=O)NCCC2=CC=C(C=C2)S(=O)(=O)NC(=O)NC3CCC(CC3)C)C,Choreoathetosis,0
rosiglitazone,77999,CN(CCOC1=CC=C(C=C1)CC2C(=O)NC(=O)S2)C3=CC=CC=N3,Genital erosion,0
nateglinide,5311309,CC(C)C1CCC(CC1)C(=O)NC(CC2=CC=CC=C2)C(=O)O,Apparent death,0
glimepiride,3476,CCC1=C(CN(C1=O)C(=O)NCCC2=CC=C(C=C2)S(=O)(=O)NC(=O)NC3CCC(CC3)C)C,Coordination abnormal,0
metformin,4091,CN(C)C(=N)N=C(N)N,Rash vesicular,1
empagliflozin,11949646,C1COCC1OC2=CC=C(C=C2)CC3=C(C=CC(=C3)C4C(C(C(C(O4)CO)O)O)O)Cl,Blood bilirubin increased,1
canagliflozin,24812758,CC1=C(C=C(C=C1)C2C(C(C(C(O2)CO)O)O)O)CC3=CC=C(S3)C4=CC=C(C=C4)F,Coronary artery occlusion,0
empagliflozin,11949646,C1COCC1OC2=CC=C(C=C2)CC3=C(C=CC(=C3)C4C(C(C(C(O4)CO)O)O)O)Cl,Pancreatic carcinoma metastatic,0
canagliflozin,24812758,CC1=C(C=C(C=C1)C2C(C(C(C(O2)CO)O)O)O)CC3=CC=C(S3)C4=CC=C(C=C4)F,Restless legs syndrome,0
canagliflozin,24812758,CC1=C(C=C(C=C1)C2C(C(C(C(O2)CO)O)O)O)CC3=CC=C(S3)C4=CC=C(C=C4)F,Vascular graft,0
canagliflozin,24812758,CC1=C(C=C(C=C1)C2C(C(C(C(O2)CO)O)O)O)CC3=CC=C(S3)C4=CC=C(C=C4)F,Skin atrophy,0
metformin,4091,CN(C)C(=N)N=C(N)N,Deafness,1
empagliflozin,11949646,C1COCC1OC2=CC=C(C=C2)CC3=C(C=CC(=C3)C4C(C(C(C(O4)CO)O)O)O)Cl,Nasal polyps,0
nateglinide,5311309,CC(C)C1CCC(CC1)C(=O)NC(CC2=CC=CC=C2)C(=O)O,Gastrointestinal disorder,1
metformin,4091,CN(C)C(=N)N=C(N)N,Dermatitis exfoliative,1
metformin,4091,CN(C)C(=N)N=C(N)N,Deafness unilateral,1
pioglitazone,4829,CCC1=CN=C(C=C1)CCOC2=CC=C(C=C2)CC3C(=O)NC(=O)S3,Multiple use of single-use product,0
metformin,4091,CN(C)C(=N)N=C(N)N,Therapeutic product effect decreased,1
saxagliptin,11243969,C1C2CC2N(C1C#N)C(=O)C(C34CC5CC(C3)CC(C5)(C4)O)N,Circumstance or information capable of leading to medication error,0
canagliflozin,24812758,CC1=C(C=C(C=C1)C2C(C(C(C(O2)CO)O)O)O)CC3=CC=C(S3)C4=CC=C(C=C4)F,Mucosal erosion,0
metformin,4091,CN(C)C(=N)N=C(N)N,Skin fissures,1
metformin,4091,CN(C)C(=N)N=C(N)N,Hypotension,1
pioglitazone,4829,CCC1=CN=C(C=C1)CCOC2=CC=C(C=C2)CC3C(=O)NC(=O)S3,Eyelid skin dryness,0
repaglinide,65981,CCOC1=C(C=CC(=C1)CC(=O)NC(CC(C)C)C2=CC=CC=C2N3CCCCC3)C(=O)O,Pancreatitis acute,1
metformin,4091,CN(C)C(=N)N=C(N)N,Dependence,1
nateglinide,5311309,CC(C)C1CCC(CC1)C(=O)NC(CC2=CC=CC=C2)C(=O)O,Haematemesis,0
metformin,4091,CN(C)C(=N)N=C(N)N,Emotional distress,1
metformin,4091,CN(C)C(=N)N=C(N)N,Alcoholic ketoacidosis,1
metformin,4091,CN(C)C(=N)N=C(N)N,Heart rate increased,1
pioglitazone,4829,CCC1=CN=C(C=C1)CCOC2=CC=C(C=C2)CC3C(=O)NC(=O)S3,Vitreous floaters,0
metformin,4091,CN(C)C(=N)N=C(N)N,Quality of life decreased,1
sitagliptin,4369359,C1CN2C(=NN=C2C(F)(F)F)CN1C(=O)CC(CC3=CC(=C(C=C3F)F)F)N,Adverse reaction,1
linagliptin,10096344,CC#CCN1C2=C(N=C1N3CCCC(C3)N)N(C(=O)N(C2=O)CC4=NC5=CC=CC=C5C(=N4)C)C,Nausea,1
repaglinide,65981,CCOC1=C(C=CC(=C1)CC(=O)NC(CC(C)C)C2=CC=CC=C2N3CCCCC3)C(=O)O,Bacterial vaginosis,0
canagliflozin,24812758,CC1=C(C=C(C=C1)C2C(C(C(C(O2)CO)O)O)O)CC3=CC=C(S3)C4=CC=C(C=C4)F,Pemphigoid,1
glimepiride,3476,CCC1=C(CN(C1=O)C(=O)NCCC2=CC=C(C=C2)S(=O)(=O)NC(=O)NC3CCC(CC3)C)C,Hot flush,1
linagliptin,10096344,CC#CCN1C2=C(N=C1N3CCCC(C3)N)N(C(=O)N(C2=O)CC4=NC5=CC=CC=C5C(=N4)C)C,Neuropathic ulcer,0
dapagliflozin,9887712,CCOC1=CC=C(C=C1)CC2=C(C=CC(=C2)C3C(C(C(C(O3)CO)O)O)O)Cl,Constipation,1
nateglinide,5311309,CC(C)C1CCC(CC1)C(=O)NC(CC2=CC=CC=C2)C(=O)O,Therapy non-responder,1
linagliptin,10096344,CC#CCN1C2=C(N=C1N3CCCC(C3)N)N(C(=O)N(C2=O)CC4=NC5=CC=CC=C5C(=N4)C)C,Spinal compression fracture,0
dapagliflozin,9887712,CCOC1=CC=C(C=C1)CC2=C(C=CC(=C2)C3C(C(C(C(O3)CO)O)O)O)Cl,Intracranial haematoma,0
metformin,4091,CN(C)C(=N)N=C(N)N,Multimorbidity,1
saxagliptin,11243969,C1C2CC2N(C1C#N)C(=O)C(C34CC5CC(C3)CC(C5)(C4)O)N,Tendon injury,0
glimepiride,3476,CCC1=C(CN(C1=O)C(=O)NCCC2=CC=C(C=C2)S(=O)(=O)NC(=O)NC3CCC(CC3)C)C,Blood creatine phosphokinase increased,1
metformin,4091,CN(C)C(=N)N=C(N)N,Stomatitis,1
nateglinide,5311309,CC(C)C1CCC(CC1)C(=O)NC(CC2=CC=CC=C2)C(=O)O,Glycogen storage disorder,0
dapagliflozin,9887712,CCOC1=CC=C(C=C1)CC2=C(C=CC(=C2)C3C(C(C(C(O3)CO)O)O)O)Cl,Diarrhoea,1
metformin,4091,CN(C)C(=N)N=C(N)N,Oesophageal varices haemorrhage,1
metformin,4091,CN(C)C(=N)N=C(N)N,Vertigo positional,1
repaglinide,65981,CCOC1=C(C=CC(=C1)CC(=O)NC(CC(C)C)C2=CC=CC=C2N3CCCCC3)C(=O)O,Choroid melanoma,0
repaglinide,65981,CCOC1=C(C=CC(=C1)CC(=O)NC(CC(C)C)C2=CC=CC=C2N3CCCCC3)C(=O)O,Alopecia areata,0
repaglinide,65981,CCOC1=C(C=CC(=C1)CC(=O)NC(CC(C)C)C2=CC=CC=C2N3CCCCC3)C(=O)O,Suicide attempt,1
glipizide,3478,CC1=CN=C(C=N1)C(=O)NCCC2=CC=C(C=C2)S(=O)(=O)NC(=O)NC3CCCCC3,Heart rate irregular,1
glimepiride,3476,CCC1=C(CN(C1=O)C(=O)NCCC2=CC=C(C=C2)S(=O)(=O)NC(=O)NC3CCC(CC3)C)C,Blood alkaline phosphatase increased,1
metformin,4091,CN(C)C(=N)N=C(N)N,Product measured potency issue,1
empagliflozin,11949646,C1COCC1OC2=CC=C(C=C2)CC3=C(C=CC(=C3)C4C(C(C(C(O4)CO)O)O)O)Cl,Product residue present,0
pioglitazone,4829,CCC1=CN=C(C=C1)CCOC2=CC=C(C=C2)CC3C(=O)NC(=O)S3,Malignant neoplasm progression,1
glyburide,3488,COC1=C(C=C(C=C1)Cl)C(=O)NCCC2=CC=C(C=C2)S(=O)(=O)NC(=O)NC3CCCCC3,Peripheral circulatory failure,0
saxagliptin,11243969,C1C2CC2N(C1C#N)C(=O)C(C34CC5CC(C3)CC(C5)(C4)O)N,Breast mass,0
rosiglitazone,77999,CN(CCOC1=CC=C(C=C1)CC2C(=O)NC(=O)S2)C3=CC=CC=N3,Foetal exposure during pregnancy,1
sitagliptin,4369359,C1CN2C(=NN=C2C(F)(F)F)CN1C(=O)CC(CC3=CC(=C(C=C3F)F)F)N,Proctalgia,0
dapagliflozin,9887712,CCOC1=CC=C(C=C1)CC2=C(C=CC(=C2)C3C(C(C(C(O3)CO)O)O)O)Cl,Poor venous access,0
metformin,4091,CN(C)C(=N)N=C(N)N,Metabolic myopathy,1
rosiglitazone,77999,CN(CCOC1=CC=C(C=C1)CC2C(=O)NC(=O)S2)C3=CC=CC=N3,Intentional dose omission,0
saxagliptin,11243969,C1C2CC2N(C1C#N)C(=O)C(C34CC5CC(C3)CC(C5)(C4)O)N,Immune system disorder,0
glipizide,3478,CC1=CN=C(C=N1)C(=O)NCCC2=CC=C(C=C2)S(=O)(=O)NC(=O)NC3CCCCC3,Limb discomfort,1
nateglinide,5311309,CC(C)C1CCC(CC1)C(=O)NC(CC2=CC=CC=C2)C(=O)O,Dyspnoea at rest,0
rosiglitazone,77999,CN(CCOC1=CC=C(C=C1)CC2C(=O)NC(=O)S2)C3=CC=CC=N3,Narcolepsy,0
glipizide,3478,CC1=CN=C(C=N1)C(=O)NCCC2=CC=C(C=C2)S(=O)(=O)NC(=O)NC3CCCCC3,Lactic acidosis,1
canagliflozin,24812758,CC1=C(C=C(C=C1)C2C(C(C(C(O2)CO)O)O)O)CC3=CC=C(S3)C4=CC=C(C=C4)F,Gangrene,1
acarbose,9811704,CC1C(C(C(C(O1)OC2C(OC(C(C2O)O)OC(C(CO)O)C(C(C=O)O)O)CO)O)O)NC3C=C(C(C(C3O)O)O)CO,Explorative laparotomy,0
metformin,4091,CN(C)C(=N)N=C(N)N,Therapeutic product effect incomplete,1
metformin,4091,CN(C)C(=N)N=C(N)N,Blood creatinine increased,1
canagliflozin,24812758,CC1=C(C=C(C=C1)C2C(C(C(C(O2)CO)O)O)O)CC3=CC=C(S3)C4=CC=C(C=C4)F,Limb discomfort,1
glimepiride,3476,CCC1=C(CN(C1=O)C(=O)NCCC2=CC=C(C=C2)S(=O)(=O)NC(=O)NC3CCC(CC3)C)C,Spinal stenosis,0
metformin,4091,CN(C)C(=N)N=C(N)N,Preterm premature rupture of membranes,1
glipizide,3478,CC1=CN=C(C=N1)C(=O)NCCC2=CC=C(C=C2)S(=O)(=O)NC(=O)NC3CCCCC3,Tubulointerstitial nephritis,1
glimepiride,3476,CCC1=C(CN(C1=O)C(=O)NCCC2=CC=C(C=C2)S(=O)(=O)NC(=O)NC3CCC(CC3)C)C,Decreased interest,0
empagliflozin,11949646,C1COCC1OC2=CC=C(C=C2)CC3=C(C=CC(=C3)C4C(C(C(C(O4)CO)O)O)O)Cl,Atrioventricular block second degree,0
linagliptin,10096344,CC#CCN1C2=C(N=C1N3CCCC(C3)N)N(C(=O)N(C2=O)CC4=NC5=CC=CC=C5C(=N4)C)C,Muscle injury,0
metformin,4091,CN(C)C(=N)N=C(N)N,Cortisol increased,1
pioglitazone,4829,CCC1=CN=C(C=C1)CCOC2=CC=C(C=C2)CC3C(=O)NC(=O)S3,Coagulation factor decreased,0
dapagliflozin,9887712,CCOC1=CC=C(C=C1)CC2=C(C=CC(=C2)C3C(C(C(C(O3)CO)O)O)O)Cl,Aortic valve stenosis,0
metformin,4091,CN(C)C(=N)N=C(N)N,Nonspecific reaction,1
glipizide,3478,CC1=CN=C(C=N1)C(=O)NCCC2=CC=C(C=C2)S(=O)(=O)NC(=O)NC3CCCCC3,Myocardial infarction,1
saxagliptin,11243969,C1C2CC2N(C1C#N)C(=O)C(C34CC5CC(C3)CC(C5)(C4)O)N,Bursitis,0
saxagliptin,11243969,C1C2CC2N(C1C#N)C(=O)C(C34CC5CC(C3)CC(C5)(C4)O)N,Retinopathy proliferative,0
sitagliptin,4369359,C1CN2C(=NN=C2C(F)(F)F)CN1C(=O)CC(CC3=CC(=C(C=C3F)F)F)N,Wrong patient received product,1
saxagliptin,11243969,C1C2CC2N(C1C#N)C(=O)C(C34CC5CC(C3)CC(C5)(C4)O)N,Vulvovaginal mycotic infection,0
acarbose,9811704,CC1C(C(C(C(O1)OC2C(OC(C(C2O)O)OC(C(CO)O)C(C(C=O)O)O)CO)O)O)NC3C=C(C(C(C3O)O)O)CO,Carotid artery stenosis,0
linagliptin,10096344,CC#CCN1C2=C(N=C1N3CCCC(C3)N)N(C(=O)N(C2=O)CC4=NC5=CC=CC=C5C(=N4)C)C,Drug tolerance,0
metformin,4091,CN(C)C(=N)N=C(N)N,Dystonia,1
empagliflozin,11949646,C1COCC1OC2=CC=C(C=C2)CC3=C(C=CC(=C3)C4C(C(C(C(O4)CO)O)O)O)Cl,Diabetic gangrene,0
glimepiride,3476,CCC1=C(CN(C1=O)C(=O)NCCC2=CC=C(C=C2)S(=O)(=O)NC(=O)NC3CCC(CC3)C)C,Infection,0
pioglitazone,4829,CCC1=CN=C(C=C1)CCOC2=CC=C(C=C2)CC3C(=O)NC(=O)S3,Peripheral artery haematoma,0
metformin,4091,CN(C)C(=N)N=C(N)N,Wound complication,1
glipizide,3478,CC1=CN=C(C=N1)C(=O)NCCC2=CC=C(C=C2)S(=O)(=O)NC(=O)NC3CCCCC3,Haemofiltration,0
empagliflozin,11949646,C1COCC1OC2=CC=C(C=C2)CC3=C(C=CC(=C3)C4C(C(C(C(O4)CO)O)O)O)Cl,Skin induration,0
acarbose,9811704,CC1C(C(C(C(O1)OC2C(OC(C(C2O)O)OC(C(CO)O)C(C(C=O)O)O)CO)O)O)NC3C=C(C(C(C3O)O)O)CO,Self-destructive behaviour,0
dapagliflozin,9887712,CCOC1=CC=C(C=C1)CC2=C(C=CC(=C2)C3C(C(C(C(O3)CO)O)O)O)Cl,Chills,1
repaglinide,65981,CCOC1=C(C=CC(=C1)CC(=O)NC(CC(C)C)C2=CC=CC=C2N3CCCCC3)C(=O)O,Cholelithiasis,1
metformin,4091,CN(C)C(=N)N=C(N)N,Hemiplegia,1
pioglitazone,4829,CCC1=CN=C(C=C1)CCOC2=CC=C(C=C2)CC3C(=O)NC(=O)S3,Eosinophil count decreased,0
glipizide,3478,CC1=CN=C(C=N1)C(=O)NCCC2=CC=C(C=C2)S(=O)(=O)NC(=O)NC3CCCCC3,Treatment failure,0
empagliflozin,11949646,C1COCC1OC2=CC=C(C=C2)CC3=C(C=CC(=C3)C4C(C(C(C(O4)CO)O)O)O)Cl,Skin injury,0
rosiglitazone,77999,CN(CCOC1=CC=C(C=C1)CC2C(=O)NC(=O)S2)C3=CC=CC=N3,Arthritis bacterial,0
pioglitazone,4829,CCC1=CN=C(C=C1)CCOC2=CC=C(C=C2)CC3C(=O)NC(=O)S3,Developmental delay,0
sitagliptin,4369359,C1CN2C(=NN=C2C(F)(F)F)CN1C(=O)CC(CC3=CC(=C(C=C3F)F)F)N,Vulvovaginal burning sensation,0
empagliflozin,11949646,C1COCC1OC2=CC=C(C=C2)CC3=C(C=CC(=C3)C4C(C(C(C(O4)CO)O)O)O)Cl,Intervertebral disc displacement,0
metformin,4091,CN(C)C(=N)N=C(N)N,Urinary tract infection,1
canagliflozin,24812758,CC1=C(C=C(C=C1)C2C(C(C(C(O2)CO)O)O)O)CC3=CC=C(S3)C4=CC=C(C=C4)F,Single functional kidney,1
metformin,4091,CN(C)C(=N)N=C(N)N,Injection site pruritus,1
canagliflozin,24812758,CC1=C(C=C(C=C1)C2C(C(C(C(O2)CO)O)O)O)CC3=CC=C(S3)C4=CC=C(C=C4)F,Aortic dilatation,0
pioglitazone,4829,CCC1=CN=C(C=C1)CCOC2=CC=C(C=C2)CC3C(=O)NC(=O)S3,Electrocardiogram T wave peaked,0
canagliflozin,24812758,CC1=C(C=C(C=C1)C2C(C(C(C(O2)CO)O)O)O)CC3=CC=C(S3)C4=CC=C(C=C4)F,Albumin urine present,1
dapagliflozin,9887712,CCOC1=CC=C(C=C1)CC2=C(C=CC(=C2)C3C(C(C(C(O3)CO)O)O)O)Cl,IgA nephropathy,0
canagliflozin,24812758,CC1=C(C=C(C=C1)C2C(C(C(C(O2)CO)O)O)O)CC3=CC=C(S3)C4=CC=C(C=C4)F,Muscle disorder,1
metformin,4091,CN(C)C(=N)N=C(N)N,Cardiopulmonary failure,1
metformin,4091,CN(C)C(=N)N=C(N)N,Diaphragmatic spasm,1
metformin,4091,CN(C)C(=N)N=C(N)N,Congenital absence of bile ducts,1
empagliflozin,11949646,C1COCC1OC2=CC=C(C=C2)CC3=C(C=CC(=C3)C4C(C(C(C(O4)CO)O)O)O)Cl,Penile oedema,0
metformin,4091,CN(C)C(=N)N=C(N)N,Product administration error,1
pioglitazone,4829,CCC1=CN=C(C=C1)CCOC2=CC=C(C=C2)CC3C(=O)NC(=O)S3,PCO2 decreased,0
canagliflozin,24812758,CC1=C(C=C(C=C1)C2C(C(C(C(O2)CO)O)O)O)CC3=CC=C(S3)C4=CC=C(C=C4)F,Wrong product administered,0
metformin,4091,CN(C)C(=N)N=C(N)N,Atrioventricular block complete,1
empagliflozin,11949646,C1COCC1OC2=CC=C(C=C2)CC3=C(C=CC(=C3)C4C(C(C(C(O4)CO)O)O)O)Cl,Palmar-plantar erythrodysaesthesia syndrome,0
metformin,4091,CN(C)C(=N)N=C(N)N,Psychological trauma,0
dapagliflozin,9887712,CCOC1=CC=C(C=C1)CC2=C(C=CC(=C2)C3C(C(C(C(O3)CO)O)O)O)Cl,Intracranial aneurysm,0
nateglinide,5311309,CC(C)C1CCC(CC1)C(=O)NC(CC2=CC=CC=C2)C(=O)O,Enterococcal infection,0
metformin,4091,CN(C)C(=N)N=C(N)N,Depressive symptom,1
repaglinide,65981,CCOC1=C(C=CC(=C1)CC(=O)NC(CC(C)C)C2=CC=CC=C2N3CCCCC3)C(=O)O,Penile erythema,0
empagliflozin,11949646,C1COCC1OC2=CC=C(C=C2)CC3=C(C=CC(=C3)C4C(C(C(C(O4)CO)O)O)O)Cl,Chills,1
linagliptin,10096344,CC#CCN1C2=C(N=C1N3CCCC(C3)N)N(C(=O)N(C2=O)CC4=NC5=CC=CC=C5C(=N4)C)C,Seborrhoea,0
acarbose,9811704,CC1C(C(C(C(O1)OC2C(OC(C(C2O)O)OC(C(CO)O)C(C(C=O)O)O)CO)O)O)NC3C=C(C(C(C3O)O)O)CO,Iliac artery stenosis,0
glimepiride,3476,CCC1=C(CN(C1=O)C(=O)NCCC2=CC=C(C=C2)S(=O)(=O)NC(=O)NC3CCC(CC3)C)C,Diet noncompliance,0
metformin,4091,CN(C)C(=N)N=C(N)N,Skin necrosis,1
canagliflozin,24812758,CC1=C(C=C(C=C1)C2C(C(C(C(O2)CO)O)O)O)CC3=CC=C(S3)C4=CC=C(C=C4)F,Pulmonary congestion,1
canagliflozin,24812758,CC1=C(C=C(C=C1)C2C(C(C(C(O2)CO)O)O)O)CC3=CC=C(S3)C4=CC=C(C=C4)F,Haemorrhagic necrotic pancreatitis,0
acarbose,9811704,CC1C(C(C(C(O1)OC2C(OC(C(C2O)O)OC(C(CO)O)C(C(C=O)O)O)CO)O)O)NC3C=C(C(C(C3O)O)O)CO,Myocardial necrosis,0
metformin,4091,CN(C)C(=N)N=C(N)N,Trigger finger,1
acarbose,9811704,CC1C(C(C(C(O1)OC2C(OC(C(C2O)O)OC(C(CO)O)C(C(C=O)O)O)CO)O)O)NC3C=C(C(C(C3O)O)O)CO,Dysphagia,0
canagliflozin,24812758,CC1=C(C=C(C=C1)C2C(C(C(C(O2)CO)O)O)O)CC3=CC=C(S3)C4=CC=C(C=C4)F,Malignant neoplasm of thymus,0
acarbose,9811704,CC1C(C(C(C(O1)OC2C(OC(C(C2O)O)OC(C(CO)O)C(C(C=O)O)O)CO)O)O)NC3C=C(C(C(C3O)O)O)CO,Intentional self-injury,1
glyburide,3488,COC1=C(C=C(C=C1)Cl)C(=O)NCCC2=CC=C(C=C2)S(=O)(=O)NC(=O)NC3CCCCC3,Heavy exposure to ultraviolet light,0
metformin,4091,CN(C)C(=N)N=C(N)N,Hepatic neoplasm,1
repaglinide,65981,CCOC1=C(C=CC(=C1)CC(=O)NC(CC(C)C)C2=CC=CC=C2N3CCCCC3)C(=O)O,Crohn's disease,0
metformin,4091,CN(C)C(=N)N=C(N)N,Eye infection,1
empagliflozin,11949646,C1COCC1OC2=CC=C(C=C2)CC3=C(C=CC(=C3)C4C(C(C(C(O4)CO)O)O)O)Cl,Pancreatitis acute,1
repaglinide,65981,CCOC1=C(C=CC(=C1)CC(=O)NC(CC(C)C)C2=CC=CC=C2N3CCCCC3)C(=O)O,Cardiac failure,1
rosiglitazone,77999,CN(CCOC1=CC=C(C=C1)CC2C(=O)NC(=O)S2)C3=CC=CC=N3,Xerophthalmia,0
glimepiride,3476,CCC1=C(CN(C1=O)C(=O)NCCC2=CC=C(C=C2)S(=O)(=O)NC(=O)NC3CCC(CC3)C)C,Product physical consistency issue,0
dapagliflozin,9887712,CCOC1=CC=C(C=C1)CC2=C(C=CC(=C2)C3C(C(C(C(O3)CO)O)O)O)Cl,Drug screen false positive,0
dapagliflozin,9887712,CCOC1=CC=C(C=C1)CC2=C(C=CC(=C2)C3C(C(C(C(O3)CO)O)O)O)Cl,Vulvovaginal burning sensation,0
pioglitazone,4829,CCC1=CN=C(C=C1)CCOC2=CC=C(C=C2)CC3C(=O)NC(=O)S3,Chronic left ventricular failure,0
empagliflozin,11949646,C1COCC1OC2=CC=C(C=C2)CC3=C(C=CC(=C3)C4C(C(C(C(O4)CO)O)O)O)Cl,Pancreatitis,1
canagliflozin,24812758,CC1=C(C=C(C=C1)C2C(C(C(C(O2)CO)O)O)O)CC3=CC=C(S3)C4=CC=C(C=C4)F,Adverse reaction,0
rosiglitazone,77999,CN(CCOC1=CC=C(C=C1)CC2C(=O)NC(=O)S2)C3=CC=CC=N3,Antibody test abnormal,0
nateglinide,5311309,CC(C)C1CCC(CC1)C(=O)NC(CC2=CC=CC=C2)C(=O)O,Potentiating drug interaction,0
nateglinide,5311309,CC(C)C1CCC(CC1)C(=O)NC(CC2=CC=CC=C2)C(=O)O,Hip arthroplasty,0
empagliflozin,11949646,C1COCC1OC2=CC=C(C=C2)CC3=C(C=CC(=C3)C4C(C(C(C(O4)CO)O)O)O)Cl,Anion gap abnormal,1
linagliptin,10096344,CC#CCN1C2=C(N=C1N3CCCC(C3)N)N(C(=O)N(C2=O)CC4=NC5=CC=CC=C5C(=N4)C)C,Product preparation error,0
repaglinide,65981,CCOC1=C(C=CC(=C1)CC(=O)NC(CC(C)C)C2=CC=CC=C2N3CCCCC3)C(=O)O,Blood ketone body increased,0
metformin,4091,CN(C)C(=N)N=C(N)N,Low density lipoprotein decreased,1
metformin,4091,CN(C)C(=N)N=C(N)N,Hypoglycaemic encephalopathy,1
nateglinide,5311309,CC(C)C1CCC(CC1)C(=O)NC(CC2=CC=CC=C2)C(=O)O,Food allergy,0
metformin,4091,CN(C)C(=N)N=C(N)N,Rash maculo-papular,1
metformin,4091,CN(C)C(=N)N=C(N)N,Blood ketone body present,0
empagliflozin,11949646,C1COCC1OC2=CC=C(C=C2)CC3=C(C=CC(=C3)C4C(C(C(C(O4)CO)O)O)O)Cl,Gastric ulcer,1
dapagliflozin,9887712,CCOC1=CC=C(C=C1)CC2=C(C=CC(=C2)C3C(C(C(C(O3)CO)O)O)O)Cl,Dysuria,1
metformin,4091,CN(C)C(=N)N=C(N)N,Drug hypersensitivity,1
dapagliflozin,9887712,CCOC1=CC=C(C=C1)CC2=C(C=CC(=C2)C3C(C(C(C(O3)CO)O)O)O)Cl,Hypernatraemia,1
glimepiride,3476,CCC1=C(CN(C1=O)C(=O)NCCC2=CC=C(C=C2)S(=O)(=O)NC(=O)NC3CCC(CC3)C)C,Aortic stenosis,1
saxagliptin,11243969,C1C2CC2N(C1C#N)C(=O)C(C34CC5CC(C3)CC(C5)(C4)O)N,Genital infection fungal,0
metformin,4091,CN(C)C(=N)N=C(N)N,Red blood cell count decreased,1
pioglitazone,4829,CCC1=CN=C(C=C1)CCOC2=CC=C(C=C2)CC3C(=O)NC(=O)S3,Coagulopathy,0
acarbose,9811704,CC1C(C(C(C(O1)OC2C(OC(C(C2O)O)OC(C(CO)O)C(C(C=O)O)O)CO)O)O)NC3C=C(C(C(C3O)O)O)CO,Renal abscess,0
rosiglitazone,77999,CN(CCOC1=CC=C(C=C1)CC2C(=O)NC(=O)S2)C3=CC=CC=N3,Non-Hodgkin's lymphoma,0
saxagliptin,11243969,C1C2CC2N(C1C#N)C(=O)C(C34CC5CC(C3)CC(C5)(C4)O)N,Cholecystitis chronic,0
nateglinide,5311309,CC(C)C1CCC(CC1)C(=O)NC(CC2=CC=CC=C2)C(=O)O,Loss of consciousness,0
glipizide,3478,CC1=CN=C(C=N1)C(=O)NCCC2=CC=C(C=C2)S(=O)(=O)NC(=O)NC3CCCCC3,Blood glucose increased,1
linagliptin,10096344,CC#CCN1C2=C(N=C1N3CCCC(C3)N)N(C(=O)N(C2=O)CC4=NC5=CC=CC=C5C(=N4)C)C,Bronchospasm,0
metformin,4091,CN(C)C(=N)N=C(N)N,Leukaemia,1
acarbose,9811704,CC1C(C(C(C(O1)OC2C(OC(C(C2O)O)OC(C(CO)O)C(C(C=O)O)O)CO)O)O)NC3C=C(C(C(C3O)O)O)CO,Constipation,1
empagliflozin,11949646,C1COCC1OC2=CC=C(C=C2)CC3=C(C=CC(=C3)C4C(C(C(C(O4)CO)O)O)O)Cl,COVID-19,1
saxagliptin,11243969,C1C2CC2N(C1C#N)C(=O)C(C34CC5CC(C3)CC(C5)(C4)O)N,Bladder transitional cell carcinoma stage 0,0
metformin,4091,CN(C)C(=N)N=C(N)N,Gastric cancer,1
pioglitazone,4829,CCC1=CN=C(C=C1)CCOC2=CC=C(C=C2)CC3C(=O)NC(=O)S3,Dementia,0
rosiglitazone,77999,CN(CCOC1=CC=C(C=C1)CC2C(=O)NC(=O)S2)C3=CC=CC=N3,Bursitis,0
linagliptin,10096344,CC#CCN1C2=C(N=C1N3CCCC(C3)N)N(C(=O)N(C2=O)CC4=NC5=CC=CC=C5C(=N4)C)C,Peripheral vascular disorder,0
sitagliptin,4369359,C1CN2C(=NN=C2C(F)(F)F)CN1C(=O)CC(CC3=CC(=C(C=C3F)F)F)N,Cartilage atrophy,0
metformin,4091,CN(C)C(=N)N=C(N)N,Compartment syndrome,1
linagliptin,10096344,CC#CCN1C2=C(N=C1N3CCCC(C3)N)N(C(=O)N(C2=O)CC4=NC5=CC=CC=C5C(=N4)C)C,Pancreatolithiasis,0
metformin,4091,CN(C)C(=N)N=C(N)N,Conduction disorder,1
glyburide,3488,COC1=C(C=C(C=C1)Cl)C(=O)NCCC2=CC=C(C=C2)S(=O)(=O)NC(=O)NC3CCCCC3,Pulmonary hypertension,0
glimepiride,3476,CCC1=C(CN(C1=O)C(=O)NCCC2=CC=C(C=C2)S(=O)(=O)NC(=O)NC3CCC(CC3)C)C,Skin odour abnormal,1
metformin,4091,CN(C)C(=N)N=C(N)N,Drug level abnormal,1
glimepiride,3476,CCC1=C(CN(C1=O)C(=O)NCCC2=CC=C(C=C2)S(=O)(=O)NC(=O)NC3CCC(CC3)C)C,Incorrect product formulation administered,0
metformin,4091,CN(C)C(=N)N=C(N)N,Resting tremor,1
repaglinide,65981,CCOC1=C(C=CC(=C1)CC(=O)NC(CC(C)C)C2=CC=CC=C2N3CCCCC3)C(=O)O,Skin necrosis,0
metformin,4091,CN(C)C(=N)N=C(N)N,Hyperlactacidaemia,1
sitagliptin,4369359,C1CN2C(=NN=C2C(F)(F)F)CN1C(=O)CC(CC3=CC(=C(C=C3F)F)F)N,Foetal death,0
glyburide,3488,COC1=C(C=C(C=C1)Cl)C(=O)NCCC2=CC=C(C=C2)S(=O)(=O)NC(=O)NC3CCCCC3,Electrocardiogram abnormal,0
metformin,4091,CN(C)C(=N)N=C(N)N,Oropharyngeal discomfort,1
metformin,4091,CN(C)C(=N)N=C(N)N,Tenosynovitis,1
metformin,4091,CN(C)C(=N)N=C(N)N,Nasal discomfort,1
linagliptin,10096344,CC#CCN1C2=C(N=C1N3CCCC(C3)N)N(C(=O)N(C2=O)CC4=NC5=CC=CC=C5C(=N4)C)C,Pylorus dilatation,0
glipizide,3478,CC1=CN=C(C=N1)C(=O)NCCC2=CC=C(C=C2)S(=O)(=O)NC(=O)NC3CCCCC3,Splenectomy,0
canagliflozin,24812758,CC1=C(C=C(C=C1)C2C(C(C(C(O2)CO)O)O)O)CC3=CC=C(S3)C4=CC=C(C=C4)F,Infarction,0
saxagliptin,11243969,C1C2CC2N(C1C#N)C(=O)C(C34CC5CC(C3)CC(C5)(C4)O)N,Melanocytic naevus,0
metformin,4091,CN(C)C(=N)N=C(N)N,Retinal vascular disorder,0
glimepiride,3476,CCC1=C(CN(C1=O)C(=O)NCCC2=CC=C(C=C2)S(=O)(=O)NC(=O)NC3CCC(CC3)C)C,Protein total increased,0
glimepiride,3476,CCC1=C(CN(C1=O)C(=O)NCCC2=CC=C(C=C2)S(=O)(=O)NC(=O)NC3CCC(CC3)C)C,Laryngitis,0
pioglitazone,4829,CCC1=CN=C(C=C1)CCOC2=CC=C(C=C2)CC3C(=O)NC(=O)S3,Compression fracture,1
sitagliptin,4369359,C1CN2C(=NN=C2C(F)(F)F)CN1C(=O)CC(CC3=CC(=C(C=C3F)F)F)N,Sensitive skin,1
dapagliflozin,9887712,CCOC1=CC=C(C=C1)CC2=C(C=CC(=C2)C3C(C(C(C(O3)CO)O)O)O)Cl,Haemophagocytic lymphohistiocytosis,0
metformin,4091,CN(C)C(=N)N=C(N)N,Vascular graft,1
saxagliptin,11243969,C1C2CC2N(C1C#N)C(=O)C(C34CC5CC(C3)CC(C5)(C4)O)N,Intervertebral disc degeneration,0
glimepiride,3476,CCC1=C(CN(C1=O)C(=O)NCCC2=CC=C(C=C2)S(=O)(=O)NC(=O)NC3CCC(CC3)C)C,Lactic acidosis,1
glipizide,3478,CC1=CN=C(C=N1)C(=O)NCCC2=CC=C(C=C2)S(=O)(=O)NC(=O)NC3CCCCC3,Glaucoma,0
glipizide,3478,CC1=CN=C(C=N1)C(=O)NCCC2=CC=C(C=C2)S(=O)(=O)NC(=O)NC3CCCCC3,Diverticulum,0
dapagliflozin,9887712,CCOC1=CC=C(C=C1)CC2=C(C=CC(=C2)C3C(C(C(C(O3)CO)O)O)O)Cl,Dehydration,1
dapagliflozin,9887712,CCOC1=CC=C(C=C1)CC2=C(C=CC(=C2)C3C(C(C(C(O3)CO)O)O)O)Cl,Aortic valve disease,0
empagliflozin,11949646,C1COCC1OC2=CC=C(C=C2)CC3=C(C=CC(=C3)C4C(C(C(C(O4)CO)O)O)O)Cl,Muscle haemorrhage,0
repaglinide,65981,CCOC1=C(C=CC(=C1)CC(=O)NC(CC(C)C)C2=CC=CC=C2N3CCCCC3)C(=O)O,Disease recurrence,0
glipizide,3478,CC1=CN=C(C=N1)C(=O)NCCC2=CC=C(C=C2)S(=O)(=O)NC(=O)NC3CCCCC3,Petechiae,1
sitagliptin,4369359,C1CN2C(=NN=C2C(F)(F)F)CN1C(=O)CC(CC3=CC(=C(C=C3F)F)F)N,Acute myocardial infarction,0
metformin,4091,CN(C)C(=N)N=C(N)N,Abnormal dreams,1
glyburide,3488,COC1=C(C=C(C=C1)Cl)C(=O)NCCC2=CC=C(C=C2)S(=O)(=O)NC(=O)NC3CCCCC3,Thyroid hormones decreased,0
metformin,4091,CN(C)C(=N)N=C(N)N,Exophthalmos,1
acarbose,9811704,CC1C(C(C(C(O1)OC2C(OC(C(C2O)O)OC(C(CO)O)C(C(C=O)O)O)CO)O)O)NC3C=C(C(C(C3O)O)O)CO,Nightmare,0
metformin,4091,CN(C)C(=N)N=C(N)N,Neoplasm progression,1
empagliflozin,11949646,C1COCC1OC2=CC=C(C=C2)CC3=C(C=CC(=C3)C4C(C(C(C(O4)CO)O)O)O)Cl,Abdominal distension,1
acarbose,9811704,CC1C(C(C(C(O1)OC2C(OC(C(C2O)O)OC(C(CO)O)C(C(C=O)O)O)CO)O)O)NC3C=C(C(C(C3O)O)O)CO,Skin discomfort,0
metformin,4091,CN(C)C(=N)N=C(N)N,Tendon disorder,1
metformin,4091,CN(C)C(=N)N=C(N)N,Pulmonary hypertension,1
repaglinide,65981,CCOC1=C(C=CC(=C1)CC(=O)NC(CC(C)C)C2=CC=CC=C2N3CCCCC3)C(=O)O,Infected neoplasm,0
glimepiride,3476,CCC1=C(CN(C1=O)C(=O)NCCC2=CC=C(C=C2)S(=O)(=O)NC(=O)NC3CCC(CC3)C)C,Bursitis,0
metformin,4091,CN(C)C(=N)N=C(N)N,Prognathism,1
dapagliflozin,9887712,CCOC1=CC=C(C=C1)CC2=C(C=CC(=C2)C3C(C(C(C(O3)CO)O)O)O)Cl,Antipsychotic drug level increased,0
metformin,4091,CN(C)C(=N)N=C(N)N,Renal artery thrombosis,1
metformin,4091,CN(C)C(=N)N=C(N)N,Polyuria,1
metformin,4091,CN(C)C(=N)N=C(N)N,Wheezing,1
metformin,4091,CN(C)C(=N)N=C(N)N,Nephropathy,1
metformin,4091,CN(C)C(=N)N=C(N)N,Cardiorenal syndrome,1
sitagliptin,4369359,C1CN2C(=NN=C2C(F)(F)F)CN1C(=O)CC(CC3=CC(=C(C=C3F)F)F)N,Neutropenia neonatal,0
canagliflozin,24812758,CC1=C(C=C(C=C1)C2C(C(C(C(O2)CO)O)O)O)CC3=CC=C(S3)C4=CC=C(C=C4)F,Multiple organ dysfunction syndrome,1
metformin,4091,CN(C)C(=N)N=C(N)N,Dermatitis bullous,1
metformin,4091,CN(C)C(=N)N=C(N)N,Night sweats,1
repaglinide,65981,CCOC1=C(C=CC(=C1)CC(=O)NC(CC(C)C)C2=CC=CC=C2N3CCCCC3)C(=O)O,Right hemisphere deficit syndrome,0
metformin,4091,CN(C)C(=N)N=C(N)N,Atrial septal defect,1
metformin,4091,CN(C)C(=N)N=C(N)N,Tinnitus,1
sitagliptin,4369359,C1CN2C(=NN=C2C(F)(F)F)CN1C(=O)CC(CC3=CC(=C(C=C3F)F)F)N,Blindness cortical,0
repaglinide,65981,CCOC1=C(C=CC(=C1)CC(=O)NC(CC(C)C)C2=CC=CC=C2N3CCCCC3)C(=O)O,Nocturia,1
nateglinide,5311309,CC(C)C1CCC(CC1)C(=O)NC(CC2=CC=CC=C2)C(=O)O,Nasal discomfort,0
canagliflozin,24812758,CC1=C(C=C(C=C1)C2C(C(C(C(O2)CO)O)O)O)CC3=CC=C(S3)C4=CC=C(C=C4)F,Macroangiopathy,0
metformin,4091,CN(C)C(=N)N=C(N)N,Epileptic encephalopathy,1
metformin,4091,CN(C)C(=N)N=C(N)N,Bladder cancer,1
glipizide,3478,CC1=CN=C(C=N1)C(=O)NCCC2=CC=C(C=C2)S(=O)(=O)NC(=O)NC3CCCCC3,Blood blister,1
saxagliptin,11243969,C1C2CC2N(C1C#N)C(=O)C(C34CC5CC(C3)CC(C5)(C4)O)N,Faeces discoloured,0
glyburide,3488,COC1=C(C=C(C=C1)Cl)C(=O)NCCC2=CC=C(C=C2)S(=O)(=O)NC(=O)NC3CCCCC3,Priapism,0
repaglinide,65981,CCOC1=C(C=CC(=C1)CC(=O)NC(CC(C)C)C2=CC=CC=C2N3CCCCC3)C(=O)O,Impaired fasting glucose,0
repaglinide,65981,CCOC1=C(C=CC(=C1)CC(=O)NC(CC(C)C)C2=CC=CC=C2N3CCCCC3)C(=O)O,Premature separation of placenta,0
metformin,4091,CN(C)C(=N)N=C(N)N,Pupil fixed,1
pioglitazone,4829,CCC1=CN=C(C=C1)CCOC2=CC=C(C=C2)CC3C(=O)NC(=O)S3,Acute stress disorder,0
repaglinide,65981,CCOC1=C(C=CC(=C1)CC(=O)NC(CC(C)C)C2=CC=CC=C2N3CCCCC3)C(=O)O,Pyoderma,0
metformin,4091,CN(C)C(=N)N=C(N)N,Hypoalbuminaemia,1
acarbose,9811704,CC1C(C(C(C(O1)OC2C(OC(C(C2O)O)OC(C(CO)O)C(C(C=O)O)O)CO)O)O)NC3C=C(C(C(C3O)O)O)CO,Myocardial necrosis marker increased,0
linagliptin,10096344,CC#CCN1C2=C(N=C1N3CCCC(C3)N)N(C(=O)N(C2=O)CC4=NC5=CC=CC=C5C(=N4)C)C,Ligament disorder,0
sitagliptin,4369359,C1CN2C(=NN=C2C(F)(F)F)CN1C(=O)CC(CC3=CC(=C(C=C3F)F)F)N,Rectal cancer,0
saxagliptin,11243969,C1C2CC2N(C1C#N)C(=O)C(C34CC5CC(C3)CC(C5)(C4)O)N,Gallbladder oedema,0
nateglinide,5311309,CC(C)C1CCC(CC1)C(=O)NC(CC2=CC=CC=C2)C(=O)O,Vulvovaginal pain,0
repaglinide,65981,CCOC1=C(C=CC(=C1)CC(=O)NC(CC(C)C)C2=CC=CC=C2N3CCCCC3)C(=O)O,Endotracheal intubation,0
sitagliptin,4369359,C1CN2C(=NN=C2C(F)(F)F)CN1C(=O)CC(CC3=CC(=C(C=C3F)F)F)N,Bone density decreased,0
pioglitazone,4829,CCC1=CN=C(C=C1)CCOC2=CC=C(C=C2)CC3C(=O)NC(=O)S3,Tumour invasion,1
sitagliptin,4369359,C1CN2C(=NN=C2C(F)(F)F)CN1C(=O)CC(CC3=CC(=C(C=C3F)F)F)N,Tendon injury,0
nateglinide,5311309,CC(C)C1CCC(CC1)C(=O)NC(CC2=CC=CC=C2)C(=O)O,Neuroendocrine tumour of the lung metastatic,0
rosiglitazone,77999,CN(CCOC1=CC=C(C=C1)CC2C(=O)NC(=O)S2)C3=CC=CC=N3,Increased appetite,0
metformin,4091,CN(C)C(=N)N=C(N)N,Neoplasm malignant,1
acarbose,9811704,CC1C(C(C(C(O1)OC2C(OC(C(C2O)O)OC(C(CO)O)C(C(C=O)O)O)CO)O)O)NC3C=C(C(C(C3O)O)O)CO,Microtia,0
linagliptin,10096344,CC#CCN1C2=C(N=C1N3CCCC(C3)N)N(C(=O)N(C2=O)CC4=NC5=CC=CC=C5C(=N4)C)C,Large for dates baby,0
metformin,4091,CN(C)C(=N)N=C(N)N,Premature separation of placenta,1
glimepiride,3476,CCC1=C(CN(C1=O)C(=O)NCCC2=CC=C(C=C2)S(=O)(=O)NC(=O)NC3CCC(CC3)C)C,Skin lesion,1
acarbose,9811704,CC1C(C(C(C(O1)OC2C(OC(C(C2O)O)OC(C(CO)O)C(C(C=O)O)O)CO)O)O)NC3C=C(C(C(C3O)O)O)CO,Muscle spasms,1
glipizide,3478,CC1=CN=C(C=N1)C(=O)NCCC2=CC=C(C=C2)S(=O)(=O)NC(=O)NC3CCCCC3,Normocytic anaemia,0
linagliptin,10096344,CC#CCN1C2=C(N=C1N3CCCC(C3)N)N(C(=O)N(C2=O)CC4=NC5=CC=CC=C5C(=N4)C)C,Aortic valve disease,0
glimepiride,3476,CCC1=C(CN(C1=O)C(=O)NCCC2=CC=C(C=C2)S(=O)(=O)NC(=O)NC3CCC(CC3)C)C,Intra-abdominal fluid collection,0
metformin,4091,CN(C)C(=N)N=C(N)N,Ear haemorrhage,1
metformin,4091,CN(C)C(=N)N=C(N)N,Rhinorrhoea,1
sitagliptin,4369359,C1CN2C(=NN=C2C(F)(F)F)CN1C(=O)CC(CC3=CC(=C(C=C3F)F)F)N,Abdominal sepsis,0
linagliptin,10096344,CC#CCN1C2=C(N=C1N3CCCC(C3)N)N(C(=O)N(C2=O)CC4=NC5=CC=CC=C5C(=N4)C)C,Acute lung injury,0
glipizide,3478,CC1=CN=C(C=N1)C(=O)NCCC2=CC=C(C=C2)S(=O)(=O)NC(=O)NC3CCCCC3,Rash macular,1
metformin,4091,CN(C)C(=N)N=C(N)N,Bradyphrenia,1
saxagliptin,11243969,C1C2CC2N(C1C#N)C(=O)C(C34CC5CC(C3)CC(C5)(C4)O)N,Pneumocystis jirovecii infection,0
nateglinide,5311309,CC(C)C1CCC(CC1)C(=O)NC(CC2=CC=CC=C2)C(=O)O,Peritonsillar abscess,0
saxagliptin,11243969,C1C2CC2N(C1C#N)C(=O)C(C34CC5CC(C3)CC(C5)(C4)O)N,Chromaturia,0
empagliflozin,11949646,C1COCC1OC2=CC=C(C=C2)CC3=C(C=CC(=C3)C4C(C(C(C(O4)CO)O)O)O)Cl,Hypercalciuria,0
saxagliptin,11243969,C1C2CC2N(C1C#N)C(=O)C(C34CC5CC(C3)CC(C5)(C4)O)N,Squamous cell carcinoma,0
metformin,4091,CN(C)C(=N)N=C(N)N,Abnormal faeces,1
canagliflozin,24812758,CC1=C(C=C(C=C1)C2C(C(C(C(O2)CO)O)O)O)CC3=CC=C(S3)C4=CC=C(C=C4)F,Hepatitis B core antibody positive,0
glimepiride,3476,CCC1=C(CN(C1=O)C(=O)NCCC2=CC=C(C=C2)S(=O)(=O)NC(=O)NC3CCC(CC3)C)C,Carcinoid tumour,0
glimepiride,3476,CCC1=C(CN(C1=O)C(=O)NCCC2=CC=C(C=C2)S(=O)(=O)NC(=O)NC3CCC(CC3)C)C,Subdural haemorrhage,0
glimepiride,3476,CCC1=C(CN(C1=O)C(=O)NCCC2=CC=C(C=C2)S(=O)(=O)NC(=O)NC3CCC(CC3)C)C,Chronic lymphocytic leukaemia,0
glyburide,3488,COC1=C(C=C(C=C1)Cl)C(=O)NCCC2=CC=C(C=C2)S(=O)(=O)NC(=O)NC3CCCCC3,Administration site discomfort,0
glyburide,3488,COC1=C(C=C(C=C1)Cl)C(=O)NCCC2=CC=C(C=C2)S(=O)(=O)NC(=O)NC3CCCCC3,Central nervous system lymphoma,0
metformin,4091,CN(C)C(=N)N=C(N)N,Limb injury,1
saxagliptin,11243969,C1C2CC2N(C1C#N)C(=O)C(C34CC5CC(C3)CC(C5)(C4)O)N,Product prescribing error,1
metformin,4091,CN(C)C(=N)N=C(N)N,Pyelonephritis acute,1
canagliflozin,24812758,CC1=C(C=C(C=C1)C2C(C(C(C(O2)CO)O)O)O)CC3=CC=C(S3)C4=CC=C(C=C4)F,Gynaecomastia,0
metformin,4091,CN(C)C(=N)N=C(N)N,Pancreatic cyst,1
linagliptin,10096344,CC#CCN1C2=C(N=C1N3CCCC(C3)N)N(C(=O)N(C2=O)CC4=NC5=CC=CC=C5C(=N4)C)C,Blood creatine phosphokinase increased,0
sitagliptin,4369359,C1CN2C(=NN=C2C(F)(F)F)CN1C(=O)CC(CC3=CC(=C(C=C3F)F)F)N,Cerebral artery occlusion,0
glyburide,3488,COC1=C(C=C(C=C1)Cl)C(=O)NCCC2=CC=C(C=C2)S(=O)(=O)NC(=O)NC3CCCCC3,Splenic vein thrombosis,0
dapagliflozin,9887712,CCOC1=CC=C(C=C1)CC2=C(C=CC(=C2)C3C(C(C(C(O3)CO)O)O)O)Cl,Immobilisation syndrome,0
repaglinide,65981,CCOC1=C(C=CC(=C1)CC(=O)NC(CC(C)C)C2=CC=CC=C2N3CCCCC3)C(=O)O,Psoriasis,1
sitagliptin,4369359,C1CN2C(=NN=C2C(F)(F)F)CN1C(=O)CC(CC3=CC(=C(C=C3F)F)F)N,Anuria,1
metformin,4091,CN(C)C(=N)N=C(N)N,Panic attack,1
nateglinide,5311309,CC(C)C1CCC(CC1)C(=O)NC(CC2=CC=CC=C2)C(=O)O,Burning sensation,0
metformin,4091,CN(C)C(=N)N=C(N)N,Mouth haemorrhage,1
canagliflozin,24812758,CC1=C(C=C(C=C1)C2C(C(C(C(O2)CO)O)O)O)CC3=CC=C(S3)C4=CC=C(C=C4)F,Blood glucose abnormal,1
saxagliptin,11243969,C1C2CC2N(C1C#N)C(=O)C(C34CC5CC(C3)CC(C5)(C4)O)N,Daydreaming,0
metformin,4091,CN(C)C(=N)N=C(N)N,Metastases to lung,1
glimepiride,3476,CCC1=C(CN(C1=O)C(=O)NCCC2=CC=C(C=C2)S(=O)(=O)NC(=O)NC3CCC(CC3)C)C,Inadequate diet,0
repaglinide,65981,CCOC1=C(C=CC(=C1)CC(=O)NC(CC(C)C)C2=CC=CC=C2N3CCCCC3)C(=O)O,Seizure like phenomena,0
canagliflozin,24812758,CC1=C(C=C(C=C1)C2C(C(C(C(O2)CO)O)O)O)CC3=CC=C(S3)C4=CC=C(C=C4)F,Urine calcium/creatinine ratio increased,0
saxagliptin,11243969,C1C2CC2N(C1C#N)C(=O)C(C34CC5CC(C3)CC(C5)(C4)O)N,Phimosis,0
glipizide,3478,CC1=CN=C(C=N1)C(=O)NCCC2=CC=C(C=C2)S(=O)(=O)NC(=O)NC3CCCCC3,Product packaging confusion,1
saxagliptin,11243969,C1C2CC2N(C1C#N)C(=O)C(C34CC5CC(C3)CC(C5)(C4)O)N,Blood pressure diastolic decreased,1
metformin,4091,CN(C)C(=N)N=C(N)N,Mood swings,1
dapagliflozin,9887712,CCOC1=CC=C(C=C1)CC2=C(C=CC(=C2)C3C(C(C(C(O3)CO)O)O)O)Cl,Onycholysis,0
dapagliflozin,9887712,CCOC1=CC=C(C=C1)CC2=C(C=CC(=C2)C3C(C(C(C(O3)CO)O)O)O)Cl,Product storage error,0
metformin,4091,CN(C)C(=N)N=C(N)N,Blood uric acid increased,1
rosiglitazone,77999,CN(CCOC1=CC=C(C=C1)CC2C(=O)NC(=O)S2)C3=CC=CC=N3,Clostridium difficile infection,0
saxagliptin,11243969,C1C2CC2N(C1C#N)C(=O)C(C34CC5CC(C3)CC(C5)(C4)O)N,Amyloidosis,0
canagliflozin,24812758,CC1=C(C=C(C=C1)C2C(C(C(C(O2)CO)O)O)O)CC3=CC=C(S3)C4=CC=C(C=C4)F,Drug reaction with eosinophilia and systemic symptoms,0
canagliflozin,24812758,CC1=C(C=C(C=C1)C2C(C(C(C(O2)CO)O)O)O)CC3=CC=C(S3)C4=CC=C(C=C4)F,Uterine cancer,0
empagliflozin,11949646,C1COCC1OC2=CC=C(C=C2)CC3=C(C=CC(=C3)C4C(C(C(C(O4)CO)O)O)O)Cl,Coordination abnormal,0
linagliptin,10096344,CC#CCN1C2=C(N=C1N3CCCC(C3)N)N(C(=O)N(C2=O)CC4=NC5=CC=CC=C5C(=N4)C)C,Umbilical cord vascular disorder,0
repaglinide,65981,CCOC1=C(C=CC(=C1)CC(=O)NC(CC(C)C)C2=CC=CC=C2N3CCCCC3)C(=O)O,Eye contusion,0
repaglinide,65981,CCOC1=C(C=CC(=C1)CC(=O)NC(CC(C)C)C2=CC=CC=C2N3CCCCC3)C(=O)O,Presyncope,1
linagliptin,10096344,CC#CCN1C2=C(N=C1N3CCCC(C3)N)N(C(=O)N(C2=O)CC4=NC5=CC=CC=C5C(=N4)C)C,Pancreatic duct dilatation,0
canagliflozin,24812758,CC1=C(C=C(C=C1)C2C(C(C(C(O2)CO)O)O)O)CC3=CC=C(S3)C4=CC=C(C=C4)F,Respiratory depression,0
sitagliptin,4369359,C1CN2C(=NN=C2C(F)(F)F)CN1C(=O)CC(CC3=CC(=C(C=C3F)F)F)N,Psychological trauma,0
empagliflozin,11949646,C1COCC1OC2=CC=C(C=C2)CC3=C(C=CC(=C3)C4C(C(C(C(O4)CO)O)O)O)Cl,Migraine,1
canagliflozin,24812758,CC1=C(C=C(C=C1)C2C(C(C(C(O2)CO)O)O)O)CC3=CC=C(S3)C4=CC=C(C=C4)F,Dyspepsia,1
metformin,4091,CN(C)C(=N)N=C(N)N,Bladder cancer recurrent,1
canagliflozin,24812758,CC1=C(C=C(C=C1)C2C(C(C(C(O2)CO)O)O)O)CC3=CC=C(S3)C4=CC=C(C=C4)F,Uterine dehiscence,0
saxagliptin,11243969,C1C2CC2N(C1C#N)C(=O)C(C34CC5CC(C3)CC(C5)(C4)O)N,Vertebrobasilar insufficiency,0
rosiglitazone,77999,CN(CCOC1=CC=C(C=C1)CC2C(=O)NC(=O)S2)C3=CC=CC=N3,ABO incompatibility,0
canagliflozin,24812758,CC1=C(C=C(C=C1)C2C(C(C(C(O2)CO)O)O)O)CC3=CC=C(S3)C4=CC=C(C=C4)F,Embolism venous,0
metformin,4091,CN(C)C(=N)N=C(N)N,Corneal disorder,1
pioglitazone,4829,CCC1=CN=C(C=C1)CCOC2=CC=C(C=C2)CC3C(=O)NC(=O)S3,Multiple organ dysfunction syndrome,0
nateglinide,5311309,CC(C)C1CCC(CC1)C(=O)NC(CC2=CC=CC=C2)C(=O)O,Dry skin,0
metformin,4091,CN(C)C(=N)N=C(N)N,Blood ketone body increased,1
dapagliflozin,9887712,CCOC1=CC=C(C=C1)CC2=C(C=CC(=C2)C3C(C(C(C(O3)CO)O)O)O)Cl,Altered state of consciousness,1
metformin,4091,CN(C)C(=N)N=C(N)N,Blood urine present,1
empagliflozin,11949646,C1COCC1OC2=CC=C(C=C2)CC3=C(C=CC(=C3)C4C(C(C(C(O4)CO)O)O)O)Cl,Spinal column injury,0
saxagliptin,11243969,C1C2CC2N(C1C#N)C(=O)C(C34CC5CC(C3)CC(C5)(C4)O)N,Syncope,1
dapagliflozin,9887712,CCOC1=CC=C(C=C1)CC2=C(C=CC(=C2)C3C(C(C(C(O3)CO)O)O)O)Cl,Blood glucose increased,1
metformin,4091,CN(C)C(=N)N=C(N)N,Haematemesis,1
acarbose,9811704,CC1C(C(C(C(O1)OC2C(OC(C(C2O)O)OC(C(CO)O)C(C(C=O)O)O)CO)O)O)NC3C=C(C(C(C3O)O)O)CO,Posterior reversible encephalopathy syndrome,0
glimepiride,3476,CCC1=C(CN(C1=O)C(=O)NCCC2=CC=C(C=C2)S(=O)(=O)NC(=O)NC3CCC(CC3)C)C,Inability to afford medication,0
metformin,4091,CN(C)C(=N)N=C(N)N,Vision blurred,1
metformin,4091,CN(C)C(=N)N=C(N)N,International normalised ratio abnormal,1
metformin,4091,CN(C)C(=N)N=C(N)N,Acquired gene mutation,1
metformin,4091,CN(C)C(=N)N=C(N)N,Dysmenorrhoea,1
metformin,4091,CN(C)C(=N)N=C(N)N,Bradyarrhythmia,1
metformin,4091,CN(C)C(=N)N=C(N)N,Cogwheel rigidity,1
canagliflozin,24812758,CC1=C(C=C(C=C1)C2C(C(C(C(O2)CO)O)O)O)CC3=CC=C(S3)C4=CC=C(C=C4)F,Bone disorder,0
repaglinide,65981,CCOC1=C(C=CC(=C1)CC(=O)NC(CC(C)C)C2=CC=CC=C2N3CCCCC3)C(=O)O,Pancytopenia,0
glyburide,3488,COC1=C(C=C(C=C1)Cl)C(=O)NCCC2=CC=C(C=C2)S(=O)(=O)NC(=O)NC3CCCCC3,Generalised oedema,0
empagliflozin,11949646,C1COCC1OC2=CC=C(C=C2)CC3=C(C=CC(=C3)C4C(C(C(C(O4)CO)O)O)O)Cl,Cerebral haematoma,1
metformin,4091,CN(C)C(=N)N=C(N)N,Decubitus ulcer,1
linagliptin,10096344,CC#CCN1C2=C(N=C1N3CCCC(C3)N)N(C(=O)N(C2=O)CC4=NC5=CC=CC=C5C(=N4)C)C,Groin infection,0
glimepiride,3476,CCC1=C(CN(C1=O)C(=O)NCCC2=CC=C(C=C2)S(=O)(=O)NC(=O)NC3CCC(CC3)C)C,Alanine aminotransferase increased,1
empagliflozin,11949646,C1COCC1OC2=CC=C(C=C2)CC3=C(C=CC(=C3)C4C(C(C(C(O4)CO)O)O)O)Cl,Ocular myasthenia,0
glipizide,3478,CC1=CN=C(C=N1)C(=O)NCCC2=CC=C(C=C2)S(=O)(=O)NC(=O)NC3CCCCC3,Hyperamylasaemia,0
metformin,4091,CN(C)C(=N)N=C(N)N,Skin irritation,1
glyburide,3488,COC1=C(C=C(C=C1)Cl)C(=O)NCCC2=CC=C(C=C2)S(=O)(=O)NC(=O)NC3CCCCC3,Guillain-Barre syndrome,0
canagliflozin,24812758,CC1=C(C=C(C=C1)C2C(C(C(C(O2)CO)O)O)O)CC3=CC=C(S3)C4=CC=C(C=C4)F,Glioblastoma,0
acarbose,9811704,CC1C(C(C(C(O1)OC2C(OC(C(C2O)O)OC(C(CO)O)C(C(C=O)O)O)CO)O)O)NC3C=C(C(C(C3O)O)O)CO,Skin test positive,0
nateglinide,5311309,CC(C)C1CCC(CC1)C(=O)NC(CC2=CC=CC=C2)C(=O)O,Skin lesion,0
sitagliptin,4369359,C1CN2C(=NN=C2C(F)(F)F)CN1C(=O)CC(CC3=CC(=C(C=C3F)F)F)N,Penile pain,1
canagliflozin,24812758,CC1=C(C=C(C=C1)C2C(C(C(C(O2)CO)O)O)O)CC3=CC=C(S3)C4=CC=C(C=C4)F,Retinal detachment,1
glimepiride,3476,CCC1=C(CN(C1=O)C(=O)NCCC2=CC=C(C=C2)S(=O)(=O)NC(=O)NC3CCC(CC3)C)C,Device computer issue,0
repaglinide,65981,CCOC1=C(C=CC(=C1)CC(=O)NC(CC(C)C)C2=CC=CC=C2N3CCCCC3)C(=O)O,Hypophagia,0
acarbose,9811704,CC1C(C(C(C(O1)OC2C(OC(C(C2O)O)OC(C(CO)O)C(C(C=O)O)O)CO)O)O)NC3C=C(C(C(C3O)O)O)CO,Bladder spasm,0
metformin,4091,CN(C)C(=N)N=C(N)N,Bone marrow failure,1
empagliflozin,11949646,C1COCC1OC2=CC=C(C=C2)CC3=C(C=CC(=C3)C4C(C(C(C(O4)CO)O)O)O)Cl,Acinetobacter bacteraemia,0
sitagliptin,4369359,C1CN2C(=NN=C2C(F)(F)F)CN1C(=O)CC(CC3=CC(=C(C=C3F)F)F)N,Wheezing,0
nateglinide,5311309,CC(C)C1CCC(CC1)C(=O)NC(CC2=CC=CC=C2)C(=O)O,Aneurysm ruptured,0
acarbose,9811704,CC1C(C(C(C(O1)OC2C(OC(C(C2O)O)OC(C(CO)O)C(C(C=O)O)O)CO)O)O)NC3C=C(C(C(C3O)O)O)CO,Tongue pruritus,0
glimepiride,3476,CCC1=C(CN(C1=O)C(=O)NCCC2=CC=C(C=C2)S(=O)(=O)NC(=O)NC3CCC(CC3)C)C,Rash,1
metformin,4091,CN(C)C(=N)N=C(N)N,Cardiogenic shock,1
glipizide,3478,CC1=CN=C(C=N1)C(=O)NCCC2=CC=C(C=C2)S(=O)(=O)NC(=O)NC3CCCCC3,Vascular purpura,0
glipizide,3478,CC1=CN=C(C=N1)C(=O)NCCC2=CC=C(C=C2)S(=O)(=O)NC(=O)NC3CCCCC3,Urethral abscess,0
metformin,4091,CN(C)C(=N)N=C(N)N,Product solubility abnormal,1
metformin,4091,CN(C)C(=N)N=C(N)N,Anginal equivalent,1
sitagliptin,4369359,C1CN2C(=NN=C2C(F)(F)F)CN1C(=O)CC(CC3=CC(=C(C=C3F)F)F)N,Increased upper airway secretion,0
sitagliptin,4369359,C1CN2C(=NN=C2C(F)(F)F)CN1C(=O)CC(CC3=CC(=C(C=C3F)F)F)N,Abdominal pain lower,1
metformin,4091,CN(C)C(=N)N=C(N)N,Feeling cold,1
metformin,4091,CN(C)C(=N)N=C(N)N,Swelling,1
empagliflozin,11949646,C1COCC1OC2=CC=C(C=C2)CC3=C(C=CC(=C3)C4C(C(C(C(O4)CO)O)O)O)Cl,Scrotal dermatitis,0
rosiglitazone,77999,CN(CCOC1=CC=C(C=C1)CC2C(=O)NC(=O)S2)C3=CC=CC=N3,Chronic myelomonocytic leukaemia,0
metformin,4091,CN(C)C(=N)N=C(N)N,Enuresis,1
pioglitazone,4829,CCC1=CN=C(C=C1)CCOC2=CC=C(C=C2)CC3C(=O)NC(=O)S3,Intertrigo,0
canagliflozin,24812758,CC1=C(C=C(C=C1)C2C(C(C(C(O2)CO)O)O)O)CC3=CC=C(S3)C4=CC=C(C=C4)F,No adverse event,1
empagliflozin,11949646,C1COCC1OC2=CC=C(C=C2)CC3=C(C=CC(=C3)C4C(C(C(C(O4)CO)O)O)O)Cl,Posterior capsule opacification,1
metformin,4091,CN(C)C(=N)N=C(N)N,Radiculopathy,1
metformin,4091,CN(C)C(=N)N=C(N)N,Ischaemia,1
pioglitazone,4829,CCC1=CN=C(C=C1)CCOC2=CC=C(C=C2)CC3C(=O)NC(=O)S3,Blood gases,0
metformin,4091,CN(C)C(=N)N=C(N)N,Clostridium difficile infection,1
glimepiride,3476,CCC1=C(CN(C1=O)C(=O)NCCC2=CC=C(C=C2)S(=O)(=O)NC(=O)NC3CCC(CC3)C)C,Genital candidiasis,0
canagliflozin,24812758,CC1=C(C=C(C=C1)C2C(C(C(C(O2)CO)O)O)O)CC3=CC=C(S3)C4=CC=C(C=C4)F,Post thrombotic syndrome,0
glyburide,3488,COC1=C(C=C(C=C1)Cl)C(=O)NCCC2=CC=C(C=C2)S(=O)(=O)NC(=O)NC3CCCCC3,Crohn's disease,0
dapagliflozin,9887712,CCOC1=CC=C(C=C1)CC2=C(C=CC(=C2)C3C(C(C(C(O3)CO)O)O)O)Cl,Asthma,1
glipizide,3478,CC1=CN=C(C=N1)C(=O)NCCC2=CC=C(C=C2)S(=O)(=O)NC(=O)NC3CCCCC3,Varicella,0
glimepiride,3476,CCC1=C(CN(C1=O)C(=O)NCCC2=CC=C(C=C2)S(=O)(=O)NC(=O)NC3CCC(CC3)C)C,Intraocular pressure increased,0
nateglinide,5311309,CC(C)C1CCC(CC1)C(=O)NC(CC2=CC=CC=C2)C(=O)O,Injection site reaction,0
glyburide,3488,COC1=C(C=C(C=C1)Cl)C(=O)NCCC2=CC=C(C=C2)S(=O)(=O)NC(=O)NC3CCCCC3,Alcoholic pancreatitis,0
glimepiride,3476,CCC1=C(CN(C1=O)C(=O)NCCC2=CC=C(C=C2)S(=O)(=O)NC(=O)NC3CCC(CC3)C)C,Palpitations,1
glimepiride,3476,CCC1=C(CN(C1=O)C(=O)NCCC2=CC=C(C=C2)S(=O)(=O)NC(=O)NC3CCC(CC3)C)C,Sjogren's syndrome,0
glipizide,3478,CC1=CN=C(C=N1)C(=O)NCCC2=CC=C(C=C2)S(=O)(=O)NC(=O)NC3CCCCC3,Vitello-intestinal duct remnant,0
glipizide,3478,CC1=CN=C(C=N1)C(=O)NCCC2=CC=C(C=C2)S(=O)(=O)NC(=O)NC3CCCCC3,Bleeding time prolonged,1
nateglinide,5311309,CC(C)C1CCC(CC1)C(=O)NC(CC2=CC=CC=C2)C(=O)O,Blood lactate dehydrogenase increased,0
metformin,4091,CN(C)C(=N)N=C(N)N,Treatment failure,1
glyburide,3488,COC1=C(C=C(C=C1)Cl)C(=O)NCCC2=CC=C(C=C2)S(=O)(=O)NC(=O)NC3CCCCC3,Cholecystitis,0
dapagliflozin,9887712,CCOC1=CC=C(C=C1)CC2=C(C=CC(=C2)C3C(C(C(C(O3)CO)O)O)O)Cl,Urine flow decreased,1
glimepiride,3476,CCC1=C(CN(C1=O)C(=O)NCCC2=CC=C(C=C2)S(=O)(=O)NC(=O)NC3CCC(CC3)C)C,Abdominal adhesions,0
canagliflozin,24812758,CC1=C(C=C(C=C1)C2C(C(C(C(O2)CO)O)O)O)CC3=CC=C(S3)C4=CC=C(C=C4)F,Physical deconditioning,1
pioglitazone,4829,CCC1=CN=C(C=C1)CCOC2=CC=C(C=C2)CC3C(=O)NC(=O)S3,Conduction disorder,0
pioglitazone,4829,CCC1=CN=C(C=C1)CCOC2=CC=C(C=C2)CC3C(=O)NC(=O)S3,Increased appetite,1
dapagliflozin,9887712,CCOC1=CC=C(C=C1)CC2=C(C=CC(=C2)C3C(C(C(C(O3)CO)O)O)O)Cl,Balance disorder,1
glipizide,3478,CC1=CN=C(C=N1)C(=O)NCCC2=CC=C(C=C2)S(=O)(=O)NC(=O)NC3CCCCC3,Vulvovaginal pain,0
empagliflozin,11949646,C1COCC1OC2=CC=C(C=C2)CC3=C(C=CC(=C3)C4C(C(C(C(O4)CO)O)O)O)Cl,Skin exfoliation,1
repaglinide,65981,CCOC1=C(C=CC(=C1)CC(=O)NC(CC(C)C)C2=CC=CC=C2N3CCCCC3)C(=O)O,Rhabdomyolysis,1
metformin,4091,CN(C)C(=N)N=C(N)N,Injection site haemorrhage,1
metformin,4091,CN(C)C(=N)N=C(N)N,Campylobacter gastroenteritis,1
nateglinide,5311309,CC(C)C1CCC(CC1)C(=O)NC(CC2=CC=CC=C2)C(=O)O,Myelodysplastic syndrome,0
metformin,4091,CN(C)C(=N)N=C(N)N,Papilloedema,1
sitagliptin,4369359,C1CN2C(=NN=C2C(F)(F)F)CN1C(=O)CC(CC3=CC(=C(C=C3F)F)F)N,Hypothermia,1
metformin,4091,CN(C)C(=N)N=C(N)N,Electrocardiogram QT prolonged,1
glipizide,3478,CC1=CN=C(C=N1)C(=O)NCCC2=CC=C(C=C2)S(=O)(=O)NC(=O)NC3CCCCC3,Peripancreatic fluid collection,0
pioglitazone,4829,CCC1=CN=C(C=C1)CCOC2=CC=C(C=C2)CC3C(=O)NC(=O)S3,Transitional cell carcinoma,1
metformin,4091,CN(C)C(=N)N=C(N)N,Skin reaction,1
nateglinide,5311309,CC(C)C1CCC(CC1)C(=O)NC(CC2=CC=CC=C2)C(=O)O,Metastases to gastrointestinal tract,0
metformin,4091,CN(C)C(=N)N=C(N)N,Normocytic anaemia,1
metformin,4091,CN(C)C(=N)N=C(N)N,Congenital coronary artery malformation,1
glyburide,3488,COC1=C(C=C(C=C1)Cl)C(=O)NCCC2=CC=C(C=C2)S(=O)(=O)NC(=O)NC3CCCCC3,Sleep terror,0
dapagliflozin,9887712,CCOC1=CC=C(C=C1)CC2=C(C=CC(=C2)C3C(C(C(C(O3)CO)O)O)O)Cl,Pain,1
rosiglitazone,77999,CN(CCOC1=CC=C(C=C1)CC2C(=O)NC(=O)S2)C3=CC=CC=N3,Enteral nutrition,0
canagliflozin,24812758,CC1=C(C=C(C=C1)C2C(C(C(C(O2)CO)O)O)O)CC3=CC=C(S3)C4=CC=C(C=C4)F,Palpitations,1
metformin,4091,CN(C)C(=N)N=C(N)N,Haematuria,1
pioglitazone,4829,CCC1=CN=C(C=C1)CCOC2=CC=C(C=C2)CC3C(=O)NC(=O)S3,Influenza,1
saxagliptin,11243969,C1C2CC2N(C1C#N)C(=O)C(C34CC5CC(C3)CC(C5)(C4)O)N,Akinesia,0
sitagliptin,4369359,C1CN2C(=NN=C2C(F)(F)F)CN1C(=O)CC(CC3=CC(=C(C=C3F)F)F)N,Choking,1
linagliptin,10096344,CC#CCN1C2=C(N=C1N3CCCC(C3)N)N(C(=O)N(C2=O)CC4=NC5=CC=CC=C5C(=N4)C)C,Peripheral ischaemia,0
canagliflozin,24812758,CC1=C(C=C(C=C1)C2C(C(C(C(O2)CO)O)O)O)CC3=CC=C(S3)C4=CC=C(C=C4)F,Hyperuricaemia,0
metformin,4091,CN(C)C(=N)N=C(N)N,Hypertonic bladder,1
saxagliptin,11243969,C1C2CC2N(C1C#N)C(=O)C(C34CC5CC(C3)CC(C5)(C4)O)N,Disability,0
glimepiride,3476,CCC1=C(CN(C1=O)C(=O)NCCC2=CC=C(C=C2)S(=O)(=O)NC(=O)NC3CCC(CC3)C)C,Ocular hyperaemia,0
canagliflozin,24812758,CC1=C(C=C(C=C1)C2C(C(C(C(O2)CO)O)O)O)CC3=CC=C(S3)C4=CC=C(C=C4)F,Pruritus,1
metformin,4091,CN(C)C(=N)N=C(N)N,Ventricular enlargement,1
sitagliptin,4369359,C1CN2C(=NN=C2C(F)(F)F)CN1C(=O)CC(CC3=CC(=C(C=C3F)F)F)N,Carbohydrate antigen 19-9 increased,1
empagliflozin,11949646,C1COCC1OC2=CC=C(C=C2)CC3=C(C=CC(=C3)C4C(C(C(C(O4)CO)O)O)O)Cl,Large intestine polyp,0
dapagliflozin,9887712,CCOC1=CC=C(C=C1)CC2=C(C=CC(=C2)C3C(C(C(C(O3)CO)O)O)O)Cl,Skin necrosis,1
glimepiride,3476,CCC1=C(CN(C1=O)C(=O)NCCC2=CC=C(C=C2)S(=O)(=O)NC(=O)NC3CCC(CC3)C)C,Blood glucose decreased,1
nateglinide,5311309,CC(C)C1CCC(CC1)C(=O)NC(CC2=CC=CC=C2)C(=O)O,Merycism,0
acarbose,9811704,CC1C(C(C(C(O1)OC2C(OC(C(C2O)O)OC(C(CO)O)C(C(C=O)O)O)CO)O)O)NC3C=C(C(C(C3O)O)O)CO,Chronic hepatic failure,0
repaglinide,65981,CCOC1=C(C=CC(=C1)CC(=O)NC(CC(C)C)C2=CC=CC=C2N3CCCCC3)C(=O)O,Wrist surgery,0
acarbose,9811704,CC1C(C(C(C(O1)OC2C(OC(C(C2O)O)OC(C(CO)O)C(C(C=O)O)O)CO)O)O)NC3C=C(C(C(C3O)O)O)CO,Psychomotor hyperactivity,0
empagliflozin,11949646,C1COCC1OC2=CC=C(C=C2)CC3=C(C=CC(=C3)C4C(C(C(C(O4)CO)O)O)O)Cl,Gingival disorder,0
sitagliptin,4369359,C1CN2C(=NN=C2C(F)(F)F)CN1C(=O)CC(CC3=CC(=C(C=C3F)F)F)N,Dyslipidaemia,0
metformin,4091,CN(C)C(=N)N=C(N)N,Linear IgA disease,1
dapagliflozin,9887712,CCOC1=CC=C(C=C1)CC2=C(C=CC(=C2)C3C(C(C(C(O3)CO)O)O)O)Cl,Soft tissue mass,0
dapagliflozin,9887712,CCOC1=CC=C(C=C1)CC2=C(C=CC(=C2)C3C(C(C(C(O3)CO)O)O)O)Cl,Product quality issue,0
metformin,4091,CN(C)C(=N)N=C(N)N,Injection site hypertrophy,1
repaglinide,65981,CCOC1=C(C=CC(=C1)CC(=O)NC(CC(C)C)C2=CC=CC=C2N3CCCCC3)C(=O)O,Incorrect product administration duration,0
pioglitazone,4829,CCC1=CN=C(C=C1)CCOC2=CC=C(C=C2)CC3C(=O)NC(=O)S3,Peripheral swelling,1
linagliptin,10096344,CC#CCN1C2=C(N=C1N3CCCC(C3)N)N(C(=O)N(C2=O)CC4=NC5=CC=CC=C5C(=N4)C)C,Procalcitonin abnormal,0
sitagliptin,4369359,C1CN2C(=NN=C2C(F)(F)F)CN1C(=O)CC(CC3=CC(=C(C=C3F)F)F)N,Musculoskeletal pain,1
linagliptin,10096344,CC#CCN1C2=C(N=C1N3CCCC(C3)N)N(C(=O)N(C2=O)CC4=NC5=CC=CC=C5C(=N4)C)C,Orthopnoea,0
linagliptin,10096344,CC#CCN1C2=C(N=C1N3CCCC(C3)N)N(C(=O)N(C2=O)CC4=NC5=CC=CC=C5C(=N4)C)C,Angina unstable,0
empagliflozin,11949646,C1COCC1OC2=CC=C(C=C2)CC3=C(C=CC(=C3)C4C(C(C(C(O4)CO)O)O)O)Cl,General physical health deterioration,1
metformin,4091,CN(C)C(=N)N=C(N)N,Carpal tunnel syndrome,1
metformin,4091,CN(C)C(=N)N=C(N)N,Adrenal gland cancer,1
metformin,4091,CN(C)C(=N)N=C(N)N,Mucosal dryness,1
canagliflozin,24812758,CC1=C(C=C(C=C1)C2C(C(C(C(O2)CO)O)O)O)CC3=CC=C(S3)C4=CC=C(C=C4)F,Prostatic abscess,1
canagliflozin,24812758,CC1=C(C=C(C=C1)C2C(C(C(C(O2)CO)O)O)O)CC3=CC=C(S3)C4=CC=C(C=C4)F,Pruritus genital,1
glyburide,3488,COC1=C(C=C(C=C1)Cl)C(=O)NCCC2=CC=C(C=C2)S(=O)(=O)NC(=O)NC3CCCCC3,Cardiac asthma,0
metformin,4091,CN(C)C(=N)N=C(N)N,Ischaemic cardiomyopathy,1
glipizide,3478,CC1=CN=C(C=N1)C(=O)NCCC2=CC=C(C=C2)S(=O)(=O)NC(=O)NC3CCCCC3,Colitis ulcerative,0
empagliflozin,11949646,C1COCC1OC2=CC=C(C=C2)CC3=C(C=CC(=C3)C4C(C(C(C(O4)CO)O)O)O)Cl,Coronary revascularisation,0
sitagliptin,4369359,C1CN2C(=NN=C2C(F)(F)F)CN1C(=O)CC(CC3=CC(=C(C=C3F)F)F)N,Contraindication to medical treatment,0
metformin,4091,CN(C)C(=N)N=C(N)N,"Bladder cancer stage 0, with cancer in situ",0
metformin,4091,CN(C)C(=N)N=C(N)N,Vomiting projectile,1
empagliflozin,11949646,C1COCC1OC2=CC=C(C=C2)CC3=C(C=CC(=C3)C4C(C(C(C(O4)CO)O)O)O)Cl,VIth nerve paresis,0
metformin,4091,CN(C)C(=N)N=C(N)N,Sinus bradycardia,1
empagliflozin,11949646,C1COCC1OC2=CC=C(C=C2)CC3=C(C=CC(=C3)C4C(C(C(C(O4)CO)O)O)O)Cl,Respiratory tract congestion,0
dapagliflozin,9887712,CCOC1=CC=C(C=C1)CC2=C(C=CC(=C2)C3C(C(C(C(O3)CO)O)O)O)Cl,Somnolence,1
dapagliflozin,9887712,CCOC1=CC=C(C=C1)CC2=C(C=CC(=C2)C3C(C(C(C(O3)CO)O)O)O)Cl,Post procedural infection,0
empagliflozin,11949646,C1COCC1OC2=CC=C(C=C2)CC3=C(C=CC(=C3)C4C(C(C(C(O4)CO)O)O)O)Cl,Phimosis,1
glipizide,3478,CC1=CN=C(C=N1)C(=O)NCCC2=CC=C(C=C2)S(=O)(=O)NC(=O)NC3CCCCC3,Asthenopia,1
metformin,4091,CN(C)C(=N)N=C(N)N,Aphthous ulcer,1
glipizide,3478,CC1=CN=C(C=N1)C(=O)NCCC2=CC=C(C=C2)S(=O)(=O)NC(=O)NC3CCCCC3,Transcription medication error,1
saxagliptin,11243969,C1C2CC2N(C1C#N)C(=O)C(C34CC5CC(C3)CC(C5)(C4)O)N,Blood alkaline phosphatase,0
saxagliptin,11243969,C1C2CC2N(C1C#N)C(=O)C(C34CC5CC(C3)CC(C5)(C4)O)N,Multiple organ dysfunction syndrome,0
saxagliptin,11243969,C1C2CC2N(C1C#N)C(=O)C(C34CC5CC(C3)CC(C5)(C4)O)N,Spinal compression fracture,0
acarbose,9811704,CC1C(C(C(C(O1)OC2C(OC(C(C2O)O)OC(C(CO)O)C(C(C=O)O)O)CO)O)O)NC3C=C(C(C(C3O)O)O)CO,Hiatus hernia,0
metformin,4091,CN(C)C(=N)N=C(N)N,Euglycaemic diabetic ketoacidosis,1
pioglitazone,4829,CCC1=CN=C(C=C1)CCOC2=CC=C(C=C2)CC3C(=O)NC(=O)S3,Toothache,0
metformin,4091,CN(C)C(=N)N=C(N)N,Gingival discomfort,0
nateglinide,5311309,CC(C)C1CCC(CC1)C(=O)NC(CC2=CC=CC=C2)C(=O)O,Duplicate therapy error,0
acarbose,9811704,CC1C(C(C(C(O1)OC2C(OC(C(C2O)O)OC(C(CO)O)C(C(C=O)O)O)CO)O)O)NC3C=C(C(C(C3O)O)O)CO,Fallot's tetralogy,0
linagliptin,10096344,CC#CCN1C2=C(N=C1N3CCCC(C3)N)N(C(=O)N(C2=O)CC4=NC5=CC=CC=C5C(=N4)C)C,Drug monitoring procedure incorrectly performed,0
canagliflozin,24812758,CC1=C(C=C(C=C1)C2C(C(C(C(O2)CO)O)O)O)CC3=CC=C(S3)C4=CC=C(C=C4)F,Leukocytosis,1
glyburide,3488,COC1=C(C=C(C=C1)Cl)C(=O)NCCC2=CC=C(C=C2)S(=O)(=O)NC(=O)NC3CCCCC3,Pulse abnormal,0
linagliptin,10096344,CC#CCN1C2=C(N=C1N3CCCC(C3)N)N(C(=O)N(C2=O)CC4=NC5=CC=CC=C5C(=N4)C)C,Bladder wall calcification,0
metformin,4091,CN(C)C(=N)N=C(N)N,Erosive oesophagitis,1
glyburide,3488,COC1=C(C=C(C=C1)Cl)C(=O)NCCC2=CC=C(C=C2)S(=O)(=O)NC(=O)NC3CCCCC3,Exercise tolerance decreased,0
metformin,4091,CN(C)C(=N)N=C(N)N,Tracheostomy,1
canagliflozin,24812758,CC1=C(C=C(C=C1)C2C(C(C(C(O2)CO)O)O)O)CC3=CC=C(S3)C4=CC=C(C=C4)F,Psychiatric decompensation,0
glipizide,3478,CC1=CN=C(C=N1)C(=O)NCCC2=CC=C(C=C2)S(=O)(=O)NC(=O)NC3CCCCC3,Encephalitis,0
canagliflozin,24812758,CC1=C(C=C(C=C1)C2C(C(C(C(O2)CO)O)O)O)CC3=CC=C(S3)C4=CC=C(C=C4)F,Myocardial injury,0
metformin,4091,CN(C)C(=N)N=C(N)N,Pregnancy,1
canagliflozin,24812758,CC1=C(C=C(C=C1)C2C(C(C(C(O2)CO)O)O)O)CC3=CC=C(S3)C4=CC=C(C=C4)F,Antibody test abnormal,0
glimepiride,3476,CCC1=C(CN(C1=O)C(=O)NCCC2=CC=C(C=C2)S(=O)(=O)NC(=O)NC3CCC(CC3)C)C,Hypocalcaemia,1
glipizide,3478,CC1=CN=C(C=N1)C(=O)NCCC2=CC=C(C=C2)S(=O)(=O)NC(=O)NC3CCCCC3,Myocardial injury,0
metformin,4091,CN(C)C(=N)N=C(N)N,Urobilinogen urine increased,1
pioglitazone,4829,CCC1=CN=C(C=C1)CCOC2=CC=C(C=C2)CC3C(=O)NC(=O)S3,Eye disorder,1
metformin,4091,CN(C)C(=N)N=C(N)N,Colon cancer stage III,1
linagliptin,10096344,CC#CCN1C2=C(N=C1N3CCCC(C3)N)N(C(=O)N(C2=O)CC4=NC5=CC=CC=C5C(=N4)C)C,Anomaly of middle ear congenital,0
sitagliptin,4369359,C1CN2C(=NN=C2C(F)(F)F)CN1C(=O)CC(CC3=CC(=C(C=C3F)F)F)N,Product dose omission in error,0
acarbose,9811704,CC1C(C(C(C(O1)OC2C(OC(C(C2O)O)OC(C(CO)O)C(C(C=O)O)O)CO)O)O)NC3C=C(C(C(C3O)O)O)CO,Echocardiogram abnormal,0
dapagliflozin,9887712,CCOC1=CC=C(C=C1)CC2=C(C=CC(=C2)C3C(C(C(C(O3)CO)O)O)O)Cl,Congenital absence of bile ducts,0
metformin,4091,CN(C)C(=N)N=C(N)N,Supraventricular extrasystoles,1
empagliflozin,11949646,C1COCC1OC2=CC=C(C=C2)CC3=C(C=CC(=C3)C4C(C(C(C(O4)CO)O)O)O)Cl,Counterfeit product administered,0
rosiglitazone,77999,CN(CCOC1=CC=C(C=C1)CC2C(=O)NC(=O)S2)C3=CC=CC=N3,Gastrointestinal haemorrhage,0
repaglinide,65981,CCOC1=C(C=CC(=C1)CC(=O)NC(CC(C)C)C2=CC=CC=C2N3CCCCC3)C(=O)O,Fall,1
metformin,4091,CN(C)C(=N)N=C(N)N,Dysentery,1
metformin,4091,CN(C)C(=N)N=C(N)N,Product packaging issue,1
empagliflozin,11949646,C1COCC1OC2=CC=C(C=C2)CC3=C(C=CC(=C3)C4C(C(C(C(O4)CO)O)O)O)Cl,Blood creatine increased,1
saxagliptin,11243969,C1C2CC2N(C1C#N)C(=O)C(C34CC5CC(C3)CC(C5)(C4)O)N,Single functional kidney,0
saxagliptin,11243969,C1C2CC2N(C1C#N)C(=O)C(C34CC5CC(C3)CC(C5)(C4)O)N,Infusion related reaction,1
repaglinide,65981,CCOC1=C(C=CC(=C1)CC(=O)NC(CC(C)C)C2=CC=CC=C2N3CCCCC3)C(=O)O,Encephalopathy,1
glipizide,3478,CC1=CN=C(C=N1)C(=O)NCCC2=CC=C(C=C2)S(=O)(=O)NC(=O)NC3CCCCC3,Duodenal neoplasm,0
metformin,4091,CN(C)C(=N)N=C(N)N,Glare,1
metformin,4091,CN(C)C(=N)N=C(N)N,Hypoplastic left heart syndrome,1
repaglinide,65981,CCOC1=C(C=CC(=C1)CC(=O)NC(CC(C)C)C2=CC=CC=C2N3CCCCC3)C(=O)O,Hepatocellular injury,1
glipizide,3478,CC1=CN=C(C=N1)C(=O)NCCC2=CC=C(C=C2)S(=O)(=O)NC(=O)NC3CCCCC3,Acute myocardial infarction,0
dapagliflozin,9887712,CCOC1=CC=C(C=C1)CC2=C(C=CC(=C2)C3C(C(C(C(O3)CO)O)O)O)Cl,Blood potassium increased,1
glimepiride,3476,CCC1=C(CN(C1=O)C(=O)NCCC2=CC=C(C=C2)S(=O)(=O)NC(=O)NC3CCC(CC3)C)C,Manufacturing issue,1
glipizide,3478,CC1=CN=C(C=N1)C(=O)NCCC2=CC=C(C=C2)S(=O)(=O)NC(=O)NC3CCCCC3,Cardiac failure acute,0
metformin,4091,CN(C)C(=N)N=C(N)N,Pleural effusion,1
metformin,4091,CN(C)C(=N)N=C(N)N,Goitre,1
glimepiride,3476,CCC1=C(CN(C1=O)C(=O)NCCC2=CC=C(C=C2)S(=O)(=O)NC(=O)NC3CCC(CC3)C)C,Somnolence,1
repaglinide,65981,CCOC1=C(C=CC(=C1)CC(=O)NC(CC(C)C)C2=CC=CC=C2N3CCCCC3)C(=O)O,Mean cell volume decreased,0
empagliflozin,11949646,C1COCC1OC2=CC=C(C=C2)CC3=C(C=CC(=C3)C4C(C(C(C(O4)CO)O)O)O)Cl,Mental status changes,1
dapagliflozin,9887712,CCOC1=CC=C(C=C1)CC2=C(C=CC(=C2)C3C(C(C(C(O3)CO)O)O)O)Cl,Micturition urgency,1
metformin,4091,CN(C)C(=N)N=C(N)N,Urethral caruncle,1
metformin,4091,CN(C)C(=N)N=C(N)N,Renal pain,1
metformin,4091,CN(C)C(=N)N=C(N)N,Blister,1
metformin,4091,CN(C)C(=N)N=C(N)N,Diabetic ketoacidosis,1
canagliflozin,24812758,CC1=C(C=C(C=C1)C2C(C(C(C(O2)CO)O)O)O)CC3=CC=C(S3)C4=CC=C(C=C4)F,Gait disturbance,1
metformin,4091,CN(C)C(=N)N=C(N)N,Kussmaul respiration,1
dapagliflozin,9887712,CCOC1=CC=C(C=C1)CC2=C(C=CC(=C2)C3C(C(C(C(O3)CO)O)O)O)Cl,Cerebrospinal fluid leakage,0
canagliflozin,24812758,CC1=C(C=C(C=C1)C2C(C(C(C(O2)CO)O)O)O)CC3=CC=C(S3)C4=CC=C(C=C4)F,Boredom,0
saxagliptin,11243969,C1C2CC2N(C1C#N)C(=O)C(C34CC5CC(C3)CC(C5)(C4)O)N,Peptic ulcer,0
linagliptin,10096344,CC#CCN1C2=C(N=C1N3CCCC(C3)N)N(C(=O)N(C2=O)CC4=NC5=CC=CC=C5C(=N4)C)C,Granulomatosis with polyangiitis,0
metformin,4091,CN(C)C(=N)N=C(N)N,Femur fracture,1
sitagliptin,4369359,C1CN2C(=NN=C2C(F)(F)F)CN1C(=O)CC(CC3=CC(=C(C=C3F)F)F)N,Steroid diabetes,0
metformin,4091,CN(C)C(=N)N=C(N)N,Organ failure,1
canagliflozin,24812758,CC1=C(C=C(C=C1)C2C(C(C(C(O2)CO)O)O)O)CC3=CC=C(S3)C4=CC=C(C=C4)F,Diabetic ketoacidosis,1
metformin,4091,CN(C)C(=N)N=C(N)N,Infarction,1
rosiglitazone,77999,CN(CCOC1=CC=C(C=C1)CC2C(=O)NC(=O)S2)C3=CC=CC=N3,Prostate cancer metastatic,0
sitagliptin,4369359,C1CN2C(=NN=C2C(F)(F)F)CN1C(=O)CC(CC3=CC(=C(C=C3F)F)F)N,Klebsiella infection,1
metformin,4091,CN(C)C(=N)N=C(N)N,Synovitis,1
acarbose,9811704,CC1C(C(C(C(O1)OC2C(OC(C(C2O)O)OC(C(CO)O)C(C(C=O)O)O)CO)O)O)NC3C=C(C(C(C3O)O)O)CO,Subclavian vein thrombosis,0
metformin,4091,CN(C)C(=N)N=C(N)N,Soft tissue sarcoma,1
glyburide,3488,COC1=C(C=C(C=C1)Cl)C(=O)NCCC2=CC=C(C=C2)S(=O)(=O)NC(=O)NC3CCCCC3,Agitation,1
nateglinide,5311309,CC(C)C1CCC(CC1)C(=O)NC(CC2=CC=CC=C2)C(=O)O,Scrotal gangrene,0
metformin,4091,CN(C)C(=N)N=C(N)N,Increased upper airway secretion,1
dapagliflozin,9887712,CCOC1=CC=C(C=C1)CC2=C(C=CC(=C2)C3C(C(C(C(O3)CO)O)O)O)Cl,Discomfort,1
repaglinide,65981,CCOC1=C(C=CC(=C1)CC(=O)NC(CC(C)C)C2=CC=CC=C2N3CCCCC3)C(=O)O,Femur fracture,0
glipizide,3478,CC1=CN=C(C=N1)C(=O)NCCC2=CC=C(C=C2)S(=O)(=O)NC(=O)NC3CCCCC3,Heart alternation,0
linagliptin,10096344,CC#CCN1C2=C(N=C1N3CCCC(C3)N)N(C(=O)N(C2=O)CC4=NC5=CC=CC=C5C(=N4)C)C,Water pollution,0
metformin,4091,CN(C)C(=N)N=C(N)N,Mental fatigue,0
repaglinide,65981,CCOC1=C(C=CC(=C1)CC(=O)NC(CC(C)C)C2=CC=CC=C2N3CCCCC3)C(=O)O,Pancreatic disorder,1
dapagliflozin,9887712,CCOC1=CC=C(C=C1)CC2=C(C=CC(=C2)C3C(C(C(C(O3)CO)O)O)O)Cl,Ventricular hypertrophy,1
repaglinide,65981,CCOC1=C(C=CC(=C1)CC(=O)NC(CC(C)C)C2=CC=CC=C2N3CCCCC3)C(=O)O,Multiple sclerosis relapse,0
glimepiride,3476,CCC1=C(CN(C1=O)C(=O)NCCC2=CC=C(C=C2)S(=O)(=O)NC(=O)NC3CCC(CC3)C)C,Acute myocardial infarction,1
repaglinide,65981,CCOC1=C(C=CC(=C1)CC(=O)NC(CC(C)C)C2=CC=CC=C2N3CCCCC3)C(=O)O,Balance disorder,1
metformin,4091,CN(C)C(=N)N=C(N)N,Gastrointestinal sounds abnormal,1
metformin,4091,CN(C)C(=N)N=C(N)N,Subdural haematoma,1
linagliptin,10096344,CC#CCN1C2=C(N=C1N3CCCC(C3)N)N(C(=O)N(C2=O)CC4=NC5=CC=CC=C5C(=N4)C)C,Sputum retention,0
empagliflozin,11949646,C1COCC1OC2=CC=C(C=C2)CC3=C(C=CC(=C3)C4C(C(C(C(O4)CO)O)O)O)Cl,Stenosis,0
glimepiride,3476,CCC1=C(CN(C1=O)C(=O)NCCC2=CC=C(C=C2)S(=O)(=O)NC(=O)NC3CCC(CC3)C)C,Memory impairment,1
metformin,4091,CN(C)C(=N)N=C(N)N,Dizziness postural,1
metformin,4091,CN(C)C(=N)N=C(N)N,Facial neuralgia,1
glipizide,3478,CC1=CN=C(C=N1)C(=O)NCCC2=CC=C(C=C2)S(=O)(=O)NC(=O)NC3CCCCC3,Sudden death,0
metformin,4091,CN(C)C(=N)N=C(N)N,Nonalcoholic fatty liver disease,1
glipizide,3478,CC1=CN=C(C=N1)C(=O)NCCC2=CC=C(C=C2)S(=O)(=O)NC(=O)NC3CCCCC3,Multimorbidity,0
linagliptin,10096344,CC#CCN1C2=C(N=C1N3CCCC(C3)N)N(C(=O)N(C2=O)CC4=NC5=CC=CC=C5C(=N4)C)C,Major depression,0
canagliflozin,24812758,CC1=C(C=C(C=C1)C2C(C(C(C(O2)CO)O)O)O)CC3=CC=C(S3)C4=CC=C(C=C4)F,Arterial occlusive disease,0
metformin,4091,CN(C)C(=N)N=C(N)N,Hepatic cirrhosis,1
metformin,4091,CN(C)C(=N)N=C(N)N,Apathy,1
metformin,4091,CN(C)C(=N)N=C(N)N,Psychotic disorder,1
rosiglitazone,77999,CN(CCOC1=CC=C(C=C1)CC2C(=O)NC(=O)S2)C3=CC=CC=N3,Immune thrombocytopenia,0
metformin,4091,CN(C)C(=N)N=C(N)N,Burkholderia pseudomallei infection,1
metformin,4091,CN(C)C(=N)N=C(N)N,Irritable bowel syndrome,1
metformin,4091,CN(C)C(=N)N=C(N)N,Deafness congenital,1
glyburide,3488,COC1=C(C=C(C=C1)Cl)C(=O)NCCC2=CC=C(C=C2)S(=O)(=O)NC(=O)NC3CCCCC3,Visual impairment,1
glipizide,3478,CC1=CN=C(C=N1)C(=O)NCCC2=CC=C(C=C2)S(=O)(=O)NC(=O)NC3CCCCC3,Cough,1
metformin,4091,CN(C)C(=N)N=C(N)N,Pancreatic pseudocyst,1
dapagliflozin,9887712,CCOC1=CC=C(C=C1)CC2=C(C=CC(=C2)C3C(C(C(C(O3)CO)O)O)O)Cl,Spinal disorder,0
rosiglitazone,77999,CN(CCOC1=CC=C(C=C1)CC2C(=O)NC(=O)S2)C3=CC=CC=N3,Superior mesenteric artery syndrome,0
dapagliflozin,9887712,CCOC1=CC=C(C=C1)CC2=C(C=CC(=C2)C3C(C(C(C(O3)CO)O)O)O)Cl,Pyrexia,1
acarbose,9811704,CC1C(C(C(C(O1)OC2C(OC(C(C2O)O)OC(C(CO)O)C(C(C=O)O)O)CO)O)O)NC3C=C(C(C(C3O)O)O)CO,Mean cell volume decreased,0
glyburide,3488,COC1=C(C=C(C=C1)Cl)C(=O)NCCC2=CC=C(C=C2)S(=O)(=O)NC(=O)NC3CCCCC3,Peripheral artery haematoma,0
linagliptin,10096344,CC#CCN1C2=C(N=C1N3CCCC(C3)N)N(C(=O)N(C2=O)CC4=NC5=CC=CC=C5C(=N4)C)C,Weight decreased,0
glyburide,3488,COC1=C(C=C(C=C1)Cl)C(=O)NCCC2=CC=C(C=C2)S(=O)(=O)NC(=O)NC3CCCCC3,Urticaria,0
glimepiride,3476,CCC1=C(CN(C1=O)C(=O)NCCC2=CC=C(C=C2)S(=O)(=O)NC(=O)NC3CCC(CC3)C)C,Body temperature increased,0
metformin,4091,CN(C)C(=N)N=C(N)N,Hunger,1
sitagliptin,4369359,C1CN2C(=NN=C2C(F)(F)F)CN1C(=O)CC(CC3=CC(=C(C=C3F)F)F)N,Product substitution error,0
saxagliptin,11243969,C1C2CC2N(C1C#N)C(=O)C(C34CC5CC(C3)CC(C5)(C4)O)N,Meningitis aseptic,0
rosiglitazone,77999,CN(CCOC1=CC=C(C=C1)CC2C(=O)NC(=O)S2)C3=CC=CC=N3,Pancreatolithiasis,0
glyburide,3488,COC1=C(C=C(C=C1)Cl)C(=O)NCCC2=CC=C(C=C2)S(=O)(=O)NC(=O)NC3CCCCC3,Tuberculosis,0
repaglinide,65981,CCOC1=C(C=CC(=C1)CC(=O)NC(CC(C)C)C2=CC=CC=C2N3CCCCC3)C(=O)O,Pruritus,1
sitagliptin,4369359,C1CN2C(=NN=C2C(F)(F)F)CN1C(=O)CC(CC3=CC(=C(C=C3F)F)F)N,Uterine rupture,0
canagliflozin,24812758,CC1=C(C=C(C=C1)C2C(C(C(C(O2)CO)O)O)O)CC3=CC=C(S3)C4=CC=C(C=C4)F,Osteopenia,0
metformin,4091,CN(C)C(=N)N=C(N)N,Amputation stump pain,1
saxagliptin,11243969,C1C2CC2N(C1C#N)C(=O)C(C34CC5CC(C3)CC(C5)(C4)O)N,Blood immunoglobulin A decreased,0
canagliflozin,24812758,CC1=C(C=C(C=C1)C2C(C(C(C(O2)CO)O)O)O)CC3=CC=C(S3)C4=CC=C(C=C4)F,Prostate cancer,1
saxagliptin,11243969,C1C2CC2N(C1C#N)C(=O)C(C34CC5CC(C3)CC(C5)(C4)O)N,Cyst,1
dapagliflozin,9887712,CCOC1=CC=C(C=C1)CC2=C(C=CC(=C2)C3C(C(C(C(O3)CO)O)O)O)Cl,Grip strength decreased,0
empagliflozin,11949646,C1COCC1OC2=CC=C(C=C2)CC3=C(C=CC(=C3)C4C(C(C(C(O4)CO)O)O)O)Cl,Cystic fibrosis,0
metformin,4091,CN(C)C(=N)N=C(N)N,Complex regional pain syndrome,1
linagliptin,10096344,CC#CCN1C2=C(N=C1N3CCCC(C3)N)N(C(=O)N(C2=O)CC4=NC5=CC=CC=C5C(=N4)C)C,Quadriparesis,0
empagliflozin,11949646,C1COCC1OC2=CC=C(C=C2)CC3=C(C=CC(=C3)C4C(C(C(C(O4)CO)O)O)O)Cl,Abdominal sepsis,0
metformin,4091,CN(C)C(=N)N=C(N)N,Pulse abnormal,1
acarbose,9811704,CC1C(C(C(C(O1)OC2C(OC(C(C2O)O)OC(C(CO)O)C(C(C=O)O)O)CO)O)O)NC3C=C(C(C(C3O)O)O)CO,Amphetamines positive,0
metformin,4091,CN(C)C(=N)N=C(N)N,Cardioactive drug level increased,1
glipizide,3478,CC1=CN=C(C=N1)C(=O)NCCC2=CC=C(C=C2)S(=O)(=O)NC(=O)NC3CCCCC3,Adrenocortical carcinoma,0
metformin,4091,CN(C)C(=N)N=C(N)N,Bronchial neoplasm,0
glipizide,3478,CC1=CN=C(C=N1)C(=O)NCCC2=CC=C(C=C2)S(=O)(=O)NC(=O)NC3CCCCC3,Pancreatic disorder,1
metformin,4091,CN(C)C(=N)N=C(N)N,Neutropenia neonatal,1
empagliflozin,11949646,C1COCC1OC2=CC=C(C=C2)CC3=C(C=CC(=C3)C4C(C(C(C(O4)CO)O)O)O)Cl,Urinary incontinence,1
canagliflozin,24812758,CC1=C(C=C(C=C1)C2C(C(C(C(O2)CO)O)O)O)CC3=CC=C(S3)C4=CC=C(C=C4)F,Fasciotomy,0
acarbose,9811704,CC1C(C(C(C(O1)OC2C(OC(C(C2O)O)OC(C(CO)O)C(C(C=O)O)O)CO)O)O)NC3C=C(C(C(C3O)O)O)CO,Congenital small intestinal atresia,0
empagliflozin,11949646,C1COCC1OC2=CC=C(C=C2)CC3=C(C=CC(=C3)C4C(C(C(C(O4)CO)O)O)O)Cl,Swollen tongue,1
sitagliptin,4369359,C1CN2C(=NN=C2C(F)(F)F)CN1C(=O)CC(CC3=CC(=C(C=C3F)F)F)N,Hypotension,1
sitagliptin,4369359,C1CN2C(=NN=C2C(F)(F)F)CN1C(=O)CC(CC3=CC(=C(C=C3F)F)F)N,Formication,0
metformin,4091,CN(C)C(=N)N=C(N)N,Insulin-like growth factor abnormal,1
metformin,4091,CN(C)C(=N)N=C(N)N,Urinary tract discomfort,1
metformin,4091,CN(C)C(=N)N=C(N)N,Myocardial injury,0
acarbose,9811704,CC1C(C(C(C(O1)OC2C(OC(C(C2O)O)OC(C(CO)O)C(C(C=O)O)O)CO)O)O)NC3C=C(C(C(C3O)O)O)CO,Pulmonary arterial hypertension,0
metformin,4091,CN(C)C(=N)N=C(N)N,Mobility decreased,1
metformin,4091,CN(C)C(=N)N=C(N)N,Meningioma,1
sitagliptin,4369359,C1CN2C(=NN=C2C(F)(F)F)CN1C(=O)CC(CC3=CC(=C(C=C3F)F)F)N,Dermo-hypodermitis,0
metformin,4091,CN(C)C(=N)N=C(N)N,Myiasis,1
sitagliptin,4369359,C1CN2C(=NN=C2C(F)(F)F)CN1C(=O)CC(CC3=CC(=C(C=C3F)F)F)N,Melanocytic naevus,0
canagliflozin,24812758,CC1=C(C=C(C=C1)C2C(C(C(C(O2)CO)O)O)O)CC3=CC=C(S3)C4=CC=C(C=C4)F,Dysentery,1
repaglinide,65981,CCOC1=C(C=CC(=C1)CC(=O)NC(CC(C)C)C2=CC=CC=C2N3CCCCC3)C(=O)O,Postrenal failure,0
linagliptin,10096344,CC#CCN1C2=C(N=C1N3CCCC(C3)N)N(C(=O)N(C2=O)CC4=NC5=CC=CC=C5C(=N4)C)C,Consciousness fluctuating,0
saxagliptin,11243969,C1C2CC2N(C1C#N)C(=O)C(C34CC5CC(C3)CC(C5)(C4)O)N,Renal oncocytoma,0
empagliflozin,11949646,C1COCC1OC2=CC=C(C=C2)CC3=C(C=CC(=C3)C4C(C(C(C(O4)CO)O)O)O)Cl,Flank pain,1
metformin,4091,CN(C)C(=N)N=C(N)N,Proteinuria,1
linagliptin,10096344,CC#CCN1C2=C(N=C1N3CCCC(C3)N)N(C(=O)N(C2=O)CC4=NC5=CC=CC=C5C(=N4)C)C,Microtia,0
dapagliflozin,9887712,CCOC1=CC=C(C=C1)CC2=C(C=CC(=C2)C3C(C(C(C(O3)CO)O)O)O)Cl,Nodal osteoarthritis,0
sitagliptin,4369359,C1CN2C(=NN=C2C(F)(F)F)CN1C(=O)CC(CC3=CC(=C(C=C3F)F)F)N,Blood count abnormal,1
metformin,4091,CN(C)C(=N)N=C(N)N,Jaundice hepatocellular,1
linagliptin,10096344,CC#CCN1C2=C(N=C1N3CCCC(C3)N)N(C(=O)N(C2=O)CC4=NC5=CC=CC=C5C(=N4)C)C,Suicidal behaviour,0
metformin,4091,CN(C)C(=N)N=C(N)N,Scar,1
metformin,4091,CN(C)C(=N)N=C(N)N,Foetal distress syndrome,1
metformin,4091,CN(C)C(=N)N=C(N)N,Suicidal ideation,1
glipizide,3478,CC1=CN=C(C=N1)C(=O)NCCC2=CC=C(C=C2)S(=O)(=O)NC(=O)NC3CCCCC3,Incorrect dose administered,1
sitagliptin,4369359,C1CN2C(=NN=C2C(F)(F)F)CN1C(=O)CC(CC3=CC(=C(C=C3F)F)F)N,Neoplasm skin,0
metformin,4091,CN(C)C(=N)N=C(N)N,Irritability,1
metformin,4091,CN(C)C(=N)N=C(N)N,Anosognosia,1
pioglitazone,4829,CCC1=CN=C(C=C1)CCOC2=CC=C(C=C2)CC3C(=O)NC(=O)S3,Congenital anomaly,0
metformin,4091,CN(C)C(=N)N=C(N)N,Cholelithiasis,1
rosiglitazone,77999,CN(CCOC1=CC=C(C=C1)CC2C(=O)NC(=O)S2)C3=CC=CC=N3,Delusion of grandeur,0
metformin,4091,CN(C)C(=N)N=C(N)N,Urinary incontinence,1
saxagliptin,11243969,C1C2CC2N(C1C#N)C(=O)C(C34CC5CC(C3)CC(C5)(C4)O)N,Urinary hesitation,0
acarbose,9811704,CC1C(C(C(C(O1)OC2C(OC(C(C2O)O)OC(C(CO)O)C(C(C=O)O)O)CO)O)O)NC3C=C(C(C(C3O)O)O)CO,Enteritis infectious,0
canagliflozin,24812758,CC1=C(C=C(C=C1)C2C(C(C(C(O2)CO)O)O)O)CC3=CC=C(S3)C4=CC=C(C=C4)F,Ophthalmoplegia,0
metformin,4091,CN(C)C(=N)N=C(N)N,Nail disorder,1
canagliflozin,24812758,CC1=C(C=C(C=C1)C2C(C(C(C(O2)CO)O)O)O)CC3=CC=C(S3)C4=CC=C(C=C4)F,Secondary hypothyroidism,0
metformin,4091,CN(C)C(=N)N=C(N)N,Foetal death,1
metformin,4091,CN(C)C(=N)N=C(N)N,Erythema,1
rosiglitazone,77999,CN(CCOC1=CC=C(C=C1)CC2C(=O)NC(=O)S2)C3=CC=CC=N3,Bacteriuria,0
nateglinide,5311309,CC(C)C1CCC(CC1)C(=O)NC(CC2=CC=CC=C2)C(=O)O,Ischaemic cardiomyopathy,0
saxagliptin,11243969,C1C2CC2N(C1C#N)C(=O)C(C34CC5CC(C3)CC(C5)(C4)O)N,Rectosigmoid cancer,0
saxagliptin,11243969,C1C2CC2N(C1C#N)C(=O)C(C34CC5CC(C3)CC(C5)(C4)O)N,Mumps,0
dapagliflozin,9887712,CCOC1=CC=C(C=C1)CC2=C(C=CC(=C2)C3C(C(C(C(O3)CO)O)O)O)Cl,Vomiting,1
glyburide,3488,COC1=C(C=C(C=C1)Cl)C(=O)NCCC2=CC=C(C=C2)S(=O)(=O)NC(=O)NC3CCCCC3,High density lipoprotein increased,0
pioglitazone,4829,CCC1=CN=C(C=C1)CCOC2=CC=C(C=C2)CC3C(=O)NC(=O)S3,Erectile dysfunction,0
nateglinide,5311309,CC(C)C1CCC(CC1)C(=O)NC(CC2=CC=CC=C2)C(=O)O,Atrioventricular block first degree,0
repaglinide,65981,CCOC1=C(C=CC(=C1)CC(=O)NC(CC(C)C)C2=CC=CC=C2N3CCCCC3)C(=O)O,Primary myelofibrosis,0
sitagliptin,4369359,C1CN2C(=NN=C2C(F)(F)F)CN1C(=O)CC(CC3=CC(=C(C=C3F)F)F)N,Neuroendocrine tumour,0
pioglitazone,4829,CCC1=CN=C(C=C1)CCOC2=CC=C(C=C2)CC3C(=O)NC(=O)S3,Pancreatitis chronic,0
canagliflozin,24812758,CC1=C(C=C(C=C1)C2C(C(C(C(O2)CO)O)O)O)CC3=CC=C(S3)C4=CC=C(C=C4)F,Respiratory disorder neonatal,0
acarbose,9811704,CC1C(C(C(C(O1)OC2C(OC(C(C2O)O)OC(C(CO)O)C(C(C=O)O)O)CO)O)O)NC3C=C(C(C(C3O)O)O)CO,Cervical vertebral fracture,0
glyburide,3488,COC1=C(C=C(C=C1)Cl)C(=O)NCCC2=CC=C(C=C2)S(=O)(=O)NC(=O)NC3CCCCC3,Myocardial necrosis,0
metformin,4091,CN(C)C(=N)N=C(N)N,Incoherent,1
metformin,4091,CN(C)C(=N)N=C(N)N,Ear infection,1
repaglinide,65981,CCOC1=C(C=CC(=C1)CC(=O)NC(CC(C)C)C2=CC=CC=C2N3CCCCC3)C(=O)O,Enlarged uvula,0
rosiglitazone,77999,CN(CCOC1=CC=C(C=C1)CC2C(=O)NC(=O)S2)C3=CC=CC=N3,Skin discomfort,0
pioglitazone,4829,CCC1=CN=C(C=C1)CCOC2=CC=C(C=C2)CC3C(=O)NC(=O)S3,Embolism venous,0
metformin,4091,CN(C)C(=N)N=C(N)N,Blood glucose increased,1
sitagliptin,4369359,C1CN2C(=NN=C2C(F)(F)F)CN1C(=O)CC(CC3=CC(=C(C=C3F)F)F)N,Palpitations,1
repaglinide,65981,CCOC1=C(C=CC(=C1)CC(=O)NC(CC(C)C)C2=CC=CC=C2N3CCCCC3)C(=O)O,Blood pressure diastolic increased,0
dapagliflozin,9887712,CCOC1=CC=C(C=C1)CC2=C(C=CC(=C2)C3C(C(C(C(O3)CO)O)O)O)Cl,Urine output decreased,1
dapagliflozin,9887712,CCOC1=CC=C(C=C1)CC2=C(C=CC(=C2)C3C(C(C(C(O3)CO)O)O)O)Cl,Resuscitation,0
empagliflozin,11949646,C1COCC1OC2=CC=C(C=C2)CC3=C(C=CC(=C3)C4C(C(C(C(O4)CO)O)O)O)Cl,Optic nerve infarction,0
dapagliflozin,9887712,CCOC1=CC=C(C=C1)CC2=C(C=CC(=C2)C3C(C(C(C(O3)CO)O)O)O)Cl,Osteomyelitis,1
glipizide,3478,CC1=CN=C(C=N1)C(=O)NCCC2=CC=C(C=C2)S(=O)(=O)NC(=O)NC3CCCCC3,Oropharyngeal pain,1
dapagliflozin,9887712,CCOC1=CC=C(C=C1)CC2=C(C=CC(=C2)C3C(C(C(C(O3)CO)O)O)O)Cl,Hyperglobulinaemia,0
rosiglitazone,77999,CN(CCOC1=CC=C(C=C1)CC2C(=O)NC(=O)S2)C3=CC=CC=N3,Oligohydramnios,0
metformin,4091,CN(C)C(=N)N=C(N)N,Central nervous system lymphoma,1
empagliflozin,11949646,C1COCC1OC2=CC=C(C=C2)CC3=C(C=CC(=C3)C4C(C(C(C(O4)CO)O)O)O)Cl,Onychoclasis,0
nateglinide,5311309,CC(C)C1CCC(CC1)C(=O)NC(CC2=CC=CC=C2)C(=O)O,Salpingectomy,0
metformin,4091,CN(C)C(=N)N=C(N)N,Acquired haemophilia,1
dapagliflozin,9887712,CCOC1=CC=C(C=C1)CC2=C(C=CC(=C2)C3C(C(C(C(O3)CO)O)O)O)Cl,Myiasis,0
canagliflozin,24812758,CC1=C(C=C(C=C1)C2C(C(C(C(O2)CO)O)O)O)CC3=CC=C(S3)C4=CC=C(C=C4)F,Penile pain,0
rosiglitazone,77999,CN(CCOC1=CC=C(C=C1)CC2C(=O)NC(=O)S2)C3=CC=CC=N3,Infusion related reaction,0
glyburide,3488,COC1=C(C=C(C=C1)Cl)C(=O)NCCC2=CC=C(C=C2)S(=O)(=O)NC(=O)NC3CCCCC3,Bundle branch block right,0
pioglitazone,4829,CCC1=CN=C(C=C1)CCOC2=CC=C(C=C2)CC3C(=O)NC(=O)S3,Pneumonia staphylococcal,0
metformin,4091,CN(C)C(=N)N=C(N)N,Haematochezia,1
dapagliflozin,9887712,CCOC1=CC=C(C=C1)CC2=C(C=CC(=C2)C3C(C(C(C(O3)CO)O)O)O)Cl,Polyneuropathy,1
dapagliflozin,9887712,CCOC1=CC=C(C=C1)CC2=C(C=CC(=C2)C3C(C(C(C(O3)CO)O)O)O)Cl,Malaise,1
acarbose,9811704,CC1C(C(C(C(O1)OC2C(OC(C(C2O)O)OC(C(CO)O)C(C(C=O)O)O)CO)O)O)NC3C=C(C(C(C3O)O)O)CO,Abdominal pain,1
linagliptin,10096344,CC#CCN1C2=C(N=C1N3CCCC(C3)N)N(C(=O)N(C2=O)CC4=NC5=CC=CC=C5C(=N4)C)C,Oedematous pancreatitis,1
pioglitazone,4829,CCC1=CN=C(C=C1)CCOC2=CC=C(C=C2)CC3C(=O)NC(=O)S3,Mouth swelling,0
canagliflozin,24812758,CC1=C(C=C(C=C1)C2C(C(C(C(O2)CO)O)O)O)CC3=CC=C(S3)C4=CC=C(C=C4)F,Product prescribing error,1
metformin,4091,CN(C)C(=N)N=C(N)N,Folate deficiency,1
nateglinide,5311309,CC(C)C1CCC(CC1)C(=O)NC(CC2=CC=CC=C2)C(=O)O,Hypoglycaemia,1
canagliflozin,24812758,CC1=C(C=C(C=C1)C2C(C(C(C(O2)CO)O)O)O)CC3=CC=C(S3)C4=CC=C(C=C4)F,Portal hypertensive gastropathy,0
linagliptin,10096344,CC#CCN1C2=C(N=C1N3CCCC(C3)N)N(C(=O)N(C2=O)CC4=NC5=CC=CC=C5C(=N4)C)C,Blood insulin increased,0
pioglitazone,4829,CCC1=CN=C(C=C1)CCOC2=CC=C(C=C2)CC3C(=O)NC(=O)S3,Foaming at mouth,0
repaglinide,65981,CCOC1=C(C=CC(=C1)CC(=O)NC(CC(C)C)C2=CC=CC=C2N3CCCCC3)C(=O)O,Genital ulceration,0
metformin,4091,CN(C)C(=N)N=C(N)N,Blindness,1
sitagliptin,4369359,C1CN2C(=NN=C2C(F)(F)F)CN1C(=O)CC(CC3=CC(=C(C=C3F)F)F)N,Bundle branch block right,0
acarbose,9811704,CC1C(C(C(C(O1)OC2C(OC(C(C2O)O)OC(C(CO)O)C(C(C=O)O)O)CO)O)O)NC3C=C(C(C(C3O)O)O)CO,Stomatitis,0
empagliflozin,11949646,C1COCC1OC2=CC=C(C=C2)CC3=C(C=CC(=C3)C4C(C(C(C(O4)CO)O)O)O)Cl,Urinary tract infection fungal,1
metformin,4091,CN(C)C(=N)N=C(N)N,Mastication disorder,1
metformin,4091,CN(C)C(=N)N=C(N)N,Myocardial necrosis,0
dapagliflozin,9887712,CCOC1=CC=C(C=C1)CC2=C(C=CC(=C2)C3C(C(C(C(O3)CO)O)O)O)Cl,Parkinsonism,0
glimepiride,3476,CCC1=C(CN(C1=O)C(=O)NCCC2=CC=C(C=C2)S(=O)(=O)NC(=O)NC3CCC(CC3)C)C,Embolic cerebral infarction,1
metformin,4091,CN(C)C(=N)N=C(N)N,Light chain analysis increased,1
metformin,4091,CN(C)C(=N)N=C(N)N,Vitamin B1 deficiency,1
nateglinide,5311309,CC(C)C1CCC(CC1)C(=O)NC(CC2=CC=CC=C2)C(=O)O,Breast sarcoma metastatic,0
empagliflozin,11949646,C1COCC1OC2=CC=C(C=C2)CC3=C(C=CC(=C3)C4C(C(C(C(O4)CO)O)O)O)Cl,Metabolic function test abnormal,0
glimepiride,3476,CCC1=C(CN(C1=O)C(=O)NCCC2=CC=C(C=C2)S(=O)(=O)NC(=O)NC3CCC(CC3)C)C,Product dose omission issue,1
glyburide,3488,COC1=C(C=C(C=C1)Cl)C(=O)NCCC2=CC=C(C=C2)S(=O)(=O)NC(=O)NC3CCCCC3,Intervertebral disc degeneration,0
saxagliptin,11243969,C1C2CC2N(C1C#N)C(=O)C(C34CC5CC(C3)CC(C5)(C4)O)N,Product taste abnormal,0
glipizide,3478,CC1=CN=C(C=N1)C(=O)NCCC2=CC=C(C=C2)S(=O)(=O)NC(=O)NC3CCCCC3,Body height decreased,1
metformin,4091,CN(C)C(=N)N=C(N)N,Small cell lung cancer,1
saxagliptin,11243969,C1C2CC2N(C1C#N)C(=O)C(C34CC5CC(C3)CC(C5)(C4)O)N,Retinal vein occlusion,0
empagliflozin,11949646,C1COCC1OC2=CC=C(C=C2)CC3=C(C=CC(=C3)C4C(C(C(C(O4)CO)O)O)O)Cl,Liver function test decreased,1
pioglitazone,4829,CCC1=CN=C(C=C1)CCOC2=CC=C(C=C2)CC3C(=O)NC(=O)S3,Lichenification,0
canagliflozin,24812758,CC1=C(C=C(C=C1)C2C(C(C(C(O2)CO)O)O)O)CC3=CC=C(S3)C4=CC=C(C=C4)F,Dehydration,1
glimepiride,3476,CCC1=C(CN(C1=O)C(=O)NCCC2=CC=C(C=C2)S(=O)(=O)NC(=O)NC3CCC(CC3)C)C,Hypoglycaemic coma,1
canagliflozin,24812758,CC1=C(C=C(C=C1)C2C(C(C(C(O2)CO)O)O)O)CC3=CC=C(S3)C4=CC=C(C=C4)F,Paranasal sinus hypersecretion,0
rosiglitazone,77999,CN(CCOC1=CC=C(C=C1)CC2C(=O)NC(=O)S2)C3=CC=CC=N3,Coronary artery occlusion,0
acarbose,9811704,CC1C(C(C(C(O1)OC2C(OC(C(C2O)O)OC(C(CO)O)C(C(C=O)O)O)CO)O)O)NC3C=C(C(C(C3O)O)O)CO,Hypercalciuria,0
acarbose,9811704,CC1C(C(C(C(O1)OC2C(OC(C(C2O)O)OC(C(CO)O)C(C(C=O)O)O)CO)O)O)NC3C=C(C(C(C3O)O)O)CO,Ocular hyperaemia,0
glyburide,3488,COC1=C(C=C(C=C1)Cl)C(=O)NCCC2=CC=C(C=C2)S(=O)(=O)NC(=O)NC3CCCCC3,Aneurysm,0
canagliflozin,24812758,CC1=C(C=C(C=C1)C2C(C(C(C(O2)CO)O)O)O)CC3=CC=C(S3)C4=CC=C(C=C4)F,Intra-abdominal haematoma,0
metformin,4091,CN(C)C(=N)N=C(N)N,Increased insulin requirement,1
empagliflozin,11949646,C1COCC1OC2=CC=C(C=C2)CC3=C(C=CC(=C3)C4C(C(C(C(O4)CO)O)O)O)Cl,Ulcer,1
glimepiride,3476,CCC1=C(CN(C1=O)C(=O)NCCC2=CC=C(C=C2)S(=O)(=O)NC(=O)NC3CCC(CC3)C)C,Glycosylated haemoglobin abnormal,1
pioglitazone,4829,CCC1=CN=C(C=C1)CCOC2=CC=C(C=C2)CC3C(=O)NC(=O)S3,Cough,1
metformin,4091,CN(C)C(=N)N=C(N)N,Axillary pain,1
empagliflozin,11949646,C1COCC1OC2=CC=C(C=C2)CC3=C(C=CC(=C3)C4C(C(C(C(O4)CO)O)O)O)Cl,Blood urine present,1
glipizide,3478,CC1=CN=C(C=N1)C(=O)NCCC2=CC=C(C=C2)S(=O)(=O)NC(=O)NC3CCCCC3,Inspiratory capacity decreased,1
glimepiride,3476,CCC1=C(CN(C1=O)C(=O)NCCC2=CC=C(C=C2)S(=O)(=O)NC(=O)NC3CCC(CC3)C)C,Dry eye,1
glimepiride,3476,CCC1=C(CN(C1=O)C(=O)NCCC2=CC=C(C=C2)S(=O)(=O)NC(=O)NC3CCC(CC3)C)C,Product physical issue,1
empagliflozin,11949646,C1COCC1OC2=CC=C(C=C2)CC3=C(C=CC(=C3)C4C(C(C(C(O4)CO)O)O)O)Cl,Erythema multiforme,1
pioglitazone,4829,CCC1=CN=C(C=C1)CCOC2=CC=C(C=C2)CC3C(=O)NC(=O)S3,Foetal macrosomia,0
glipizide,3478,CC1=CN=C(C=N1)C(=O)NCCC2=CC=C(C=C2)S(=O)(=O)NC(=O)NC3CCCCC3,Resorption bone increased,0
metformin,4091,CN(C)C(=N)N=C(N)N,International normalised ratio fluctuation,1
dapagliflozin,9887712,CCOC1=CC=C(C=C1)CC2=C(C=CC(=C2)C3C(C(C(C(O3)CO)O)O)O)Cl,Coronary artery disease,1
glimepiride,3476,CCC1=C(CN(C1=O)C(=O)NCCC2=CC=C(C=C2)S(=O)(=O)NC(=O)NC3CCC(CC3)C)C,Weight decreased,1
saxagliptin,11243969,C1C2CC2N(C1C#N)C(=O)C(C34CC5CC(C3)CC(C5)(C4)O)N,Intensive care,0
metformin,4091,CN(C)C(=N)N=C(N)N,Red cell distribution width increased,1
linagliptin,10096344,CC#CCN1C2=C(N=C1N3CCCC(C3)N)N(C(=O)N(C2=O)CC4=NC5=CC=CC=C5C(=N4)C)C,Polymyalgia rheumatica,0
rosiglitazone,77999,CN(CCOC1=CC=C(C=C1)CC2C(=O)NC(=O)S2)C3=CC=CC=N3,Cerebral haematoma,0
pioglitazone,4829,CCC1=CN=C(C=C1)CCOC2=CC=C(C=C2)CC3C(=O)NC(=O)S3,Swollen tongue,1
metformin,4091,CN(C)C(=N)N=C(N)N,Sensory disturbance,1
metformin,4091,CN(C)C(=N)N=C(N)N,Normal newborn,1
metformin,4091,CN(C)C(=N)N=C(N)N,Escherichia urinary tract infection,1
metformin,4091,CN(C)C(=N)N=C(N)N,Rotator cuff syndrome,1
linagliptin,10096344,CC#CCN1C2=C(N=C1N3CCCC(C3)N)N(C(=O)N(C2=O)CC4=NC5=CC=CC=C5C(=N4)C)C,Immune-mediated neurological disorder,0
glipizide,3478,CC1=CN=C(C=N1)C(=O)NCCC2=CC=C(C=C2)S(=O)(=O)NC(=O)NC3CCCCC3,Laparotomy,0
saxagliptin,11243969,C1C2CC2N(C1C#N)C(=O)C(C34CC5CC(C3)CC(C5)(C4)O)N,Pharyngeal oedema,1
metformin,4091,CN(C)C(=N)N=C(N)N,Infected cyst,1
metformin,4091,CN(C)C(=N)N=C(N)N,Blood iron decreased,1
pioglitazone,4829,CCC1=CN=C(C=C1)CCOC2=CC=C(C=C2)CC3C(=O)NC(=O)S3,Dyspnoea,1
metformin,4091,CN(C)C(=N)N=C(N)N,Laboratory test abnormal,1
linagliptin,10096344,CC#CCN1C2=C(N=C1N3CCCC(C3)N)N(C(=O)N(C2=O)CC4=NC5=CC=CC=C5C(=N4)C)C,Paresis,0
metformin,4091,CN(C)C(=N)N=C(N)N,Psychomotor hyperactivity,1
glimepiride,3476,CCC1=C(CN(C1=O)C(=O)NCCC2=CC=C(C=C2)S(=O)(=O)NC(=O)NC3CCC(CC3)C)C,Splenic lesion,0
metformin,4091,CN(C)C(=N)N=C(N)N,Atrial fibrillation,1
dapagliflozin,9887712,CCOC1=CC=C(C=C1)CC2=C(C=CC(=C2)C3C(C(C(C(O3)CO)O)O)O)Cl,Paresis,0
metformin,4091,CN(C)C(=N)N=C(N)N,Premature baby,1
saxagliptin,11243969,C1C2CC2N(C1C#N)C(=O)C(C34CC5CC(C3)CC(C5)(C4)O)N,Diaphragmalgia,0
empagliflozin,11949646,C1COCC1OC2=CC=C(C=C2)CC3=C(C=CC(=C3)C4C(C(C(C(O4)CO)O)O)O)Cl,Thirst,1
sitagliptin,4369359,C1CN2C(=NN=C2C(F)(F)F)CN1C(=O)CC(CC3=CC(=C(C=C3F)F)F)N,Embolism,0
metformin,4091,CN(C)C(=N)N=C(N)N,Adrenal insufficiency,1
pioglitazone,4829,CCC1=CN=C(C=C1)CCOC2=CC=C(C=C2)CC3C(=O)NC(=O)S3,Tachyphrenia,0
sitagliptin,4369359,C1CN2C(=NN=C2C(F)(F)F)CN1C(=O)CC(CC3=CC(=C(C=C3F)F)F)N,Gastrointestinal tract irritation,0
metformin,4091,CN(C)C(=N)N=C(N)N,Breast feeding,1
empagliflozin,11949646,C1COCC1OC2=CC=C(C=C2)CC3=C(C=CC(=C3)C4C(C(C(C(O4)CO)O)O)O)Cl,Infection,1
metformin,4091,CN(C)C(=N)N=C(N)N,Hypersomnia,1
pioglitazone,4829,CCC1=CN=C(C=C1)CCOC2=CC=C(C=C2)CC3C(=O)NC(=O)S3,Swelling of eyelid,1
metformin,4091,CN(C)C(=N)N=C(N)N,Pneumonia bacterial,1
metformin,4091,CN(C)C(=N)N=C(N)N,Limb discomfort,1
saxagliptin,11243969,C1C2CC2N(C1C#N)C(=O)C(C34CC5CC(C3)CC(C5)(C4)O)N,Amnesia,0
metformin,4091,CN(C)C(=N)N=C(N)N,Congenital hydrocephalus,1
saxagliptin,11243969,C1C2CC2N(C1C#N)C(=O)C(C34CC5CC(C3)CC(C5)(C4)O)N,Fungal cystitis,0
metformin,4091,CN(C)C(=N)N=C(N)N,Social avoidant behaviour,1
repaglinide,65981,CCOC1=C(C=CC(=C1)CC(=O)NC(CC(C)C)C2=CC=CC=C2N3CCCCC3)C(=O)O,Delirium,0
linagliptin,10096344,CC#CCN1C2=C(N=C1N3CCCC(C3)N)N(C(=O)N(C2=O)CC4=NC5=CC=CC=C5C(=N4)C)C,Alveolar capillary dysplasia,0
acarbose,9811704,CC1C(C(C(C(O1)OC2C(OC(C(C2O)O)OC(C(CO)O)C(C(C=O)O)O)CO)O)O)NC3C=C(C(C(C3O)O)O)CO,Glomerular filtration rate decreased,0
nateglinide,5311309,CC(C)C1CCC(CC1)C(=O)NC(CC2=CC=CC=C2)C(=O)O,Sedation,0
glimepiride,3476,CCC1=C(CN(C1=O)C(=O)NCCC2=CC=C(C=C2)S(=O)(=O)NC(=O)NC3CCC(CC3)C)C,Adverse event,1
canagliflozin,24812758,CC1=C(C=C(C=C1)C2C(C(C(C(O2)CO)O)O)O)CC3=CC=C(S3)C4=CC=C(C=C4)F,Birth mark,1
empagliflozin,11949646,C1COCC1OC2=CC=C(C=C2)CC3=C(C=CC(=C3)C4C(C(C(C(O4)CO)O)O)O)Cl,Polyhydramnios,0
pioglitazone,4829,CCC1=CN=C(C=C1)CCOC2=CC=C(C=C2)CC3C(=O)NC(=O)S3,Lumbar vertebral fracture,0
empagliflozin,11949646,C1COCC1OC2=CC=C(C=C2)CC3=C(C=CC(=C3)C4C(C(C(C(O4)CO)O)O)O)Cl,Polydipsia,1
linagliptin,10096344,CC#CCN1C2=C(N=C1N3CCCC(C3)N)N(C(=O)N(C2=O)CC4=NC5=CC=CC=C5C(=N4)C)C,Liver abscess,0
linagliptin,10096344,CC#CCN1C2=C(N=C1N3CCCC(C3)N)N(C(=O)N(C2=O)CC4=NC5=CC=CC=C5C(=N4)C)C,Respiratory tract haemorrhage,0
acarbose,9811704,CC1C(C(C(C(O1)OC2C(OC(C(C2O)O)OC(C(CO)O)C(C(C=O)O)O)CO)O)O)NC3C=C(C(C(C3O)O)O)CO,Prostatic operation,0
empagliflozin,11949646,C1COCC1OC2=CC=C(C=C2)CC3=C(C=CC(=C3)C4C(C(C(C(O4)CO)O)O)O)Cl,Foaming at mouth,0
saxagliptin,11243969,C1C2CC2N(C1C#N)C(=O)C(C34CC5CC(C3)CC(C5)(C4)O)N,Fallot's tetralogy,0
metformin,4091,CN(C)C(=N)N=C(N)N,Peripheral vascular disorder,1
glimepiride,3476,CCC1=C(CN(C1=O)C(=O)NCCC2=CC=C(C=C2)S(=O)(=O)NC(=O)NC3CCC(CC3)C)C,Food interaction,0
sitagliptin,4369359,C1CN2C(=NN=C2C(F)(F)F)CN1C(=O)CC(CC3=CC(=C(C=C3F)F)F)N,Temperature perception test abnormal,1
repaglinide,65981,CCOC1=C(C=CC(=C1)CC(=O)NC(CC(C)C)C2=CC=CC=C2N3CCCCC3)C(=O)O,Eye injury,0
empagliflozin,11949646,C1COCC1OC2=CC=C(C=C2)CC3=C(C=CC(=C3)C4C(C(C(C(O4)CO)O)O)O)Cl,Hypocapnia,1
metformin,4091,CN(C)C(=N)N=C(N)N,Accidental overdose,1
metformin,4091,CN(C)C(=N)N=C(N)N,Peripheral ischaemia,1
empagliflozin,11949646,C1COCC1OC2=CC=C(C=C2)CC3=C(C=CC(=C3)C4C(C(C(C(O4)CO)O)O)O)Cl,Metabolic alkalosis,0
saxagliptin,11243969,C1C2CC2N(C1C#N)C(=O)C(C34CC5CC(C3)CC(C5)(C4)O)N,Eyelid ptosis,0
metformin,4091,CN(C)C(=N)N=C(N)N,Oliguria,1
dapagliflozin,9887712,CCOC1=CC=C(C=C1)CC2=C(C=CC(=C2)C3C(C(C(C(O3)CO)O)O)O)Cl,Deformity,0
metformin,4091,CN(C)C(=N)N=C(N)N,Joint instability,1
empagliflozin,11949646,C1COCC1OC2=CC=C(C=C2)CC3=C(C=CC(=C3)C4C(C(C(C(O4)CO)O)O)O)Cl,Prostatic specific antigen increased,1
glimepiride,3476,CCC1=C(CN(C1=O)C(=O)NCCC2=CC=C(C=C2)S(=O)(=O)NC(=O)NC3CCC(CC3)C)C,Oropharyngeal discomfort,0
empagliflozin,11949646,C1COCC1OC2=CC=C(C=C2)CC3=C(C=CC(=C3)C4C(C(C(C(O4)CO)O)O)O)Cl,Diarrhoea,1
repaglinide,65981,CCOC1=C(C=CC(=C1)CC(=O)NC(CC(C)C)C2=CC=CC=C2N3CCCCC3)C(=O)O,Drug dose titration not performed,0
dapagliflozin,9887712,CCOC1=CC=C(C=C1)CC2=C(C=CC(=C2)C3C(C(C(C(O3)CO)O)O)O)Cl,Hypomagnesaemia,1
nateglinide,5311309,CC(C)C1CCC(CC1)C(=O)NC(CC2=CC=CC=C2)C(=O)O,Arm amputation,0
metformin,4091,CN(C)C(=N)N=C(N)N,Necrotising myositis,0
glipizide,3478,CC1=CN=C(C=N1)C(=O)NCCC2=CC=C(C=C2)S(=O)(=O)NC(=O)NC3CCCCC3,Osteomyelitis,0
metformin,4091,CN(C)C(=N)N=C(N)N,Intervertebral disc degeneration,1
sitagliptin,4369359,C1CN2C(=NN=C2C(F)(F)F)CN1C(=O)CC(CC3=CC(=C(C=C3F)F)F)N,Eosinophilia,0
linagliptin,10096344,CC#CCN1C2=C(N=C1N3CCCC(C3)N)N(C(=O)N(C2=O)CC4=NC5=CC=CC=C5C(=N4)C)C,Brain neoplasm,0
sitagliptin,4369359,C1CN2C(=NN=C2C(F)(F)F)CN1C(=O)CC(CC3=CC(=C(C=C3F)F)F)N,Ischaemic pancreatitis,0
glimepiride,3476,CCC1=C(CN(C1=O)C(=O)NCCC2=CC=C(C=C2)S(=O)(=O)NC(=O)NC3CCC(CC3)C)C,Respiratory tract infection,1
canagliflozin,24812758,CC1=C(C=C(C=C1)C2C(C(C(C(O2)CO)O)O)O)CC3=CC=C(S3)C4=CC=C(C=C4)F,Hypophagia,1
empagliflozin,11949646,C1COCC1OC2=CC=C(C=C2)CC3=C(C=CC(=C3)C4C(C(C(C(O4)CO)O)O)O)Cl,Saliva altered,0
metformin,4091,CN(C)C(=N)N=C(N)N,Necrosis,1
repaglinide,65981,CCOC1=C(C=CC(=C1)CC(=O)NC(CC(C)C)C2=CC=CC=C2N3CCCCC3)C(=O)O,Bladder spasm,0
repaglinide,65981,CCOC1=C(C=CC(=C1)CC(=O)NC(CC(C)C)C2=CC=CC=C2N3CCCCC3)C(=O)O,Venoocclusive disease,0
saxagliptin,11243969,C1C2CC2N(C1C#N)C(=O)C(C34CC5CC(C3)CC(C5)(C4)O)N,Status epilepticus,0
metformin,4091,CN(C)C(=N)N=C(N)N,Depression,1
repaglinide,65981,CCOC1=C(C=CC(=C1)CC(=O)NC(CC(C)C)C2=CC=CC=C2N3CCCCC3)C(=O)O,Acute kidney injury,1
nateglinide,5311309,CC(C)C1CCC(CC1)C(=O)NC(CC2=CC=CC=C2)C(=O)O,Embolism,0
empagliflozin,11949646,C1COCC1OC2=CC=C(C=C2)CC3=C(C=CC(=C3)C4C(C(C(C(O4)CO)O)O)O)Cl,Therapy cessation,1
pioglitazone,4829,CCC1=CN=C(C=C1)CCOC2=CC=C(C=C2)CC3C(=O)NC(=O)S3,Disorientation,1
metformin,4091,CN(C)C(=N)N=C(N)N,Impaired fasting glucose,1
metformin,4091,CN(C)C(=N)N=C(N)N,Gastrointestinal injury,1
metformin,4091,CN(C)C(=N)N=C(N)N,Chronic myeloid leukaemia,1
glyburide,3488,COC1=C(C=C(C=C1)Cl)C(=O)NCCC2=CC=C(C=C2)S(=O)(=O)NC(=O)NC3CCCCC3,Loss of consciousness,0
acarbose,9811704,CC1C(C(C(C(O1)OC2C(OC(C(C2O)O)OC(C(CO)O)C(C(C=O)O)O)CO)O)O)NC3C=C(C(C(C3O)O)O)CO,Thirst,0
glipizide,3478,CC1=CN=C(C=N1)C(=O)NCCC2=CC=C(C=C2)S(=O)(=O)NC(=O)NC3CCCCC3,Hypertensive heart disease,0
saxagliptin,11243969,C1C2CC2N(C1C#N)C(=O)C(C34CC5CC(C3)CC(C5)(C4)O)N,Diarrhoea,1
rosiglitazone,77999,CN(CCOC1=CC=C(C=C1)CC2C(=O)NC(=O)S2)C3=CC=CC=N3,Post procedural bile leak,0
metformin,4091,CN(C)C(=N)N=C(N)N,Carcinogenicity,1
empagliflozin,11949646,C1COCC1OC2=CC=C(C=C2)CC3=C(C=CC(=C3)C4C(C(C(C(O4)CO)O)O)O)Cl,Acute kidney injury,1
nateglinide,5311309,CC(C)C1CCC(CC1)C(=O)NC(CC2=CC=CC=C2)C(=O)O,Chondromalacia,0
metformin,4091,CN(C)C(=N)N=C(N)N,Protein urine,1
metformin,4091,CN(C)C(=N)N=C(N)N,Hyperinsulinaemic hypoglycaemia,1
nateglinide,5311309,CC(C)C1CCC(CC1)C(=O)NC(CC2=CC=CC=C2)C(=O)O,Colorectal cancer stage IV,0
metformin,4091,CN(C)C(=N)N=C(N)N,Injection site nodule,1
metformin,4091,CN(C)C(=N)N=C(N)N,Blood corticotrophin increased,1
repaglinide,65981,CCOC1=C(C=CC(=C1)CC(=O)NC(CC(C)C)C2=CC=CC=C2N3CCCCC3)C(=O)O,Wrong patient,0
dapagliflozin,9887712,CCOC1=CC=C(C=C1)CC2=C(C=CC(=C2)C3C(C(C(C(O3)CO)O)O)O)Cl,Scrotal abscess,1
glyburide,3488,COC1=C(C=C(C=C1)Cl)C(=O)NCCC2=CC=C(C=C2)S(=O)(=O)NC(=O)NC3CCCCC3,Chronic left ventricular failure,0
metformin,4091,CN(C)C(=N)N=C(N)N,Neurologic neglect syndrome,1
saxagliptin,11243969,C1C2CC2N(C1C#N)C(=O)C(C34CC5CC(C3)CC(C5)(C4)O)N,Cutaneous lupus erythematosus,0
acarbose,9811704,CC1C(C(C(C(O1)OC2C(OC(C(C2O)O)OC(C(CO)O)C(C(C=O)O)O)CO)O)O)NC3C=C(C(C(C3O)O)O)CO,Abortion spontaneous,0
metformin,4091,CN(C)C(=N)N=C(N)N,Hyperosmolar state,1
acarbose,9811704,CC1C(C(C(C(O1)OC2C(OC(C(C2O)O)OC(C(CO)O)C(C(C=O)O)O)CO)O)O)NC3C=C(C(C(C3O)O)O)CO,Seizure,1
canagliflozin,24812758,CC1=C(C=C(C=C1)C2C(C(C(C(O2)CO)O)O)O)CC3=CC=C(S3)C4=CC=C(C=C4)F,Metabolic acidosis,1
acarbose,9811704,CC1C(C(C(C(O1)OC2C(OC(C(C2O)O)OC(C(CO)O)C(C(C=O)O)O)CO)O)O)NC3C=C(C(C(C3O)O)O)CO,Hepatic atrophy,0
dapagliflozin,9887712,CCOC1=CC=C(C=C1)CC2=C(C=CC(=C2)C3C(C(C(C(O3)CO)O)O)O)Cl,Arrhythmic storm,0
empagliflozin,11949646,C1COCC1OC2=CC=C(C=C2)CC3=C(C=CC(=C3)C4C(C(C(C(O4)CO)O)O)O)Cl,Penile infection,0
metformin,4091,CN(C)C(=N)N=C(N)N,Gallbladder disorder,1
canagliflozin,24812758,CC1=C(C=C(C=C1)C2C(C(C(C(O2)CO)O)O)O)CC3=CC=C(S3)C4=CC=C(C=C4)F,Wound infection,1
metformin,4091,CN(C)C(=N)N=C(N)N,Body mass index decreased,0
sitagliptin,4369359,C1CN2C(=NN=C2C(F)(F)F)CN1C(=O)CC(CC3=CC(=C(C=C3F)F)F)N,Septic shock,1
metformin,4091,CN(C)C(=N)N=C(N)N,Streptococcal sepsis,1
glyburide,3488,COC1=C(C=C(C=C1)Cl)C(=O)NCCC2=CC=C(C=C2)S(=O)(=O)NC(=O)NC3CCCCC3,Resting tremor,0
metformin,4091,CN(C)C(=N)N=C(N)N,Metastasis,1
metformin,4091,CN(C)C(=N)N=C(N)N,Facial spasm,0
metformin,4091,CN(C)C(=N)N=C(N)N,Meningomyelocele,1
repaglinide,65981,CCOC1=C(C=CC(=C1)CC(=O)NC(CC(C)C)C2=CC=CC=C2N3CCCCC3)C(=O)O,Blood sodium decreased,0
metformin,4091,CN(C)C(=N)N=C(N)N,Blood triglycerides increased,1
empagliflozin,11949646,C1COCC1OC2=CC=C(C=C2)CC3=C(C=CC(=C3)C4C(C(C(C(O4)CO)O)O)O)Cl,Haematoma,0
pioglitazone,4829,CCC1=CN=C(C=C1)CCOC2=CC=C(C=C2)CC3C(=O)NC(=O)S3,Inflammatory bowel disease,1
nateglinide,5311309,CC(C)C1CCC(CC1)C(=O)NC(CC2=CC=CC=C2)C(=O)O,Gingivitis,0
acarbose,9811704,CC1C(C(C(C(O1)OC2C(OC(C(C2O)O)OC(C(CO)O)C(C(C=O)O)O)CO)O)O)NC3C=C(C(C(C3O)O)O)CO,Lip dry,0
glimepiride,3476,CCC1=C(CN(C1=O)C(=O)NCCC2=CC=C(C=C2)S(=O)(=O)NC(=O)NC3CCC(CC3)C)C,Blood pressure fluctuation,0
metformin,4091,CN(C)C(=N)N=C(N)N,Status epilepticus,1
glyburide,3488,COC1=C(C=C(C=C1)Cl)C(=O)NCCC2=CC=C(C=C2)S(=O)(=O)NC(=O)NC3CCCCC3,Gangrene,0
metformin,4091,CN(C)C(=N)N=C(N)N,Osteonecrosis,1
sitagliptin,4369359,C1CN2C(=NN=C2C(F)(F)F)CN1C(=O)CC(CC3=CC(=C(C=C3F)F)F)N,Respiratory arrest,0
metformin,4091,CN(C)C(=N)N=C(N)N,Platelet count increased,1
pioglitazone,4829,CCC1=CN=C(C=C1)CCOC2=CC=C(C=C2)CC3C(=O)NC(=O)S3,Meningitis aseptic,0
nateglinide,5311309,CC(C)C1CCC(CC1)C(=O)NC(CC2=CC=CC=C2)C(=O)O,Acquired gene mutation,0
dapagliflozin,9887712,CCOC1=CC=C(C=C1)CC2=C(C=CC(=C2)C3C(C(C(C(O3)CO)O)O)O)Cl,Prostatomegaly,0
dapagliflozin,9887712,CCOC1=CC=C(C=C1)CC2=C(C=CC(=C2)C3C(C(C(C(O3)CO)O)O)O)Cl,Fournier's gangrene,1
canagliflozin,24812758,CC1=C(C=C(C=C1)C2C(C(C(C(O2)CO)O)O)O)CC3=CC=C(S3)C4=CC=C(C=C4)F,Hypersensitivity,0
metformin,4091,CN(C)C(=N)N=C(N)N,Product contamination physical,1
metformin,4091,CN(C)C(=N)N=C(N)N,Calcium deficiency,1
saxagliptin,11243969,C1C2CC2N(C1C#N)C(=O)C(C34CC5CC(C3)CC(C5)(C4)O)N,Prognathism,0
glyburide,3488,COC1=C(C=C(C=C1)Cl)C(=O)NCCC2=CC=C(C=C2)S(=O)(=O)NC(=O)NC3CCCCC3,Humidity intolerance,0
canagliflozin,24812758,CC1=C(C=C(C=C1)C2C(C(C(C(O2)CO)O)O)O)CC3=CC=C(S3)C4=CC=C(C=C4)F,Floppy infant,0
metformin,4091,CN(C)C(=N)N=C(N)N,Heat stroke,0
pioglitazone,4829,CCC1=CN=C(C=C1)CCOC2=CC=C(C=C2)CC3C(=O)NC(=O)S3,Burning sensation,1
sitagliptin,4369359,C1CN2C(=NN=C2C(F)(F)F)CN1C(=O)CC(CC3=CC(=C(C=C3F)F)F)N,Lymphocytic hypophysitis,0
metformin,4091,CN(C)C(=N)N=C(N)N,Premature labour,1
metformin,4091,CN(C)C(=N)N=C(N)N,Psychiatric symptom,1
repaglinide,65981,CCOC1=C(C=CC(=C1)CC(=O)NC(CC(C)C)C2=CC=CC=C2N3CCCCC3)C(=O)O,Hyperchlorhydria,0
nateglinide,5311309,CC(C)C1CCC(CC1)C(=O)NC(CC2=CC=CC=C2)C(=O)O,Ulcer haemorrhage,0
empagliflozin,11949646,C1COCC1OC2=CC=C(C=C2)CC3=C(C=CC(=C3)C4C(C(C(C(O4)CO)O)O)O)Cl,Tinea infection,1
saxagliptin,11243969,C1C2CC2N(C1C#N)C(=O)C(C34CC5CC(C3)CC(C5)(C4)O)N,Rash,1
glipizide,3478,CC1=CN=C(C=N1)C(=O)NCCC2=CC=C(C=C2)S(=O)(=O)NC(=O)NC3CCCCC3,Hypoglycaemia,1
metformin,4091,CN(C)C(=N)N=C(N)N,Coronavirus infection,1
canagliflozin,24812758,CC1=C(C=C(C=C1)C2C(C(C(C(O2)CO)O)O)O)CC3=CC=C(S3)C4=CC=C(C=C4)F,Urinary retention,1
metformin,4091,CN(C)C(=N)N=C(N)N,Halo vision,1
dapagliflozin,9887712,CCOC1=CC=C(C=C1)CC2=C(C=CC(=C2)C3C(C(C(C(O3)CO)O)O)O)Cl,Urinary incontinence,1
metformin,4091,CN(C)C(=N)N=C(N)N,Brain injury,1
rosiglitazone,77999,CN(CCOC1=CC=C(C=C1)CC2C(=O)NC(=O)S2)C3=CC=CC=N3,Irritable bowel syndrome,0
metformin,4091,CN(C)C(=N)N=C(N)N,Botulism,1
canagliflozin,24812758,CC1=C(C=C(C=C1)C2C(C(C(C(O2)CO)O)O)O)CC3=CC=C(S3)C4=CC=C(C=C4)F,Retching,1
glyburide,3488,COC1=C(C=C(C=C1)Cl)C(=O)NCCC2=CC=C(C=C2)S(=O)(=O)NC(=O)NC3CCCCC3,Weight fluctuation,0
glimepiride,3476,CCC1=C(CN(C1=O)C(=O)NCCC2=CC=C(C=C2)S(=O)(=O)NC(=O)NC3CCC(CC3)C)C,Hepatic cancer,0
pioglitazone,4829,CCC1=CN=C(C=C1)CCOC2=CC=C(C=C2)CC3C(=O)NC(=O)S3,Supraventricular tachycardia,0
repaglinide,65981,CCOC1=C(C=CC(=C1)CC(=O)NC(CC(C)C)C2=CC=CC=C2N3CCCCC3)C(=O)O,Rash,1
repaglinide,65981,CCOC1=C(C=CC(=C1)CC(=O)NC(CC(C)C)C2=CC=CC=C2N3CCCCC3)C(=O)O,Confusional state,1
metformin,4091,CN(C)C(=N)N=C(N)N,Autoimmune pancreatitis,1
canagliflozin,24812758,CC1=C(C=C(C=C1)C2C(C(C(C(O2)CO)O)O)O)CC3=CC=C(S3)C4=CC=C(C=C4)F,Cardiac murmur,0
glipizide,3478,CC1=CN=C(C=N1)C(=O)NCCC2=CC=C(C=C2)S(=O)(=O)NC(=O)NC3CCCCC3,Weight increased,1
metformin,4091,CN(C)C(=N)N=C(N)N,Gastrointestinal inflammation,1
sitagliptin,4369359,C1CN2C(=NN=C2C(F)(F)F)CN1C(=O)CC(CC3=CC(=C(C=C3F)F)F)N,Nephrolithiasis,0
metformin,4091,CN(C)C(=N)N=C(N)N,Metastases to spine,1
metformin,4091,CN(C)C(=N)N=C(N)N,Antiphospholipid syndrome,1
metformin,4091,CN(C)C(=N)N=C(N)N,Embolic stroke,1
pioglitazone,4829,CCC1=CN=C(C=C1)CCOC2=CC=C(C=C2)CC3C(=O)NC(=O)S3,Penile oedema,0
saxagliptin,11243969,C1C2CC2N(C1C#N)C(=O)C(C34CC5CC(C3)CC(C5)(C4)O)N,Mediastinitis,0
metformin,4091,CN(C)C(=N)N=C(N)N,Self-consciousness,1
glipizide,3478,CC1=CN=C(C=N1)C(=O)NCCC2=CC=C(C=C2)S(=O)(=O)NC(=O)NC3CCCCC3,Ill-defined disorder,1
pioglitazone,4829,CCC1=CN=C(C=C1)CCOC2=CC=C(C=C2)CC3C(=O)NC(=O)S3,Angioedema,0
canagliflozin,24812758,CC1=C(C=C(C=C1)C2C(C(C(C(O2)CO)O)O)O)CC3=CC=C(S3)C4=CC=C(C=C4)F,Low density lipoprotein increased,1
repaglinide,65981,CCOC1=C(C=CC(=C1)CC(=O)NC(CC(C)C)C2=CC=CC=C2N3CCCCC3)C(=O)O,Intracranial haematoma,0
metformin,4091,CN(C)C(=N)N=C(N)N,Multiple sclerosis relapse,1
glimepiride,3476,CCC1=C(CN(C1=O)C(=O)NCCC2=CC=C(C=C2)S(=O)(=O)NC(=O)NC3CCC(CC3)C)C,Hypomagnesaemia,1
glimepiride,3476,CCC1=C(CN(C1=O)C(=O)NCCC2=CC=C(C=C2)S(=O)(=O)NC(=O)NC3CCC(CC3)C)C,Fluid retention,0
metformin,4091,CN(C)C(=N)N=C(N)N,Renin decreased,1
acarbose,9811704,CC1C(C(C(C(O1)OC2C(OC(C(C2O)O)OC(C(CO)O)C(C(C=O)O)O)CO)O)O)NC3C=C(C(C(C3O)O)O)CO,Eating disorder,0
dapagliflozin,9887712,CCOC1=CC=C(C=C1)CC2=C(C=CC(=C2)C3C(C(C(C(O3)CO)O)O)O)Cl,Pathological fracture,0
dapagliflozin,9887712,CCOC1=CC=C(C=C1)CC2=C(C=CC(=C2)C3C(C(C(C(O3)CO)O)O)O)Cl,Diastolic dysfunction,1
metformin,4091,CN(C)C(=N)N=C(N)N,Cardiac arrest,1
sitagliptin,4369359,C1CN2C(=NN=C2C(F)(F)F)CN1C(=O)CC(CC3=CC(=C(C=C3F)F)F)N,Seizure,1
metformin,4091,CN(C)C(=N)N=C(N)N,Electrocardiogram change,0
rosiglitazone,77999,CN(CCOC1=CC=C(C=C1)CC2C(=O)NC(=O)S2)C3=CC=CC=N3,Cardiac failure chronic,0
rosiglitazone,77999,CN(CCOC1=CC=C(C=C1)CC2C(=O)NC(=O)S2)C3=CC=CC=N3,Fungal pharyngitis,0
metformin,4091,CN(C)C(=N)N=C(N)N,Ill-defined disorder,1
sitagliptin,4369359,C1CN2C(=NN=C2C(F)(F)F)CN1C(=O)CC(CC3=CC(=C(C=C3F)F)F)N,Gene mutation,0
glimepiride,3476,CCC1=C(CN(C1=O)C(=O)NCCC2=CC=C(C=C2)S(=O)(=O)NC(=O)NC3CCC(CC3)C)C,Product appearance confusion,1
empagliflozin,11949646,C1COCC1OC2=CC=C(C=C2)CC3=C(C=CC(=C3)C4C(C(C(C(O4)CO)O)O)O)Cl,Ketoacidosis,1
glipizide,3478,CC1=CN=C(C=N1)C(=O)NCCC2=CC=C(C=C2)S(=O)(=O)NC(=O)NC3CCCCC3,Endometritis,0
canagliflozin,24812758,CC1=C(C=C(C=C1)C2C(C(C(C(O2)CO)O)O)O)CC3=CC=C(S3)C4=CC=C(C=C4)F,Appendicectomy,0
repaglinide,65981,CCOC1=C(C=CC(=C1)CC(=O)NC(CC(C)C)C2=CC=CC=C2N3CCCCC3)C(=O)O,Genital herpes,0
metformin,4091,CN(C)C(=N)N=C(N)N,Hyponatraemic syndrome,1
empagliflozin,11949646,C1COCC1OC2=CC=C(C=C2)CC3=C(C=CC(=C3)C4C(C(C(C(O4)CO)O)O)O)Cl,Squamous cell carcinoma,0
glipizide,3478,CC1=CN=C(C=N1)C(=O)NCCC2=CC=C(C=C2)S(=O)(=O)NC(=O)NC3CCCCC3,Neonatal respiratory distress,0
saxagliptin,11243969,C1C2CC2N(C1C#N)C(=O)C(C34CC5CC(C3)CC(C5)(C4)O)N,Pericarditis,0
metformin,4091,CN(C)C(=N)N=C(N)N,Drug level above therapeutic,1
linagliptin,10096344,CC#CCN1C2=C(N=C1N3CCCC(C3)N)N(C(=O)N(C2=O)CC4=NC5=CC=CC=C5C(=N4)C)C,Deep vein thrombosis,0
pioglitazone,4829,CCC1=CN=C(C=C1)CCOC2=CC=C(C=C2)CC3C(=O)NC(=O)S3,Carotid arteriosclerosis,0
dapagliflozin,9887712,CCOC1=CC=C(C=C1)CC2=C(C=CC(=C2)C3C(C(C(C(O3)CO)O)O)O)Cl,Inflammatory bowel disease,0
sitagliptin,4369359,C1CN2C(=NN=C2C(F)(F)F)CN1C(=O)CC(CC3=CC(=C(C=C3F)F)F)N,Infection,1
dapagliflozin,9887712,CCOC1=CC=C(C=C1)CC2=C(C=CC(=C2)C3C(C(C(C(O3)CO)O)O)O)Cl,Blood pressure increased,1
metformin,4091,CN(C)C(=N)N=C(N)N,Haemodynamic instability,1
repaglinide,65981,CCOC1=C(C=CC(=C1)CC(=O)NC(CC(C)C)C2=CC=CC=C2N3CCCCC3)C(=O)O,Sensory loss,0
metformin,4091,CN(C)C(=N)N=C(N)N,Right ventricular failure,1
metformin,4091,CN(C)C(=N)N=C(N)N,Dandy-Walker syndrome,1
repaglinide,65981,CCOC1=C(C=CC(=C1)CC(=O)NC(CC(C)C)C2=CC=CC=C2N3CCCCC3)C(=O)O,Rash maculo-papular,1
repaglinide,65981,CCOC1=C(C=CC(=C1)CC(=O)NC(CC(C)C)C2=CC=CC=C2N3CCCCC3)C(=O)O,Injection site injury,0
sitagliptin,4369359,C1CN2C(=NN=C2C(F)(F)F)CN1C(=O)CC(CC3=CC(=C(C=C3F)F)F)N,Vital capacity abnormal,0
metformin,4091,CN(C)C(=N)N=C(N)N,Pyelocaliectasis,1
dapagliflozin,9887712,CCOC1=CC=C(C=C1)CC2=C(C=CC(=C2)C3C(C(C(C(O3)CO)O)O)O)Cl,Coronary artery occlusion,0
metformin,4091,CN(C)C(=N)N=C(N)N,Ear malformation,1
metformin,4091,CN(C)C(=N)N=C(N)N,Prescribed underdose,1
glyburide,3488,COC1=C(C=C(C=C1)Cl)C(=O)NCCC2=CC=C(C=C2)S(=O)(=O)NC(=O)NC3CCCCC3,SARS-CoV-2 test negative,0
empagliflozin,11949646,C1COCC1OC2=CC=C(C=C2)CC3=C(C=CC(=C3)C4C(C(C(C(O4)CO)O)O)O)Cl,Macrocephaly,0
repaglinide,65981,CCOC1=C(C=CC(=C1)CC(=O)NC(CC(C)C)C2=CC=CC=C2N3CCCCC3)C(=O)O,Product appearance confusion,0
empagliflozin,11949646,C1COCC1OC2=CC=C(C=C2)CC3=C(C=CC(=C3)C4C(C(C(C(O4)CO)O)O)O)Cl,Dry mouth,1
repaglinide,65981,CCOC1=C(C=CC(=C1)CC(=O)NC(CC(C)C)C2=CC=CC=C2N3CCCCC3)C(=O)O,Diastolic dysfunction,0
metformin,4091,CN(C)C(=N)N=C(N)N,Red cell distribution width decreased,1
metformin,4091,CN(C)C(=N)N=C(N)N,Alopecia universalis,1
rosiglitazone,77999,CN(CCOC1=CC=C(C=C1)CC2C(=O)NC(=O)S2)C3=CC=CC=N3,Inflammatory bowel disease,0
saxagliptin,11243969,C1C2CC2N(C1C#N)C(=O)C(C34CC5CC(C3)CC(C5)(C4)O)N,Macular oedema,0
glimepiride,3476,CCC1=C(CN(C1=O)C(=O)NCCC2=CC=C(C=C2)S(=O)(=O)NC(=O)NC3CCC(CC3)C)C,Hyponatraemia,1
empagliflozin,11949646,C1COCC1OC2=CC=C(C=C2)CC3=C(C=CC(=C3)C4C(C(C(C(O4)CO)O)O)O)Cl,Micturition urgency,1
nateglinide,5311309,CC(C)C1CCC(CC1)C(=O)NC(CC2=CC=CC=C2)C(=O)O,Staphylococcal osteomyelitis,0
canagliflozin,24812758,CC1=C(C=C(C=C1)C2C(C(C(C(O2)CO)O)O)O)CC3=CC=C(S3)C4=CC=C(C=C4)F,Hyperglycaemia,1
metformin,4091,CN(C)C(=N)N=C(N)N,Rash erythematous,1
glipizide,3478,CC1=CN=C(C=N1)C(=O)NCCC2=CC=C(C=C2)S(=O)(=O)NC(=O)NC3CCCCC3,Blood pressure systolic increased,0
acarbose,9811704,CC1C(C(C(C(O1)OC2C(OC(C(C2O)O)OC(C(CO)O)C(C(C=O)O)O)CO)O)O)NC3C=C(C(C(C3O)O)O)CO,Hepatic infarction,0
glipizide,3478,CC1=CN=C(C=N1)C(=O)NCCC2=CC=C(C=C2)S(=O)(=O)NC(=O)NC3CCCCC3,Pneumocystis jirovecii pneumonia,0
rosiglitazone,77999,CN(CCOC1=CC=C(C=C1)CC2C(=O)NC(=O)S2)C3=CC=CC=N3,Nephrotic syndrome,0
metformin,4091,CN(C)C(=N)N=C(N)N,Gingival disorder,1
pioglitazone,4829,CCC1=CN=C(C=C1)CCOC2=CC=C(C=C2)CC3C(=O)NC(=O)S3,Macrosomia,0
repaglinide,65981,CCOC1=C(C=CC(=C1)CC(=O)NC(CC(C)C)C2=CC=CC=C2N3CCCCC3)C(=O)O,Wrong schedule,0
acarbose,9811704,CC1C(C(C(C(O1)OC2C(OC(C(C2O)O)OC(C(CO)O)C(C(C=O)O)O)CO)O)O)NC3C=C(C(C(C3O)O)O)CO,Skin lesion,0
dapagliflozin,9887712,CCOC1=CC=C(C=C1)CC2=C(C=CC(=C2)C3C(C(C(C(O3)CO)O)O)O)Cl,Intraocular pressure fluctuation,0
metformin,4091,CN(C)C(=N)N=C(N)N,Melaena,1
pioglitazone,4829,CCC1=CN=C(C=C1)CCOC2=CC=C(C=C2)CC3C(=O)NC(=O)S3,Renal aneurysm,0
metformin,4091,CN(C)C(=N)N=C(N)N,Hypertriglyceridaemia,1
glipizide,3478,CC1=CN=C(C=N1)C(=O)NCCC2=CC=C(C=C2)S(=O)(=O)NC(=O)NC3CCCCC3,Sinus pain,0
saxagliptin,11243969,C1C2CC2N(C1C#N)C(=O)C(C34CC5CC(C3)CC(C5)(C4)O)N,Hypoparathyroidism,0
glimepiride,3476,CCC1=C(CN(C1=O)C(=O)NCCC2=CC=C(C=C2)S(=O)(=O)NC(=O)NC3CCC(CC3)C)C,Prescription drug used without a prescription,1
glyburide,3488,COC1=C(C=C(C=C1)Cl)C(=O)NCCC2=CC=C(C=C2)S(=O)(=O)NC(=O)NC3CCCCC3,Device difficult to use,0
metformin,4091,CN(C)C(=N)N=C(N)N,Very long-chain acyl-coenzyme A dehydrogenase deficiency,1
metformin,4091,CN(C)C(=N)N=C(N)N,Diabetic neuropathy,1
sitagliptin,4369359,C1CN2C(=NN=C2C(F)(F)F)CN1C(=O)CC(CC3=CC(=C(C=C3F)F)F)N,Infected cyst,0
saxagliptin,11243969,C1C2CC2N(C1C#N)C(=O)C(C34CC5CC(C3)CC(C5)(C4)O)N,Nerve compression,0
rosiglitazone,77999,CN(CCOC1=CC=C(C=C1)CC2C(=O)NC(=O)S2)C3=CC=CC=N3,Body temperature decreased,0
canagliflozin,24812758,CC1=C(C=C(C=C1)C2C(C(C(C(O2)CO)O)O)O)CC3=CC=C(S3)C4=CC=C(C=C4)F,Diabetic foot,1
metformin,4091,CN(C)C(=N)N=C(N)N,Bundle branch block left,1
glipizide,3478,CC1=CN=C(C=N1)C(=O)NCCC2=CC=C(C=C2)S(=O)(=O)NC(=O)NC3CCCCC3,Chronic myelomonocytic leukaemia,0
glimepiride,3476,CCC1=C(CN(C1=O)C(=O)NCCC2=CC=C(C=C2)S(=O)(=O)NC(=O)NC3CCC(CC3)C)C,Blood thyroid stimulating hormone increased,0
saxagliptin,11243969,C1C2CC2N(C1C#N)C(=O)C(C34CC5CC(C3)CC(C5)(C4)O)N,Asthenia,1
empagliflozin,11949646,C1COCC1OC2=CC=C(C=C2)CC3=C(C=CC(=C3)C4C(C(C(C(O4)CO)O)O)O)Cl,Pemphigoid,1
metformin,4091,CN(C)C(=N)N=C(N)N,Hypophosphataemia,1
canagliflozin,24812758,CC1=C(C=C(C=C1)C2C(C(C(C(O2)CO)O)O)O)CC3=CC=C(S3)C4=CC=C(C=C4)F,Rhinovirus infection,0
nateglinide,5311309,CC(C)C1CCC(CC1)C(=O)NC(CC2=CC=CC=C2)C(=O)O,Myocardial infarction,0
linagliptin,10096344,CC#CCN1C2=C(N=C1N3CCCC(C3)N)N(C(=O)N(C2=O)CC4=NC5=CC=CC=C5C(=N4)C)C,Endophthalmitis,0
canagliflozin,24812758,CC1=C(C=C(C=C1)C2C(C(C(C(O2)CO)O)O)O)CC3=CC=C(S3)C4=CC=C(C=C4)F,Gastritis,1
sitagliptin,4369359,C1CN2C(=NN=C2C(F)(F)F)CN1C(=O)CC(CC3=CC(=C(C=C3F)F)F)N,Choking sensation,1
repaglinide,65981,CCOC1=C(C=CC(=C1)CC(=O)NC(CC(C)C)C2=CC=CC=C2N3CCCCC3)C(=O)O,Gastrointestinal injury,0
glipizide,3478,CC1=CN=C(C=N1)C(=O)NCCC2=CC=C(C=C2)S(=O)(=O)NC(=O)NC3CCCCC3,Peripheral sensory neuropathy,0
linagliptin,10096344,CC#CCN1C2=C(N=C1N3CCCC(C3)N)N(C(=O)N(C2=O)CC4=NC5=CC=CC=C5C(=N4)C)C,Cutaneous calcification,0
metformin,4091,CN(C)C(=N)N=C(N)N,Tonsil cancer,1
metformin,4091,CN(C)C(=N)N=C(N)N,Parkinson's disease,1
repaglinide,65981,CCOC1=C(C=CC(=C1)CC(=O)NC(CC(C)C)C2=CC=CC=C2N3CCCCC3)C(=O)O,Injection site pain,1
acarbose,9811704,CC1C(C(C(C(O1)OC2C(OC(C(C2O)O)OC(C(CO)O)C(C(C=O)O)O)CO)O)O)NC3C=C(C(C(C3O)O)O)CO,Visual field defect,0
dapagliflozin,9887712,CCOC1=CC=C(C=C1)CC2=C(C=CC(=C2)C3C(C(C(C(O3)CO)O)O)O)Cl,Cerebral arteriosclerosis,1
repaglinide,65981,CCOC1=C(C=CC(=C1)CC(=O)NC(CC(C)C)C2=CC=CC=C2N3CCCCC3)C(=O)O,Renal impairment,1
sitagliptin,4369359,C1CN2C(=NN=C2C(F)(F)F)CN1C(=O)CC(CC3=CC(=C(C=C3F)F)F)N,Debridement,0
metformin,4091,CN(C)C(=N)N=C(N)N,Electrocardiogram T wave peaked,1
metformin,4091,CN(C)C(=N)N=C(N)N,Penile discomfort,1
empagliflozin,11949646,C1COCC1OC2=CC=C(C=C2)CC3=C(C=CC(=C3)C4C(C(C(C(O4)CO)O)O)O)Cl,Diverticulitis,1
repaglinide,65981,CCOC1=C(C=CC(=C1)CC(=O)NC(CC(C)C)C2=CC=CC=C2N3CCCCC3)C(=O)O,Tachycardia induced cardiomyopathy,0
saxagliptin,11243969,C1C2CC2N(C1C#N)C(=O)C(C34CC5CC(C3)CC(C5)(C4)O)N,Metastatic malignant melanoma,0
rosiglitazone,77999,CN(CCOC1=CC=C(C=C1)CC2C(=O)NC(=O)S2)C3=CC=CC=N3,Alcohol intolerance,0
empagliflozin,11949646,C1COCC1OC2=CC=C(C=C2)CC3=C(C=CC(=C3)C4C(C(C(C(O4)CO)O)O)O)Cl,Orthostatic hypotension,1
saxagliptin,11243969,C1C2CC2N(C1C#N)C(=O)C(C34CC5CC(C3)CC(C5)(C4)O)N,Occult blood,0
glimepiride,3476,CCC1=C(CN(C1=O)C(=O)NCCC2=CC=C(C=C2)S(=O)(=O)NC(=O)NC3CCC(CC3)C)C,Ocular icterus,1
empagliflozin,11949646,C1COCC1OC2=CC=C(C=C2)CC3=C(C=CC(=C3)C4C(C(C(C(O4)CO)O)O)O)Cl,Humerus fracture,1
dapagliflozin,9887712,CCOC1=CC=C(C=C1)CC2=C(C=CC(=C2)C3C(C(C(C(O3)CO)O)O)O)Cl,Clostridium difficile infection,0
empagliflozin,11949646,C1COCC1OC2=CC=C(C=C2)CC3=C(C=CC(=C3)C4C(C(C(C(O4)CO)O)O)O)Cl,Neurogenic bladder,0
sitagliptin,4369359,C1CN2C(=NN=C2C(F)(F)F)CN1C(=O)CC(CC3=CC(=C(C=C3F)F)F)N,Endotracheal intubation,0
linagliptin,10096344,CC#CCN1C2=C(N=C1N3CCCC(C3)N)N(C(=O)N(C2=O)CC4=NC5=CC=CC=C5C(=N4)C)C,Arrhythmia,0
metformin,4091,CN(C)C(=N)N=C(N)N,Eosinophilia,1
repaglinide,65981,CCOC1=C(C=CC(=C1)CC(=O)NC(CC(C)C)C2=CC=CC=C2N3CCCCC3)C(=O)O,Autonomic nervous system imbalance,0
saxagliptin,11243969,C1C2CC2N(C1C#N)C(=O)C(C34CC5CC(C3)CC(C5)(C4)O)N,Productive cough,0
glyburide,3488,COC1=C(C=C(C=C1)Cl)C(=O)NCCC2=CC=C(C=C2)S(=O)(=O)NC(=O)NC3CCCCC3,Multiple use of single-use product,0
metformin,4091,CN(C)C(=N)N=C(N)N,Angioedema,1
glipizide,3478,CC1=CN=C(C=N1)C(=O)NCCC2=CC=C(C=C2)S(=O)(=O)NC(=O)NC3CCCCC3,Purpura,0
metformin,4091,CN(C)C(=N)N=C(N)N,Blood growth hormone increased,1
canagliflozin,24812758,CC1=C(C=C(C=C1)C2C(C(C(C(O2)CO)O)O)O)CC3=CC=C(S3)C4=CC=C(C=C4)F,Hypertriglyceridaemia,1
glimepiride,3476,CCC1=C(CN(C1=O)C(=O)NCCC2=CC=C(C=C2)S(=O)(=O)NC(=O)NC3CCC(CC3)C)C,Faeces soft,0
glimepiride,3476,CCC1=C(CN(C1=O)C(=O)NCCC2=CC=C(C=C2)S(=O)(=O)NC(=O)NC3CCC(CC3)C)C,Platelet disorder,0
empagliflozin,11949646,C1COCC1OC2=CC=C(C=C2)CC3=C(C=CC(=C3)C4C(C(C(C(O4)CO)O)O)O)Cl,Taste disorder,1
canagliflozin,24812758,CC1=C(C=C(C=C1)C2C(C(C(C(O2)CO)O)O)O)CC3=CC=C(S3)C4=CC=C(C=C4)F,Ligament sprain,0
sitagliptin,4369359,C1CN2C(=NN=C2C(F)(F)F)CN1C(=O)CC(CC3=CC(=C(C=C3F)F)F)N,Pulmonary arterial pressure abnormal,0
glimepiride,3476,CCC1=C(CN(C1=O)C(=O)NCCC2=CC=C(C=C2)S(=O)(=O)NC(=O)NC3CCC(CC3)C)C,PO2 decreased,0
repaglinide,65981,CCOC1=C(C=CC(=C1)CC(=O)NC(CC(C)C)C2=CC=CC=C2N3CCCCC3)C(=O)O,Sleep terror,0
metformin,4091,CN(C)C(=N)N=C(N)N,Body temperature decreased,1
nateglinide,5311309,CC(C)C1CCC(CC1)C(=O)NC(CC2=CC=CC=C2)C(=O)O,Immune system disorder,0
glimepiride,3476,CCC1=C(CN(C1=O)C(=O)NCCC2=CC=C(C=C2)S(=O)(=O)NC(=O)NC3CCC(CC3)C)C,Phosphaturic mesenchymal tumour,0
metformin,4091,CN(C)C(=N)N=C(N)N,Hyperuricaemia,1
glipizide,3478,CC1=CN=C(C=N1)C(=O)NCCC2=CC=C(C=C2)S(=O)(=O)NC(=O)NC3CCCCC3,Hypoglycaemic unconsciousness,0
metformin,4091,CN(C)C(=N)N=C(N)N,Septic pulmonary embolism,0
metformin,4091,CN(C)C(=N)N=C(N)N,Pain in extremity,1
saxagliptin,11243969,C1C2CC2N(C1C#N)C(=O)C(C34CC5CC(C3)CC(C5)(C4)O)N,Portal hypertension,0
metformin,4091,CN(C)C(=N)N=C(N)N,Pilonidal cyst,1
metformin,4091,CN(C)C(=N)N=C(N)N,Hand fracture,1
metformin,4091,CN(C)C(=N)N=C(N)N,Lipase increased,1
repaglinide,65981,CCOC1=C(C=CC(=C1)CC(=O)NC(CC(C)C)C2=CC=CC=C2N3CCCCC3)C(=O)O,Emotional distress,0
canagliflozin,24812758,CC1=C(C=C(C=C1)C2C(C(C(C(O2)CO)O)O)O)CC3=CC=C(S3)C4=CC=C(C=C4)F,Intestinal fistula,0
empagliflozin,11949646,C1COCC1OC2=CC=C(C=C2)CC3=C(C=CC(=C3)C4C(C(C(C(O4)CO)O)O)O)Cl,Noninfective sialoadenitis,0
linagliptin,10096344,CC#CCN1C2=C(N=C1N3CCCC(C3)N)N(C(=O)N(C2=O)CC4=NC5=CC=CC=C5C(=N4)C)C,Haemorrhagic infarction,0
repaglinide,65981,CCOC1=C(C=CC(=C1)CC(=O)NC(CC(C)C)C2=CC=CC=C2N3CCCCC3)C(=O)O,Dysphagia,1
nateglinide,5311309,CC(C)C1CCC(CC1)C(=O)NC(CC2=CC=CC=C2)C(=O)O,Dizziness,1
canagliflozin,24812758,CC1=C(C=C(C=C1)C2C(C(C(C(O2)CO)O)O)O)CC3=CC=C(S3)C4=CC=C(C=C4)F,Blood sodium increased,0
dapagliflozin,9887712,CCOC1=CC=C(C=C1)CC2=C(C=CC(=C2)C3C(C(C(C(O3)CO)O)O)O)Cl,Cerebral infarction,1
glyburide,3488,COC1=C(C=C(C=C1)Cl)C(=O)NCCC2=CC=C(C=C2)S(=O)(=O)NC(=O)NC3CCCCC3,Dementia Alzheimer's type,0
metformin,4091,CN(C)C(=N)N=C(N)N,Ventricular tachycardia,1
canagliflozin,24812758,CC1=C(C=C(C=C1)C2C(C(C(C(O2)CO)O)O)O)CC3=CC=C(S3)C4=CC=C(C=C4)F,Pericardial disease,0
metformin,4091,CN(C)C(=N)N=C(N)N,Heart sounds,1
metformin,4091,CN(C)C(=N)N=C(N)N,Ulcer,1
acarbose,9811704,CC1C(C(C(C(O1)OC2C(OC(C(C2O)O)OC(C(CO)O)C(C(C=O)O)O)CO)O)O)NC3C=C(C(C(C3O)O)O)CO,Reduced facial expression,0
pioglitazone,4829,CCC1=CN=C(C=C1)CCOC2=CC=C(C=C2)CC3C(=O)NC(=O)S3,Paraproteinaemia,0
metformin,4091,CN(C)C(=N)N=C(N)N,Abdominal compartment syndrome,1
pioglitazone,4829,CCC1=CN=C(C=C1)CCOC2=CC=C(C=C2)CC3C(=O)NC(=O)S3,Purpura,0
saxagliptin,11243969,C1C2CC2N(C1C#N)C(=O)C(C34CC5CC(C3)CC(C5)(C4)O)N,Oxygen saturation abnormal,0
repaglinide,65981,CCOC1=C(C=CC(=C1)CC(=O)NC(CC(C)C)C2=CC=CC=C2N3CCCCC3)C(=O)O,Erythema,0
canagliflozin,24812758,CC1=C(C=C(C=C1)C2C(C(C(C(O2)CO)O)O)O)CC3=CC=C(S3)C4=CC=C(C=C4)F,Urinary incontinence,1
repaglinide,65981,CCOC1=C(C=CC(=C1)CC(=O)NC(CC(C)C)C2=CC=CC=C2N3CCCCC3)C(=O)O,Complication of pregnancy,0
sitagliptin,4369359,C1CN2C(=NN=C2C(F)(F)F)CN1C(=O)CC(CC3=CC(=C(C=C3F)F)F)N,Coma,1
repaglinide,65981,CCOC1=C(C=CC(=C1)CC(=O)NC(CC(C)C)C2=CC=CC=C2N3CCCCC3)C(=O)O,Vaginal discharge,0
acarbose,9811704,CC1C(C(C(C(O1)OC2C(OC(C(C2O)O)OC(C(CO)O)C(C(C=O)O)O)CO)O)O)NC3C=C(C(C(C3O)O)O)CO,Flatulence,0
metformin,4091,CN(C)C(=N)N=C(N)N,Cerebellar infarction,1
empagliflozin,11949646,C1COCC1OC2=CC=C(C=C2)CC3=C(C=CC(=C3)C4C(C(C(C(O4)CO)O)O)O)Cl,Self-medication,1
empagliflozin,11949646,C1COCC1OC2=CC=C(C=C2)CC3=C(C=CC(=C3)C4C(C(C(C(O4)CO)O)O)O)Cl,Rash macular,0
pioglitazone,4829,CCC1=CN=C(C=C1)CCOC2=CC=C(C=C2)CC3C(=O)NC(=O)S3,Sedation complication,0
rosiglitazone,77999,CN(CCOC1=CC=C(C=C1)CC2C(=O)NC(=O)S2)C3=CC=CC=N3,Cholecystitis,0
acarbose,9811704,CC1C(C(C(C(O1)OC2C(OC(C(C2O)O)OC(C(CO)O)C(C(C=O)O)O)CO)O)O)NC3C=C(C(C(C3O)O)O)CO,Diabetes mellitus management,0
glipizide,3478,CC1=CN=C(C=N1)C(=O)NCCC2=CC=C(C=C2)S(=O)(=O)NC(=O)NC3CCCCC3,Inappropriate schedule of product administration,0
metformin,4091,CN(C)C(=N)N=C(N)N,Injection site mass,1
glimepiride,3476,CCC1=C(CN(C1=O)C(=O)NCCC2=CC=C(C=C2)S(=O)(=O)NC(=O)NC3CCC(CC3)C)C,Petechiae,0
empagliflozin,11949646,C1COCC1OC2=CC=C(C=C2)CC3=C(C=CC(=C3)C4C(C(C(C(O4)CO)O)O)O)Cl,Impaired driving ability,0
saxagliptin,11243969,C1C2CC2N(C1C#N)C(=O)C(C34CC5CC(C3)CC(C5)(C4)O)N,Costal cartilage fracture,0
nateglinide,5311309,CC(C)C1CCC(CC1)C(=O)NC(CC2=CC=CC=C2)C(=O)O,Candida infection,0
metformin,4091,CN(C)C(=N)N=C(N)N,Acute stress disorder,1
sitagliptin,4369359,C1CN2C(=NN=C2C(F)(F)F)CN1C(=O)CC(CC3=CC(=C(C=C3F)F)F)N,Pulmonary fibrosis,1
glyburide,3488,COC1=C(C=C(C=C1)Cl)C(=O)NCCC2=CC=C(C=C2)S(=O)(=O)NC(=O)NC3CCCCC3,Hydrocephalus,1
rosiglitazone,77999,CN(CCOC1=CC=C(C=C1)CC2C(=O)NC(=O)S2)C3=CC=CC=N3,Rhinorrhoea,0
sitagliptin,4369359,C1CN2C(=NN=C2C(F)(F)F)CN1C(=O)CC(CC3=CC(=C(C=C3F)F)F)N,Incorrect disposal of product,0
metformin,4091,CN(C)C(=N)N=C(N)N,Precancerous condition,1
nateglinide,5311309,CC(C)C1CCC(CC1)C(=O)NC(CC2=CC=CC=C2)C(=O)O,Surgery,0
linagliptin,10096344,CC#CCN1C2=C(N=C1N3CCCC(C3)N)N(C(=O)N(C2=O)CC4=NC5=CC=CC=C5C(=N4)C)C,PCO2 decreased,0
metformin,4091,CN(C)C(=N)N=C(N)N,Blood bicarbonate decreased,1
metformin,4091,CN(C)C(=N)N=C(N)N,Activated partial thromboplastin time prolonged,1
empagliflozin,11949646,C1COCC1OC2=CC=C(C=C2)CC3=C(C=CC(=C3)C4C(C(C(C(O4)CO)O)O)O)Cl,Therapy change,1
sitagliptin,4369359,C1CN2C(=NN=C2C(F)(F)F)CN1C(=O)CC(CC3=CC(=C(C=C3F)F)F)N,Fungal sepsis,0
pioglitazone,4829,CCC1=CN=C(C=C1)CCOC2=CC=C(C=C2)CC3C(=O)NC(=O)S3,Deep vein thrombosis,0
metformin,4091,CN(C)C(=N)N=C(N)N,Pancytopenia,1
metformin,4091,CN(C)C(=N)N=C(N)N,Metastases to gastrointestinal tract,1
acarbose,9811704,CC1C(C(C(C(O1)OC2C(OC(C(C2O)O)OC(C(CO)O)C(C(C=O)O)O)CO)O)O)NC3C=C(C(C(C3O)O)O)CO,Alveolar capillary dysplasia,0
rosiglitazone,77999,CN(CCOC1=CC=C(C=C1)CC2C(=O)NC(=O)S2)C3=CC=CC=N3,Postpartum haemorrhage,0
pioglitazone,4829,CCC1=CN=C(C=C1)CCOC2=CC=C(C=C2)CC3C(=O)NC(=O)S3,Renal injury,0
metformin,4091,CN(C)C(=N)N=C(N)N,Serratia infection,1
metformin,4091,CN(C)C(=N)N=C(N)N,Antipsychotic drug level decreased,0
metformin,4091,CN(C)C(=N)N=C(N)N,Localised oedema,1
metformin,4091,CN(C)C(=N)N=C(N)N,Circumstance or information capable of leading to medication error,1
metformin,4091,CN(C)C(=N)N=C(N)N,Intentional product use issue,1
repaglinide,65981,CCOC1=C(C=CC(=C1)CC(=O)NC(CC(C)C)C2=CC=CC=C2N3CCCCC3)C(=O)O,Retinopathy proliferative,0
acarbose,9811704,CC1C(C(C(C(O1)OC2C(OC(C(C2O)O)OC(C(CO)O)C(C(C=O)O)O)CO)O)O)NC3C=C(C(C(C3O)O)O)CO,Ankle deformity,0
nateglinide,5311309,CC(C)C1CCC(CC1)C(=O)NC(CC2=CC=CC=C2)C(=O)O,Tooth infection,0
sitagliptin,4369359,C1CN2C(=NN=C2C(F)(F)F)CN1C(=O)CC(CC3=CC(=C(C=C3F)F)F)N,Blood urine present,0
sitagliptin,4369359,C1CN2C(=NN=C2C(F)(F)F)CN1C(=O)CC(CC3=CC(=C(C=C3F)F)F)N,Lymphadenitis,0
metformin,4091,CN(C)C(=N)N=C(N)N,Periostitis,1
metformin,4091,CN(C)C(=N)N=C(N)N,Vitreous floaters,1
metformin,4091,CN(C)C(=N)N=C(N)N,Haemoglobin abnormal,1
glipizide,3478,CC1=CN=C(C=N1)C(=O)NCCC2=CC=C(C=C2)S(=O)(=O)NC(=O)NC3CCCCC3,Encephalopathy,0
rosiglitazone,77999,CN(CCOC1=CC=C(C=C1)CC2C(=O)NC(=O)S2)C3=CC=CC=N3,Myoclonus,0
canagliflozin,24812758,CC1=C(C=C(C=C1)C2C(C(C(C(O2)CO)O)O)O)CC3=CC=C(S3)C4=CC=C(C=C4)F,Disorientation,1
saxagliptin,11243969,C1C2CC2N(C1C#N)C(=O)C(C34CC5CC(C3)CC(C5)(C4)O)N,Tooth restoration,0
acarbose,9811704,CC1C(C(C(C(O1)OC2C(OC(C(C2O)O)OC(C(CO)O)C(C(C=O)O)O)CO)O)O)NC3C=C(C(C(C3O)O)O)CO,Renal cyst haemorrhage,0
empagliflozin,11949646,C1COCC1OC2=CC=C(C=C2)CC3=C(C=CC(=C3)C4C(C(C(C(O4)CO)O)O)O)Cl,Hyperinsulinaemia,0
metformin,4091,CN(C)C(=N)N=C(N)N,Skin cancer,1
metformin,4091,CN(C)C(=N)N=C(N)N,Decreased activity,1
metformin,4091,CN(C)C(=N)N=C(N)N,Blood urea,0
metformin,4091,CN(C)C(=N)N=C(N)N,Dizziness,1
glyburide,3488,COC1=C(C=C(C=C1)Cl)C(=O)NCCC2=CC=C(C=C2)S(=O)(=O)NC(=O)NC3CCCCC3,Back disorder,0
sitagliptin,4369359,C1CN2C(=NN=C2C(F)(F)F)CN1C(=O)CC(CC3=CC(=C(C=C3F)F)F)N,Complement factor decreased,0
canagliflozin,24812758,CC1=C(C=C(C=C1)C2C(C(C(C(O2)CO)O)O)O)CC3=CC=C(S3)C4=CC=C(C=C4)F,Eosinophilic colitis,0
glipizide,3478,CC1=CN=C(C=N1)C(=O)NCCC2=CC=C(C=C2)S(=O)(=O)NC(=O)NC3CCCCC3,Device computer issue,0
metformin,4091,CN(C)C(=N)N=C(N)N,Dysstasia,1
linagliptin,10096344,CC#CCN1C2=C(N=C1N3CCCC(C3)N)N(C(=O)N(C2=O)CC4=NC5=CC=CC=C5C(=N4)C)C,Mitochondrial myopathy,0
metformin,4091,CN(C)C(=N)N=C(N)N,Slow speech,1
dapagliflozin,9887712,CCOC1=CC=C(C=C1)CC2=C(C=CC(=C2)C3C(C(C(C(O3)CO)O)O)O)Cl,Extraocular muscle paresis,0
metformin,4091,CN(C)C(=N)N=C(N)N,Scoliosis,1
metformin,4091,CN(C)C(=N)N=C(N)N,Brain herniation,1
metformin,4091,CN(C)C(=N)N=C(N)N,Glucose urine present,1
canagliflozin,24812758,CC1=C(C=C(C=C1)C2C(C(C(C(O2)CO)O)O)O)CC3=CC=C(S3)C4=CC=C(C=C4)F,Therapeutic product effect incomplete,1
sitagliptin,4369359,C1CN2C(=NN=C2C(F)(F)F)CN1C(=O)CC(CC3=CC(=C(C=C3F)F)F)N,Atrial enlargement,0
empagliflozin,11949646,C1COCC1OC2=CC=C(C=C2)CC3=C(C=CC(=C3)C4C(C(C(C(O4)CO)O)O)O)Cl,Pneumonia aspiration,1
metformin,4091,CN(C)C(=N)N=C(N)N,Areflexia,1
dapagliflozin,9887712,CCOC1=CC=C(C=C1)CC2=C(C=CC(=C2)C3C(C(C(C(O3)CO)O)O)O)Cl,Haemodynamic instability,1
empagliflozin,11949646,C1COCC1OC2=CC=C(C=C2)CC3=C(C=CC(=C3)C4C(C(C(C(O4)CO)O)O)O)Cl,Burning sensation,1
glipizide,3478,CC1=CN=C(C=N1)C(=O)NCCC2=CC=C(C=C2)S(=O)(=O)NC(=O)NC3CCCCC3,Nasal inflammation,0
glimepiride,3476,CCC1=C(CN(C1=O)C(=O)NCCC2=CC=C(C=C2)S(=O)(=O)NC(=O)NC3CCC(CC3)C)C,Sleep disorder due to a general medical condition,0
empagliflozin,11949646,C1COCC1OC2=CC=C(C=C2)CC3=C(C=CC(=C3)C4C(C(C(C(O4)CO)O)O)O)Cl,Diabetic retinal oedema,0
metformin,4091,CN(C)C(=N)N=C(N)N,Cholecystitis acute,0
metformin,4091,CN(C)C(=N)N=C(N)N,Developmental hip dysplasia,1
linagliptin,10096344,CC#CCN1C2=C(N=C1N3CCCC(C3)N)N(C(=O)N(C2=O)CC4=NC5=CC=CC=C5C(=N4)C)C,Lacunar infarction,0
rosiglitazone,77999,CN(CCOC1=CC=C(C=C1)CC2C(=O)NC(=O)S2)C3=CC=CC=N3,Tendonitis,0
pioglitazone,4829,CCC1=CN=C(C=C1)CCOC2=CC=C(C=C2)CC3C(=O)NC(=O)S3,Cardiac failure chronic,1
dapagliflozin,9887712,CCOC1=CC=C(C=C1)CC2=C(C=CC(=C2)C3C(C(C(C(O3)CO)O)O)O)Cl,Tachycardia induced cardiomyopathy,1
empagliflozin,11949646,C1COCC1OC2=CC=C(C=C2)CC3=C(C=CC(=C3)C4C(C(C(C(O4)CO)O)O)O)Cl,Cellulitis,1
acarbose,9811704,CC1C(C(C(C(O1)OC2C(OC(C(C2O)O)OC(C(CO)O)C(C(C=O)O)O)CO)O)O)NC3C=C(C(C(C3O)O)O)CO,Diarrhoea,1
repaglinide,65981,CCOC1=C(C=CC(=C1)CC(=O)NC(CC(C)C)C2=CC=CC=C2N3CCCCC3)C(=O)O,Anion gap abnormal,0
pioglitazone,4829,CCC1=CN=C(C=C1)CCOC2=CC=C(C=C2)CC3C(=O)NC(=O)S3,Arthritis,1
glimepiride,3476,CCC1=C(CN(C1=O)C(=O)NCCC2=CC=C(C=C2)S(=O)(=O)NC(=O)NC3CCC(CC3)C)C,Cardiac septal hypertrophy,0
glipizide,3478,CC1=CN=C(C=N1)C(=O)NCCC2=CC=C(C=C2)S(=O)(=O)NC(=O)NC3CCCCC3,Eosinophil count increased,1
dapagliflozin,9887712,CCOC1=CC=C(C=C1)CC2=C(C=CC(=C2)C3C(C(C(C(O3)CO)O)O)O)Cl,Hyperuricaemia,1
pioglitazone,4829,CCC1=CN=C(C=C1)CCOC2=CC=C(C=C2)CC3C(=O)NC(=O)S3,Cardiac failure,1
glimepiride,3476,CCC1=C(CN(C1=O)C(=O)NCCC2=CC=C(C=C2)S(=O)(=O)NC(=O)NC3CCC(CC3)C)C,Anuria,1
pioglitazone,4829,CCC1=CN=C(C=C1)CCOC2=CC=C(C=C2)CC3C(=O)NC(=O)S3,Hepatotoxicity,1
empagliflozin,11949646,C1COCC1OC2=CC=C(C=C2)CC3=C(C=CC(=C3)C4C(C(C(C(O4)CO)O)O)O)Cl,Drug-disease interaction,0
metformin,4091,CN(C)C(=N)N=C(N)N,Gastrointestinal toxicity,1
rosiglitazone,77999,CN(CCOC1=CC=C(C=C1)CC2C(=O)NC(=O)S2)C3=CC=CC=N3,Upper gastrointestinal haemorrhage,0
metformin,4091,CN(C)C(=N)N=C(N)N,Adenocarcinoma of colon,1
canagliflozin,24812758,CC1=C(C=C(C=C1)C2C(C(C(C(O2)CO)O)O)O)CC3=CC=C(S3)C4=CC=C(C=C4)F,Neutropenia,0
metformin,4091,CN(C)C(=N)N=C(N)N,Choroid melanoma,1
metformin,4091,CN(C)C(=N)N=C(N)N,Reflexes abnormal,0
glimepiride,3476,CCC1=C(CN(C1=O)C(=O)NCCC2=CC=C(C=C2)S(=O)(=O)NC(=O)NC3CCC(CC3)C)C,Osmolar gap abnormal,0
canagliflozin,24812758,CC1=C(C=C(C=C1)C2C(C(C(C(O2)CO)O)O)O)CC3=CC=C(S3)C4=CC=C(C=C4)F,Axillary mass,0
metformin,4091,CN(C)C(=N)N=C(N)N,Mouth swelling,1
empagliflozin,11949646,C1COCC1OC2=CC=C(C=C2)CC3=C(C=CC(=C3)C4C(C(C(C(O4)CO)O)O)O)Cl,Adrenal cyst,0
empagliflozin,11949646,C1COCC1OC2=CC=C(C=C2)CC3=C(C=CC(=C3)C4C(C(C(C(O4)CO)O)O)O)Cl,Small cell lung cancer,1
dapagliflozin,9887712,CCOC1=CC=C(C=C1)CC2=C(C=CC(=C2)C3C(C(C(C(O3)CO)O)O)O)Cl,Irritable bowel syndrome,1
linagliptin,10096344,CC#CCN1C2=C(N=C1N3CCCC(C3)N)N(C(=O)N(C2=O)CC4=NC5=CC=CC=C5C(=N4)C)C,Orthostatic hypotension,0
linagliptin,10096344,CC#CCN1C2=C(N=C1N3CCCC(C3)N)N(C(=O)N(C2=O)CC4=NC5=CC=CC=C5C(=N4)C)C,Intracardiac thrombus,0
metformin,4091,CN(C)C(=N)N=C(N)N,Retching,1
canagliflozin,24812758,CC1=C(C=C(C=C1)C2C(C(C(C(O2)CO)O)O)O)CC3=CC=C(S3)C4=CC=C(C=C4)F,Hypertrichosis,0
sitagliptin,4369359,C1CN2C(=NN=C2C(F)(F)F)CN1C(=O)CC(CC3=CC(=C(C=C3F)F)F)N,Heat illness,0
dapagliflozin,9887712,CCOC1=CC=C(C=C1)CC2=C(C=CC(=C2)C3C(C(C(C(O3)CO)O)O)O)Cl,Bladder wall calcification,0
nateglinide,5311309,CC(C)C1CCC(CC1)C(=O)NC(CC2=CC=CC=C2)C(=O)O,Sensory loss,0
canagliflozin,24812758,CC1=C(C=C(C=C1)C2C(C(C(C(O2)CO)O)O)O)CC3=CC=C(S3)C4=CC=C(C=C4)F,Blepharitis,1
dapagliflozin,9887712,CCOC1=CC=C(C=C1)CC2=C(C=CC(=C2)C3C(C(C(C(O3)CO)O)O)O)Cl,Disease recurrence,0
