drug,adr,a,b,c,d,prr,prr_signal,ror,ror_signal,ic,ic_signal
acarbose,Abdominal distension,1,66,91,52534,12.687078109932498,False,12.950696413164058,False,1.2816628849911358,False
acarbose,Abdominal pain,2,65,302,52323,6.395964997569276,False,6.60191786007192,False,1.4956570504823588,False
acarbose,Abdominal pain upper,2,65,205,52420,9.414984972091027,False,9.736167604613584,False,1.7117783151439803,False
acarbose,Acute kidney injury,1,66,1836,50789,0.6321087106228279,False,0.6238104108624406,False,-0.9188031966314761,False
acarbose,Anal incontinence,1,66,25,52600,45.524221453287204,False,46.52852720035383,False,1.4925925396880986,False
acarbose,Blood glucose increased,1,66,435,52190,2.6655973526034984,False,2.703167217699818,False,0.5085517755016808,False
acarbose,Blood pressure increased,1,66,138,52487,8.381715863240604,False,8.548220732336256,False,1.1482801955794844,False
acarbose,Cardiac failure congestive,1,66,21,52604,53.993844049247606,False,55.189193915020105,False,1.5064240211392521,False
acarbose,Chest pain,1,66,87,52538,13.267058823529412,False,13.54375939849624,False,1.2936052027184042,False
acarbose,Cold sweat,2,65,22,52603,85.99019607843137,False,89.23409669211196,False,2.2364572989054463,False
acarbose,Completed suicide,1,66,286,52339,4.05189405605174,False,4.120733771601779,False,0.794303784754995,False
acarbose,Constipation,1,66,135,52490,8.567288908183201,False,8.737979635435453,False,1.156435277356269,False
acarbose,Decreased appetite,1,66,198,52427,5.848199733293821,False,5.957557622014734,False,0.9941707739947251,False
acarbose,Dehydration,1,66,322,52303,3.599589603283174,False,3.6582269627557267,False,0.719902818013415,False
acarbose,Diarrhoea,4,63,1091,51534,3.190657756460349,True,3.345901219516594,True,1.2497562719209279,True
acarbose,Dizziness,1,66,334,52291,3.470456343972567,False,3.526180923159918,False,0.695931388576199,False
acarbose,Drug effective for unapproved indication,1,66,1,52624,773.9117647058824,False,791.3458646616541,False,1.5776433188742738,False
acarbose,Drug ineffective,1,66,644,51981,1.8011910737918133,False,1.819263052899899,False,0.18426776822725,False
acarbose,Drug ineffective for unapproved indication,2,65,13,52612,143.31699346405227,False,148.74893977947414,False,2.267918453770453,False
acarbose,Drug interaction,2,65,339,52286,5.698908429351122,False,5.878256079326356,False,1.4210589957139732,False
acarbose,Drug intolerance,2,65,136,52489,14.17420814479638,False,14.677040516735174,False,1.8879590315592731,False
acarbose,Dyspepsia,1,66,66,52559,17.456656346749227,False,17.82785912148793,False,1.3579775947034736,False
acarbose,Erythema multiforme,1,66,9,52616,122.19659442724459,False,124.93035219628017,False,1.548732356561377,False
acarbose,Flatulence,3,64,72,52553,37.36125760649087,True,39.33434910451751,True,2.5555073442662537,True
acarbose,Gastric disorder,1,66,49,52576,23.451871657754012,False,23.958304853041696,False,1.4122778254412816,False
acarbose,General physical health deterioration,1,66,148,52477,7.817290552584671,False,7.971064023695603,False,1.1214247866587035,False
acarbose,Headache,1,66,324,52301,3.577404151182815,False,3.635541086923781,False,0.7158798176232349,False
acarbose,Hepatic cirrhosis,1,66,16,52609,70.35561497326204,False,71.92002734107997,False,1.5239019616437302,False
acarbose,Hepatocellular injury,1,66,32,52593,35.71900452488688,False,36.50213996529786,False,1.468702013208904,False
acarbose,Hypoglycaemia,2,65,878,51747,2.202367002577924,False,2.2482588729053252,False,0.626864818075548,False
acarbose,Illness,1,66,82,52543,14.071122994652407,False,14.365960355434039,False,1.3086734729094378,False
acarbose,Infection,1,66,41,52584,27.972714386959602,False,28.58112147839478,False,1.4385557213545543,False
acarbose,Intentional self-injury,1,66,12,52613,92.86941176470589,False,94.94165413533834,False,1.5380383868022574,False
acarbose,Malaise,1,66,381,52244,3.0429033998920674,False,3.0889839277091813,False,0.6057004270030841,False
acarbose,Muscle spasms,1,66,97,52528,11.90633484162896,False,12.152342394447658,False,1.26393274204392,False
acarbose,Nausea,2,65,657,51968,2.9426302840527847,False,3.016776478100601,False,0.9019092415787592,False
acarbose,Oedema peripheral,1,66,88,52537,13.11714855433699,False,13.39046769466038,False,1.29061034276423,False
acarbose,Off label use,4,63,263,52362,13.216709454180153,True,14.082460517862213,True,2.4223206186197546,True
acarbose,Pain,1,66,208,52417,5.567710537452391,False,5.670741602206956,False,0.9700135224833487,False
acarbose,Pneumatosis intestinalis,1,66,0,52625,2321.7352941176473,False,2374.0827067669175,False,1.5812982682792425,False
acarbose,Product substitution issue,2,65,138,52487,13.96952643873434,False,14.464546531815802,False,1.8825376410835646,False
acarbose,Seizure,1,66,78,52547,14.78812289246909,False,15.099133183276663,False,1.3208424391176745,False
acarbose,Skin abrasion,1,66,5,52620,211.0668449197861,False,215.80519480519482,False,1.5631154185879452,False
acarbose,Skin exfoliation,1,66,21,52604,53.993844049247606,False,55.189193915020105,False,1.5064240211392521,False
acarbose,Sopor,2,65,34,52591,56.08056265984655,False,58.18287421174909,False,2.195548689394941,False
acarbose,Toxicity to various agents,1,66,1114,51511,1.0416039901828833,False,1.0425424260516702,False,-0.35446525255643657,False
acarbose,Vitreous floaters,2,65,7,52618,257.97058823529414,False,267.77862595419845,False,2.289280295484553,False
acarbose,Zinc deficiency,1,66,0,52625,2321.7352941176473,False,2374.0827067669175,False,1.5812982682792425,False
canagliflozin,Abdominal discomfort,1,516,221,51954,0.6821164925002396,False,0.6811933070960777,False,-0.836304119876029,False
canagliflozin,Abdominal distension,2,515,90,52085,2.7824825614880866,False,2.791126996800832,False,0.8337424614179202,False
canagliflozin,Abnormal loss of weight,1,516,13,52162,11.191763191763192,False,11.22136172959019,False,1.2347723692766996,False
canagliflozin,Accidental overdose,1,516,80,52095,1.8768795414758146,False,1.8794261422739051,False,0.21228824440932362,False
canagliflozin,Acute kidney injury,6,511,1831,50344,0.35747646558457363,False,0.3493114548833024,False,-1.5108964428129494,False
canagliflozin,Adenocarcinoma of colon,1,516,1,52174,100.72586872586872,False,101.01548886737658,False,1.5294239944235921,False
canagliflozin,Adverse drug reaction,1,516,147,52028,1.024330868398665,False,1.0244015291974995,False,-0.3800917640226138,False
canagliflozin,Adverse event,3,514,55,52120,6.352081811541272,True,6.388490531347674,True,1.7109841687144818,True
canagliflozin,Albumin urine present,1,516,1,52174,100.72586872586872,False,101.01548886737658,False,1.5294239944235921,False
canagliflozin,Alcohol interaction,1,516,12,52163,12.087104247104246,False,12.119303000968054,False,1.2571542779049296,False
canagliflozin,Altered state of consciousness,1,516,43,52132,3.4733058181334044,False,3.4804887004706746,False,0.6869997239983497,False
canagliflozin,Amputation,2,515,2,52173,100.72586872586874,False,101.20950533462657,False,2.2129100929945955,False
canagliflozin,Anal haemorrhage,1,516,0,52175,302.17760617760615,False,303.05227492739596,False,1.556926010288367,False
canagliflozin,Anaphylactic reaction,1,516,8,52167,17.77515330456507,False,17.823871077956838,False,1.3503247648202354,False
canagliflozin,Angina pectoris,2,515,65,52110,3.844498806330867,False,3.8582936599018223,False,1.1110575972110321,False
canagliflozin,Angina unstable,2,515,1,52174,167.87644787644788,False,168.68574199806014,False,2.239402049971008,False
canagliflozin,Angiopathy,1,516,9,52166,15.904084535663483,False,15.947368421052632,False,1.3264620009700643,False
canagliflozin,Anxiety disorder,2,515,3,52172,71.94704908990623,False,72.29111819315506,False,2.186895844302916,False
canagliflozin,Aspartate aminotransferase increased,1,516,31,52144,4.796469939327082,False,4.807495505462591,False,0.8819051250459351,False
canagliflozin,Asthenia,2,515,308,51867,0.8162550139859702,False,0.8153639131808585,False,-0.5024887443430885,False
canagliflozin,Asthma,4,513,79,52096,5.701464267502003,True,5.742665025445059,True,1.7755490459591152,True
canagliflozin,Atheroembolism,1,516,0,52175,302.17760617760615,False,303.05227492739596,False,1.556926010288367,False
canagliflozin,Atrial fibrillation,5,512,74,52101,7.436137959627892,True,7.5052087084629235,True,2.1087905007000582,True
canagliflozin,Back pain,3,514,113,52062,3.1060840576259077,True,3.120411160058737,True,1.0952774245863284,True
canagliflozin,Bacteraemia,2,515,6,52169,38.74071874071874,False,38.92374841453406,False,2.111554470431118,False
canagliflozin,Balance disorder,2,515,36,52139,6.899032104511557,False,6.9276404076372184,False,1.5181290993215564,False
canagliflozin,Biliary colic,1,516,2,52173,60.435521235521236,False,60.6081316553727,False,1.5024364558048016,False
canagliflozin,Biliary tract disorder,1,516,0,52175,302.17760617760615,False,303.05227492739596,False,1.556926010288367,False
canagliflozin,Birth mark,1,516,0,52175,302.17760617760615,False,303.05227492739596,False,1.556926010288367,False
canagliflozin,Bladder cancer,2,515,36,52139,6.899032104511557,False,6.9276404076372184,False,1.5181290993215564,False
canagliflozin,Blepharitis,1,516,0,52175,302.17760617760615,False,303.05227492739596,False,1.556926010288367,False
canagliflozin,Blister,1,516,28,52147,5.301361511887827,False,5.313853365262139,False,0.9350429509616635,False
canagliflozin,Blood alkaline phosphatase increased,1,516,8,52167,17.77515330456507,False,17.823871077956838,False,1.3503247648202354,False
canagliflozin,Blood count abnormal,3,514,22,52153,15.66846846846847,True,15.768253968253969,True,2.2314745269776624,True
canagliflozin,Blood glucose abnormal,2,515,80,52095,3.128132569126358,False,3.138453289636185,False,0.9383621834754006,False
canagliflozin,Blood glucose decreased,2,515,107,52068,2.3424620633922957,False,2.3489725486657793,False,0.6716421508164294,False
canagliflozin,Blood glucose increased,5,512,431,51744,1.28387549940273,False,1.286921968176808,False,0.20304984122049352,True
canagliflozin,Blood ketone body increased,3,514,9,52166,37.1095305832148,True,37.35517364840673,True,2.5022813189649415,True
canagliflozin,Blood potassium increased,1,516,18,52157,8.166962329124491,False,8.187776353313623,False,1.1277927300863893,False
canagliflozin,Blood pressure inadequately controlled,1,516,2,52173,60.435521235521236,False,60.6081316553727,False,1.5024364558048016,False
canagliflozin,Blood pressure increased,1,516,138,52037,1.090893885117712,False,1.0911578557424486,False,-0.31330880002161127,False
canagliflozin,Blood triglycerides increased,1,516,22,52153,6.715057915057915,False,6.731655372700871,False,1.0475771042829805,False
canagliflozin,Blood urine present,1,516,20,52155,7.37018551652698,False,7.38868557127004,False,1.0871274780029665,False
canagliflozin,Body mass index decreased,1,516,0,52175,302.17760617760615,False,303.05227492739596,False,1.556926010288367,False
canagliflozin,Borderline personality disorder,1,516,0,52175,302.17760617760615,False,303.05227492739596,False,1.556926010288367,False
canagliflozin,Brain stem infarction,1,516,0,52175,302.17760617760615,False,303.05227492739596,False,1.556926010288367,False
canagliflozin,Bronchitis,1,516,38,52137,3.924384495813067,False,3.9328773839906463,False,0.7650365205193962,False
canagliflozin,COVID-19,1,516,55,52120,2.7223207763748305,False,2.727322676015803,False,0.5153191385388088,False
canagliflozin,Cardiac failure,1,516,124,52051,1.2135646834442015,False,1.2141849100176116,False,-0.20286027105982127,False
canagliflozin,Cardiovascular disorder,1,516,36,52139,4.139419262706934,False,4.148536646819345,False,0.7974728031426428,False
canagliflozin,Cataract,2,515,36,52139,6.899032104511557,False,6.9276404076372184,False,1.5181290993215564,False
canagliflozin,Cellulitis,5,512,17,52158,31.65670159955874,True,31.985700348432054,True,2.941685882922536,True
canagliflozin,Cerebral infarction,4,513,11,52164,39.414470370992106,True,39.7511112992676,True,2.797694895338989,True
canagliflozin,Cerebrovascular accident,1,516,107,52068,1.4054772380353775,False,1.4066548098786555,False,-0.05627599967078086,False
canagliflozin,Cervix carcinoma,2,515,0,52175,503.62934362934357,False,506.06692531522793,False,2.266389588589798,False
canagliflozin,Chronic hepatic failure,1,516,0,52175,302.17760617760615,False,303.05227492739596,False,1.556926010288367,False
canagliflozin,Chronic kidney disease,1,516,52,52123,2.877881963596249,False,2.883335638224312,False,0.5563622110784401,False
canagliflozin,Colitis ulcerative,1,516,16,52159,9.156897156897157,False,9.180586112822319,False,1.1696375424576508,False
canagliflozin,Condition aggravated,1,516,235,51940,0.6415660428399281,False,0.6405250923351071,False,-0.9084643781188321,False
canagliflozin,Constipation,3,514,133,52042,2.640753112663225,True,2.651914698463655,True,0.9320497188206418,True
canagliflozin,Coronary artery disease,1,516,39,52136,3.825032989589951,False,3.8332373448356147,False,0.7490878182767512,False
canagliflozin,Cushing's syndrome,1,516,1,52174,100.72586872586872,False,101.01548886737658,False,1.5294239944235921,False
canagliflozin,Cystitis,2,515,33,52142,7.516855875064831,False,7.5484604137411875,False,1.567620754939047,False
canagliflozin,Death,3,514,199,51976,1.7671205039626094,False,1.7723390107922867,False,0.49586883907132,True
canagliflozin,Decreased appetite,1,516,198,51977,0.7611526603969928,False,0.7604590088783008,False,-0.7093115123009537,False
canagliflozin,Deep vein thrombosis,2,515,6,52169,38.74071874071874,False,38.92374841453406,False,2.111554470431118,False
canagliflozin,Dehydration,6,511,317,51858,2.062104399112273,True,2.07560132696023,True,0.8249778028347112,True
canagliflozin,Delirium,1,516,25,52150,5.925051101521689,False,5.939354250896874,False,0.9902130592684695,False
canagliflozin,Dementia Alzheimer's type,2,515,3,52172,71.94704908990623,False,72.29111819315506,False,2.186895844302916,False
canagliflozin,Diabetes mellitus inadequate control,1,516,281,51894,0.5367275420561388,False,0.5353821234948305,False,-1.122964027808329,False
canagliflozin,Diabetic foot,2,515,11,52164,21.896927983884503,False,21.998270990595877,False,1.9941198720711357,False
canagliflozin,Diabetic foot infection,2,515,1,52174,167.87644787644788,False,168.68574199806014,False,2.239402049971008,False
canagliflozin,Diabetic gangrene,1,516,0,52175,302.17760617760615,False,303.05227492739596,False,1.556926010288367,False
canagliflozin,Diabetic hyperosmolar coma,1,516,8,52167,17.77515330456507,False,17.823871077956838,False,1.3503247648202354,False
canagliflozin,Diabetic ketoacidosis,23,494,385,51790,6.1402280546249415,True,6.384505828707219,True,2.383642033959465,True
canagliflozin,Diabetic retinopathy,1,516,20,52155,7.37018551652698,False,7.38868557127004,False,1.0871274780029665,False
canagliflozin,Diarrhoea,5,512,1090,51085,0.5080167611116717,False,0.5027369409870165,False,-1.031632724632015,False
canagliflozin,Diplegia,1,516,0,52175,302.17760617760615,False,303.05227492739596,False,1.556926010288367,False
canagliflozin,Disorientation,1,516,34,52141,4.379385596776901,False,4.3891998821499225,False,0.830655160772841,False
canagliflozin,Dizziness,6,511,329,51846,1.9870049976271522,False,1.9995475831297458,False,0.77941035384928,True
canagliflozin,Drug eruption,1,516,13,52162,11.191763191763192,False,11.22136172959019,False,1.2347723692766996,False
canagliflozin,Dry mouth,1,516,41,52134,3.640694050332604,False,3.6483630553190496,False,0.7177097925516251,False
canagliflozin,Dysarthria,1,516,39,52136,3.825032989589951,False,3.8332373448356147,False,0.7490878182767512,False
canagliflozin,Dysentery,1,516,4,52171,33.575289575289574,False,33.66989351403679,False,1.4499302501367093,False
canagliflozin,Dyslipidaemia,1,516,13,52162,11.191763191763192,False,11.22136172959019,False,1.2347723692766996,False
canagliflozin,Dyspepsia,1,516,66,52109,2.2720120765233545,False,2.2757062064648554,False,0.374092003044826,False
canagliflozin,Dyspnoea,2,515,376,51799,0.6688304696272823,False,0.6672244098291605,False,-0.7514932880908332,False
canagliflozin,Dysstasia,1,516,19,52156,7.748143748143748,False,7.767741455059945,False,1.1073168298304974,False
canagliflozin,Eating disorder symptom,1,516,0,52175,302.17760617760615,False,303.05227492739596,False,1.556926010288367,False
canagliflozin,Eczema,3,514,22,52153,15.66846846846847,True,15.768253968253969,True,2.2314745269776624,True
canagliflozin,Emphysematous cystitis,1,516,0,52175,302.17760617760615,False,303.05227492739596,False,1.556926010288367,False
canagliflozin,Epididymitis,1,516,4,52171,33.575289575289574,False,33.66989351403679,False,1.4499302501367093,False
canagliflozin,Eructation,1,516,9,52166,15.904084535663483,False,15.947368421052632,False,1.3264620009700643,False
canagliflozin,Erythema multiforme,2,515,8,52167,29.62525550760845,False,29.764078279226336,False,2.0634275951362704,False
canagliflozin,Euglycaemic diabetic ketoacidosis,21,496,322,51853,6.7150579150579155,True,6.962537764350453,True,2.475637525353559,True
canagliflozin,Extremity necrosis,1,516,7,52168,20.145173745173746,False,20.20077444336883,False,1.3745888762649119,False
canagliflozin,Facial paralysis,2,515,2,52173,100.72586872586874,False,101.20950533462657,False,2.2129100929945955,False
canagliflozin,Fanconi syndrome,1,516,0,52175,302.17760617760615,False,303.05227492739596,False,1.556926010288367,False
canagliflozin,Fatigue,2,515,439,51736,0.5729571599878768,False,0.5708861471847141,False,-0.9491914487548399,False
canagliflozin,Fear,1,516,11,52164,13.138156790330703,False,13.173407971715982,False,1.2798888976284937,False
canagliflozin,Feeling abnormal,1,516,104,52071,1.4458258668784982,False,1.4471206177019598,False,-0.028788173761012486,False
canagliflozin,Femur fracture,1,516,9,52166,15.904084535663483,False,15.947368421052632,False,1.3264620009700643,False
canagliflozin,Flank pain,1,516,9,52166,15.904084535663483,False,15.947368421052632,False,1.3264620009700643,False
canagliflozin,Fluid overload,1,516,6,52169,23.244431244431247,False,23.30903269044605,False,1.3992680671110613,False
canagliflozin,Food poisoning,1,516,5,52170,27.47069147069147,False,27.547566663733168,False,1.4243767861847927,False
canagliflozin,Fournier's gangrene,10,507,38,52137,27.47069147069147,True,28.018360949395433,True,3.434828700622824,True
canagliflozin,Functional gastrointestinal disorder,1,516,1,52174,100.72586872586872,False,101.01548886737658,False,1.5294239944235921,False
canagliflozin,Fungal infection,2,515,28,52147,8.835602519813046,False,8.873602532033283,False,1.6540775892369775,False
canagliflozin,Gait disturbance,1,516,81,52094,1.8538503446478904,False,1.856330064913083,False,0.2013965893091943,False
canagliflozin,Gangrene,3,514,4,52171,78.34234234234233,True,78.86848072562358,True,2.6216604884475094,True
canagliflozin,Gastric cancer,1,516,1,52174,100.72586872586872,False,101.01548886737658,False,1.5294239944235921,False
canagliflozin,Gastric ulcer,1,516,19,52156,7.748143748143748,False,7.767741455059945,False,1.1073168298304974,False
canagliflozin,Gastritis,2,515,26,52149,9.502440445836672,False,9.543674395622496,False,1.6901651688512747,False
canagliflozin,Gastrointestinal disorder,1,516,130,52045,1.157768606044468,False,1.15822679173482,False,-0.25123427178022695,False
canagliflozin,Gastrooesophageal reflux disease,4,513,32,52143,13.946658746658745,True,14.060115347165006,True,2.398931084434847,True
canagliflozin,Genital infection,1,516,0,52175,302.17760617760615,False,303.05227492739596,False,1.556926010288367,False
canagliflozin,Glucose urine present,1,516,5,52170,27.47069147069147,False,27.547566663733168,False,1.4243767861847927,False
canagliflozin,Glycosuria,2,515,3,52172,71.94704908990623,False,72.29111819315506,False,2.186895844302916,False
canagliflozin,Glycosylated haemoglobin increased,1,516,161,52014,0.9355343844507931,False,0.9353471658189948,False,-0.4781961227702398,False
canagliflozin,Haemangioma of liver,1,516,0,52175,302.17760617760615,False,303.05227492739596,False,1.556926010288367,False
canagliflozin,Haematocrit increased,1,516,1,52174,100.72586872586872,False,101.01548886737658,False,1.5294239944235921,False
canagliflozin,Haemorrhage subcutaneous,1,516,0,52175,302.17760617760615,False,303.05227492739596,False,1.556926010288367,False
canagliflozin,Headache,1,516,324,51851,0.46560494018121135,False,0.46405297001716844,False,-1.2981946399045503,False
canagliflozin,Hepatic function abnormal,3,514,26,52149,13.303416624171343,True,13.387113335900398,True,2.1574353722981114,True
canagliflozin,Hepatic neoplasm,1,516,2,52173,60.435521235521236,False,60.6081316553727,False,1.5024364558048016,False
canagliflozin,Herpes zoster,1,516,27,52148,5.494138294138294,False,5.507190002640148,False,0.9531995746850687,False
canagliflozin,Hyperglycaemia,3,514,288,51887,1.221977610192515,False,1.223487661962532,False,0.06094961414871844,True
canagliflozin,Hypernatraemia,1,516,18,52157,8.166962329124491,False,8.187776353313623,False,1.1277927300863893,False
canagliflozin,Hypertension,2,515,175,52000,1.434841434841435,False,1.436950268182082,False,0.16057097405478893,False
canagliflozin,Hypertriglyceridaemia,1,516,9,52166,15.904084535663483,False,15.947368421052632,False,1.3264620009700643,False
canagliflozin,Hypocalcaemia,1,516,30,52145,4.953731248813216,False,4.965213527367369,False,0.8994011661786995,False
canagliflozin,Hypoglycaemia,5,512,875,51300,0.6327724477353261,False,0.6288314691256565,False,-0.7318669441211941,False
canagliflozin,Hypomagnesaemia,1,516,43,52132,3.4733058181334044,False,3.4804887004706746,False,0.6869997239983497,False
canagliflozin,Hypophagia,1,516,53,52122,2.824089777360805,False,2.82938723073165,False,0.5425510430961686,False
canagliflozin,Hypotension,1,516,408,51767,0.3698624310619415,False,0.3680324090805144,False,-1.5891243020967147,False
canagliflozin,Illness,1,516,82,52093,1.8313794313794312,False,1.8337938924579777,False,0.1905865452379589,False
canagliflozin,Impaired driving ability,1,516,2,52173,60.435521235521236,False,60.6081316553727,False,1.5024364558048016,False
canagliflozin,Inappropriate schedule of product administration,1,516,75,52100,2.001176199851696,False,2.0040837783604624,False,0.26801516063884,False
canagliflozin,Infected skin ulcer,1,516,0,52175,302.17760617760615,False,303.05227492739596,False,1.556926010288367,False
canagliflozin,Infection,2,515,40,52135,6.217646217646218,False,6.2429500305348995,False,1.4546753867178313,False
canagliflozin,Influenza,1,516,61,52114,2.456728505508993,False,2.460959082001275,False,0.4365780719141119,False
canagliflozin,Infrequent bowel movements,1,516,6,52169,23.244431244431247,False,23.30903269044605,False,1.3992680671110613,False
canagliflozin,Insomnia,1,516,87,52088,1.7267291781577494,False,1.7288397178813442,False,0.13771892738357394,False
canagliflozin,Intentional product misuse,1,516,73,52102,2.0556299739973207,False,2.058695695122192,False,0.29092294790347034,False
canagliflozin,Intermittent claudication,1,516,3,52172,43.16822945394374,False,43.29069285022818,False,1.4759444988283896,False
canagliflozin,International normalised ratio increased,1,516,19,52156,7.748143748143748,False,7.767741455059945,False,1.1073168298304974,False
canagliflozin,Interstitial lung disease,1,516,22,52153,6.715057915057915,False,6.731655372700871,False,1.0475771042829805,False
canagliflozin,Intervertebral disc protrusion,1,516,14,52161,10.419917454400212,False,10.44727442667824,False,1.212732394617833,False
canagliflozin,Intestinal obstruction,1,516,11,52164,13.138156790330703,False,13.173407971715982,False,1.2798888976284937,False
canagliflozin,Ischaemic stroke,1,516,6,52169,23.244431244431247,False,23.30903269044605,False,1.3992680671110613,False
canagliflozin,Ketoacidosis,6,511,157,52018,4.156940614083471,True,4.197058138993623,True,1.6305224426177594,True
canagliflozin,Ketonuria,1,516,17,52158,8.633645890788747,False,8.655815239939152,False,1.1485634300122833,False
canagliflozin,Ketosis,1,516,31,52144,4.796469939327082,False,4.807495505462591,False,0.8819051250459351,False
canagliflozin,Lactic acidosis,3,514,3086,49089,0.11422016541083446,False,0.10819445225036393,False,-3.1378994094036807,False
canagliflozin,Lacunar infarction,1,516,0,52175,302.17760617760615,False,303.05227492739596,False,1.556926010288367,False
canagliflozin,Large intestine polyp,1,516,10,52165,14.389409817981246,False,14.42829484165399,False,1.302987523255033,False
canagliflozin,Laryngeal squamous cell carcinoma,1,516,0,52175,302.17760617760615,False,303.05227492739596,False,1.556926010288367,False
canagliflozin,Leg amputation,1,516,10,52165,14.389409817981246,False,14.42829484165399,False,1.302987523255033,False
canagliflozin,Leukocytosis,1,516,38,52137,3.924384495813067,False,3.9328773839906463,False,0.7650365205193962,False
canagliflozin,Limb amputation,1,516,0,52175,302.17760617760615,False,303.05227492739596,False,1.556926010288367,False
canagliflozin,Limb discomfort,1,516,40,52135,3.7305877305877306,False,3.738517801441325,False,0.7333134996959976,False
canagliflozin,Liver disorder,1,516,27,52148,5.494138294138294,False,5.507190002640148,False,0.9531995746850687,False
canagliflozin,Localised infection,1,516,5,52170,27.47069147069147,False,27.547566663733168,False,1.4243767861847927,False
canagliflozin,Loss of personal independence in daily activities,1,516,32,52143,4.648886248886249,False,4.659483207982724,False,0.864618724364646,False
canagliflozin,Low density lipoprotein increased,1,516,6,52169,23.244431244431247,False,23.30903269044605,False,1.3992680671110613,False
canagliflozin,Lumbar spinal stenosis,1,516,0,52175,302.17760617760615,False,303.05227492739596,False,1.556926010288367,False
canagliflozin,Lung neoplasm malignant,1,516,9,52166,15.904084535663483,False,15.947368421052632,False,1.3264620009700643,False
canagliflozin,Lymphadenopathy,1,516,8,52167,17.77515330456507,False,17.823871077956838,False,1.3503247648202354,False
canagliflozin,Malaise,3,514,379,51796,0.9289605811344942,False,0.9284773197816676,False,-0.279457100146814,False
canagliflozin,Medication error,2,515,100,52075,2.50561862502161,False,2.51292036423122,False,0.7361991641184898,False
canagliflozin,Metabolic acidosis,2,515,909,51266,0.2768715468000789,False,0.27336461928698524,False,-1.9166282225070037,False
canagliflozin,Metastases to central nervous system,1,516,3,52172,43.16822945394374,False,43.29069285022818,False,1.4759444988283896,False
canagliflozin,Metastatic renal cell carcinoma,1,516,0,52175,302.17760617760615,False,303.05227492739596,False,1.556926010288367,False
canagliflozin,Motion sickness,1,516,2,52173,60.435521235521236,False,60.6081316553727,False,1.5024364558048016,False
canagliflozin,Movement disorder,1,516,15,52160,9.74766471540665,False,9.773069356400088,False,1.1910240633232174,False
canagliflozin,Multiple organ dysfunction syndrome,1,516,167,52008,0.9020227050077796,False,0.9017381630087703,False,-0.5182811011242617,False
canagliflozin,Muscle disorder,1,516,3,52172,43.16822945394374,False,43.29069285022818,False,1.4759444988283896,False
canagliflozin,Muscle spasms,2,515,96,52079,2.609478464400744,False,2.617283888573396,False,0.77442877130512,False
canagliflozin,Myalgia,1,516,104,52071,1.4458258668784982,False,1.4471206177019598,False,-0.028788173761012486,False
canagliflozin,Myocardial infarction,3,514,135,52040,2.6017752069412587,True,2.612671636920451,True,0.916698437653323,True
canagliflozin,Nasopharyngitis,1,516,83,52092,1.80944674357848,False,1.8117975085646711,False,0.1798568982652051,False
canagliflozin,Nausea,7,510,652,51523,1.1577686060444683,False,1.1600864601979128,False,0.1065737693999652,True
canagliflozin,Necrotising fasciitis,1,516,12,52163,12.087104247104246,False,12.119303000968054,False,1.2571542779049296,False
canagliflozin,Necrotising soft tissue infection,1,516,1,52174,100.72586872586872,False,101.01548886737658,False,1.5294239944235921,False
canagliflozin,Neoplasm malignant,2,515,36,52139,6.899032104511557,False,6.9276404076372184,False,1.5181290993215564,False
canagliflozin,Neoplasm skin,1,516,0,52175,302.17760617760615,False,303.05227492739596,False,1.556926010288367,False
canagliflozin,Nephritis bacterial,1,516,0,52175,302.17760617760615,False,303.05227492739596,False,1.556926010288367,False
canagliflozin,Nephrogenic anaemia,2,515,4,52171,55.958815958815954,False,56.225347559004206,False,2.161342380350999,False
canagliflozin,Nephrolithiasis,1,516,32,52143,4.648886248886249,False,4.659483207982724,False,0.864618724364646,False
canagliflozin,Nephrotic syndrome,1,516,4,52171,33.575289575289574,False,33.66989351403679,False,1.4499302501367093,False
canagliflozin,Nervous system disorder,1,516,18,52157,8.166962329124491,False,8.187776353313623,False,1.1277927300863893,False
canagliflozin,Neuralgia,1,516,9,52166,15.904084535663483,False,15.947368421052632,False,1.3264620009700643,False
canagliflozin,Neuroendocrine tumour,1,516,0,52175,302.17760617760615,False,303.05227492739596,False,1.556926010288367,False
canagliflozin,Neurogenic bladder,1,516,0,52175,302.17760617760615,False,303.05227492739596,False,1.556926010288367,False
canagliflozin,No adverse event,1,516,26,52149,5.701464267502003,False,5.715118084348573,False,0.9715876189471693,False
canagliflozin,Ocular myasthenia,1,516,0,52175,302.17760617760615,False,303.05227492739596,False,1.556926010288367,False
canagliflozin,Oedema peripheral,1,516,88,52087,1.707218113997775,False,1.7092719904179041,False,0.12737397094043107,False
canagliflozin,Off label use,6,511,261,51914,2.5037022819049586,True,2.522810913053311,True,1.0590169032970969,True
canagliflozin,Orthopaedic procedure,1,516,0,52175,302.17760617760615,False,303.05227492739596,False,1.556926010288367,False
canagliflozin,Orthostatic hypotension,1,516,15,52160,9.74766471540665,False,9.773069356400088,False,1.1910240633232174,False
canagliflozin,Osteomyelitis,3,514,8,52167,41.475357710651835,True,41.75070028011204,True,2.5253799445914806,True
canagliflozin,Osteomyelitis chronic,1,516,0,52175,302.17760617760615,False,303.05227492739596,False,1.556926010288367,False
canagliflozin,Osteoporosis,1,516,11,52164,13.138156790330703,False,13.173407971715982,False,1.2798888976284937,False
canagliflozin,Overdose,1,516,420,51755,0.3593074984275935,False,0.3574468232052148,False,-1.6262805396008564,False
canagliflozin,Pain in extremity,4,513,147,52028,3.0729926051959953,True,3.091159044774149,True,1.1832795001951142,True
canagliflozin,Palpitations,1,516,66,52109,2.2720120765233545,False,2.2757062064648554,False,0.374092003044826,False
canagliflozin,Pancreatic enlargement,1,516,0,52175,302.17760617760615,False,303.05227492739596,False,1.556926010288367,False
canagliflozin,Pancreatic failure,1,516,0,52175,302.17760617760615,False,303.05227492739596,False,1.556926010288367,False
canagliflozin,Pancreatic pseudocyst,1,516,1,52174,100.72586872586872,False,101.01548886737658,False,1.5294239944235921,False
canagliflozin,Pancreatitis,3,514,96,52079,3.653269850161042,True,3.671319304924042,True,1.250202805770862,True
canagliflozin,Pancreatitis acute,2,515,93,52082,2.6932050461462227,False,2.701416515817155,False,0.8037808164915818,False
canagliflozin,Pancreatitis haemorrhagic,1,516,4,52171,33.575289575289574,False,33.66989351403679,False,1.4499302501367093,False
canagliflozin,Pancreatitis necrotising,1,516,1,52174,100.72586872586872,False,101.01548886737658,False,1.5294239944235921,False
canagliflozin,Pancreatitis relapsing,1,516,0,52175,302.17760617760615,False,303.05227492739596,False,1.556926010288367,False
canagliflozin,Pemphigoid,2,515,77,52098,3.249221571802217,False,3.260129532868183,False,0.9712869769501234,False
canagliflozin,Penile haemorrhage,1,516,0,52175,302.17760617760615,False,303.05227492739596,False,1.556926010288367,False
canagliflozin,Perineal infection,1,516,0,52175,302.17760617760615,False,303.05227492739596,False,1.556926010288367,False
canagliflozin,Peripheral arterial occlusive disease,2,515,31,52144,7.994116565545137,False,8.02803565655166,False,1.6015843185308523,False
canagliflozin,Peripheral swelling,1,516,101,52074,1.4885596363428875,False,1.489978492982799,False,-0.0007664300477163929,False
canagliflozin,Peripheral vascular disorder,2,515,6,52169,38.74071874071874,False,38.92374841453406,False,2.111554470431118,False
canagliflozin,Physical deconditioning,1,516,2,52173,60.435521235521236,False,60.6081316553727,False,1.5024364558048016,False
canagliflozin,Platelet count decreased,1,516,38,52137,3.924384495813067,False,3.9328773839906463,False,0.7650365205193962,False
canagliflozin,Pneumonia,4,513,181,51994,2.497335588244679,True,2.510457321734652,True,0.9588061313135532,True
canagliflozin,Pollakiuria,4,513,83,52092,5.428340230735441,True,5.46714749663283,True,1.7331010999335656,True
canagliflozin,Polycythaemia vera,1,516,0,52175,302.17760617760615,False,303.05227492739596,False,1.556926010288367,False
canagliflozin,Product dose omission,2,515,7,52168,33.575289575289574,False,33.73326867119302,False,2.0872903589864418,False
canagliflozin,Product dose omission issue,1,516,45,52130,3.320633034918749,False,3.327372530663915,False,0.6569297661978,False
canagliflozin,Product label issue,1,516,2,52173,60.435521235521236,False,60.6081316553727,False,1.5024364558048016,False
canagliflozin,Product prescribing error,1,516,53,52122,2.824089777360805,False,2.82938723073165,False,0.5425510430961686,False
canagliflozin,Product use in unapproved indication,2,515,110,52065,2.278865808277573,False,2.2850678733031673,False,0.6448353488911146,False
canagliflozin,Product use issue,2,515,26,52149,9.502440445836672,False,9.543674395622496,False,1.6901651688512747,False
canagliflozin,Prostate cancer,1,516,8,52167,17.77515330456507,False,17.823871077956838,False,1.3503247648202354,False
canagliflozin,Prostatic abscess,1,516,0,52175,302.17760617760615,False,303.05227492739596,False,1.556926010288367,False
canagliflozin,Prostatic operation,1,516,0,52175,302.17760617760615,False,303.05227492739596,False,1.556926010288367,False
canagliflozin,Prostatitis,3,514,1,52174,235.02702702702703,True,236.61904761904762,True,2.6983369201648375,True
canagliflozin,Pruritus,3,514,163,52012,2.1562112571286884,True,2.164076639830244,True,0.71734961403499,True
canagliflozin,Pruritus genital,1,516,6,52169,23.244431244431247,False,23.30903269044605,False,1.3992680671110613,False
canagliflozin,Pulmonary artery thrombosis,2,515,0,52175,503.62934362934357,False,506.06692531522793,False,2.266389588589798,False
canagliflozin,Pulmonary congestion,1,516,21,52154,7.0273861901768875,False,7.044890699925707,False,1.067216765006395,False
canagliflozin,Pulmonary embolism,3,514,29,52146,11.950526797984427,True,12.025020177562551,True,2.1042975463823828,True
canagliflozin,Pyelonephritis,1,516,12,52163,12.087104247104246,False,12.119303000968054,False,1.2571542779049296,False
canagliflozin,Pyrexia,1,516,134,52041,1.1233368259390564,False,1.1236950161402348,False,-0.2826053685676777,False
canagliflozin,Rash,1,516,144,52031,1.04559725320971,False,1.045729675048654,False,-0.3581724793780143,False
canagliflozin,Rectal cancer metastatic,1,516,0,52175,302.17760617760615,False,303.05227492739596,False,1.556926010288367,False
canagliflozin,Renal failure,2,515,401,51774,0.6271847367737778,False,0.6253767093090532,False,-0.8332154605198683,False
canagliflozin,Renal impairment,2,515,219,51956,1.147219461570259,False,1.1479334259813658,False,-0.09404343675052766,False
canagliflozin,Renal injury,2,515,19,52156,12.913572913572914,False,12.971349697828844,False,1.8240930721691726,False
canagliflozin,Respiratory distress,1,516,49,52126,3.052299052299052,False,3.058259262518701,False,0.5986071898042742,False
canagliflozin,Respiratory failure,1,516,119,52056,1.264341448441867,False,1.2651091389988132,False,-0.16127142938792313,False
canagliflozin,Respiratory rate increased,1,516,13,52162,11.191763191763192,False,11.22136172959019,False,1.2347723692766996,False
canagliflozin,Respiratory tract infection,1,516,11,52164,13.138156790330703,False,13.173407971715982,False,1.2798888976284937,False
canagliflozin,Retching,1,516,12,52163,12.087104247104246,False,12.119303000968054,False,1.2571542779049296,False
canagliflozin,Retinal detachment,1,516,0,52175,302.17760617760615,False,303.05227492739596,False,1.556926010288367,False
canagliflozin,Retinal haemorrhage,1,516,0,52175,302.17760617760615,False,303.05227492739596,False,1.556926010288367,False
canagliflozin,Rhinitis allergic,1,516,1,52174,100.72586872586872,False,101.01548886737658,False,1.5294239944235921,False
canagliflozin,Seizure,1,516,78,52097,1.9246981285197846,False,1.927383602271536,False,0.2343213827839173,False
canagliflozin,Sepsis,2,515,73,52102,3.4260499566622014,False,3.437815475365704,False,1.0163891813436774,False
canagliflozin,Septic shock,2,515,93,52082,2.6932050461462227,False,2.701416515817155,False,0.8037808164915818,False
canagliflozin,Single functional kidney,1,516,0,52175,302.17760617760615,False,303.05227492739596,False,1.556926010288367,False
canagliflozin,Skin ulcer,2,515,17,52158,14.389409817981246,False,14.454343910212,False,1.8647583242525956,False
canagliflozin,Somnolence,1,516,111,52064,1.3550565299444222,False,1.3560876718513277,False,-0.0921302452750916,False
canagliflozin,Subdural haematoma,2,515,3,52172,71.94704908990623,False,72.29111819315506,False,2.186895844302916,False
canagliflozin,Suicide attempt,1,516,223,51952,0.6760125417843539,False,0.6750716295146085,False,-0.846836348725623,False
canagliflozin,Superior mesenteric artery syndrome,2,515,1,52174,167.87644787644788,False,168.68574199806014,False,2.239402049971008,False
canagliflozin,Surgery,1,516,5,52170,27.47069147069147,False,27.547566663733168,False,1.4243767861847927,False
canagliflozin,Suspected counterfeit product,2,515,2,52173,100.72586872586874,False,101.20950533462657,False,2.2129100929945955,False
canagliflozin,Therapeutic product effect incomplete,2,515,56,52119,4.4568968462773775,False,4.473661622447491,False,1.22555734154424,False
canagliflozin,Thirst,1,516,56,52119,2.6741381077664266,False,2.6790000771016627,False,0.5018935498345626,False
canagliflozin,Thyroid cancer,1,516,3,52172,43.16822945394374,False,43.29069285022818,False,1.4759444988283896,False
canagliflozin,Toe amputation,2,515,12,52163,20.145173745173746,False,20.238021338506304,False,1.9717379634429058,False
canagliflozin,Torulopsis infection,1,516,0,52175,302.17760617760615,False,303.05227492739596,False,1.556926010288367,False
canagliflozin,Toxic epidermal necrolysis,2,515,18,52157,13.611603881874153,False,13.672765879361418,False,1.8442824239967035,False
canagliflozin,Toxic skin eruption,1,516,24,52151,6.166889921991962,False,6.181895410632792,False,1.0090821056412145,False
canagliflozin,Treatment noncompliance,1,516,54,52121,2.772271616308313,False,2.777418581312113,False,0.5288708390529118,False
canagliflozin,Type 2 diabetes mellitus,3,514,73,52102,4.796469939327082,True,4.822296265444954,True,1.4904075819752882,True
canagliflozin,Unevaluable event,2,515,18,52157,13.611603881874153,False,13.672765879361418,False,1.8442824239967035,False
canagliflozin,Urinary incontinence,1,516,30,52145,4.953731248813216,False,4.965213527367369,False,0.8994011661786995,False
canagliflozin,Urinary retention,1,516,37,52138,4.029034749034749,False,4.03783155856728,False,0.7811635051553503,False
canagliflozin,Urinary tract infection,5,512,201,51974,2.7493413299864913,True,2.768114749137566,True,1.125310955540811,True
canagliflozin,Urine ketone body,1,516,1,52174,100.72586872586872,False,101.01548886737658,False,1.5294239944235921,False
canagliflozin,Urine ketone body present,2,515,23,52152,10.715517949560503,False,10.7626349134284,False,1.7460476998074204,False
canagliflozin,Urticaria,2,515,102,52073,2.4567285055089934,False,2.463793144236001,False,0.7174576581485912,False
canagliflozin,Venous thrombosis limb,1,516,0,52175,302.17760617760615,False,303.05227492739596,False,1.556926010288367,False
canagliflozin,Ventricular fibrillation,1,516,9,52166,15.904084535663483,False,15.947368421052632,False,1.3264620009700643,False
canagliflozin,Vertigo,2,515,33,52142,7.516855875064831,False,7.5484604137411875,False,1.567620754939047,False
canagliflozin,Vomiting,6,511,617,51558,1.0602723023775655,False,1.061038226063693,False,-0.024802266131805185,False
canagliflozin,Weight decreased,5,512,312,51863,1.7727752895752895,False,1.7810684878048781,False,0.6073047621131233,True
canagliflozin,Wound,1,516,16,52159,9.156897156897157,False,9.180586112822319,False,1.1696375424576508,False
canagliflozin,Wound infection,1,516,1,52174,100.72586872586872,False,101.01548886737658,False,1.5294239944235921,False
canagliflozin,Wrong technique in product usage process,1,516,39,52136,3.825032989589951,False,3.8332373448356147,False,0.7490878182767512,False
dapagliflozin,Abdominal discomfort,3,1551,219,50919,0.5243911549927122,False,0.523318237843163,False,-1.0097066494901057,False
dapagliflozin,Abdominal distension,2,1552,90,51048,0.9084756000071059,False,0.9083282177204829,False,-0.3621173294238389,False
dapagliflozin,Abdominal pain,5,1549,299,50839,0.6039315257476287,False,0.6025256679816474,False,-0.7832640883288559,False
dapagliflozin,Abdominal pain upper,2,1552,205,50933,0.40008292847028265,False,0.3991168784356132,False,-1.4016028585547258,False
dapagliflozin,Abdominal tenderness,1,1553,6,51132,7.589265396982439,False,7.5956277388527145,False,1.0863133488116068,False
dapagliflozin,Abnormal loss of weight,2,1552,12,51126,6.577363344051446,False,6.58634460547504,False,1.4534151551176089,False
dapagliflozin,Abnormal sensation in eye,1,1553,0,51138,98.6604501607717,False,98.7547473447055,False,1.5022813189649413,False
dapagliflozin,Accidental overdose,1,1553,80,51058,0.6127978270855385,False,0.6124239595223768,False,-0.9455395791036039,False
dapagliflozin,Acetonaemia,1,1553,11,51127,4.28958478959877,False,4.2927610864667445,False,0.8128138117409732,False
dapagliflozin,Acidosis,4,1550,81,51057,1.8158365060264732,False,1.8182042998201648,False,0.5816806634531515,True
dapagliflozin,Acne,1,1553,15,51123,3.182595166476507,False,3.184702596634031,False,0.6261208819325973,False
dapagliflozin,Acute coronary syndrome,1,1553,13,51125,3.6540907466952484,False,3.656653434896113,False,0.7164495609514028,False
dapagliflozin,Acute kidney injury,16,1538,1821,49317,0.2979041865957971,False,0.29037439724177083,False,-1.7284698239712617,False
dapagliflozin,Acute myocardial infarction,3,1551,27,51111,4.185594855305466,True,4.192781179503706,True,1.3377144950470468,True
dapagliflozin,Alanine aminotransferase increased,1,1553,33,51105,1.472544032250324,False,1.4730003026387215,False,-0.002626066783582538,False
dapagliflozin,Alopecia,2,1552,45,51093,1.8069679516624852,False,1.808267416963069,False,0.40649842664402547,False
dapagliflozin,Altered state of consciousness,2,1552,42,51096,1.9345186306033668,False,1.9360234915222128,False,0.47581249222951755,False
dapagliflozin,Altered visual depth perception,1,1553,0,51138,98.6604501607717,False,98.7547473447055,False,1.5022813189649413,False
dapagliflozin,Anaemia,1,1553,107,51031,0.4588858147012637,False,0.4583633356037754,False,-1.2967614092654727,False
dapagliflozin,Anal abscess,2,1552,3,51135,23.49058337161231,False,23.526800092017485,False,1.9490635303363764,False
dapagliflozin,Anal blister,1,1553,0,51138,98.6604501607717,False,98.7547473447055,False,1.5022813189649413,False
dapagliflozin,Anaphylactic shock,1,1553,5,51133,8.969131832797427,False,8.976826520759575,False,1.1478352252146795,False
dapagliflozin,Angioedema,1,1553,28,51110,1.7308850905398545,False,1.731590805142886,False,0.14637991738358508,False
dapagliflozin,Anion gap,1,1553,17,51121,2.8188700045934776,False,2.820626235688997,False,0.5411160807887747,False
dapagliflozin,Anxiety,1,1553,95,51043,0.5165468594804801,False,0.5160800556756656,False,-1.1510992778589344,False
dapagliflozin,Aortic valve incompetence,2,1552,0,51138,164.43408360128618,False,164.69726247987117,False,2.1610484626478557,False
dapagliflozin,Aphasia,1,1553,20,51118,2.4063524429456513,False,2.407710362909873,False,0.4223206186197545,False
dapagliflozin,Arrhythmia,1,1553,44,51094,1.1085443838288955,False,1.1086491901216173,False,-0.2846297620721722,False
dapagliflozin,Arterial disorder,1,1553,2,51136,19.732090032154343,False,19.750177019633085,False,1.3499059651537728,False
dapagliflozin,Arteriosclerosis,1,1553,10,51128,4.698116674322462,False,4.701687433905007,False,0.8635223378771298,False
dapagliflozin,Arthralgia,2,1552,216,50922,0.3797553893794138,False,0.3787566057874322,False,-1.4707788538391424,False
dapagliflozin,Aspartate aminotransferase increased,1,1553,31,51107,1.5660388914408205,False,1.5665854368783239,False,0.055142976519073565,False
dapagliflozin,Aspiration,1,1553,13,51125,3.6540907466952484,False,3.656653434896113,False,0.7164495609514028,False
dapagliflozin,Asterixis,1,1553,0,51138,98.6604501607717,False,98.7547473447055,False,1.5022813189649413,False
dapagliflozin,Asthenia,8,1546,302,50836,0.9240923706518561,False,0.9236751609205538,False,-0.18195402543968678,False
dapagliflozin,Asthma,1,1553,82,51056,0.5979421221864951,False,0.5975539105246218,False,-0.9746995725822799,False
dapagliflozin,Asymptomatic COVID-19,1,1553,5,51133,8.969131832797427,False,8.976826520759575,False,1.1478352252146795,False
dapagliflozin,Atrial fibrillation,2,1552,77,51061,1.0608650554921688,False,1.06096306685367,False,-0.1788124249277642,False
dapagliflozin,Back pain,3,1551,113,51025,1.014130912078417,False,1.0141627897402117,False,-0.16389931539502642,False
dapagliflozin,Bacterial infection,1,1553,2,51136,19.732090032154343,False,19.750177019633085,False,1.3499059651537728,False
dapagliflozin,Balance disorder,1,1553,37,51101,1.3154726688102893,False,1.3157772771161893,False,-0.11165584166161796,False
dapagliflozin,Balanitis candida,1,1553,1,51137,32.88681672025723,False,32.91760540714515,False,1.4240828684816493,False
dapagliflozin,Balanoposthitis,3,1551,6,51132,17.70828592629236,True,17.745977837824437,True,2.1930139138761438,True
dapagliflozin,Benign prostatic hyperplasia,2,1552,5,51133,14.948553054662378,False,14.971014492753623,False,1.823278942977813,False
dapagliflozin,Biliary sepsis,1,1553,0,51138,98.6604501607717,False,98.7547473447055,False,1.5022813189649413,False
dapagliflozin,Bladder cancer,1,1553,37,51101,1.3154726688102893,False,1.3157772771161893,False,-0.11165584166161796,False
dapagliflozin,Bladder cancer recurrent,1,1553,1,51137,32.88681672025723,False,32.91760540714515,False,1.4240828684816493,False
dapagliflozin,Bladder outlet obstruction,1,1553,0,51138,98.6604501607717,False,98.7547473447055,False,1.5022813189649413,False
dapagliflozin,Blister,2,1552,27,51111,2.989710610932476,False,2.992914653784219,False,0.8833455115497914,False
dapagliflozin,Blood creatine increased,1,1553,24,51114,2.0134785747096267,False,2.0144571507392786,False,0.2777629881763738,False
dapagliflozin,Blood creatinine increased,3,1551,160,50978,0.7171579970149552,False,0.7165199389998423,False,-0.6006012449562028,False
dapagliflozin,Blood glucose abnormal,1,1553,81,51057,0.6052788353421578,False,0.6048977077290346,False,-0.9601932479221015,False
dapagliflozin,Blood glucose increased,6,1548,430,50708,0.496548916798309,False,0.4944356251994643,False,-1.0392544265975976,False
dapagliflozin,Blood ketone body increased,5,1549,7,51131,24.116998928188636,True,24.199053458104764,True,2.6872829296571146,True
dapagliflozin,Blood ketone body present,1,1553,0,51138,98.6604501607717,False,98.7547473447055,False,1.5022813189649413,False
dapagliflozin,Blood potassium abnormal,1,1553,2,51136,19.732090032154343,False,19.750177019633085,False,1.3499059651537728,False
dapagliflozin,Blood potassium increased,2,1552,17,51121,4.6981166743224625,False,4.704071773636991,False,1.23738657110562,False
dapagliflozin,Blood pressure decreased,7,1547,60,51078,4.076878105817013,True,4.091790277573799,True,1.5988946739676686,True
dapagliflozin,Blood pressure increased,4,1550,135,51003,1.0921821051007938,False,1.0924496442642595,False,-0.03152314148225137,False
dapagliflozin,Blood triglycerides increased,1,1553,22,51116,2.192454448017149,False,2.1936058362836603,False,0.3482319811629567,False
dapagliflozin,Blood urea increased,1,1553,23,51115,2.0991585140589724,False,2.1002198193509507,False,0.31256726680953445,False
dapagliflozin,Bone disorder,1,1553,0,51138,98.6604501607717,False,98.7547473447055,False,1.5022813189649413,False
dapagliflozin,Brain natriuretic peptide abnormal,1,1553,2,51136,19.732090032154343,False,19.750177019633085,False,1.3499059651537728,False
dapagliflozin,Breast enlargement,1,1553,0,51138,98.6604501607717,False,98.7547473447055,False,1.5022813189649413,False
dapagliflozin,Breast tenderness,1,1553,0,51138,98.6604501607717,False,98.7547473447055,False,1.5022813189649413,False
dapagliflozin,Burning sensation,1,1553,24,51114,2.0134785747096267,False,2.0144571507392786,False,0.2777629881763738,False
dapagliflozin,COVID-19,5,1549,51,51087,3.512184309930384,True,3.5211013887975136,True,1.3540485396165147,True
dapagliflozin,COVID-19 pneumonia,1,1553,4,51134,10.962272240085746,False,10.971891427958374,False,1.2120979361701703,False
dapagliflozin,Cachexia,1,1553,11,51127,4.28958478959877,False,4.2927610864667445,False,0.8128138117409732,False
dapagliflozin,Candida infection,1,1553,13,51125,3.6540907466952484,False,3.656653434896113,False,0.7164495609514028,False
dapagliflozin,Cardiac arrest,3,1551,218,50920,0.5267911145121296,False,0.5257236113866333,False,-1.0036564294718264,False
dapagliflozin,Cardiac failure,10,1544,115,51023,2.989710610932476,True,3.0032372936225316,True,1.326566636972423,True
dapagliflozin,Cardiac failure chronic,2,1552,22,51116,3.6540907466952484,False,3.6583646448380747,False,1.0495328609757406,False
dapagliflozin,Cardiac failure congestive,1,1553,21,51117,2.2944290735063184,False,2.2956789245589477,False,0.38480075559995847,False
dapagliflozin,Cardiac flutter,1,1553,1,51137,32.88681672025723,False,32.91760540714515,False,1.4240828684816493,False
dapagliflozin,Cardiomegaly,1,1553,11,51127,4.28958478959877,False,4.2927610864667445,False,0.8128138117409732,False
dapagliflozin,Cardiomyopathy,1,1553,9,51129,5.192655271619563,False,5.196703538698694,False,0.9160783237211929,False
dapagliflozin,Cardiovascular disorder,2,1552,35,51103,2.3159730084688195,False,2.3180921276450976,False,0.6518044890818816,False
dapagliflozin,Carotid arteriosclerosis,1,1553,0,51138,98.6604501607717,False,98.7547473447055,False,1.5022813189649413,False
dapagliflozin,Carotid artery stenosis,1,1553,4,51134,10.962272240085746,False,10.971891427958374,False,1.2120979361701703,False
dapagliflozin,Carotid intima-media thickness increased,1,1553,0,51138,98.6604501607717,False,98.7547473447055,False,1.5022813189649413,False
dapagliflozin,Cellulitis,1,1553,21,51117,2.2944290735063184,False,2.2956789245589477,False,0.38480075559995847,False
dapagliflozin,Cerebellar infarction,1,1553,1,51137,32.88681672025723,False,32.91760540714515,False,1.4240828684816493,False
dapagliflozin,Cerebral arteriosclerosis,1,1553,0,51138,98.6604501607717,False,98.7547473447055,False,1.5022813189649413,False
dapagliflozin,Cerebral atrophy,1,1553,0,51138,98.6604501607717,False,98.7547473447055,False,1.5022813189649413,False
dapagliflozin,Cerebral infarction,5,1549,10,51128,17.226427805849028,True,17.28402403232994,True,2.5450475079038295,True
dapagliflozin,Cerebral thrombosis,1,1553,0,51138,98.6604501607717,False,98.7547473447055,False,1.5022813189649413,False
dapagliflozin,Cerebrovascular accident,1,1553,107,51031,0.4588858147012637,False,0.4583633356037754,False,-1.2967614092654727,False
dapagliflozin,Chest discomfort,3,1551,61,51077,1.8716074556243953,False,1.873573698676078,False,0.5518559091054557,True
dapagliflozin,Chest pain,4,1550,84,51054,1.751368937765178,False,1.753549628006999,False,0.5398417558381824,True
dapagliflozin,Chills,2,1552,51,51087,1.59644741360472,False,1.5974078764285602,False,0.27712582573214756,False
dapagliflozin,Chromaturia,1,1553,19,51119,2.5297551323274794,False,2.5312322051942266,False,0.4608423665171286,False
dapagliflozin,Chronic kidney disease,3,1551,50,51088,2.279284327146541,True,2.2821702408719764,True,0.7625526529023892,True
dapagliflozin,Chronic obstructive pulmonary disease,1,1553,26,51112,1.8615179275617302,False,1.862349776220464,False,0.21057637332121512,False
dapagliflozin,Clostridium difficile infection,1,1553,16,51122,2.989710610932476,False,2.99163179916318,False,0.5829925026350505,False
dapagliflozin,Coeliac disease,1,1553,8,51130,5.8035558918101,False,5.8081940210908956,False,0.9706214925396959,False
dapagliflozin,Cold sweat,1,1553,23,51115,2.0991585140589724,False,2.1002198193509507,False,0.31256726680953445,False
dapagliflozin,Colon cancer,1,1553,12,51126,3.946418006430868,False,3.9492629546186033,False,0.7638272593162873,False
dapagliflozin,Coma,1,1553,135,51003,0.3640607017002646,False,0.36344666311162627,False,-1.5884628619279137,False
dapagliflozin,Condition aggravated,6,1548,230,50908,0.9273939639118092,False,0.9270891920457626,False,-0.19876409928427377,False
dapagliflozin,Confusional state,3,1551,198,50940,0.5798683048911855,False,0.5789205376124998,False,-0.87699721936358,False
dapagliflozin,Congenital cystic kidney disease,3,1551,0,51138,230.20771704180063,True,230.7247824685788,True,2.5722983864902207,True
dapagliflozin,Congestive cardiomyopathy,2,1552,5,51133,14.948553054662378,False,14.971014492753623,False,1.823278942977813,False
dapagliflozin,Constipation,1,1553,135,51003,0.3640607017002646,False,0.36344666311162627,False,-1.5884628619279137,False
dapagliflozin,Coronary artery disease,3,1551,37,51101,3.0694362272240086,True,3.074104629928027,True,1.0591636006423746,True
dapagliflozin,Coronavirus infection,1,1553,6,51132,7.589265396982439,False,7.5956277388527145,False,1.0863133488116068,False
dapagliflozin,Cough,2,1552,144,50994,0.5689760678245196,False,0.5682819874184399,False,-0.9428643897736841,False
dapagliflozin,Crepitations,1,1553,4,51134,10.962272240085746,False,10.971891427958374,False,1.2120979361701703,False
dapagliflozin,Cutaneous vasculitis,1,1553,1,51137,32.88681672025723,False,32.91760540714515,False,1.4240828684816493,False
dapagliflozin,Cyanosis,1,1553,34,51104,1.429861596532923,False,1.430276654398903,False,-0.030665670407446548,False
dapagliflozin,Cystitis,1,1553,34,51104,1.429861596532923,False,1.430276654398903,False,-0.030665670407446548,False
dapagliflozin,Deafness,1,1553,19,51119,2.5297551323274794,False,2.5312322051942266,False,0.4608423665171286,False
dapagliflozin,Death,23,1531,179,50959,4.30551639513117,True,4.356237671843924,True,1.8636325750470033,True
dapagliflozin,Decreased appetite,13,1541,186,50952,2.380547054817548,True,2.3926374766404717,True,1.0838350230299099,True
dapagliflozin,Dehydration,14,1540,309,50829,1.5407393940023584,False,1.5458291189053341,False,0.5323122009247526,True
dapagliflozin,Depressed level of consciousness,4,1550,116,51022,1.2703062252459876,False,1.2710907321880107,False,0.15590643765060413,True
dapagliflozin,Depressed mood,3,1551,22,51116,5.115727045373347,True,5.125011637483439,True,1.5001554095128218,True
dapagliflozin,Depression,2,1552,69,51069,1.182979018714289,False,1.1832736709183378,False,-0.05321821258157032,False
dapagliflozin,Dermatitis,1,1553,10,51128,4.698116674322462,False,4.701687433905007,False,0.8635223378771298,False
dapagliflozin,Dermatitis artefacta,1,1553,0,51138,98.6604501607717,False,98.7547473447055,False,1.5022813189649413,False
dapagliflozin,Dermatitis diaper,1,1553,0,51138,98.6604501607717,False,98.7547473447055,False,1.5022813189649413,False
dapagliflozin,Diabetes insipidus,1,1553,0,51138,98.6604501607717,False,98.7547473447055,False,1.5022813189649413,False
dapagliflozin,Diabetes mellitus,6,1548,176,50962,1.2111292276581984,False,1.2120154659402638,False,0.14767656268580373,True
dapagliflozin,Diabetes mellitus inadequate control,6,1548,276,50862,0.7731078071669875,False,0.7721554020953604,False,-0.4398128520655264,False
dapagliflozin,Diabetic complication,2,1552,1,51137,54.81136120042872,False,54.89801395598497,False,2.086871559319979,False
dapagliflozin,Diabetic foot,1,1553,12,51126,3.946418006430868,False,3.9492629546186033,False,0.7638272593162873,False
dapagliflozin,Diabetic foot infection,1,1553,2,51136,19.732090032154343,False,19.750177019633085,False,1.3499059651537728,False
dapagliflozin,Diabetic hyperosmolar coma,1,1553,8,51130,5.8035558918101,False,5.8081940210908956,False,0.9706214925396959,False
dapagliflozin,Diabetic ketoacidosis,174,1380,234,50904,24.472279393112526,True,27.439257121542905,True,3.7994470128769064,True
dapagliflozin,Diabetic ketosis,13,1541,4,51134,98.66045016077172,True,99.5157314304249,True,3.7529175040773626,True
dapagliflozin,Diabetic nephropathy,1,1553,12,51126,3.946418006430868,False,3.9492629546186033,False,0.7638272593162873,False
dapagliflozin,Diabetic neuropathic ulcer,1,1553,0,51138,98.6604501607717,False,98.7547473447055,False,1.5022813189649413,False
dapagliflozin,Diabetic neuropathy,2,1552,33,51105,2.45424005375054,False,2.456581825173649,False,0.7062999237587596,False
dapagliflozin,Diarrhoea,7,1547,1088,50050,0.22659726725027954,False,0.22284895029026472,False,-2.128464833799066,False
dapagliflozin,Diastolic dysfunction,1,1553,10,51128,4.698116674322462,False,4.701687433905007,False,0.8635223378771298,False
dapagliflozin,Discomfort,1,1553,23,51115,2.0991585140589724,False,2.1002198193509507,False,0.31256726680953445,False
dapagliflozin,Disease progression,1,1553,77,51061,0.6365190332953012,False,0.6361680700187922,False,-0.9006637938683291,False
dapagliflozin,Diverticulum intestinal,2,1552,0,51138,164.43408360128618,False,164.69726247987117,False,2.1610484626478557,False
dapagliflozin,Dizziness,18,1536,317,50821,1.9162397144086893,False,1.9272715625808734,False,0.833737185854861,True
dapagliflozin,Drug eruption,1,1553,13,51125,3.6540907466952484,False,3.656653434896113,False,0.7164495609514028,False
dapagliflozin,Drug hypersensitivity,1,1553,109,51029,0.45050433863366074,False,0.44997376670443673,False,-1.3196702356405245,False
dapagliflozin,Drug ineffective,2,1552,643,50495,0.12776541072361008,False,0.12636084616760945,False,-2.965132805626861,False
dapagliflozin,Drug interaction,3,1551,338,50800,0.34004094097754894,False,0.3385521516081783,False,-1.5927485993553998,False
dapagliflozin,Drug-induced liver injury,1,1553,18,51120,2.66649865299383,False,2.6681077601579695,False,0.500420976939414,False
dapagliflozin,Dry eye,1,1553,2,51136,19.732090032154343,False,19.750177019633085,False,1.3499059651537728,False
dapagliflozin,Dry mouth,4,1550,38,51100,3.8439136426274687,True,3.8521675035702767,True,1.3719408610249462,True
dapagliflozin,Dry skin,1,1553,21,51117,2.2944290735063184,False,2.2956789245589477,False,0.38480075559995847,False
dapagliflozin,Dysgeusia,1,1553,40,51098,1.218030248898416,False,1.2182407705420257,False,-0.18834003666035312,False
dapagliflozin,Dyslipidaemia,1,1553,13,51125,3.6540907466952484,False,3.656653434896113,False,0.7164495609514028,False
dapagliflozin,Dyspepsia,2,1552,65,51073,1.2552220122235587,False,1.2556329977504885,False,0.013932173246512292,False
dapagliflozin,Dysphagia,1,1553,33,51105,1.472544032250324,False,1.4730003026387215,False,-0.002626066783582538,False
dapagliflozin,Dyspnoea,9,1545,369,50769,0.845533853430159,False,0.8445843688669668,False,-0.2940865654365787,False
dapagliflozin,Dyspnoea exertional,1,1553,17,51121,2.8188700045934776,False,2.820626235688997,False,0.5411160807887747,False
dapagliflozin,Dysuria,9,1545,33,51105,9.326112204252052,True,9.377291800460654,True,2.449943373026219,True
dapagliflozin,Ejection fraction decreased,1,1553,25,51113,1.9345186306033666,False,1.9354209659402866,False,0.24377860421921296,False
dapagliflozin,Electrocardiogram QT prolonged,2,1552,26,51112,3.10252987926955,False,3.1059155956612887,False,0.9150866955072995,False
dapagliflozin,Electrolyte imbalance,2,1552,25,51113,3.224197717672278,False,3.2277793565091093,False,0.9475419674874213,False
dapagliflozin,Emphysema,1,1553,12,51126,3.946418006430868,False,3.9492629546186033,False,0.7638272593162873,False
dapagliflozin,Enteral nutrition,1,1553,0,51138,98.6604501607717,False,98.7547473447055,False,1.5022813189649413,False
dapagliflozin,Eosinophil count increased,1,1553,9,51129,5.192655271619563,False,5.196703538698694,False,0.9160783237211929,False
dapagliflozin,Epilepsy,1,1553,23,51115,2.0991585140589724,False,2.1002198193509507,False,0.31256726680953445,False
dapagliflozin,Erythema,1,1553,61,51077,0.8021174809818837,False,0.8019264132132792,False,-0.6344463537090813,False
dapagliflozin,Erythema multiforme,1,1553,9,51129,5.192655271619563,False,5.196703538698694,False,0.9160783237211929,False
dapagliflozin,Euglycaemic diabetic ketoacidosis,154,1400,189,50949,26.812734476410252,True,29.66033710161938,True,3.863321150001351,True
dapagliflozin,Eyelid oedema,1,1553,2,51136,19.732090032154343,False,19.750177019633085,False,1.3499059651537728,False
dapagliflozin,Face oedema,1,1553,7,51131,6.577363344051446,False,6.582748632121017,False,1.0273080435697586,False
dapagliflozin,Faeces discoloured,1,1553,14,51124,3.402084488302472,False,3.4044038489284487,False,0.6705783899876883,False
dapagliflozin,Fall,2,1552,194,50944,0.4227097264814555,False,0.42178011251443687,False,-1.328942142797911,False
dapagliflozin,Fasciitis,1,1553,0,51138,98.6604501607717,False,98.7547473447055,False,1.5022813189649413,False
dapagliflozin,Fatigue,12,1542,429,50709,0.9571250500656936,False,0.9567776031456425,False,-0.11167611405541712,False
dapagliflozin,Feeling abnormal,2,1552,103,51035,0.7943675536294018,False,0.794036422475826,False,-0.5247357136190883,False
dapagliflozin,Feeling hot,1,1553,19,51119,2.5297551323274794,False,2.5312322051942266,False,0.4608423665171286,False
dapagliflozin,Finger amputation,1,1553,1,51137,32.88681672025723,False,32.91760540714515,False,1.4240828684816493,False
dapagliflozin,Fixed eruption,1,1553,3,51135,14.094350022967387,False,14.106993424985056,False,1.2793571265053005,False
dapagliflozin,Flank pain,1,1553,9,51129,5.192655271619563,False,5.196703538698694,False,0.9160783237211929,False
dapagliflozin,Fluid intake reduced,1,1553,1,51137,32.88681672025723,False,32.91760540714515,False,1.4240828684816493,False
dapagliflozin,Foot amputation,1,1553,2,51136,19.732090032154343,False,19.750177019633085,False,1.3499059651537728,False
dapagliflozin,Fournier's gangrene,15,1539,33,51105,15.216288333253347,True,15.35942082377977,True,3.016382749531916,True
dapagliflozin,Fracture,1,1553,4,51134,10.962272240085746,False,10.971891427958374,False,1.2120979361701703,False
dapagliflozin,Fulminant type 1 diabetes mellitus,1,1553,1,51137,32.88681672025723,False,32.91760540714515,False,1.4240828684816493,False
dapagliflozin,Fungal infection,3,1551,27,51111,4.185594855305466,True,4.192781179503706,True,1.3377144950470468,True
dapagliflozin,Gangrene,3,1551,4,51134,25.578635226866737,True,25.634081713037563,True,2.308705770148055,True
dapagliflozin,Gastrointestinal carcinoma,1,1553,5,51133,8.969131832797427,False,8.976826520759575,False,1.1478352252146795,False
dapagliflozin,Gastrointestinal disorder,2,1552,129,51009,0.6348806316651976,False,0.6342926777709387,False,-0.8035480266096388,False
dapagliflozin,General physical health deterioration,3,1551,146,50992,0.7856918670368622,False,0.7852084133047508,False,-0.4837562528888072,False
dapagliflozin,Genital blister,1,1553,0,51138,98.6604501607717,False,98.7547473447055,False,1.5022813189649413,False
dapagliflozin,Genital burning sensation,1,1553,0,51138,98.6604501607717,False,98.7547473447055,False,1.5022813189649413,False
dapagliflozin,Genital candidiasis,1,1553,0,51138,98.6604501607717,False,98.7547473447055,False,1.5022813189649413,False
dapagliflozin,Genital discomfort,1,1553,2,51136,19.732090032154343,False,19.750177019633085,False,1.3499059651537728,False
dapagliflozin,Genital erosion,1,1553,0,51138,98.6604501607717,False,98.7547473447055,False,1.5022813189649413,False
dapagliflozin,Genital erythema,1,1553,0,51138,98.6604501607717,False,98.7547473447055,False,1.5022813189649413,False
dapagliflozin,Genital pain,2,1552,3,51135,23.49058337161231,False,23.526800092017485,False,1.9490635303363764,False
dapagliflozin,Genital swelling,2,1552,2,51136,32.88681672025724,False,32.93816425120773,False,2.0163227206715066,False
dapagliflozin,Genital ulceration,1,1553,0,51138,98.6604501607717,False,98.7547473447055,False,1.5022813189649413,False
dapagliflozin,Genitourinary tract infection,1,1553,2,51136,19.732090032154343,False,19.750177019633085,False,1.3499059651537728,False
dapagliflozin,Glomerular filtration rate abnormal,1,1553,7,51131,6.577363344051446,False,6.582748632121017,False,1.0273080435697586,False
dapagliflozin,Glomerular filtration rate decreased,5,1549,32,51106,5.565461291120456,True,5.581666542557152,True,1.7893080128318164,True
dapagliflozin,Glucose urine present,2,1552,4,51134,18.27045373347624,False,18.298264448022902,False,1.8848008193808856,False
dapagliflozin,Glycosylated haemoglobin abnormal,1,1553,11,51127,4.28958478959877,False,4.2927610864667445,False,0.8128138117409732,False
dapagliflozin,Glycosylated haemoglobin increased,6,1548,156,50982,1.3659061257614826,False,1.3674420571902521,False,0.30052294530975493,True
dapagliflozin,Groin abscess,1,1553,4,51134,10.962272240085746,False,10.971891427958374,False,1.2120979361701703,False
dapagliflozin,Haematoma,1,1553,35,51103,1.3895838050812914,False,1.3899599722571023,False,-0.05817068188794181,False
dapagliflozin,Haematuria,2,1552,44,51094,1.8475739730481593,False,1.8489388264669164,False,0.42923509337807614,False
dapagliflozin,Haemodynamic instability,1,1553,127,51011,0.3869037261206733,False,0.3863117438800432,False,-1.510959997888465,False
dapagliflozin,Haemorrhage,1,1553,54,51084,0.9051417445942358,False,0.9050501531020513,False,-0.5005082952607599,False
dapagliflozin,Hallucination,1,1553,16,51122,2.989710610932476,False,2.99163179916318,False,0.5829925026350505,False
dapagliflozin,Head injury,1,1553,10,51128,4.698116674322462,False,4.701687433905007,False,0.8635223378771298,False
dapagliflozin,Headache,4,1550,321,50817,0.460313142274207,False,0.45874681472840495,False,-1.16420652135557,False
dapagliflozin,Heart alternation,1,1553,0,51138,98.6604501607717,False,98.7547473447055,False,1.5022813189649413,False
dapagliflozin,Heart rate increased,1,1553,55,51083,0.8888328843312766,False,0.8887255456293113,False,-0.5204205782996264,False
dapagliflozin,Hepatic cancer,1,1553,7,51131,6.577363344051446,False,6.582748632121017,False,1.0273080435697586,False
dapagliflozin,Hepatic enzyme increased,1,1553,29,51109,1.6722110196740967,False,1.6728600808453302,False,0.11532207371059862,False
dapagliflozin,Hepatic failure,1,1553,69,51069,0.7097874112285734,False,0.7095071930868565,False,-0.773686948532435,False
dapagliflozin,Hepatic function abnormal,3,1551,26,51112,4.343541830977371,True,4.351084464821019,True,1.3687723387200332,True
dapagliflozin,Hepatic steatosis,1,1553,44,51094,1.1085443838288955,False,1.1086491901216173,False,-0.2846297620721722,False
dapagliflozin,Hepatotoxicity,2,1552,21,51117,3.8240484558438643,False,3.8285960378983637,False,1.0851975753291627,False
dapagliflozin,Hiccups,1,1553,0,51138,98.6604501607717,False,98.7547473447055,False,1.5022813189649413,False
dapagliflozin,Hot flush,1,1553,23,51115,2.0991585140589724,False,2.1002198193509507,False,0.31256726680953445,False
dapagliflozin,Hydrocele male infected,1,1553,0,51138,98.6604501607717,False,98.7547473447055,False,1.5022813189649413,False
dapagliflozin,Hydrothorax,1,1553,1,51137,32.88681672025723,False,32.91760540714515,False,1.4240828684816493,False
dapagliflozin,Hyperglycaemia,3,1551,288,50850,0.39897351307071166,False,0.39761766859488024,False,-1.3756890481014128,False
dapagliflozin,Hyperglycaemic hyperosmolar nonketotic syndrome,1,1553,8,51130,5.8035558918101,False,5.8081940210908956,False,0.9706214925396959,False
dapagliflozin,Hyperhidrosis,3,1551,109,51029,1.0511767901452085,False,1.0512922389144692,False,-0.11982854595569269,False
dapagliflozin,Hyperkalaemia,5,1549,361,50777,0.5003526748586855,False,0.49857916063585406,False,-1.038068896451197,False
dapagliflozin,Hyperlipidaemia,1,1553,5,51133,8.969131832797427,False,8.976826520759575,False,1.1478352252146795,False
dapagliflozin,Hypernatraemia,5,1549,14,51124,12.4743097904424,True,12.515038221450746,True,2.374890094855555,True
dapagliflozin,Hypersensitivity,1,1553,74,51064,0.6621506722199443,False,0.6618244578706234,False,-0.8543471863903385,False
dapagliflozin,Hypertension,2,1552,175,50963,0.46847317265323696,False,0.46761725183625347,False,-1.194114623093596,False
dapagliflozin,Hypertensive heart disease,2,1552,3,51135,23.49058337161231,False,23.526800092017485,False,1.9490635303363764,False
dapagliflozin,Hypertensive nephropathy,1,1553,0,51138,98.6604501607717,False,98.7547473447055,False,1.5022813189649413,False
dapagliflozin,Hyperthyroidism,1,1553,10,51128,4.698116674322462,False,4.701687433905007,False,0.8635223378771298,False
dapagliflozin,Hyperuricaemia,2,1552,3,51135,23.49058337161231,False,23.526800092017485,False,1.9490635303363764,False
dapagliflozin,Hypoaesthesia,1,1553,88,51050,0.5574036732246989,False,0.5569763191917649,False,-1.058801690080341,False
dapagliflozin,Hypoglycaemia,13,1541,867,50271,0.5117833149550117,False,0.5075076579662947,False,-0.9704766209815439,False
dapagliflozin,Hypoglycaemic coma,3,1551,64,51074,1.7845559460604699,False,1.786325811230442,False,0.49935900041675413,True
dapagliflozin,Hypokalaemia,2,1552,68,51070,1.2002487854108481,False,1.2005712472231038,False,-0.03672135436622895,False
dapagliflozin,Hypomagnesaemia,1,1553,43,51095,1.1340281627674909,False,1.134157575219471,False,-0.26115310193668856,False
dapagliflozin,Hyponatraemia,2,1552,84,51054,0.9729827432028767,False,0.972939237153284,False,-0.28039779355645267,False
dapagliflozin,Hypophagia,3,1551,51,51087,2.235026379046608,True,2.2378124520898974,True,0.7420750921991558,True
dapagliflozin,Hypoproteinaemia,1,1553,0,51138,98.6604501607717,False,98.7547473447055,False,1.5022813189649413,False
dapagliflozin,Hypotension,3,1551,406,50732,0.28315832354465026,False,0.2815412137363397,False,-1.8436722497125502,False
dapagliflozin,Hypothermia,1,1553,81,51057,0.6052788353421578,False,0.6048977077290346,False,-0.9601932479221015,False
dapagliflozin,Hypothyroidism,1,1553,67,51071,0.7308181493390496,False,0.7305582376712084,False,-0.7401163011813584,False
dapagliflozin,Hypovolaemia,2,1552,38,51100,2.135507579237483,False,2.137336093857833,False,0.5737367734721327,False
dapagliflozin,Hypovolaemic shock,3,1551,37,51101,3.0694362272240086,True,3.074104629928027,True,1.0591636006423746,True
dapagliflozin,Ileus,1,1553,2,51136,19.732090032154343,False,19.750177019633085,False,1.3499059651537728,False
dapagliflozin,Iliac artery stenosis,1,1553,0,51138,98.6604501607717,False,98.7547473447055,False,1.5022813189649413,False
dapagliflozin,Ill-defined disorder,1,1553,9,51129,5.192655271619563,False,5.196703538698694,False,0.9160783237211929,False
dapagliflozin,Illness,1,1553,82,51056,0.5979421221864951,False,0.5975539105246218,False,-0.9746995725822799,False
dapagliflozin,Immune thrombocytopenia,1,1553,3,51135,14.094350022967387,False,14.106993424985056,False,1.2793571265053005,False
dapagliflozin,Impaired healing,1,1553,17,51121,2.8188700045934776,False,2.820626235688997,False,0.5411160807887747,False
dapagliflozin,Inappropriate schedule of product administration,1,1553,75,51063,0.6533804646408722,False,0.6530457821155817,False,-0.8699518577704862,False
dapagliflozin,Infection,7,1547,35,51103,6.947919025406458,True,6.976745773510205,True,2.108906455191152,True
dapagliflozin,Insulin resistance,2,1552,14,51124,5.670140813837454,False,5.677661169415292,False,1.3630864760988035,False
dapagliflozin,Intentional overdose,2,1552,338,50800,0.242886386412535,False,0.2416672018495922,False,-2.074139390218974,False
dapagliflozin,Intentional product misuse,1,1553,73,51065,0.6711595249032088,False,0.6708420091564145,False,-0.8385718823716847,False
dapagliflozin,Intentional product use issue,1,1553,29,51109,1.6722110196740967,False,1.6728600808453302,False,0.11532207371059862,False
dapagliflozin,Intentional self-injury,1,1553,12,51126,3.946418006430868,False,3.9492629546186033,False,0.7638272593162873,False
dapagliflozin,Intermittent claudication,1,1553,3,51135,14.094350022967387,False,14.106993424985056,False,1.2793571265053005,False
dapagliflozin,International normalised ratio increased,2,1552,18,51120,4.444164421656383,False,4.4497105801453625,False,1.1978079606833347,False
dapagliflozin,Intestinal obstruction,1,1553,11,51127,4.28958478959877,False,4.2927610864667445,False,0.8128138117409732,False
dapagliflozin,Irritability,1,1553,13,51125,3.6540907466952484,False,3.656653434896113,False,0.7164495609514028,False
dapagliflozin,Irritable bowel syndrome,1,1553,5,51133,8.969131832797427,False,8.976826520759575,False,1.1478352252146795,False
dapagliflozin,Ischaemia,1,1553,7,51131,6.577363344051446,False,6.582748632121017,False,1.0273080435697586,False
dapagliflozin,Ischaemic skin ulcer,1,1553,0,51138,98.6604501607717,False,98.7547473447055,False,1.5022813189649413,False
dapagliflozin,Jaundice,1,1553,19,51119,2.5297551323274794,False,2.5312322051942266,False,0.4608423665171286,False
dapagliflozin,Jaw fracture,1,1553,0,51138,98.6604501607717,False,98.7547473447055,False,1.5022813189649413,False
dapagliflozin,Joint injury,1,1553,9,51129,5.192655271619563,False,5.196703538698694,False,0.9160783237211929,False
dapagliflozin,Joint swelling,1,1553,70,51068,0.6997195046863242,False,0.6994295653603051,False,-0.7901838067477766,False
dapagliflozin,Ketoacidosis,79,1475,84,51054,30.94085123385148,True,32.55406551585161,True,3.9049267882705485,True
dapagliflozin,Ketonuria,7,1547,11,51127,21.44792394799385,True,21.547025356465547,True,2.863044175676137,True
dapagliflozin,Ketosis,21,1533,11,51127,61.4840486509157,True,62.33204802880594,True,3.8964452305000155,True
dapagliflozin,Lactic acidosis,13,1541,3076,48062,0.14431075108840327,False,0.13681687832790598,False,-2.7624075600137132,False
dapagliflozin,Left ventricular dysfunction,5,1549,22,51116,8.038999642729546,True,8.063984797963501,True,2.085045491237356,True
dapagliflozin,Left ventricular hypertrophy,1,1553,6,51132,7.589265396982439,False,7.5956277388527145,False,1.0863133488116068,False
dapagliflozin,Leg amputation,2,1552,9,51129,8.654425452699272,False,8.666751419611831,False,1.600487932043336,False
dapagliflozin,Limb discomfort,1,1553,40,51098,1.218030248898416,False,1.2182407705420257,False,-0.18834003666035312,False
dapagliflozin,Lip swelling,2,1552,10,51128,7.830194457204104,False,7.84119316003374,False,1.5497794059071794,False
dapagliflozin,Lipids increased,1,1553,1,51137,32.88681672025723,False,32.91760540714515,False,1.4240828684816493,False
dapagliflozin,Lipodystrophy acquired,1,1553,0,51138,98.6604501607717,False,98.7547473447055,False,1.5022813189649413,False
dapagliflozin,Livedo reticularis,1,1553,1,51137,32.88681672025723,False,32.91760540714515,False,1.4240828684816493,False
dapagliflozin,Liver disorder,1,1553,27,51111,1.7938263665594854,False,1.794592854843901,False,0.17812110134109332,False
dapagliflozin,Liver function test abnormal,1,1553,32,51106,1.5178530793964877,False,1.5183530984625289,False,0.0259693224335917,False
dapagliflozin,Loss of bladder sensation,1,1553,0,51138,98.6604501607717,False,98.7547473447055,False,1.5022813189649413,False
dapagliflozin,Loss of consciousness,2,1552,130,51008,0.6300156459819394,False,0.6294198579722484,False,-0.8132662135431257,False
dapagliflozin,Lung disorder,2,1552,15,51123,5.304325277460845,False,5.311256558100878,False,1.3199580968012565,False
dapagliflozin,Malaise,13,1541,369,50769,1.2015481075060155,False,1.2033132060796976,False,0.19833563345804564,True
dapagliflozin,Marasmus,2,1552,0,51138,164.43408360128618,False,164.69726247987117,False,2.1610484626478557,False
dapagliflozin,Mediastinitis,1,1553,0,51138,98.6604501607717,False,98.7547473447055,False,1.5022813189649413,False
dapagliflozin,Medication error,3,1551,99,51039,1.1568226987025156,False,1.1571764721124151,False,-0.0033754944376615933,False
dapagliflozin,Melaena,1,1553,9,51129,5.192655271619563,False,5.196703538698694,False,0.9160783237211929,False
dapagliflozin,Mental impairment,1,1553,28,51110,1.7308850905398545,False,1.731590805142886,False,0.14637991738358508,False
dapagliflozin,Metabolic acidosis,12,1542,899,50239,0.4570152406928465,False,0.45261504005016295,False,-1.1305272430053588,False
dapagliflozin,Microalbuminuria,1,1553,4,51134,10.962272240085746,False,10.971891427958374,False,1.2120979361701703,False
dapagliflozin,Micturition disorder,1,1553,1,51137,32.88681672025723,False,32.91760540714515,False,1.4240828684816493,False
dapagliflozin,Micturition urgency,4,1550,2,51136,59.196270096463024,True,59.36517252499194,True,2.7327977259358356,True
dapagliflozin,Mitral valve incompetence,1,1553,24,51114,2.0134785747096267,False,2.0144571507392786,False,0.2777629881763738,False
dapagliflozin,Multiple organ dysfunction syndrome,3,1551,165,50973,0.695491592271301,False,0.6948046574166118,False,-0.6401396481804817,False
dapagliflozin,Muscle atrophy,1,1553,19,51119,2.5297551323274794,False,2.5312322051942266,False,0.4608423665171286,False
dapagliflozin,Muscular dystrophy,1,1553,0,51138,98.6604501607717,False,98.7547473447055,False,1.5022813189649413,False
dapagliflozin,Muscular weakness,2,1552,62,51076,1.3154726688102893,False,1.3159806763285025,False,0.066429081935214,False
dapagliflozin,Myalgia,1,1553,104,51034,0.472059570147233,False,0.4715498111225924,False,-1.2617013077852948,False
dapagliflozin,Myocardial infarction,1,1553,137,51001,0.35876527331189706,False,0.35814612166076604,False,-1.6072050633988604,False
dapagliflozin,N-terminal prohormone brain natriuretic peptide increased,2,1552,7,51131,10.962272240085744,False,10.978314546430488,False,1.707587086705902,False
dapagliflozin,Nausea,16,1538,643,50495,0.8432517107758266,False,0.8415706274009817,False,-0.27286090189758494,False
dapagliflozin,Necrosis,5,1549,5,51133,32.88681672025724,True,33.0,True,2.790547441637334,True
dapagliflozin,Necrotising fasciitis,6,1548,7,51131,28.501907824222936,True,28.617350123775697,True,2.8793044767362233,True
dapagliflozin,Nephrolithiasis,2,1552,31,51107,2.6100648190680342,False,2.6126575160391585,False,0.762934916599798,False
dapagliflozin,Neuralgia,1,1553,9,51129,5.192655271619563,False,5.196703538698694,False,0.9160783237211929,False
dapagliflozin,Neuropathy peripheral,1,1553,44,51094,1.1085443838288955,False,1.1086491901216173,False,-0.2846297620721722,False
dapagliflozin,Nightmare,1,1553,11,51127,4.28958478959877,False,4.2927610864667445,False,0.8128138117409732,False
dapagliflozin,Nocturia,2,1552,14,51124,5.670140813837454,False,5.677661169415292,False,1.3630864760988035,False
dapagliflozin,Nodular vasculitis,1,1553,0,51138,98.6604501607717,False,98.7547473447055,False,1.5022813189649413,False
dapagliflozin,Nodule,1,1553,9,51129,5.192655271619563,False,5.196703538698694,False,0.9160783237211929,False
dapagliflozin,Non-alcoholic steatohepatitis,1,1553,12,51126,3.946418006430868,False,3.9492629546186033,False,0.7638272593162873,False
dapagliflozin,Nonalcoholic fatty liver disease,1,1553,8,51130,5.8035558918101,False,5.8081940210908956,False,0.9706214925396959,False
dapagliflozin,Obesity,1,1553,39,51099,1.2488664577312873,False,1.2491067536351155,False,-0.16322882069407355,False
dapagliflozin,Oedema,1,1553,44,51094,1.1085443838288955,False,1.1086491901216173,False,-0.2846297620721722,False
dapagliflozin,Oedema peripheral,3,1551,86,51052,1.3306804453283274,False,1.331426421195971,False,0.16359073125610696,True
dapagliflozin,Off label use,11,1543,256,50882,1.4744576697191352,False,1.477992663695015,False,0.457575749916575,True
dapagliflozin,Oropharyngeal pain,2,1552,45,51093,1.8069679516624852,False,1.808267416963069,False,0.40649842664402547,False
dapagliflozin,Orthostatic hypotension,1,1553,15,51123,3.182595166476507,False,3.184702596634031,False,0.6261208819325973,False
dapagliflozin,Osteomyelitis,1,1553,10,51128,4.698116674322462,False,4.701687433905007,False,0.8635223378771298,False
dapagliflozin,Otitis externa,2,1552,0,51138,164.43408360128618,False,164.69726247987117,False,2.1610484626478557,False
dapagliflozin,Overdose,2,1552,419,50719,0.19598818069283216,False,0.19469347566979323,False,-2.3691808155818492,False
dapagliflozin,Pacemaker generated arrhythmia,1,1553,0,51138,98.6604501607717,False,98.7547473447055,False,1.5022813189649413,False
dapagliflozin,Pain,4,1550,205,50933,0.7201492712465087,False,0.7193370633913713,False,-0.5664326336650755,False
dapagliflozin,Pain in extremity,3,1551,148,50990,0.7751101583899012,False,0.7746028335780188,False,-0.5010390393266697,False
dapagliflozin,Palpitations,2,1552,65,51073,1.2552220122235587,False,1.2556329977504885,False,0.013932173246512292,False
dapagliflozin,Pancreatic disorder,1,1553,12,51126,3.946418006430868,False,3.9492629546186033,False,0.7638272593162873,False
dapagliflozin,Pancreatitis,2,1552,97,51041,0.8432517107758265,False,0.8429992980717619,False,-0.4519510208169704,False
dapagliflozin,Pancreatitis acute,5,1549,90,51048,1.998646320015633,False,2.002191047192197,True,0.7361991641184898,True
dapagliflozin,Pancreatitis chronic,1,1553,10,51128,4.698116674322462,False,4.701687433905007,False,0.8635223378771298,False
dapagliflozin,Panic attack,1,1553,8,51130,5.8035558918101,False,5.8081940210908956,False,0.9706214925396959,False
dapagliflozin,Paraesthesia,3,1551,81,51057,1.4123172824650347,False,1.4132474213555455,False,0.23333093460441343,True
dapagliflozin,Paraesthesia oral,1,1553,6,51132,7.589265396982439,False,7.5956277388527145,False,1.0863133488116068,False
dapagliflozin,Pemphigoid,1,1553,78,51060,0.6284105105781638,False,0.6280517180232021,False,-0.9157780190939703,False
dapagliflozin,Penile discomfort,1,1553,7,51131,6.577363344051446,False,6.582748632121017,False,1.0273080435697586,False
dapagliflozin,Penile oedema,1,1553,0,51138,98.6604501607717,False,98.7547473447055,False,1.5022813189649413,False
dapagliflozin,Penile pain,2,1552,7,51131,10.962272240085744,False,10.978314546430488,False,1.707587086705902,False
dapagliflozin,Performance status decreased,1,1553,0,51138,98.6604501607717,False,98.7547473447055,False,1.5022813189649413,False
dapagliflozin,Perineal abscess,1,1553,1,51137,32.88681672025723,False,32.91760540714515,False,1.4240828684816493,False
dapagliflozin,Perineal erythema,1,1553,0,51138,98.6604501607717,False,98.7547473447055,False,1.5022813189649413,False
dapagliflozin,Perineal pain,5,1549,0,51138,361.7549839228296,True,363.0354953210713,True,3.086567054086311,True
dapagliflozin,Peripheral arterial occlusive disease,7,1547,26,51112,9.307589637808652,True,9.347852592434542,True,2.3478974173209544,True
dapagliflozin,Peripheral ischaemia,4,1550,8,51130,17.4106676754303,True,17.45829618529127,True,2.3977763124621294,True
dapagliflozin,Peripheral swelling,3,1551,99,51039,1.1568226987025156,False,1.1571764721124151,False,-0.0033754944376615933,False
dapagliflozin,Peripheral vascular disorder,1,1553,7,51131,6.577363344051446,False,6.582748632121017,False,1.0273080435697586,False
dapagliflozin,Phimosis,2,1552,1,51137,54.81136120042872,False,54.89801395598497,False,2.086871559319979,False
dapagliflozin,Photophobia,1,1553,4,51134,10.962272240085746,False,10.971891427958374,False,1.2120979361701703,False
dapagliflozin,Photopsia,1,1553,1,51137,32.88681672025723,False,32.91760540714515,False,1.4240828684816493,False
dapagliflozin,Physical deconditioning,1,1553,2,51136,19.732090032154343,False,19.750177019633085,False,1.3499059651537728,False
dapagliflozin,Pilonidal cyst,1,1553,1,51137,32.88681672025723,False,32.91760540714515,False,1.4240828684816493,False
dapagliflozin,Pleural effusion,3,1551,60,51078,1.9025431160479391,False,1.9045791462807253,False,0.5697881383232181,True
dapagliflozin,Pleural thickening,1,1553,0,51138,98.6604501607717,False,98.7547473447055,False,1.5022813189649413,False
dapagliflozin,Pneumonia,8,1546,177,50961,1.574861645758797,False,1.5780212474328674,False,0.5131078339010375,True
dapagliflozin,Pollakiuria,9,1545,78,51060,3.9799332336617037,True,3.9982505197955023,True,1.631656191234762,True
dapagliflozin,Polycythaemia,1,1553,1,51137,32.88681672025723,False,32.91760540714515,False,1.4240828684816493,False
dapagliflozin,Polyneuropathy,1,1553,12,51126,3.946418006430868,False,3.9492629546186033,False,0.7638272593162873,False
dapagliflozin,Polyuria,4,1550,41,51097,3.566040367256808,True,3.573487759486835,True,1.300332738648984,True
dapagliflozin,Posterior reversible encephalopathy syndrome,1,1553,0,51138,98.6604501607717,False,98.7547473447055,False,1.5022813189649413,False
dapagliflozin,Postoperative thoracic procedure complication,1,1553,0,51138,98.6604501607717,False,98.7547473447055,False,1.5022813189649413,False
dapagliflozin,Postprandial hypoglycaemia,1,1553,4,51134,10.962272240085746,False,10.971891427958374,False,1.2120979361701703,False
dapagliflozin,Prerenal failure,1,1553,9,51129,5.192655271619563,False,5.196703538698694,False,0.9160783237211929,False
dapagliflozin,Product adhesion issue,1,1553,0,51138,98.6604501607717,False,98.7547473447055,False,1.5022813189649413,False
dapagliflozin,Product dose omission issue,1,1553,45,51093,1.084180770997491,False,1.0842620527203726,False,-0.30773050078812997,False
dapagliflozin,Product packaging quantity issue,1,1553,0,51138,98.6604501607717,False,98.7547473447055,False,1.5022813189649413,False
dapagliflozin,Product use in unapproved indication,1,1553,111,51027,0.44242354332184614,False,0.44188516888668866,False,-1.3422209672921406,False
dapagliflozin,Product use issue,1,1553,27,51111,1.7938263665594854,False,1.794592854843901,False,0.17812110134109332,False
dapagliflozin,Pruritus,8,1546,158,50980,1.7636463225374543,False,1.7678435380185848,False,0.6556538430214893,True
dapagliflozin,Pruritus genital,2,1552,5,51133,14.948553054662378,False,14.971014492753623,False,1.823278942977813,False
dapagliflozin,Pulmonary congestion,2,1552,20,51118,4.010587404909419,False,4.0154353717450215,False,1.1217663497661645,False
dapagliflozin,Pulmonary embolism,2,1552,30,51108,2.695640714775183,False,2.698371215121037,False,0.7921085706852798,False
dapagliflozin,Pulmonary hypertension,1,1553,17,51121,2.8188700045934776,False,2.820626235688997,False,0.5411160807887747,False
dapagliflozin,Pulmonary mass,1,1553,11,51127,4.28958478959877,False,4.2927610864667445,False,0.8128138117409732,False
dapagliflozin,Pulmonary oedema,1,1553,49,51089,0.9965702036441586,False,0.9965668919643815,False,-0.39660315626855197,False
dapagliflozin,Purpura,1,1553,1,51137,32.88681672025723,False,32.91760540714515,False,1.4240828684816493,False
dapagliflozin,Pustule,1,1553,1,51137,32.88681672025723,False,32.91760540714515,False,1.4240828684816493,False
dapagliflozin,Pyelonephritis,1,1553,12,51126,3.946418006430868,False,3.9492629546186033,False,0.7638272593162873,False
dapagliflozin,Pyrexia,4,1550,131,51007,1.1254043744574718,False,1.1257683342672484,False,0.0059628431424074944,True
dapagliflozin,Radiation associated pain,1,1553,0,51138,98.6604501607717,False,98.7547473447055,False,1.5022813189649413,False
dapagliflozin,Rales,1,1553,14,51124,3.402084488302472,False,3.4044038489284487,False,0.6705783899876883,False
dapagliflozin,Rash,4,1550,141,50997,1.0458704964039403,False,1.0460036258678667,False,-0.08598679979330728,False
dapagliflozin,Rectal haemorrhage,1,1553,25,51113,1.9345186306033666,False,1.9354209659402866,False,0.24377860421921296,False
dapagliflozin,Refraction disorder,1,1553,0,51138,98.6604501607717,False,98.7547473447055,False,1.5022813189649413,False
dapagliflozin,Renal cancer,1,1553,9,51129,5.192655271619563,False,5.196703538698694,False,0.9160783237211929,False
dapagliflozin,Renal cyst,2,1552,3,51135,23.49058337161231,False,23.526800092017485,False,1.9490635303363764,False
dapagliflozin,Renal failure,4,1550,399,50739,0.37043973777511274,False,0.3686125715835539,False,-1.4606358259728178,False
dapagliflozin,Renal impairment,9,1545,212,50926,1.4702341592585588,False,1.4731246312824708,False,0.43691616191415494,True
dapagliflozin,Renal injury,3,1551,18,51120,6.221830190318936,True,6.233610019945824,True,1.6447130399562024,True
dapagliflozin,Renal tubular necrosis,1,1553,103,51035,0.47662053217764105,False,0.4761151770429558,False,-1.2498226777237251,False
dapagliflozin,Respiratory acidosis,1,1553,27,51111,1.7938263665594854,False,1.794592854843901,False,0.17812110134109332,False
dapagliflozin,Respiratory alkalosis,2,1552,11,51127,7.149307982664617,False,7.15921024994749,False,1.5007928534824935,False
dapagliflozin,Respiratory disorder,1,1553,12,51126,3.946418006430868,False,3.9492629546186033,False,0.7638272593162873,False
dapagliflozin,Respiratory failure,1,1553,119,51019,0.41280523079820797,False,0.41223825805678366,False,-1.4290560630705522,False
dapagliflozin,Restlessness,1,1553,21,51117,2.2944290735063184,False,2.2956789245589477,False,0.38480075559995847,False
dapagliflozin,Rhabdomyolysis,1,1553,92,51046,0.5332997305987659,False,0.5328491027235797,False,-1.1122638895945676,False
dapagliflozin,Rheumatoid arthritis,1,1553,27,51111,1.7938263665594854,False,1.794592854843901,False,0.17812110134109332,False
dapagliflozin,Right ventricular failure,1,1553,6,51132,7.589265396982439,False,7.5956277388527145,False,1.0863133488116068,False
dapagliflozin,SARS-CoV-2 test positive,1,1553,5,51133,8.969131832797427,False,8.976826520759575,False,1.1478352252146795,False
dapagliflozin,Schizophrenia,1,1553,13,51125,3.6540907466952484,False,3.656653434896113,False,0.7164495609514028,False
dapagliflozin,Scrotal abscess,1,1553,1,51137,32.88681672025723,False,32.91760540714515,False,1.4240828684816493,False
dapagliflozin,Scrotal pain,1,1553,4,51134,10.962272240085746,False,10.971891427958374,False,1.2120979361701703,False
dapagliflozin,Seizure,3,1551,76,51062,1.5046256015803963,False,1.5057639770915348,False,0.30661440224247755,True
dapagliflozin,Sepsis,7,1547,68,51070,3.6007463562325444,True,3.613350942773251,True,1.467580908497024,True
dapagliflozin,Septic shock,8,1546,87,51051,3.194719338539274,True,3.2067821347743752,True,1.364230386731532,True
dapagliflozin,Shock,5,1549,281,50857,0.6425488169144399,False,0.6412800324633455,False,-0.6999962125226759,False
dapagliflozin,Skin discolouration,1,1553,32,51106,1.5178530793964877,False,1.5183530984625289,False,0.0259693224335917,False
dapagliflozin,Skin exfoliation,1,1553,21,51117,2.2944290735063184,False,2.2956789245589477,False,0.38480075559995847,False
dapagliflozin,Skin hypertrophy,1,1553,0,51138,98.6604501607717,False,98.7547473447055,False,1.5022813189649413,False
dapagliflozin,Skin lesion,1,1553,13,51125,3.6540907466952484,False,3.656653434896113,False,0.7164495609514028,False
dapagliflozin,Skin necrosis,2,1552,1,51137,54.81136120042872,False,54.89801395598497,False,2.086871559319979,False
dapagliflozin,Skin ulcer,3,1551,16,51122,6.97599142550911,True,6.989472553442905,True,1.722813398275862,True
dapagliflozin,Sleep disorder,1,1553,54,51084,0.9051417445942358,False,0.9050501531020513,False,-0.5005082952607599,False
dapagliflozin,Soft tissue inflammation,1,1553,0,51138,98.6604501607717,False,98.7547473447055,False,1.5022813189649413,False
dapagliflozin,Somnolence,3,1551,109,51029,1.0511767901452085,False,1.0512922389144692,False,-0.11982854595569269,False
dapagliflozin,Spinal column injury,1,1553,1,51137,32.88681672025723,False,32.91760540714515,False,1.4240828684816493,False
dapagliflozin,Spinal pain,1,1553,6,51132,7.589265396982439,False,7.5956277388527145,False,1.0863133488116068,False
dapagliflozin,Stress,2,1552,49,51089,1.660950339406931,False,1.6620146716765074,False,0.3189741056018817,False
dapagliflozin,Subarachnoid haemorrhage,1,1553,11,51127,4.28958478959877,False,4.2927610864667445,False,0.8128138117409732,False
dapagliflozin,Subcutaneous abscess,1,1553,5,51133,8.969131832797427,False,8.976826520759575,False,1.1478352252146795,False
dapagliflozin,Suicide attempt,2,1552,222,50916,0.3695147946096318,False,0.3684995205268776,False,-1.507158326335983,False
dapagliflozin,Suprapubic pain,1,1553,0,51138,98.6604501607717,False,98.7547473447055,False,1.5022813189649413,False
dapagliflozin,Suspected COVID-19,1,1553,0,51138,98.6604501607717,False,98.7547473447055,False,1.5022813189649413,False
dapagliflozin,Suspected counterfeit product,1,1553,3,51135,14.094350022967387,False,14.106993424985056,False,1.2793571265053005,False
dapagliflozin,Swollen tongue,1,1553,19,51119,2.5297551323274794,False,2.5312322051942266,False,0.4608423665171286,False
dapagliflozin,Syncope,5,1549,68,51070,2.640547327903866,True,2.6463705033175287,True,1.051846945134205,True
dapagliflozin,Tachycardia,2,1552,113,51025,0.7243792229131549,False,0.723935389133627,False,-0.6384340176736502,False
dapagliflozin,Tachycardia induced cardiomyopathy,2,1552,0,51138,164.43408360128618,False,164.69726247987117,False,2.1610484626478557,False
dapagliflozin,Tachypnoea,1,1553,53,51085,0.9220602818763711,False,0.9219850262747068,False,-0.48031732913729225,False
dapagliflozin,Tension,1,1553,0,51138,98.6604501607717,False,98.7547473447055,False,1.5022813189649413,False
dapagliflozin,Testicular pain,1,1553,1,51137,32.88681672025723,False,32.91760540714515,False,1.4240828684816493,False
dapagliflozin,Therapeutic product effect decreased,1,1553,36,51102,1.351513015900982,False,1.3518524233833455,False,-0.08516110508432473,False
dapagliflozin,Therapy cessation,1,1553,20,51118,2.4063524429456513,False,2.407710362909873,False,0.4223206186197545,False
dapagliflozin,Therapy change,1,1553,4,51134,10.962272240085746,False,10.971891427958374,False,1.2120979361701703,False
dapagliflozin,Thirst,4,1550,53,51085,2.7661808456291133,True,2.771306813900852,True,1.0449007341143404,True
dapagliflozin,Thrombosis,1,1553,27,51111,1.7938263665594854,False,1.794592854843901,False,0.17812110134109332,False
dapagliflozin,Toe amputation,3,1551,11,51127,10.009031175730462,True,10.029354481637686,True,1.9388419822878507,True
dapagliflozin,Toothache,1,1553,29,51109,1.6722110196740967,False,1.6728600808453302,False,0.11532207371059862,False
dapagliflozin,Toxic skin eruption,1,1553,24,51114,2.0134785747096267,False,2.0144571507392786,False,0.2777629881763738,False
dapagliflozin,Toxicity to various agents,1,1553,1114,50024,0.04426220285364365,False,0.0433393791035828,False,-4.476111160863816,False
dapagliflozin,Transaminases increased,2,1552,13,51125,6.0901512444920805,False,6.09834794536888,False,1.4075439841538941,False
dapagliflozin,Tremor,1,1553,77,51061,0.6365190332953012,False,0.6361680700187922,False,-0.9006637938683291,False
dapagliflozin,Tricuspid valve incompetence,2,1552,16,51122,4.982851018220793,False,4.989264626945786,False,1.2780816749549808,False
dapagliflozin,Type 2 diabetes mellitus,2,1552,74,51064,1.103584453699907,False,1.10375125636287,False,-0.13298626360428012,False
dapagliflozin,Type V hyperlipidaemia,1,1553,1,51137,32.88681672025723,False,32.91760540714515,False,1.4240828684816493,False
dapagliflozin,Ulcerative gastritis,1,1553,1,51137,32.88681672025723,False,32.91760540714515,False,1.4240828684816493,False
dapagliflozin,Upper limb fracture,1,1553,4,51134,10.962272240085746,False,10.971891427958374,False,1.2120979361701703,False
dapagliflozin,Urinary incontinence,3,1551,28,51110,4.0387318779263275,True,4.045586896664801,True,1.3073111880763018,True
dapagliflozin,Urinary retention,5,1549,33,51105,5.399328118251188,True,5.414943674656726,True,1.7628132762545232,True
dapagliflozin,Urinary tract infection,18,1536,188,50950,3.227618617107474,True,3.2544399281497705,True,1.492378772746509,True
dapagliflozin,Urine abnormality,2,1552,5,51133,14.948553054662378,False,14.971014492753623,False,1.823278942977813,False
dapagliflozin,Urine flow decreased,1,1553,1,51137,32.88681672025723,False,32.91760540714515,False,1.4240828684816493,False
dapagliflozin,Urine ketone body,1,1553,1,51137,32.88681672025723,False,32.91760540714515,False,1.4240828684816493,False
dapagliflozin,Urine ketone body present,7,1547,18,51120,13.33249326496915,True,13.392263022311488,True,2.599691083063736,True
dapagliflozin,Urine output decreased,4,1550,24,51114,6.04043572412888,True,6.055064528229867,True,1.7630836020622496,True
dapagliflozin,Urine output increased,1,1553,9,51129,5.192655271619563,False,5.196703538698694,False,0.9160783237211929,False
dapagliflozin,Urosepsis,3,1551,33,51105,3.4359360752507557,True,3.4414312581469066,True,1.164221739448506,True
dapagliflozin,Urticaria,1,1553,103,51035,0.47662053217764105,False,0.4761151770429558,False,-1.2498226777237251,False
dapagliflozin,Vaginal infection,1,1553,3,51135,14.094350022967387,False,14.106993424985056,False,1.2793571265053005,False
dapagliflozin,Vascular insufficiency,1,1553,0,51138,98.6604501607717,False,98.7547473447055,False,1.5022813189649413,False
dapagliflozin,Vascular stent thrombosis,1,1553,0,51138,98.6604501607717,False,98.7547473447055,False,1.5022813189649413,False
dapagliflozin,Vasculitis,1,1553,12,51126,3.946418006430868,False,3.9492629546186033,False,0.7638272593162873,False
dapagliflozin,Ventricular arrhythmia,1,1553,24,51114,2.0134785747096267,False,2.0144571507392786,False,0.2777629881763738,False
dapagliflozin,Ventricular fibrillation,2,1552,8,51130,9.672593153016834,False,9.686558681443591,False,1.653043917887399,False
dapagliflozin,Ventricular hypertrophy,1,1553,0,51138,98.6604501607717,False,98.7547473447055,False,1.5022813189649413,False
dapagliflozin,Ventricular tachycardia,1,1553,26,51112,1.8615179275617302,False,1.862349776220464,False,0.21057637332121512,False
dapagliflozin,Vertigo,1,1553,34,51104,1.429861596532923,False,1.430276654398903,False,-0.030665670407446548,False
dapagliflozin,Vision blurred,4,1550,71,51067,2.069799653722483,True,2.072904522114454,True,0.7306153143308177,True
dapagliflozin,Visual impairment,2,1552,83,51055,0.9846352311454262,False,0.9846104891665943,False,-0.26631624310179847,False
dapagliflozin,Vomiting,22,1532,601,50537,1.2301801765682256,False,1.233559657137743,False,0.2535549788715264,True
dapagliflozin,Vulvovaginal discomfort,1,1553,2,51136,19.732090032154343,False,19.750177019633085,False,1.3499059651537728,False
dapagliflozin,Vulvovaginal mycotic infection,1,1553,1,51137,32.88681672025723,False,32.91760540714515,False,1.4240828684816493,False
dapagliflozin,Vulvovaginal pruritus,5,1549,1,51137,120.5849946409432,True,121.00946541895235,True,3.0223043431308203,True
dapagliflozin,Vulvovaginal swelling,1,1553,0,51138,98.6604501607717,False,98.7547473447055,False,1.5022813189649413,False
dapagliflozin,Vulvovaginitis,1,1553,0,51138,98.6604501607717,False,98.7547473447055,False,1.5022813189649413,False
dapagliflozin,Weight decreased,21,1533,296,50842,2.384710150035516,True,2.404124084320331,True,1.1262861363329864,True
dapagliflozin,Weight increased,4,1550,175,50963,0.8432517107758265,False,0.8427967818487005,False,-0.3609182351351247,False
dapagliflozin,White blood cell count increased,1,1553,10,51128,4.698116674322462,False,4.701687433905007,False,0.8635223378771298,False
dapagliflozin,White blood cells urine positive,1,1553,2,51136,19.732090032154343,False,19.750177019633085,False,1.3499059651537728,False
dapagliflozin,Wound,1,1553,16,51122,2.989710610932476,False,2.99163179916318,False,0.5829925026350505,False
dapagliflozin,Wound infection,1,1553,1,51137,32.88681672025723,False,32.91760540714515,False,1.4240828684816493,False
dapagliflozin,Wrong product administered,1,1553,9,51129,5.192655271619563,False,5.196703538698694,False,0.9160783237211929,False
dapagliflozin,Wrong technique in product usage process,1,1553,39,51099,1.2488664577312873,False,1.2491067536351155,False,-0.16322882069407355,False
empagliflozin,Abdominal discomfort,1,1125,221,51345,0.30985997304015334,False,0.3089401951277235,False,-1.8057111996046564,False
empagliflozin,Abdominal distension,1,1125,91,51475,0.7500981861026662,False,0.7497651317083118,False,-0.7172050584369908,False
empagliflozin,Abdominal pain,8,1118,296,51270,1.3117231348877991,False,1.3140920634944566,False,0.28086692969150034,True
empagliflozin,Abdominal pain upper,1,1125,206,51360,0.3323679613965809,False,0.3314781808031512,False,-1.7147158515806635,False
empagliflozin,Abscess,1,1125,9,51557,7.224629897725681,False,7.232925717225093,False,1.07158358018918,False
empagliflozin,Acid base balance abnormal,1,1125,0,51566,137.2679680567879,False,137.44957796534874,False,1.5245844965667195,False
empagliflozin,Acidosis,4,1122,81,51485,2.5264043200635813,True,2.5325235356005846,True,0.95803763032911,True
empagliflozin,Acquired phimosis,2,1124,4,51562,25.419994084590357,False,25.47428486734845,False,1.99259364888081,False
empagliflozin,Acute abdomen,1,1125,1,51565,45.755989352262645,False,45.81563749444691,False,1.4666321853085456,False
empagliflozin,Acute kidney injury,33,1093,1804,49762,0.8494461863678572,False,0.8448338838926157,False,-0.24700107853207165,False
empagliflozin,Adrenal gland cancer metastatic,1,1125,0,51566,137.2679680567879,False,137.44957796534874,False,1.5245844965667195,False
empagliflozin,Adverse drug reaction,1,1125,147,51419,0.46531514595521334,False,0.46460254952601104,False,-1.2879376500411064,False
empagliflozin,Agitation,1,1125,70,51496,0.9735316883460137,False,0.9734964129417658,False,-0.427414671295298,False
empagliflozin,Alanine aminotransferase increased,1,1125,33,51533,2.048775642638626,False,2.0501733889415648,False,0.29034244940355236,False
empagliflozin,Albumin urine present,1,1125,1,51565,45.755989352262645,False,45.81563749444691,False,1.4666321853085456,False
empagliflozin,Alpha hydroxybutyrate dehydrogenase increased,1,1125,0,51566,137.2679680567879,False,137.44957796534874,False,1.5245844965667195,False
empagliflozin,Altered state of consciousness,1,1125,43,51523,1.5777927362849187,False,1.578562784356378,False,0.05863664629940539,False
empagliflozin,Amputation,2,1124,2,51564,45.755989352262645,False,45.85549132947977,False,2.0942415458109176,False
empagliflozin,Anaemia,3,1123,105,51461,1.517971210738571,False,1.5195848282175075,False,0.3178620665287132,True
empagliflozin,Anal abscess,3,1123,2,51564,64.0583850931677,True,64.25482866043613,True,2.527949384484855,True
empagliflozin,Angina pectoris,2,1124,65,51501,1.7464118073382688,False,1.7480712377681005,False,0.3720164511925435,False
empagliflozin,Angioedema,4,1122,25,51541,8.074586356281642,True,8.102947726974977,True,2.006793987266082,True
empagliflozin,Anion gap abnormal,1,1125,0,51566,137.2679680567879,False,137.44957796534874,False,1.5245844965667195,False
empagliflozin,Anion gap increased,5,1121,31,51535,7.989140998014113,True,8.0234167675095,True,2.1153975693675298,True
empagliflozin,Anuria,1,1125,90,51476,0.758386563849657,False,0.7580645557161826,False,-0.7046486536408704,False
empagliflozin,Anxiety,1,1125,95,51471,0.7186804610303034,False,0.7183055349454925,False,-0.7663655637554877,False
empagliflozin,Arm amputation,1,1125,0,51566,137.2679680567879,False,137.44957796534874,False,1.5245844965667195,False
empagliflozin,Arrhythmic storm,1,1125,0,51566,137.2679680567879,False,137.44957796534874,False,1.5245844965667195,False
empagliflozin,Arterial occlusive disease,1,1125,2,51564,27.453593611357586,False,27.48884940026655,False,1.4109181666013346,False
empagliflozin,Arthralgia,2,1124,216,51350,0.5283601541831714,False,0.5273115996126583,False,-1.0450358248961407,False
empagliflozin,Ascites,2,1124,13,51553,8.47333136153012,False,8.489946148905686,False,1.6072789775871137,False
empagliflozin,Aspartate aminotransferase increased,1,1125,31,51535,2.1788566358220307,False,2.180427746398426,False,0.3415091440998665,False
empagliflozin,Asthenia,8,1118,302,51264,1.285705485931347,False,1.2878766943626536,False,0.25466697815181344,True
empagliflozin,Atrial fibrillation,4,1122,75,51491,2.7271781733136673,True,2.7341022728948805,True,1.0401883338635134,True
empagliflozin,Back pain,2,1124,114,51452,0.9990390688266954,False,0.9990369324745981,False,-0.2528313892187568,False
empagliflozin,Bacteraemia,1,1125,7,51559,9.15119787045253,False,9.162061306086184,False,1.1606729882564628,False
empagliflozin,Balanitis candida,1,1125,1,51565,45.755989352262645,False,45.81563749444691,False,1.4666321853085456,False
empagliflozin,Balanoposthitis,3,1123,6,51560,24.637840420449116,True,24.71147855260005,True,2.3378331328531976,True
empagliflozin,Bandaemia,1,1125,0,51566,137.2679680567879,False,137.44957796534874,False,1.5245844965667195,False
empagliflozin,Biliary colic,1,1125,2,51564,27.453593611357586,False,27.48884940026655,False,1.4109181666013346,False
empagliflozin,Bladder discomfort,1,1125,0,51566,137.2679680567879,False,137.44957796534874,False,1.5245844965667195,False
empagliflozin,Bladder neoplasm,1,1125,4,51562,15.251996450754215,False,15.270990670812973,False,1.3055569631484067,False
empagliflozin,Blood bicarbonate increased,1,1125,1,51565,45.755989352262645,False,45.81563749444691,False,1.4666321853085456,False
empagliflozin,Blood bilirubin increased,1,1125,8,51558,8.074586356281642,False,8.084014947604986,False,1.1154407115167497,False
empagliflozin,Blood creatine increased,1,1125,24,51542,2.8013871031997537,False,2.8037878856562615,False,0.5363961008903113,False
empagliflozin,Blood creatine phosphokinase increased,1,1125,34,51532,1.9893908414027235,False,1.9907094431460415,False,0.2654238998416733,False
empagliflozin,Blood creatinine increased,14,1112,149,51417,4.437871876975306,True,4.482680094697681,True,1.8640446500897858,True
empagliflozin,Blood culture positive,1,1125,0,51566,137.2679680567879,False,137.44957796534874,False,1.5245844965667195,False
empagliflozin,Blood glucose abnormal,2,1124,80,51486,1.4209934581448025,False,1.4219294151437907,False,0.15053142092552318,False
empagliflozin,Blood glucose fluctuation,1,1125,64,51502,1.064092775634015,False,1.0641781947041624,False,-0.33267197034638557,False
empagliflozin,Blood glucose increased,7,1119,429,51137,0.7989986499230962,False,0.7976520575822506,False,-0.388404549550782,False
empagliflozin,Blood ketone body increased,1,1125,11,51555,5.96817252420817,False,5.974793811446121,False,0.9876771207689843,False
empagliflozin,Blood potassium decreased,1,1125,17,51549,3.9219419444796553,False,3.9258361363203655,False,0.7617831235392885,False
empagliflozin,Blood pressure increased,1,1125,138,51428,0.495552231251942,False,0.49487993302615607,False,-1.2101211788568969,False
empagliflozin,Blood urea decreased,1,1125,0,51566,137.2679680567879,False,137.44957796534874,False,1.5245844965667195,False
empagliflozin,Blood urea increased,12,1114,12,51554,45.755989352262645,True,46.25796321220278,True,3.625411118746744,True
empagliflozin,Blood urine,1,1125,0,51566,137.2679680567879,False,137.44957796534874,False,1.5245844965667195,False
empagliflozin,Blood urine present,1,1125,20,51546,3.3479992208972664,False,3.351128495736312,False,0.6608491958070507,False
empagliflozin,Breast cancer female,1,1125,3,51563,19.609709722398275,False,19.63451164561782,False,1.3572759516447113,False
empagliflozin,Burning sensation,1,1125,24,51542,2.8013871031997537,False,2.8037878856562615,False,0.5363961008903113,False
empagliflozin,COVID-19,5,1121,51,51515,4.886561969659118,True,4.90562223790087,True,1.6967084528311225,True
empagliflozin,COVID-19 pneumonia,1,1125,4,51562,15.251996450754215,False,15.270990670812973,False,1.3055569631484067,False
empagliflozin,Candida infection,5,1121,9,51557,26.490309624994165,True,26.615317830912545,True,2.7828526834285383,True
empagliflozin,Cardiac failure,22,1104,103,51463,9.946954207013619,True,10.129214478319916,True,2.826831743645077,True
empagliflozin,Cardiac failure acute,1,1125,16,51550,4.159635395660239,False,4.163846371309721,False,0.7970604368913263,False
empagliflozin,Cardiac failure chronic,1,1125,23,51543,2.9205950650380412,False,2.9231547208332938,False,0.5665174296931758,False
empagliflozin,Cardiac failure congestive,2,1124,20,51546,5.579998701495444,False,5.590181001854483,False,1.3656806434728221,False
empagliflozin,Cardiac tamponade,1,1125,13,51553,5.083998816918071,False,5.089441729601658,False,0.9083835655123974,False
empagliflozin,Cardiac ventricular thrombosis,1,1125,0,51566,137.2679680567879,False,137.44957796534874,False,1.5245844965667195,False
empagliflozin,Cardiogenic shock,1,1125,81,51485,0.8421347733545271,False,0.8419243798938713,False,-0.586434173240683,False
empagliflozin,Carotid artery stenosis,1,1125,4,51562,15.251996450754215,False,15.270990670812973,False,1.3055569631484067,False
empagliflozin,Cellulitis,2,1124,20,51546,5.579998701495444,False,5.590181001854483,False,1.3656806434728221,False
empagliflozin,Cellulitis of male external genital organ,1,1125,0,51566,137.2679680567879,False,137.44957796534874,False,1.5245844965667195,False
empagliflozin,Cerebral haematoma,1,1125,2,51564,27.453593611357586,False,27.48884940026655,False,1.4109181666013346,False
empagliflozin,Cerebral infarction,2,1124,13,51553,8.47333136153012,False,8.489946148905686,False,1.6072789775871137,False
empagliflozin,Cervical vertebral fracture,1,1125,0,51566,137.2679680567879,False,137.44957796534874,False,1.5245844965667195,False
empagliflozin,Chest pain,4,1122,84,51482,2.43670949213233,True,2.4424691292945533,True,0.9186523903970641,True
empagliflozin,Chills,4,1122,49,51517,4.15963539566024,True,4.172302085442397,True,1.462769725524323,True
empagliflozin,Cholangitis acute,1,1125,1,51565,45.755989352262645,False,45.81563749444691,False,1.4666321853085456,False
empagliflozin,Cholelithiasis,2,1124,31,51535,3.631427726370051,False,3.637277943636325,False,1.0526645677352269,False
empagliflozin,Chromaturia,2,1124,18,51548,6.183241804359817,False,6.194765241008016,False,1.4306810197425228,False
empagliflozin,Chronic kidney disease,2,1124,51,51515,2.221164531663235,False,2.2238794372471906,False,0.6147728189693733,False
empagliflozin,Chronic left ventricular failure,1,1125,0,51566,137.2679680567879,False,137.44957796534874,False,1.5245844965667195,False
empagliflozin,Clostridium difficile colitis,1,1125,0,51566,137.2679680567879,False,137.44957796534874,False,1.5245844965667195,False
empagliflozin,Colitis,1,1125,39,51527,1.7375692159087077,False,1.7385522046460364,False,0.14690527588269042,False
empagliflozin,Colitis ischaemic,1,1125,3,51563,19.609709722398275,False,19.63451164561782,False,1.3572759516447113,False
empagliflozin,Colon cancer,1,1125,12,51554,5.490718722271517,False,5.496703687250111,False,0.9474856441142901,False
empagliflozin,Complicated appendicitis,1,1125,0,51566,137.2679680567879,False,137.44957796534874,False,1.5245844965667195,False
empagliflozin,Condition aggravated,1,1125,235,51331,0.2914394226258767,False,0.29049509489059355,False,-1.8857551064859426,False
empagliflozin,Confusional state,3,1123,198,51368,0.8067806686796939,False,0.8061787392986338,False,-0.4542550325510958,False
empagliflozin,Constipation,3,1123,133,51433,1.1995952264638146,False,1.200217018446568,False,0.039171602043368656,True
empagliflozin,Coronary artery disease,1,1125,39,51527,1.7375692159087077,False,1.7385522046460364,False,0.14690527588269042,False
empagliflozin,Coronary artery stenosis,2,1124,9,51557,12.041049829542802,False,12.065596405419953,False,1.765986035611651,False
empagliflozin,Cough,3,1123,143,51423,1.1159997402990887,False,1.1163611102065627,False,-0.04861178210843904,False
empagliflozin,Culture urine positive,2,1124,1,51565,76.25998225377107,False,76.42730102267674,False,2.1478837607675407,False
empagliflozin,Cystitis,1,1125,34,51532,1.9893908414027235,False,1.9907094431460415,False,0.2654238998416733,False
empagliflozin,Dacryostenosis acquired,1,1125,0,51566,137.2679680567879,False,137.44957796534874,False,1.5245844965667195,False
empagliflozin,Death,1,1125,201,51365,0.3406153053518311,False,0.33973651633186464,False,-1.683062354246935,False
empagliflozin,Decreased appetite,2,1124,197,51369,0.579189738636236,False,0.5782541889222214,False,-0.9267658486039396,False
empagliflozin,Decubitus ulcer,1,1125,4,51562,15.251996450754215,False,15.270990670812973,False,1.3055569631484067,False
empagliflozin,Defaecation urgency,1,1125,3,51563,19.609709722398275,False,19.63451164561782,False,1.3572759516447113,False
empagliflozin,Dehydration,11,1115,312,51254,1.6838204081632653,False,1.6908701030927835,False,0.6355809210796146,True
empagliflozin,Delirium,1,1125,25,51541,2.6915287854272143,False,2.6937831551989966,False,0.5068908204231508,False
empagliflozin,Dementia,1,1125,6,51560,10.559074465906765,False,10.57181423640775,False,1.207369445323107,False
empagliflozin,Depression,1,1125,70,51496,0.9735316883460137,False,0.9734964129417658,False,-0.427414671295298,False
empagliflozin,Dermatitis,1,1125,10,51556,6.536569907466093,False,6.543948721203274,False,1.029020441445445,False
empagliflozin,Device related infection,1,1125,0,51566,137.2679680567879,False,137.44957796534874,False,1.5245844965667195,False
empagliflozin,Diabetes mellitus,2,1124,180,51386,0.633739464712779,False,0.6329251905124962,False,-0.8120440978313683,False
empagliflozin,Diabetes mellitus inadequate control,2,1124,280,51286,0.40780739173139613,False,0.4064908230158145,False,-1.3843128804046145,False
empagliflozin,Diabetes with hyperosmolarity,1,1125,0,51566,137.2679680567879,False,137.44957796534874,False,1.5245844965667195,False
empagliflozin,Diabetic complication,1,1125,2,51564,27.453593611357586,False,27.48884940026655,False,1.4109181666013346,False
empagliflozin,Diabetic foot,1,1125,12,51554,5.490718722271517,False,5.496703687250111,False,0.9474856441142901,False
empagliflozin,Diabetic ketoacidosis,44,1082,364,51202,5.586122156860597,True,5.77465096608027,True,2.2711634004711345,True
empagliflozin,Diabetic ketosis,4,1122,13,51553,15.251996450754213,True,15.30913140311804,True,2.3820229376124824,True
empagliflozin,Diabetic metabolic decompensation,1,1125,70,51496,0.9735316883460137,False,0.9734964129417658,False,-0.427414671295298,False
empagliflozin,Diabetic nephropathy,2,1124,11,51555,9.946954207013619,False,9.96684516790071,False,1.6844512382804964,False
empagliflozin,Diabetic neuropathy,1,1125,34,51532,1.9893908414027235,False,1.9907094431460415,False,0.2654238998416733,False
empagliflozin,Diabetic retinopathy,1,1125,20,51546,3.3479992208972664,False,3.351128495736312,False,0.6608491958070507,False
empagliflozin,Diarrhoea,19,1107,1076,50490,0.8288358498551989,False,0.8258221244124687,False,-0.2935103743778469,False
empagliflozin,Diarrhoea haemorrhagic,1,1125,7,51559,9.15119787045253,False,9.162061306086184,False,1.1606729882564628,False
empagliflozin,Disorientation,1,1125,34,51532,1.9893908414027235,False,1.9907094431460415,False,0.2654238998416733,False
empagliflozin,Diverticulitis,1,1125,14,51552,4.733378208854757,False,4.73835383507713,False,0.8703133834209075,False
empagliflozin,Dizziness,17,1109,318,51248,2.51406534902542,True,2.5379465059501114,True,1.192169977411659,True
empagliflozin,Drug intolerance,1,1125,137,51429,0.4991562474792289,False,0.4984887524736481,False,-1.2012100076317977,False
empagliflozin,Dry mouth,5,1121,37,51529,6.7108784383318545,True,6.738885421310744,True,1.9765651151546362,True
empagliflozin,Duodenal neoplasm,1,1125,0,51566,137.2679680567879,False,137.44957796534874,False,1.5245844965667195,False
empagliflozin,Dyslipidaemia,1,1125,13,51553,5.083998816918071,False,5.089441729601658,False,0.9083835655123974,False
empagliflozin,Dyspnoea,5,1121,373,51193,0.67378297573613,False,0.6721831597455359,False,-0.6411523193225146,False
empagliflozin,Dysuria,9,1117,33,51533,12.97557907004463,True,13.077384887642324,True,2.7650610099609243,True
empagliflozin,Eczema asteatotic,1,1125,0,51566,137.2679680567879,False,137.44957796534874,False,1.5245844965667195,False
empagliflozin,Emphysema,1,1125,12,51554,5.490718722271517,False,5.496703687250111,False,0.9474856441142901,False
empagliflozin,Endocarditis,1,1125,2,51564,27.453593611357586,False,27.48884940026655,False,1.4109181666013346,False
empagliflozin,Endophthalmitis,1,1125,0,51566,137.2679680567879,False,137.44957796534874,False,1.5245844965667195,False
empagliflozin,Epididymitis,4,1122,1,51565,137.2679680567879,True,137.81425389755012,True,2.890519463869563,True
empagliflozin,Erythema,1,1125,61,51505,1.1159997402990889,False,1.1161543379094385,False,-0.28286044858118803,False
empagliflozin,Erythema multiforme,1,1125,9,51557,7.224629897725681,False,7.232925717225093,False,1.07158358018918,False
empagliflozin,Escherichia infection,3,1123,3,51563,45.75598935226264,True,45.89541611036938,True,2.478020476051052,True
empagliflozin,Euglycaemic diabetic ketoacidosis,36,1090,307,51259,5.431198736122233,True,5.579514879055256,True,2.2208624659734304,True
empagliflozin,Expired product administered,1,1125,5,51561,12.478906186980721,False,12.494204595937159,False,1.255628054714604,False
empagliflozin,Exposure to SARS-CoV-2,1,1125,1,51565,45.755989352262645,False,45.81563749444691,False,1.4666321853085456,False
empagliflozin,Eye swelling,1,1125,5,51561,12.478906186980721,False,12.494204595937159,False,1.255628054714604,False
empagliflozin,Fall,4,1122,192,51374,1.0696205303126332,False,1.0698996326613253,False,-0.059175490667901814,False
empagliflozin,Fatigue,5,1121,436,51130,0.5765359483102969,False,0.5744592186765086,False,-0.8514807140766047,False
empagliflozin,Feeling jittery,1,1125,3,51563,19.609709722398275,False,19.63451164561782,False,1.3572759516447113,False
empagliflozin,Flank pain,1,1125,9,51557,7.224629897725681,False,7.232925717225093,False,1.07158358018918,False
empagliflozin,Fluid overload,2,1124,5,51561,20.798176978301203,False,20.842192489591334,False,1.9443350394893133,False
empagliflozin,Fournier's gangrene,18,1108,30,51536,27.75363288579865,True,28.200130141899038,True,3.599949472349522,True
empagliflozin,Fungal infection,10,1116,20,51546,23.435994546280867,True,23.646991360195734,True,3.201912379465954,True
empagliflozin,Fungal sepsis,1,1125,0,51566,137.2679680567879,False,137.44957796534874,False,1.5245844965667195,False
empagliflozin,Fungal skin infection,1,1125,0,51566,137.2679680567879,False,137.44957796534874,False,1.5245844965667195,False
empagliflozin,Gangrene,1,1125,6,51560,10.559074465906765,False,10.57181423640775,False,1.207369445323107,False
empagliflozin,Gastric ulcer,1,1125,19,51547,3.519691488635588,False,3.523049584799918,False,0.6937154255763166,False
empagliflozin,Gastroenteritis,1,1125,44,51522,1.5423367197391902,False,1.5430595141235606,False,0.03738824556589013,False
empagliflozin,Gastrointestinal haemorrhage,1,1125,17,51549,3.9219419444796553,False,3.9258361363203655,False,0.7617831235392885,False
empagliflozin,Gastrointestinal pain,1,1125,13,51553,5.083998816918071,False,5.089441729601658,False,0.9083835655123974,False
empagliflozin,General physical health deterioration,1,1125,148,51418,0.46218171062891555,False,0.4614649381419706,False,-1.2963304190827065,False
empagliflozin,Genital discomfort,2,1124,1,51565,76.25998225377107,False,76.42730102267674,False,2.1478837607675407,False
empagliflozin,Genital infection fungal,5,1121,2,51564,100.66317657497783,True,101.15193936691931,True,3.081838563239248,True
empagliflozin,Genital pain,3,1123,2,51564,64.0583850931677,True,64.25482866043613,True,2.527949384484855,True
empagliflozin,Genital rash,7,1119,0,51566,686.3398402839397,True,690.9312192943278,True,3.5292975402104694,True
empagliflozin,Genital swelling,1,1125,3,51563,19.609709722398275,False,19.63451164561782,False,1.3572759516447113,False
empagliflozin,Genitourinary tract infection,2,1124,1,51565,76.25998225377107,False,76.42730102267674,False,2.1478837607675407,False
empagliflozin,Glomerular filtration rate abnormal,1,1125,7,51559,9.15119787045253,False,9.162061306086184,False,1.1606729882564628,False
empagliflozin,Glomerular filtration rate decreased,1,1125,36,51530,1.8803831240655882,False,1.8815564467542585,False,0.2168419758113533,False
empagliflozin,Glucose urine,1,1125,1,51565,45.755989352262645,False,45.81563749444691,False,1.4666321853085456,False
empagliflozin,Glucose urine present,1,1125,5,51561,12.478906186980721,False,12.494204595937159,False,1.255628054714604,False
empagliflozin,Glycosuria,1,1125,4,51562,15.251996450754215,False,15.270990670812973,False,1.3055569631484067,False
empagliflozin,Glycosylated haemoglobin increased,7,1119,155,51411,2.2068805153824425,True,2.2149659141009495,True,0.9207149555803691,True
empagliflozin,Goitre,1,1125,2,51564,27.453593611357586,False,27.48884940026655,False,1.4109181666013346,False
empagliflozin,Groin infection,2,1124,0,51566,228.7799467613132,False,229.2863494886616,False,2.2035977794747517,False
empagliflozin,Groin pain,2,1124,2,51564,45.755989352262645,False,45.85549132947977,False,2.0942415458109176,False
empagliflozin,Haematuria,4,1122,42,51524,4.844751813768985,True,4.860165072710599,True,1.6014107607882542,True
empagliflozin,Haemodialysis,1,1125,11,51555,5.96817252420817,False,5.974793811446121,False,0.9876771207689843,False
empagliflozin,Haemorrhage,1,1125,54,51512,1.2593391564842928,False,1.2596847884120819,False,-0.15947481806226377,False
empagliflozin,Hallucination,1,1125,16,51550,4.159635395660239,False,4.163846371309721,False,0.7970604368913263,False
empagliflozin,Hepatic cancer,1,1125,7,51559,9.15119787045253,False,9.162061306086184,False,1.1606729882564628,False
empagliflozin,Hepatic cirrhosis,2,1124,15,51551,7.379998282623007,False,7.394182360619056,False,1.5340260310575324,False
empagliflozin,Hepatic encephalopathy,1,1125,19,51547,3.519691488635588,False,3.523049584799918,False,0.6937154255763166,False
empagliflozin,Hepatic function abnormal,1,1125,28,51538,2.40820996590856,False,2.4100867450723653,False,0.4218314865449255,False
empagliflozin,Hepatic steatosis,1,1125,44,51522,1.5423367197391902,False,1.5430595141235606,False,0.03738824556589013,False
empagliflozin,Hepatitis acute,2,1124,17,51549,6.536569907466092,False,6.548878866797942,False,1.4643134687659212,False
empagliflozin,Hepatomegaly,1,1125,13,51553,5.083998816918071,False,5.089441729601658,False,0.9083835655123974,False
empagliflozin,Herpes zoster,1,1125,27,51539,2.495781237396144,False,2.4977747263842334,False,0.449631080637976,False
empagliflozin,Hip fracture,1,1125,14,51552,4.733378208854757,False,4.73835383507713,False,0.8703133834209075,False
empagliflozin,Humerus fracture,1,1125,0,51566,137.2679680567879,False,137.44957796534874,False,1.5245844965667195,False
empagliflozin,Hydrothorax,1,1125,1,51565,45.755989352262645,False,45.81563749444691,False,1.4666321853085456,False
empagliflozin,Hydroureter,1,1125,0,51566,137.2679680567879,False,137.44957796534874,False,1.5245844965667195,False
empagliflozin,Hyperglycaemia,11,1115,280,51286,1.875914001964422,False,1.8849440432217872,False,0.775419537071864,True
empagliflozin,Hyperhidrosis,1,1125,111,51455,0.615551426263623,False,0.6150390558854759,False,-0.9477935094141038,False
empagliflozin,Hyperkalaemia,5,1121,361,51205,0.6961492155945908,False,0.6946590869149387,False,-0.597364350601026,False
empagliflozin,Hyperphosphatasaemia,1,1125,0,51566,137.2679680567879,False,137.44957796534874,False,1.5245844965667195,False
empagliflozin,Hypersensitivity,1,1125,74,51492,0.9212615305824694,False,0.9211565925956845,False,-0.4872874514614512,False
empagliflozin,Hypertension,2,1124,175,51391,0.6517947201177015,False,0.6510205865474874,False,-0.7764900511798325,False
empagliflozin,Hypertensive urgency,1,1125,0,51566,137.2679680567879,False,137.44957796534874,False,1.5245844965667195,False
empagliflozin,Hypertriglyceridaemia,1,1125,9,51557,7.224629897725681,False,7.232925717225093,False,1.07158358018918,False
empagliflozin,Hypoaesthesia,1,1125,88,51478,0.7755252432586889,False,0.7752260765460172,False,-0.6792031587913003,False
empagliflozin,Hypocapnia,1,1125,12,51554,5.490718722271517,False,5.496703687250111,False,0.9474856441142901,False
empagliflozin,Hypoglycaemia,8,1118,872,50694,0.44576035472118336,False,0.44154843072934613,False,-1.1834496507027021,False
empagliflozin,Hyponatraemia,2,1124,84,51482,1.3537274956290724,False,1.3545139062463,False,0.09679248303143292,False
empagliflozin,Hypophagia,2,1124,52,51514,2.1788566358220307,False,2.181477482055517,False,0.5960113708346503,False
empagliflozin,Hypotension,16,1110,393,51173,1.9186120058763243,False,1.9322609010559366,False,0.8364837258041931,True
empagliflozin,Hypovolaemia,4,1122,36,51530,5.641149372196764,True,5.659755316227843,True,1.7318677766038466,True
empagliflozin,Hypoxia,1,1125,23,51543,2.9205950650380412,False,2.9231547208332938,False,0.5665174296931758,False
empagliflozin,Implantable defibrillator insertion,1,1125,0,51566,137.2679680567879,False,137.44957796534874,False,1.5245844965667195,False
empagliflozin,Incarcerated hernia,1,1125,0,51566,137.2679680567879,False,137.44957796534874,False,1.5245844965667195,False
empagliflozin,Incisional hernia,1,1125,0,51566,137.2679680567879,False,137.44957796534874,False,1.5245844965667195,False
empagliflozin,Incorrect dose administered,1,1125,39,51527,1.7375692159087077,False,1.7385522046460364,False,0.14690527588269042,False
empagliflozin,Infarction,1,1125,4,51562,15.251996450754215,False,15.270990670812973,False,1.3055569631484067,False
empagliflozin,Infection,2,1124,40,51526,2.8244437871767065,False,2.8284999094247647,False,0.8390615914047012,False
empagliflozin,Influenza,1,1125,61,51505,1.1159997402990889,False,1.1161543379094385,False,-0.28286044858118803,False
empagliflozin,Intentional self-injury,1,1125,12,51554,5.490718722271517,False,5.496703687250111,False,0.9474856441142901,False
empagliflozin,Iron deficiency anaemia,1,1125,4,51562,15.251996450754215,False,15.270990670812973,False,1.3055569631484067,False
empagliflozin,Jaundice,1,1125,19,51547,3.519691488635588,False,3.523049584799918,False,0.6937154255763166,False
empagliflozin,Ketoacidosis,4,1122,159,51407,1.2909213296876607,False,1.2920876067331792,False,0.17598865640452618,True
empagliflozin,Ketosis,2,1124,30,51536,3.7504909305133314,False,3.7566058503232767,False,1.0784747382660724,False
empagliflozin,Kidney infection,1,1125,9,51557,7.224629897725681,False,7.232925717225093,False,1.07158358018918,False
empagliflozin,Klebsiella infection,1,1125,11,51555,5.96817252420817,False,5.974793811446121,False,0.9876771207689843,False
empagliflozin,Knee operation,1,1125,5,51561,12.478906186980721,False,12.494204595937159,False,1.255628054714604,False
empagliflozin,Labelled drug-drug interaction medication error,1,1125,12,51554,5.490718722271517,False,5.496703687250111,False,0.9474856441142901,False
empagliflozin,Lactic acidosis,1,1125,3088,48478,0.02222243290542139,False,0.020919308648964824,False,-5.470543072972609,False
empagliflozin,Left ventricular failure,1,1125,8,51558,8.074586356281642,False,8.084014947604986,False,1.1154407115167497,False
empagliflozin,Left ventricular hypertrophy,1,1125,6,51560,10.559074465906765,False,10.57181423640775,False,1.207369445323107,False
empagliflozin,Leukocytosis,1,1125,38,51528,1.7827008838543885,False,1.783744021416167,False,0.16984286445912009,False
empagliflozin,Lipids abnormal,1,1125,9,51557,7.224629897725681,False,7.232925717225093,False,1.07158358018918,False
empagliflozin,Liver disorder,1,1125,27,51539,2.495781237396144,False,2.4977747263842334,False,0.449631080637976,False
empagliflozin,Liver function test decreased,1,1125,1,51565,45.755989352262645,False,45.81563749444691,False,1.4666321853085456,False
empagliflozin,Localised infection,1,1125,5,51561,12.478906186980721,False,12.494204595937159,False,1.255628054714604,False
empagliflozin,Loss of consciousness,3,1123,129,51437,1.2366483608719632,False,1.2373855831799756,False,0.07583722418864557,True
empagliflozin,Lung neoplasm,1,1125,5,51561,12.478906186980721,False,12.494204595937159,False,1.255628054714604,False
empagliflozin,Lung neoplasm malignant,3,1123,7,51559,21.3527950310559,True,21.41619937694704,True,2.293976001525628,True
empagliflozin,Lung opacity,1,1125,0,51566,137.2679680567879,False,137.44957796534874,False,1.5245844965667195,False
empagliflozin,Malaise,4,1122,378,51188,0.5439945893928188,False,0.5421665053413869,False,-0.9449644842090344,False
empagliflozin,Medication error,2,1124,100,51466,1.138208690354792,False,1.1385159573409078,False,-0.10013571339217119,False
empagliflozin,Mental status changes,4,1122,89,51477,2.300580470225496,True,2.3057943785693844,True,0.8553093790945901,True
empagliflozin,Metabolic acidosis,17,1109,894,50672,0.895170277992841,False,0.8935168123460404,False,-0.19030494837741616,False
empagliflozin,Metabolic alkalosis,1,1125,18,51548,3.7099450826158895,False,3.7135567375460754,False,0.727347874599715,False
empagliflozin,Metabolic encephalopathy,1,1125,15,51551,4.427998969573804,False,4.432567604362219,False,0.8332220321239551,False
empagliflozin,Micturition urgency,1,1125,5,51561,12.478906186980721,False,12.494204595937159,False,1.255628054714604,False
empagliflozin,Migraine,1,1125,30,51536,2.2502945583079987,False,2.251960877132932,False,0.36778948926379773,False
empagliflozin,Multiple sclerosis,1,1125,5,51561,12.478906186980721,False,12.494204595937159,False,1.255628054714604,False
empagliflozin,Muscle spasms,2,1124,96,51470,1.1853883251881514,False,1.1858004824251194,False,-0.05336597886944046,False
empagliflozin,Musculoskeletal stiffness,1,1125,24,51542,2.8013871031997537,False,2.8037878856562615,False,0.5363961008903113,False
empagliflozin,Myalgia,5,1121,100,51466,2.504059118780543,True,2.5114352446417048,True,1.0032593830919105,True
empagliflozin,Myocardial infarction,1,1125,137,51429,0.4991562474792289,False,0.4984887524736481,False,-1.2012100076317977,False
empagliflozin,Myocardial ischaemia,1,1125,13,51553,5.083998816918071,False,5.089441729601658,False,0.9083835655123974,False
empagliflozin,Nasopharyngitis,1,1125,83,51483,0.8219638805795684,False,0.8217266045430242,False,-0.6135538428907445,False
empagliflozin,Nausea,28,1098,631,50935,2.0649971441638724,True,2.092627930334715,True,0.9667258916866207,True
empagliflozin,Necrotising fasciitis,3,1123,10,51556,15.251996450754215,True,15.296395193591454,True,2.169878065450738,True
empagliflozin,Necrotising soft tissue infection,1,1125,1,51565,45.755989352262645,False,45.81563749444691,False,1.4666321853085456,False
empagliflozin,Nephritis,1,1125,0,51566,137.2679680567879,False,137.44957796534874,False,1.5245844965667195,False
empagliflozin,Nephrolithiasis,1,1125,32,51534,2.1118148931813527,False,2.1132966544783516,False,0.31569897356902105,False
empagliflozin,Nephropathy,2,1124,10,51556,10.894283179110154,False,10.916280251540368,False,1.7246427149351904,False
empagliflozin,Nephrotic syndrome,1,1125,4,51562,15.251996450754215,False,15.270990670812973,False,1.3055569631484067,False
empagliflozin,Neuropathy peripheral,1,1125,44,51522,1.5423367197391902,False,1.5430595141235606,False,0.03738824556589013,False
empagliflozin,Neutropenia,1,1125,36,51530,1.8803831240655882,False,1.8815564467542585,False,0.2168419758113533,False
empagliflozin,Nocardiosis,1,1125,0,51566,137.2679680567879,False,137.44957796534874,False,1.5245844965667195,False
empagliflozin,Oedema peripheral,1,1125,88,51478,0.7755252432586889,False,0.7752260765460172,False,-0.6792031587913003,False
empagliflozin,Off label use,1,1125,266,51300,0.25753840160748204,False,0.2565488925914103,False,-2.0486193456825816,False
empagliflozin,Orchitis,2,1124,0,51566,228.7799467613132,False,229.2863494886616,False,2.2035977794747517,False
empagliflozin,Oropharyngeal pain,1,1125,46,51520,1.4759996565246014,False,1.476634040784741,False,-0.004192135394497314,False
empagliflozin,Orthostatic hypotension,2,1124,14,51552,7.8889636814245945,False,7.9042792965455915,False,1.5701876262901613,False
empagliflozin,Osteomyelitis,4,1122,7,51559,27.453593611357586,True,27.55964365256125,True,2.613982942166601,True
empagliflozin,Osteonecrosis,1,1125,4,51562,15.251996450754215,False,15.270990670812973,False,1.3055569631484067,False
empagliflozin,Osteoporosis,1,1125,11,51555,5.96817252420817,False,5.974793811446121,False,0.9876771207689843,False
empagliflozin,Pain,4,1122,205,51361,1.0019559712174302,False,1.0019638125274333,False,-0.14222281768013056,False
empagliflozin,Pain in extremity,2,1124,149,51417,0.7651503236164321,False,0.7646282033932584,False,-0.5760052951540923,False
empagliflozin,Pain of skin,1,1125,8,51558,8.074586356281642,False,8.084014947604986,False,1.1154407115167497,False
empagliflozin,Palpitations,2,1124,65,51501,1.7464118073382688,False,1.7480712377681005,False,0.3720164511925435,False
empagliflozin,Pancreatitis,2,1124,97,51469,1.1732304962118627,False,1.173615624038034,False,-0.06520132225138232,False
empagliflozin,Pancreatitis acute,2,1124,93,51473,1.2234221751941883,False,1.2239188896788353,False,-0.017265996433450132,False
empagliflozin,Paraneoplastic syndrome,1,1125,0,51566,137.2679680567879,False,137.44957796534874,False,1.5245844965667195,False
empagliflozin,Pemphigoid,1,1125,78,51488,0.8743182678776301,False,0.8741507666797771,False,-0.5447741668576429,False
empagliflozin,Penile discomfort,6,1120,2,51564,118.96557231588288,True,119.64988844265953,True,3.276150205676399,True
empagliflozin,Penile pain,2,1124,7,51559,15.251996450754215,False,15.283681636282793,False,1.852406305682956,False
empagliflozin,Penile prosthesis insertion,1,1125,0,51566,137.2679680567879,False,137.44957796534874,False,1.5245844965667195,False
empagliflozin,Penile prosthesis removal,1,1125,0,51566,137.2679680567879,False,137.44957796534874,False,1.5245844965667195,False
empagliflozin,Penile rash,1,1125,0,51566,137.2679680567879,False,137.44957796534874,False,1.5245844965667195,False
empagliflozin,Periarthritis,1,1125,0,51566,137.2679680567879,False,137.44957796534874,False,1.5245844965667195,False
empagliflozin,Perineal abscess,1,1125,1,51565,45.755989352262645,False,45.81563749444691,False,1.4666321853085456,False
empagliflozin,Perineal rash,1,1125,0,51566,137.2679680567879,False,137.44957796534874,False,1.5245844965667195,False
empagliflozin,Peripheral artery occlusion,1,1125,0,51566,137.2679680567879,False,137.44957796534874,False,1.5245844965667195,False
empagliflozin,Peripheral ischaemia,3,1123,9,51557,16.857469761359923,True,16.90686997868503,True,2.2100695421054324,True
empagliflozin,Peripheral venous disease,1,1125,3,51563,19.609709722398275,False,19.63451164561782,False,1.3572759516447113,False
empagliflozin,Perirectal abscess,2,1124,0,51566,228.7799467613132,False,229.2863494886616,False,2.2035977794747517,False
empagliflozin,Pharyngeal swelling,1,1125,7,51559,9.15119787045253,False,9.162061306086184,False,1.1606729882564628,False
empagliflozin,Phimosis,1,1125,2,51564,27.453593611357586,False,27.48884940026655,False,1.4109181666013346,False
empagliflozin,Pneumonia,2,1124,183,51383,0.6233786015294638,False,0.6225412929512724,False,-0.8329634093054227,False
empagliflozin,Pneumonia aspiration,1,1125,35,51531,1.9333516627716612,False,1.9345955788037867,False,0.24092845145138858,False
empagliflozin,Pollakiuria,39,1087,48,51518,37.265187204420094,True,38.58240549828179,True,4.065517447729102,True
empagliflozin,Polydipsia,2,1124,17,51549,6.536569907466092,False,6.548878866797942,False,1.4643134687659212,False
empagliflozin,Polyuria,4,1122,41,51525,4.961492821329684,True,4.977374084310516,True,1.6223507462870461,True
empagliflozin,Posterior capsule opacification,1,1125,0,51566,137.2679680567879,False,137.44957796534874,False,1.5245844965667195,False
empagliflozin,Product monitoring error,1,1125,22,51544,3.0503992901508425,False,3.053131941359396,False,0.5972810816687237,False
empagliflozin,Product prescribing error,1,1125,53,51513,1.282878206138205,False,1.2832552095226628,False,-0.14095422333155588,False
empagliflozin,Product used for unknown indication,1,1125,1,51565,45.755989352262645,False,45.81563749444691,False,1.4666321853085456,False
empagliflozin,Productive cough,1,1125,42,51524,1.6149172712563284,False,1.6157367967177987,False,0.08020268325538689,False
empagliflozin,Prostate cancer,1,1125,8,51558,8.074586356281642,False,8.084014947604986,False,1.1154407115167497,False
empagliflozin,Prostatic specific antigen increased,1,1125,3,51563,19.609709722398275,False,19.63451164561782,False,1.3572759516447113,False
empagliflozin,Prostatomegaly,1,1125,1,51565,45.755989352262645,False,45.81563749444691,False,1.4666321853085456,False
empagliflozin,Proteinuria,1,1125,21,51545,3.192278326902045,False,3.195200066120484,False,0.628715049306616,False
empagliflozin,Pruritus,9,1117,157,51409,2.759885072041239,True,2.774846063705124,True,1.2309564362867134,True
empagliflozin,Pruritus genital,3,1123,4,51562,35.5879917184265,True,35.6957424714434,True,2.429761866659555,True
empagliflozin,Pulmonary embolism,3,1123,29,51537,5.428676702810821,True,5.442473203442631,True,1.5639015654363144,True
empagliflozin,Pulmonary oedema,1,1125,49,51517,1.3865451318867468,False,1.3870602964339083,False,-0.06439855490699464,False
empagliflozin,Pulmonary sepsis,1,1125,0,51566,137.2679680567879,False,137.44957796534874,False,1.5245844965667195,False
empagliflozin,Purulent discharge,1,1125,1,51565,45.755989352262645,False,45.81563749444691,False,1.4666321853085456,False
empagliflozin,Pyelonephritis,2,1124,11,51555,9.946954207013619,False,9.96684516790071,False,1.6844512382804964,False
empagliflozin,Pyrexia,6,1120,129,51437,2.296632670190789,True,2.3041544125881477,True,0.9413358138271837,True
empagliflozin,Rash,25,1101,120,51446,9.682802725997488,True,9.883811776848997,True,2.8250004818659473,True
empagliflozin,Rash erythematous,1,1125,18,51548,3.7099450826158895,False,3.7135567375460754,False,0.727347874599715,False
empagliflozin,Red blood cell count increased,1,1125,0,51566,137.2679680567879,False,137.44957796534874,False,1.5245844965667195,False
empagliflozin,Renal failure,6,1120,397,51169,0.7482111466407728,False,0.7467505241090147,False,-0.487311490369073,False
empagliflozin,Renal impairment,13,1113,208,51358,2.962618015614128,True,2.9864126660054984,True,1.3701048169532593,True
empagliflozin,Renal tubular acidosis,1,1125,3,51563,19.609709722398275,False,19.63451164561782,False,1.3572759516447113,False
empagliflozin,Respiratory acidosis,1,1125,27,51539,2.495781237396144,False,2.4977747263842334,False,0.449631080637976,False
empagliflozin,Respiratory failure,1,1125,119,51447,0.5743429625807026,False,0.5737756719932935,False,-1.0306120615398229,False
empagliflozin,SARS-CoV-2 test positive,1,1125,5,51561,12.478906186980721,False,12.494204595937159,False,1.255628054714604,False
empagliflozin,Scrotal abscess,1,1125,1,51565,45.755989352262645,False,45.81563749444691,False,1.4666321853085456,False
empagliflozin,Scrotal cellulitis,2,1124,0,51566,228.7799467613132,False,229.2863494886616,False,2.2035977794747517,False
empagliflozin,Scrotal gangrene,1,1125,0,51566,137.2679680567879,False,137.44957796534874,False,1.5245844965667195,False
empagliflozin,Seasonal allergy,1,1125,1,51565,45.755989352262645,False,45.81563749444691,False,1.4666321853085456,False
empagliflozin,Seizure,1,1125,78,51488,0.8743182678776301,False,0.8741507666797771,False,-0.5447741668576429,False
empagliflozin,Self-medication,1,1125,0,51566,137.2679680567879,False,137.44957796534874,False,1.5245844965667195,False
empagliflozin,Sepsis,8,1118,67,51499,5.76186532584048,True,5.798052947896489,True,2.015212889067732,True
empagliflozin,Septic shock,2,1124,93,51473,1.2234221751941883,False,1.2239188896788353,False,-0.017265996433450132,False
empagliflozin,Sinus tachycardia,1,1125,4,51562,15.251996450754215,False,15.270990670812973,False,1.3055569631484067,False
empagliflozin,Skin candida,1,1125,0,51566,137.2679680567879,False,137.44957796534874,False,1.5245844965667195,False
empagliflozin,Skin discolouration,1,1125,32,51534,2.1118148931813527,False,2.1132966544783516,False,0.31569897356902105,False
empagliflozin,Skin disorder,2,1124,15,51551,7.379998282623007,False,7.394182360619056,False,1.5340260310575324,False
empagliflozin,Skin exfoliation,2,1124,20,51546,5.579998701495444,False,5.590181001854483,False,1.3656806434728221,False
empagliflozin,Skin fissures,1,1125,7,51559,9.15119787045253,False,9.162061306086184,False,1.1606729882564628,False
empagliflozin,Skin infection,1,1125,6,51560,10.559074465906765,False,10.57181423640775,False,1.207369445323107,False
empagliflozin,Skin irritation,1,1125,5,51561,12.478906186980721,False,12.494204595937159,False,1.255628054714604,False
empagliflozin,Skin ulcer,2,1124,17,51549,6.536569907466092,False,6.548878866797942,False,1.4643134687659212,False
empagliflozin,Small cell lung cancer,1,1125,1,51565,45.755989352262645,False,45.81563749444691,False,1.4666321853085456,False
empagliflozin,Sopor,1,1125,35,51531,1.9333516627716612,False,1.9345955788037867,False,0.24092845145138858,False
empagliflozin,Staphylococcal bacteraemia,2,1124,1,51565,76.25998225377107,False,76.42730102267674,False,2.1478837607675407,False
empagliflozin,Staphylococcal infection,1,1125,17,51549,3.9219419444796553,False,3.9258361363203655,False,0.7617831235392885,False
empagliflozin,Starvation ketoacidosis,1,1125,11,51555,5.96817252420817,False,5.974793811446121,False,0.9876771207689843,False
empagliflozin,Subdural haematoma,2,1124,3,51563,32.682849537330455,False,32.753287175252495,False,2.042522557314613,False
empagliflozin,Swelling face,1,1125,14,51552,4.733378208854757,False,4.73835383507713,False,0.8703133834209075,False
empagliflozin,Swollen tongue,1,1125,19,51547,3.519691488635588,False,3.523049584799918,False,0.6937154255763166,False
empagliflozin,Syncope,8,1118,65,51501,5.937800144950113,True,5.97532477725416,True,2.0448387065348377,True
empagliflozin,Tachycardia,2,1124,113,51453,1.00784117515997,False,1.007858607741473,False,-0.24244461159921615,False
empagliflozin,Tachypnoea,2,1124,52,51514,2.1788566358220307,False,2.181477482055517,False,0.5960113708346503,False
empagliflozin,Taste disorder,1,1125,10,51556,6.536569907466093,False,6.543948721203274,False,1.029020441445445,False
empagliflozin,Therapy cessation,7,1119,14,51552,23.666891044273783,True,23.81874605350295,True,2.982777290694413,True
empagliflozin,Therapy change,1,1125,4,51562,15.251996450754215,False,15.270990670812973,False,1.3055569631484067,False
empagliflozin,Thirst,3,1123,54,51512,2.9384580317966833,True,2.944496841864586,True,1.0265747805090488,True
empagliflozin,Tibia fracture,1,1125,0,51566,137.2679680567879,False,137.44957796534874,False,1.5245844965667195,False
empagliflozin,Tinea infection,1,1125,0,51566,137.2679680567879,False,137.44957796534874,False,1.5245844965667195,False
empagliflozin,Toe amputation,5,1121,9,51557,26.490309624994165,True,26.615317830912545,True,2.7828526834285383,True
empagliflozin,Tooth disorder,1,1125,3,51563,19.609709722398275,False,19.63451164561782,False,1.3572759516447113,False
empagliflozin,Treatment noncompliance,3,1123,52,51514,3.0503992901508425,True,3.056786826880285,True,1.0629176032741843,True
empagliflozin,Tremor,1,1125,77,51489,0.8855997939147608,False,0.8854473280692452,False,-0.5306158077063284,False
empagliflozin,Tubulointerstitial nephritis,1,1125,15,51551,4.427998969573804,False,4.432567604362219,False,0.8332220321239551,False
empagliflozin,Ulcer,1,1125,9,51557,7.224629897725681,False,7.232925717225093,False,1.07158358018918,False
empagliflozin,Urinary incontinence,3,1123,28,51538,5.619156587119973,True,5.633546483030005,True,1.5901819106002457,True
empagliflozin,Urinary retention,4,1122,34,51532,5.96817252420817,True,5.988089474193861,True,1.7781135412912503,True
empagliflozin,Urinary tract infection,55,1071,151,51415,16.762095109244733,True,17.578517207763706,True,3.5010128976550163,True
empagliflozin,Urinary tract infection fungal,1,1125,0,51566,137.2679680567879,False,137.44957796534874,False,1.5245844965667195,False
empagliflozin,Urinary tract obstruction,1,1125,1,51565,45.755989352262645,False,45.81563749444691,False,1.4666321853085456,False
empagliflozin,Urine ketone body present,11,1115,14,51552,36.289232934553134,True,36.653039459651616,True,3.474995556226168,True
empagliflozin,Urine odour abnormal,1,1125,8,51558,8.074586356281642,False,8.084014947604986,False,1.1154407115167497,False
empagliflozin,Urosepsis,9,1117,27,51539,15.806614503508914,True,15.932487288997356,True,2.9038934641738177,True
empagliflozin,Urticaria,6,1120,98,51468,3.0194307694386517,True,3.0311454503858637,True,1.2555475954454007,True
empagliflozin,Uterine leiomyoma,1,1125,1,51565,45.755989352262645,False,45.81563749444691,False,1.4666321853085456,False
empagliflozin,Vaginal haemorrhage,1,1125,2,51564,27.453593611357586,False,27.48884940026655,False,1.4109181666013346,False
empagliflozin,Vaginitis gardnerella,1,1125,0,51566,137.2679680567879,False,137.44957796534874,False,1.5245844965667195,False
empagliflozin,Vasculitis,2,1124,11,51555,9.946954207013619,False,9.96684516790071,False,1.6844512382804964,False
empagliflozin,Ventricular extrasystoles,1,1125,6,51560,10.559074465906765,False,10.57181423640775,False,1.207369445323107,False
empagliflozin,Ventricular tachycardia,3,1123,24,51542,6.536569907466092,True,6.553817788797762,True,1.7003693147263412,True
empagliflozin,Vertigo,1,1125,34,51532,1.9893908414027235,False,1.9907094431460415,False,0.2654238998416733,False
empagliflozin,Vision blurred,1,1125,74,51492,0.9212615305824694,False,0.9211565925956845,False,-0.4872874514614512,False
empagliflozin,Vomiting,24,1102,599,50967,1.8699278384160714,False,1.8892595681586508,False,0.8267364211672888,True
empagliflozin,Vulval cancer,1,1125,0,51566,137.2679680567879,False,137.44957796534874,False,1.5245844965667195,False
empagliflozin,Vulval disorder,1,1125,0,51566,137.2679680567879,False,137.44957796534874,False,1.5245844965667195,False
empagliflozin,Vulvovaginal candidiasis,2,1124,1,51565,76.25998225377107,False,76.42730102267674,False,2.1478837607675407,False
empagliflozin,Weight decreased,6,1120,311,51255,0.9547798741242607,False,0.954517553001376,False,-0.16233326732452832,False
empagliflozin,Weight increased,1,1125,178,51388,0.38450411220388775,False,0.3836838155964296,False,-1.5277825784711678,False
empagliflozin,White blood cells urine,1,1125,1,51565,45.755989352262645,False,45.81563749444691,False,1.4666321853085456,False
glimepiride,Abdominal discomfort,2,766,220,51704,0.7655641363610897,False,0.7647995053642244,False,-0.5794541397635601,False
glimepiride,Abdominal distension,1,767,91,51833,1.106930439787674,False,1.107139424360549,False,-0.29546805226320516,False
glimepiride,Abdominal pain,3,765,301,51623,0.7838462649906082,False,0.7828579722766529,False,-0.49449061563129776,False
glimepiride,Abdominal pain upper,2,766,205,51719,0.8214447302560597,False,0.8208623582086236,False,-0.4924502168732066,False
glimepiride,Accidental overdose,1,767,80,51844,1.2581880154108345,False,1.2586926173953508,False,-0.16401103422235894,False
glimepiride,Acute hepatic failure,3,765,18,51906,12.774575615928022,True,12.828411036771586,True,2.118358881091713,True
glimepiride,Acute kidney injury,24,744,1813,50111,0.9122181098774077,False,0.9093293841446964,False,-0.15478510001915483,False
glimepiride,Acute myocardial infarction,1,767,29,51895,3.4333605166295653,False,3.4381162700822614,False,0.6784443180989229,False
glimepiride,Acute respiratory failure,2,766,66,51858,2.5384495047762448,False,2.543467278764426,False,0.7455334747759452,False
glimepiride,Adrenal insufficiency,1,767,7,51917,13.504551365409622,False,13.52899022801303,False,1.2825506973520082,False
glimepiride,Adverse drug reaction,1,767,147,51777,0.686672103325913,False,0.6860597361011428,False,-0.8249115270038081,False
glimepiride,Adverse event,1,767,57,51867,1.7614632215751682,False,1.7629514233111456,False,0.15696431098648844,False
glimepiride,Agitation,3,765,68,51856,3.450067867075451,True,3.46127000624562,True,1.1892628939395513,True
glimepiride,Alanine aminotransferase increased,3,765,31,51893,7.502528536338678,True,7.5322592350678566,True,1.8137760575185842,True
glimepiride,Alcohol use,1,767,0,51924,202.56827048114437,False,202.96221498371335,False,1.5435084781766941,False
glimepiride,Altered state of consciousness,2,766,42,51882,3.9719268721793006,False,3.9816200452783854,False,1.1312351459577774,False
glimepiride,Anaemia,5,763,103,51821,3.588165821727195,True,3.6068101072799115,True,1.4069260631336946,True
glimepiride,Angina pectoris,5,763,62,51862,5.942002600780234,True,5.9776031434184675,True,1.897208316924655,True
glimepiride,Anuria,2,766,89,51835,1.8861105258951987,False,1.889000645027277,False,0.45296533905656805,False
glimepiride,Aortic stenosis,1,767,1,51923,67.52275682704811,False,67.65276872964169,False,1.503212390336973,False
glimepiride,Arthritis,1,767,35,51889,2.853074232128794,False,2.856695875579208,False,0.5497473420984704,False
glimepiride,Aspartate aminotransferase increased,3,765,29,51895,8.011174538802319,True,8.043230856092727,True,1.8566497790667364,True
glimepiride,Asthenia,9,759,301,51623,2.1275827192602224,True,2.141686782239778,True,0.9207193203337851,True
glimepiride,Atrioventricular block complete,1,767,17,51907,5.787664870889838,False,5.797021870637506,False,0.9764279796360248,False
glimepiride,Back pain,1,767,115,51809,0.8769189198317937,False,0.8766783704894454,False,-0.5464498727112522,False
glimepiride,Balanoposthitis,2,766,7,51917,22.507585609016036,False,22.577734290063056,False,1.9858106217269293,False
glimepiride,Bile duct stone,5,763,3,51921,106.10718929964705,True,106.86434652446441,True,3.157019815268149,True
glimepiride,Blister,1,767,28,51896,3.553829306686743,False,3.5588205040288017,False,0.7010558946175746,False
glimepiride,Blood alkaline phosphatase increased,1,767,8,51916,11.915780616537901,False,11.937114389729834,False,1.248845027560723,False
glimepiride,Blood creatine phosphokinase increased,2,766,33,51891,5.039011703511053,False,5.05218525766471,False,1.3073808851724233,False
glimepiride,Blood creatinine increased,1,767,162,51762,0.6232869860958288,False,0.622550739163117,False,-0.9389851014708673,False
glimepiride,Blood glucose abnormal,1,767,81,51843,1.2427501256511924,False,1.2432245558641914,False,-0.17646911374351562,False
glimepiride,Blood glucose decreased,12,756,97,51827,8.6567636957754,True,8.78327994983646,True,2.58124801816291,True
glimepiride,Blood glucose fluctuation,1,767,64,51860,1.5702966703964678,False,1.5714112567229754,False,0.05150640576265125,False
glimepiride,Blood glucose increased,11,757,425,51499,1.8249393737040032,False,1.8374632057800375,False,0.7464438738820768,True
glimepiride,Blood insulin increased,1,767,0,51924,202.56827048114437,False,202.96221498371335,False,1.5435084781766941,False
glimepiride,Blood phosphorus increased,1,767,16,51908,6.138432438822557,False,6.148474977790939,False,1.0042775799455952,False
glimepiride,Bradycardia,4,764,113,51811,2.6771137067992647,True,2.6869855337196,True,1.0289459470845015,True
glimepiride,Bradypnoea,1,767,8,51916,11.915780616537901,False,11.937114389729834,False,1.248845027560723,False
glimepiride,Brain natriuretic peptide increased,1,767,6,51918,15.582174652395718,False,15.610674016537208,False,1.3170627084667559,False
glimepiride,Brain stem haemorrhage,1,767,0,51924,202.56827048114437,False,202.96221498371335,False,1.5435084781766941,False
glimepiride,Bronchitis,1,767,38,51886,2.630756759495381,False,2.6339439062566097,False,0.48946276989211035,False
glimepiride,Bronchospasm,2,766,2,51922,67.52275682704811,False,67.73972602739725,False,2.1628128677282183,False
glimepiride,C-reactive protein increased,5,763,26,51898,14.014157077311873,True,14.107906735367164,True,2.530650792294799,True
glimepiride,Capillary leak syndrome,1,767,13,51911,7.50252853633868,False,7.5152370611654,False,1.0912050295872853,False
glimepiride,Cardiac arrest,1,767,220,51704,0.4593384818166538,False,0.45828181435440624,False,-1.3107798963948218,False
glimepiride,Cardiac disorder,3,765,26,51898,8.918099958289375,True,8.954302897354054,True,1.9234483159540225,True
glimepiride,Cerebral artery embolism,5,763,1,51923,247.5834416991764,True,249.359746780179,True,3.226889706611165,True
glimepiride,Cerebral artery occlusion,2,766,0,51924,337.61378413524056,False,338.71167645140247,False,2.240177984503179,False
glimepiride,Cerebral infarction,2,766,13,51911,12.504214227231133,False,12.541736126211012,False,1.7986090059609787,False
glimepiride,Cerebrovascular accident,1,767,107,51817,0.9421780022378806,False,0.9420649950761306,False,-0.4675430547824465,False
glimepiride,Cholangitis acute,1,767,1,51923,67.52275682704811,False,67.65276872964169,False,1.503212390336973,False
glimepiride,Cholestasis,2,766,25,51899,6.619878120298835,False,6.638207794533338,False,1.484336429150873,False
glimepiride,Chromaturia,1,767,19,51905,5.19405821746524,False,5.202255073916311,False,0.9222914902617195,False
glimepiride,Cold sweat,1,767,23,51901,4.309963201726475,False,4.316432185182618,False,0.8197563490619999,False
glimepiride,Compartment syndrome,1,767,20,51904,4.94068952393035,False,4.948391197267021,False,0.8959664597552652,False
glimepiride,Condition aggravated,2,766,234,51690,0.7198588147872932,False,0.7189451122914919,False,-0.6561808064065198,False
glimepiride,Confusional state,8,760,193,51731,2.9661159329711055,True,2.988090930249547,True,1.309410409854461,True
glimepiride,Coronary revascularisation,1,767,0,51924,202.56827048114437,False,202.96221498371335,False,1.5435084781766941,False
glimepiride,Cough,4,764,142,51782,2.1322975840120457,True,2.138962514199167,True,0.7759657268408625,True
glimepiride,Death,1,767,201,51723,0.5026507952385716,False,0.5016787772488098,False,-1.1992081177996403,False
glimepiride,Decreased appetite,4,764,195,51729,1.5542322543310307,False,1.55749457629897,False,0.4041873369093632,True
glimepiride,Dehydration,2,766,321,51603,0.525060317473158,False,0.5235112643664168,False,-1.058749116604363,False
glimepiride,Delirium,3,765,23,51901,10.056580804028442,True,10.097989076809762,True,1.9934904987291895,True
glimepiride,Dementia Alzheimer's type,1,767,4,51920,22.50758560901604,False,22.549619978284472,False,1.3886668455621953,False
glimepiride,Depressed mood,1,767,24,51900,4.1340463363498845,False,4.140171508342751,False,0.7952220836673937,False
glimepiride,Diabetes mellitus,1,767,181,51743,0.5580393126202324,False,0.5571755458045065,False,-1.071624799950579,False
glimepiride,Diabetes mellitus inadequate control,7,761,275,51649,1.8381875724241774,False,1.846442866965453,False,0.7020532888239844,True
glimepiride,Diabetic coma,1,767,7,51917,13.504551365409622,False,13.52899022801303,False,1.2825506973520082,False
glimepiride,Diabetic metabolic decompensation,6,762,65,51859,6.700731593523859,True,6.7493279939932425,True,2.0823476900230395,True
glimepiride,Diabetic neuropathy,2,766,33,51891,5.039011703511053,False,5.05218525766471,False,1.3073808851724233,False
glimepiride,Diabetic retinopathy,2,766,19,51905,8.656763695775398,False,8.681736832421764,False,1.6329320539214713,False
glimepiride,Diarrhoea,11,757,1084,50840,0.7160089474514092,False,0.7116975321321897,False,-0.5173232886289296,False
glimepiride,Discomfort,1,767,23,51901,4.309963201726475,False,4.316432185182618,False,0.8197563490619999,False
glimepiride,Disease recurrence,1,767,7,51917,13.504551365409622,False,13.52899022801303,False,1.2825506973520082,False
glimepiride,Disorientation,1,767,34,51890,2.935772035958614,False,2.9395553037813342,False,0.5704152910062171,False
glimepiride,Disseminated intravascular coagulation,1,767,29,51895,3.4333605166295653,False,3.4381162700822614,False,0.6784443180989229,False
glimepiride,Dizziness,5,763,330,51594,1.1236767399357477,False,1.1245676660256583,False,0.031097673530922798,True
glimepiride,Drug abuse,2,766,34,51890,4.8929533932643565,False,4.905650566758369,False,1.2867129362646765,False
glimepiride,Drug hypersensitivity,4,764,106,51818,2.853074232128794,True,2.8639817979163404,True,1.0972844666326098,True
glimepiride,Drug ineffective,15,753,630,51294,1.6599567499115715,False,1.6735325025640324,False,0.6466151302901285,True
glimepiride,Drug ineffective for unapproved indication,1,767,14,51910,6.985112775211875,False,6.996810064023363,False,1.0616434117947726,False
glimepiride,Drug interaction,21,747,320,51604,4.529607712266879,True,4.631128201649805,True,1.9746800746689623,True
glimepiride,Drug level increased,11,757,188,51736,4.119425482817259,True,4.166783097407884,True,1.7578242915240636,True
glimepiride,Dry eye,1,767,2,51922,40.51365409622887,False,40.59087947882736,False,1.464011302037224,False
glimepiride,Dry mouth,2,766,40,51884,4.168071409077044,False,4.178404323000975,False,1.1685621326397226,False
glimepiride,Dysarthria,5,763,35,51889,10.461272184472243,True,10.529428041727773,True,2.344384117042755,True
glimepiride,Dyspnoea,7,761,371,51553,1.3631781324437708,False,1.3667550674317266,False,0.3196573616131795,True
glimepiride,Electrocardiogram ST segment elevation,2,766,1,51923,112.53792804508018,False,112.90171776473146,False,2.2009768962034304,False
glimepiride,Embolic cerebral infarction,1,767,0,51924,202.56827048114437,False,202.96221498371335,False,1.5435084781766941,False
glimepiride,Encephalopathy,10,758,83,51841,8.490885589030002,True,8.594582752754215,True,2.5005095102793753,True
glimepiride,Erysipelas,1,767,3,51921,28.938324354449193,False,28.992926942764075,False,1.4258472735620122,False
glimepiride,Erythema,3,765,59,51865,3.9719268721793006,True,3.985515042071695,True,1.3181546252953331,True
glimepiride,Euglycaemic diabetic ketoacidosis,2,766,341,51583,0.4943100792609671,False,0.49266073183520387,False,-1.137324299553147,False
glimepiride,Extrapyramidal disorder,2,766,4,51920,37.51264268169339,False,37.631731535841126,False,2.08938618286123,False
glimepiride,Fall,2,766,194,51730,0.8679017587024178,False,0.8674709099049699,False,-0.42513805104347785,False
glimepiride,Fatigue,9,759,432,51492,1.4831588204785133,False,1.4892022816958221,False,0.45555251308939027,True
glimepiride,Feeling abnormal,1,767,104,51820,0.96922617455093,False,0.9691660302666646,False,-0.43680367430714107,False
glimepiride,Feeling cold,2,766,20,51904,8.234482539883917,False,8.258078373347335,False,1.6070787840058738,False
glimepiride,Feeling jittery,1,767,3,51921,28.938324354449193,False,28.992926942764075,False,1.4258472735620122,False
glimepiride,Femur fracture,1,767,9,51915,10.661487920060228,False,10.680370306874678,False,1.2159088788833516,False
glimepiride,Fluid overload,1,767,6,51918,15.582174652395718,False,15.610674016537208,False,1.3170627084667559,False
glimepiride,Frustration tolerance decreased,1,767,2,51922,40.51365409622887,False,40.59087947882736,False,1.464011302037224,False
glimepiride,Fungal infection,1,767,29,51895,3.4333605166295653,False,3.4381162700822614,False,0.6784443180989229,False
glimepiride,Gait disturbance,2,766,80,51844,2.096980025684724,False,2.1005579122655615,False,0.5604964804226905,False
glimepiride,Gastrointestinal carcinoma,1,767,5,51919,18.41529731646767,False,18.44933372816109,False,1.352420588695024,False
glimepiride,Gastrointestinal infection,1,767,2,51922,40.51365409622887,False,40.59087947882736,False,1.464011302037224,False
glimepiride,Gaze palsy,2,766,0,51924,337.61378413524056,False,338.71167645140247,False,2.240177984503179,False
glimepiride,General physical health deterioration,1,767,148,51776,0.6820480487580618,False,0.6814266442930939,False,-0.832803549130171,False
glimepiride,Glycosylated haemoglobin abnormal,2,766,10,51914,16.076846863582883,False,16.1260211847296,False,1.8891755718462921,False
glimepiride,Glycosylated haemoglobin decreased,1,767,16,51908,6.138432438822557,False,6.148474977790939,False,1.0042775799455952,False
glimepiride,Glycosylated haemoglobin increased,3,765,159,51765,1.4816905886813065,False,1.4838929623722075,False,0.29073792851739944,True
glimepiride,Haematocrit decreased,2,766,8,51916,19.859634360896504,False,19.921146540808103,False,1.9528744730495575,False
glimepiride,Haemoglobin decreased,2,766,31,51893,5.358948954527627,False,5.373166009173837,False,1.3496268329015932,False
glimepiride,Heart rate irregular,1,767,23,51901,4.309963201726475,False,4.316432185182618,False,0.8197563490619999,False
glimepiride,Hemiparesis,5,763,21,51903,17.273263374361143,True,17.390490549945934,True,2.6455671953088826,True
glimepiride,Hemiplegia,2,766,13,51911,12.504214227231133,False,12.541736126211012,False,1.7986090059609787,False
glimepiride,Hepatic infection,1,767,0,51924,202.56827048114437,False,202.96221498371335,False,1.5435084781766941,False
glimepiride,Hepatocellular carcinoma,1,767,4,51920,22.50758560901604,False,22.549619978284472,False,1.3886668455621953,False
glimepiride,Hepatocellular injury,4,764,29,51895,10.300081549888697,True,10.354823691124142,True,2.197623739456543,True
glimepiride,Hot flush,1,767,23,51901,4.309963201726475,False,4.316432185182618,False,0.8197563490619999,False
glimepiride,Hunger,1,767,14,51910,6.985112775211875,False,6.996810064023363,False,1.0616434117947726,False
glimepiride,Hyperglycaemia,3,765,288,51636,0.8191668939156617,False,0.8183400932999919,False,-0.4379590597316303,False
glimepiride,Hyperhidrosis,4,764,108,51816,2.8004830020434706,True,2.8110810053256094,True,1.0774266376357884,True
glimepiride,Hyperinsulinaemia,1,767,0,51924,202.56827048114437,False,202.96221498371335,False,1.5435084781766941,False
glimepiride,Hyperkalaemia,4,764,362,51562,0.8382135330254249,False,0.8372612255023567,False,-0.37469587874448584,False
glimepiride,Hypersensitivity,1,767,74,51850,1.3595185938331835,False,1.3602212360361148,False,-0.08691514182426736,False
glimepiride,Hypersomnia,1,767,9,51915,10.661487920060228,False,10.680370306874678,False,1.2159088788833516,False
glimepiride,Hypoaesthesia,1,767,88,51836,1.1444535055431884,False,1.144735825097996,False,-0.2607875156082478,False
glimepiride,Hypocalcaemia,1,767,30,51894,3.3207913193630225,False,3.3253270678699205,False,0.6561816743786583,False
glimepiride,Hypoglycaemia,69,699,811,51113,5.782910165717614,True,6.25812425652158,True,2.3827436857037054,True
glimepiride,Hypoglycaemic coma,7,761,60,51864,8.370589689303486,True,8.443182496486383,True,2.3446672938958764,True
glimepiride,Hypoglycaemic encephalopathy,8,760,19,51905,29.432996565636355,True,29.750788111734856,True,3.2498711755138503,True
glimepiride,Hypokinesia,1,767,20,51904,4.94068952393035,False,4.948391197267021,False,0.8959664597552652,False
glimepiride,Hypomagnesaemia,1,767,43,51881,2.3283709250706246,False,2.33096708974503,False,0.3942695517915712,False
glimepiride,Hyponatraemia,1,767,85,51839,1.184609768895581,False,1.1849705697468427,False,-0.2252527260840279,False
glimepiride,Hypoparathyroidism,1,767,5,51919,18.41529731646767,False,18.44933372816109,False,1.352420588695024,False
glimepiride,Hypophagia,4,764,50,51874,6.01687932122211,True,6.046409676938917,True,1.8058407028302903,True
glimepiride,Hyporesponsive to stimuli,5,763,0,51924,742.7503250975293,True,748.0936476751801,True,3.2631359634783363,True
glimepiride,Hypotension,1,767,408,51516,0.24794157953628437,False,0.24647175851909145,False,-2.106858487555966,False
glimepiride,Hypothyroidism,5,763,63,51861,5.848427756673459,True,5.883354217265081,True,1.8830369985258801,True
glimepiride,Immune system disorder,1,767,4,51920,22.50758560901604,False,22.549619978284472,False,1.3886668455621953,False
glimepiride,Inappropriate schedule of product administration,1,767,75,51849,1.341511725040691,False,1.3421791746661778,False,-0.10005397082286784,False
glimepiride,Injection site induration,1,767,0,51924,202.56827048114437,False,202.96221498371335,False,1.5435084781766941,False
glimepiride,Injection site nodule,1,767,2,51922,40.51365409622887,False,40.59087947882736,False,1.464011302037224,False
glimepiride,Injection site reaction,1,767,1,51923,67.52275682704811,False,67.65276872964169,False,1.503212390336973,False
glimepiride,Insomnia,1,767,87,51837,1.1575329741779676,False,1.1578408562121918,False,-0.24903956817833464,False
glimepiride,Insulin resistance,1,767,15,51909,6.534460338101431,False,6.54527687296417,False,1.0326753852095334,False
glimepiride,Intentional dose omission,1,767,8,51916,11.915780616537901,False,11.937114389729834,False,1.248845027560723,False
glimepiride,Intentional overdose,3,765,337,51587,0.7002359967249434,False,0.6988654232285846,False,-0.6403805641291728,False
glimepiride,Intracardiac thrombus,1,767,0,51924,202.56827048114437,False,202.96221498371335,False,1.5435084781766941,False
glimepiride,Laboratory test abnormal,1,767,7,51917,13.504551365409622,False,13.52899022801303,False,1.2825506973520082,False
glimepiride,Lactic acidosis,12,756,3077,48847,0.27425977590190137,False,0.2622680339306836,False,-1.8646675911019674,False
glimepiride,Left ventricular dysfunction,1,767,26,51898,3.822042839266875,False,3.82755823243808,False,0.7473708349846669,False
glimepiride,Limb discomfort,1,767,40,51884,2.5008428454462264,False,2.5037760887923755,False,0.4506285536551295,False
glimepiride,Limb injury,1,767,11,51913,8.807316107875842,False,8.822574706132276,False,1.152209977680086,False
glimepiride,Liver function test abnormal,3,765,30,51894,7.748513078513718,True,7.779368461629065,True,1.835053660071835,True
glimepiride,Liver injury,3,765,22,51902,10.503539950874151,True,10.546991799114595,True,2.0176145050038414,True
glimepiride,Loss of consciousness,8,760,124,51800,4.609987413894851,True,4.650335728185589,True,1.810111637288479,True
glimepiride,Malaise,2,766,380,51544,0.44364492002002703,False,0.44183032419491297,False,-1.279234078761967,False
glimepiride,Manufacturing issue,2,766,1,51923,112.53792804508018,False,112.90171776473146,False,2.2009768962034304,False
glimepiride,Medication error,3,765,99,51825,2.375172350700185,True,2.381459879410114,True,0.8169973743233798,True
glimepiride,Memory impairment,1,767,85,51839,1.184609768895581,False,1.1849705697468427,False,-0.2252527260840279,False
glimepiride,Mental disorder,5,763,18,51906,20.074333110744035,True,20.211738260854176,True,2.719184187203086,True
glimepiride,Mental status changes,5,763,88,51836,4.1963295203250235,True,4.21935481483948,True,1.5676237061379121,True
glimepiride,Metabolic disorder,1,767,24,51900,4.1340463363498845,False,4.140171508342751,False,0.7952220836673937,False
glimepiride,Metabolic encephalopathy,2,766,14,51910,11.641854625353124,False,11.676563870706525,False,1.7696409793757397,False
glimepiride,Micturition frequency decreased,1,767,1,51923,67.52275682704811,False,67.65276872964169,False,1.503212390336973,False
glimepiride,Mobility decreased,1,767,25,51899,3.971926872179301,False,3.9777351983138534,False,0.7710980773927416,False
glimepiride,Mucosal erosion,1,767,4,51920,22.50758560901604,False,22.549619978284472,False,1.3886668455621953,False
glimepiride,Multiple organ dysfunction syndrome,4,764,164,51760,1.8471270864542038,False,1.8521134460212985,False,0.6098728825506432,True
glimepiride,Muscle contracture,1,767,7,51917,13.504551365409622,False,13.52899022801303,False,1.2825506973520082,False
glimepiride,Musculoskeletal discomfort,1,767,4,51920,22.50758560901604,False,22.549619978284472,False,1.3886668455621953,False
glimepiride,Musculoskeletal pain,3,765,31,51893,7.502528536338678,True,7.5322592350678566,True,1.8137760575185842,True
glimepiride,Myalgia,1,767,104,51820,0.96922617455093,False,0.9691660302666646,False,-0.43680367430714107,False
glimepiride,Myocardial infarction,1,767,137,51787,0.7366118926587067,False,0.7360971276280722,False,-0.7435218201318823,False
glimepiride,Myoglobin blood increased,1,767,1,51923,67.52275682704811,False,67.65276872964169,False,1.503212390336973,False
glimepiride,Nausea,6,762,653,51271,0.6716112002690325,False,0.6688118203368997,False,-0.6365721672673735,False
glimepiride,Nephroangiosclerosis,2,766,1,51923,112.53792804508018,False,112.90171776473146,False,2.2009768962034304,False
glimepiride,Nervousness,2,766,42,51882,3.9719268721793006,False,3.9816200452783854,False,1.1312351459577774,False
glimepiride,Neuroglycopenia,5,763,0,51924,742.7503250975293,True,748.0936476751801,True,3.2631359634783363,True
glimepiride,Neurological symptom,2,766,7,51917,22.507585609016036,False,22.577734290063056,False,1.9858106217269293,False
glimepiride,No adverse event,1,767,26,51898,3.822042839266875,False,3.82755823243808,False,0.7473708349846669,False
glimepiride,Nocturnal dyspnoea,1,767,1,51923,67.52275682704811,False,67.65276872964169,False,1.503212390336973,False
glimepiride,Ocular icterus,1,767,1,51923,67.52275682704811,False,67.65276872964169,False,1.503212390336973,False
glimepiride,Oedema,1,767,44,51880,2.276047982934206,False,2.2785418877868464,False,0.3759620824467292,False
glimepiride,Oedema peripheral,2,766,87,51837,1.929221623629946,False,1.932252352995993,False,0.4761780785579583,False
glimepiride,Off label use,1,767,266,51658,0.3800530403023346,False,0.37884141757979845,False,-1.5497829875338127,False
glimepiride,Oral mucosal blistering,1,767,0,51924,202.56827048114437,False,202.96221498371335,False,1.5435084781766941,False
glimepiride,Overdose,1,767,420,51504,0.2408659577659267,False,0.23938230817198386,False,-2.1453921823440827,False
glimepiride,Pain,2,766,207,51717,0.8135271906873266,False,0.8129189949622364,False,-0.504358391219487,False
glimepiride,Pain in extremity,4,764,147,51777,2.060016309977739,True,2.0662557781201847,True,0.7365032542995975,True
glimepiride,Pallor,1,767,12,51912,8.102730819245775,False,8.116612377850164,False,1.1213850752660068,False
glimepiride,Palpitations,3,765,64,51860,3.6640255642584245,True,3.676205955473192,True,1.245131620344962,True
glimepiride,Pancreatitis acute,3,765,92,51832,2.554915123185604,True,2.562024467315127,True,0.8930579753298955,True
glimepiride,Panic reaction,1,767,0,51924,202.56827048114437,False,202.96221498371335,False,1.5435084781766941,False
glimepiride,Paraesthesia,1,767,83,51841,1.2129836555757145,False,1.2133999102771655,False,-0.2010671075863597,False
glimepiride,Paralysis,1,767,6,51918,15.582174652395718,False,15.610674016537208,False,1.3170627084667559,False
glimepiride,Pericarditis,1,767,0,51924,202.56827048114437,False,202.96221498371335,False,1.5435084781766941,False
glimepiride,Peripheral swelling,2,766,100,51824,1.6796705678370176,False,1.6818873668188736,False,0.33157054715313816,False
glimepiride,Petit mal epilepsy,1,767,0,51924,202.56827048114437,False,202.96221498371335,False,1.5435084781766941,False
glimepiride,Photosensitivity reaction,2,766,12,51912,13.504551365409622,False,13.545335942596216,False,1.8281706237534914,False
glimepiride,Platelet count increased,1,767,7,51917,13.504551365409622,False,13.52899022801303,False,1.2825506973520082,False
glimepiride,Pneumonia aspiration,4,764,32,51892,9.349304791437431,True,9.398450470392916,True,2.134709842819627,True
glimepiride,Polydipsia,1,767,18,51906,5.474818121112009,False,5.483563693987147,False,0.9491058188867711,False
glimepiride,Polyuria,1,767,44,51880,2.276047982934206,False,2.2785418877868464,False,0.3759620824467292,False
glimepiride,Poverty of speech,3,765,2,51922,94.53185955786736,True,94.95950359242325,True,2.611059266898643,True
glimepiride,Prerenal failure,4,764,6,51918,46.74652395718716,True,47.0157971524878,True,2.8008713796045077,True
glimepiride,Prescription drug used without a prescription,1,767,18,51906,5.474818121112009,False,5.483563693987147,False,0.9491058188867711,False
glimepiride,Product administration error,2,766,38,51886,4.3845945991589685,False,4.395633720486949,False,1.20688059329282,False
glimepiride,Product appearance confusion,1,767,5,51919,18.41529731646767,False,18.44933372816109,False,1.352420588695024,False
glimepiride,Product dose omission issue,1,767,45,51879,2.2260249503422456,False,2.228421090310341,False,0.35788402257729696,False
glimepiride,Product packaging confusion,1,767,4,51920,22.50758560901604,False,22.549619978284472,False,1.3886668455621953,False
glimepiride,Product physical issue,1,767,8,51916,11.915780616537901,False,11.937114389729834,False,1.248845027560723,False
glimepiride,Product prescribing error,2,766,52,51872,3.2153693727165766,False,3.2225949740626842,False,0.9578437962753404,False
glimepiride,Product quality issue,1,767,37,51887,2.7009102730819246,False,2.7042345276872966,False,0.5092790450897611,False
glimepiride,Product size issue,1,767,6,51918,15.582174652395718,False,15.610674016537208,False,1.3170627084667559,False
glimepiride,Product substitution issue,8,760,132,51792,4.331648551169124,True,4.368885911701587,True,1.742329102847846,True
glimepiride,Pruritus,3,765,163,51761,1.4454412776432317,False,1.4474779131386613,False,0.261636368132617,True
glimepiride,Pulmonary embolism,1,767,31,51893,3.2153693727165766,False,3.2196990848456646,False,0.6342573577302887,False
glimepiride,Pyrexia,2,766,133,51791,1.2644711016301144,False,1.2653336949165794,False,0.018783806886395037,False
glimepiride,Quadriparesis,2,766,1,51923,112.53792804508018,False,112.90171776473146,False,2.2009768962034304,False
glimepiride,Rash,6,762,139,51785,3.1462216442710593,True,3.1645173041894354,True,1.3145041429196003,True
glimepiride,Rash pruritic,1,767,23,51901,4.309963201726475,False,4.316432185182618,False,0.8197563490619999,False
glimepiride,Renal failure,6,762,397,51527,1.1041457091215416,False,1.105033508609135,False,0.028278534640311385,True
glimepiride,Renal impairment,8,760,213,51711,2.688259639484351,True,2.707129076612053,True,1.1917204441343612,True
glimepiride,Reperfusion injury,2,766,0,51924,337.61378413524056,False,338.71167645140247,False,2.240177984503179,False
glimepiride,Respiratory arrest,1,767,23,51901,4.309963201726475,False,4.316432185182618,False,0.8197563490619999,False
glimepiride,Respiratory tract infection,1,767,11,51913,8.807316107875842,False,8.822574706132276,False,1.152209977680086,False
glimepiride,Restlessness,2,766,20,51904,8.234482539883917,False,8.258078373347335,False,1.6070787840058738,False
glimepiride,Rhabdomyolysis,2,766,91,51833,1.8448840663127901,False,1.8476397221063738,False,0.4301201823879772,False
glimepiride,Seizure,3,765,76,51848,3.0892764561394563,True,3.098828993822654,True,1.0836250036392125,True
glimepiride,Septic shock,1,767,94,51830,1.0717897909055256,False,1.071930096685797,False,-0.3293344460065525,False
glimepiride,Skin burning sensation,2,766,4,51920,37.51264268169339,False,37.631731535841126,False,2.08938618286123,False
glimepiride,Skin discolouration,2,766,31,51893,5.358948954527627,False,5.373166009173837,False,1.3496268329015932,False
glimepiride,Skin lesion,3,765,11,51913,20.550404251710297,True,20.639792122227586,True,2.313597450923733,True
glimepiride,Skin mass,1,767,1,51923,67.52275682704811,False,67.65276872964169,False,1.503212390336973,False
glimepiride,Skin odour abnormal,1,767,4,51920,22.50758560901604,False,22.549619978284472,False,1.3886668455621953,False
glimepiride,Somnolence,2,766,110,51814,1.5276641816074235,False,1.5293851998122747,False,0.22942973108083833,False
glimepiride,Spinal pain,1,767,6,51918,15.582174652395718,False,15.610674016537208,False,1.3170627084667559,False
glimepiride,Stress cardiomyopathy,5,763,4,51920,82.52781389972547,True,83.11511314851197,True,3.1233141454768645,True
glimepiride,Suicide attempt,1,767,223,51701,0.4531728646110612,False,0.45210414708261376,False,-1.327633694457824,False
glimepiride,Swelling face,1,767,14,51910,6.985112775211875,False,6.996810064023363,False,1.0616434117947726,False
glimepiride,Tachycardia,1,767,114,51810,0.8845776003543422,False,0.8843520191172496,False,-0.5368193302879263,False
glimepiride,Therapeutic product effect decreased,1,767,36,51888,2.7749078148101964,False,2.7783766900182947,False,0.5293713038211176,False
glimepiride,Therapeutic product effect incomplete,1,767,57,51867,1.7614632215751682,False,1.7629514233111456,False,0.15696431098648844,False
glimepiride,Therapeutic product effect variable,1,767,3,51921,28.938324354449193,False,28.992926942764075,False,1.4258472735620122,False
glimepiride,Therapeutic response decreased,2,766,11,51913,14.678860179793068,False,14.723474857483195,False,1.8583506694322127,False
glimepiride,Therapy change,1,767,4,51920,22.50758560901604,False,22.549619978284472,False,1.3886668455621953,False
glimepiride,Therapy interrupted,1,767,6,51918,15.582174652395718,False,15.610674016537208,False,1.3170627084667559,False
glimepiride,Therapy non-responder,2,766,49,51875,3.4102402437903083,False,3.418101431800062,False,1.0077087991867613,False
glimepiride,Therapy partial responder,1,767,8,51916,11.915780616537901,False,11.937114389729834,False,1.248845027560723,False
glimepiride,Torticollis,1,767,0,51924,202.56827048114437,False,202.96221498371335,False,1.5435084781766941,False
glimepiride,Toxic epidermal necrolysis,6,762,14,51910,30.268822025918123,True,30.518326738270208,True,3.0377687076816553,True
glimepiride,Toxicity to various agents,10,758,1105,50819,0.6413287622650432,False,0.6363636363636364,False,-0.6738943584724566,False
glimepiride,Transcatheter aortic valve implantation,1,767,0,51924,202.56827048114437,False,202.96221498371335,False,1.5435084781766941,False
glimepiride,Treatment failure,1,767,51,51873,1.9666822376810131,False,1.9685715189272952,False,0.25392930577221073,False
glimepiride,Tremor,5,763,73,51851,5.052723299983192,True,5.081917770382547,True,1.7484911021573764,True
glimepiride,Troponin increased,1,767,1,51923,67.52275682704811,False,67.65276872964169,False,1.503212390336973,False
glimepiride,Unevaluable event,1,767,19,51905,5.19405821746524,False,5.202255073916311,False,0.9222914902617195,False
glimepiride,Unhealthy diet,1,767,0,51924,202.56827048114437,False,202.96221498371335,False,1.5435084781766941,False
glimepiride,Unresponsive to stimuli,2,766,37,51887,4.501517121803207,False,4.512937595129376,False,1.2264283640583167,False
glimepiride,Urinary retention,1,767,37,51887,2.7009102730819246,False,2.7042345276872966,False,0.5092790450897611,False
glimepiride,Urinary tract infection,1,767,205,51719,0.49286683815363586,False,0.491875698423643,False,-1.2234246605797672,False
glimepiride,Urine odour abnormal,1,767,8,51916,11.915780616537901,False,11.937114389729834,False,1.248845027560723,False
glimepiride,Urticaria,1,767,103,51821,0.9785906786528713,False,0.9785488363310202,False,-0.4264099238731447,False
glimepiride,Vertigo,1,767,34,51890,2.935772035958614,False,2.9395553037813342,False,0.5704152910062171,False
glimepiride,Vomiting,10,758,613,51311,1.1556462048639042,False,1.1578008326174585,False,0.13223277861499821,True
glimepiride,Weight decreased,4,764,313,51611,0.96922617455093,False,0.9690450336555462,False,-0.18632019594516638,False
glimepiride,Weight increased,4,764,175,51749,1.73135273915508,False,1.7356576277439586,False,0.5334869606679319,True
glimepiride,Wound,2,766,15,51909,10.89076723016905,False,10.923026744944552,False,1.7412431741118015,False
glimepiride,Wound secretion,1,767,0,51924,202.56827048114437,False,202.96221498371335,False,1.5435084781766941,False
glimepiride,Wrong dose,2,766,22,51902,7.502528536338679,False,7.52373704428499,False,1.5567219432282062,False
glipizide,Abdominal discomfort,6,572,216,51898,2.7023377887334616,True,2.7216656413566365,True,1.1469767891687475,True
glipizide,Abdominal pain upper,1,577,206,51908,0.6538157548081146,False,0.6529165749504733,False,-0.8852709690243066,False
glipizide,Accidental exposure to product,2,576,27,52087,8.182603234416705,False,8.213750689899866,False,1.6115564050982176,False
glipizide,Accidental overdose,6,572,75,52039,7.749087831268802,True,7.825715029353075,True,2.226889706611165,True
glipizide,Acute kidney injury,2,576,1835,50279,0.12259416450365536,False,0.11878928230289064,False,-3.046197733414649,False
glipizide,Adverse drug reaction,4,574,144,51970,2.803037094142747,True,2.8171601001020896,True,1.083499743470823,True
glipizide,Adverse event,1,577,57,52057,2.3480513629195765,False,2.351552795031056,False,0.40071317077868945,False
glipizide,Amnesia,2,576,22,52092,10.00095950873153,False,10.039992290642768,False,1.7116706955071477,False
glipizide,Anaemia,2,576,106,52008,2.1128787694503233,False,2.117704783194687,False,0.56943983793262,False
glipizide,Anterograde amnesia,3,575,0,52114,630.0604490500864,True,633.8861859252823,True,2.715395926713379,True
glipizide,Anxiety,2,576,94,52020,2.3811808354122688,False,2.387170344672513,False,0.6868116634108874,False
glipizide,Arthralgia,2,576,216,51898,1.0393606879744084,False,1.0395313761269427,False,-0.2098055597261503,False
glipizide,Asthenia,1,577,309,51805,0.43622925159249,False,0.4347649119862367,False,-1.3787025669883632,False
glipizide,Asthenopia,1,577,1,52113,90.00863557858376,False,90.23982683982683,False,1.5230099029216133,False
glipizide,Asthma,1,577,82,52032,1.6365206468833413,False,1.6381739472648564,False,0.08879593929883853,False
glipizide,Back pain,3,575,113,52001,2.7755966918506005,True,2.786395281635965,True,0.9816089938801517,True
glipizide,Bladder disorder,1,577,4,52110,30.00287852619459,False,30.078210678210677,False,1.4348005023322608,False
glipizide,Bleeding time prolonged,1,577,0,52114,270.02590673575133,False,270.72467532467533,False,1.5536536792334885,False
glipizide,Blood blister,1,577,0,52114,270.02590673575133,False,270.72467532467533,False,1.5536536792334885,False
glipizide,Blood cholesterol increased,1,577,40,52074,3.3336531695771767,False,3.339714606381273,False,0.6593493327800771,False
glipizide,Blood count abnormal,1,577,24,52090,5.5107327905255366,False,5.522448979591837,False,0.9541187364467372,False
glipizide,Blood creatine phosphokinase increased,1,577,34,52080,3.9134189381992943,False,3.920986260116695,False,0.7629596964460881,False
glipizide,Blood creatinine increased,2,576,161,51953,1.3933225321762193,False,1.3950281806245117,False,0.1278326182498735,False
glipizide,Blood glucose decreased,15,563,94,52020,14.763321179556067,True,15.141904104637025,True,3.1923448148976568,True
glipizide,Blood glucose fluctuation,2,576,63,52051,3.5436470700229825,False,3.5546776297368727,False,1.0433349110363304,False
glipizide,Blood glucose increased,10,568,426,51688,2.2159218606685336,True,2.2383795203642585,True,0.9910524530344009,True
glipizide,Blood iron decreased,1,577,10,52104,12.858376511226252,False,12.88917748917749,False,1.2730793396312325,False
glipizide,Blood magnesium decreased,2,576,4,52110,50.004797543657645,False,50.21730750698661,False,2.143522087463794,False
glipizide,Blood pressure fluctuation,1,577,21,52093,6.279672249668635,False,6.293385684083359,False,1.0167806229720273,False
glipizide,Blood pressure increased,2,576,137,51977,1.6365206468833413,False,1.6392809272254198,False,0.30418602574864295,False
glipizide,Blood urea increased,1,577,23,52091,5.745232058207475,False,5.75755733628074,False,0.9747051013409416,False
glipizide,Body height decreased,2,576,5,52109,40.91301617208353,False,41.086099503272095,False,2.1158204180700375,False
glipizide,Body mass index increased,1,577,6,52108,20.77122359505779,False,20.82257742257742,False,1.3788548239038314,False
glipizide,Bradycardia,1,577,116,51998,1.1589094709688899,False,1.159322222841536,False,-0.24968451280613485,False
glipizide,Brain injury,5,573,7,52107,66.0063327576281,True,66.62975879104911,True,3.1222734276384867,True
glipizide,COVID-19,1,577,55,52059,2.43266582644821,False,2.4363870363870364,False,0.42884189471359374,False
glipizide,Cardiac arrest,2,576,219,51895,1.025155302717355,False,1.0252643890257562,False,-0.22613312065190494,False
glipizide,Cardiac failure congestive,1,577,21,52093,6.279672249668635,False,6.293385684083359,False,1.0167806229720273,False
glipizide,Cardio-respiratory arrest,1,577,72,52042,1.8622476326603539,False,1.86448723690103,False,0.20560024916231723,False
glipizide,Central nervous system lesion,1,577,8,52106,15.8838768668089,False,15.922536287242169,False,1.3249978932296518,False
glipizide,Chest discomfort,1,577,63,52051,2.12618824201379,False,2.1291134062787607,False,0.31947512836812203,False
glipizide,Chest pain,2,576,86,52028,2.6014056525602247,False,2.608350169700555,False,0.7707243221987109,False
glipizide,Chronic kidney disease,1,577,52,52062,2.5716753022452505,False,2.5757575757575757,False,0.4720908193576402,False
glipizide,Chronic obstructive pulmonary disease,1,577,26,52088,5.09482842897644,False,5.105464346973781,False,0.9138068503470992,False
glipizide,Coma,2,576,134,51980,1.6730229661446796,False,1.6759415392849428,False,0.3278267887211169,False
glipizide,Completed suicide,9,569,278,51836,3.070312524224581,True,3.104848027262568,True,1.3807348437701155,True
glipizide,Condition aggravated,2,576,234,51880,0.9595803366586755,False,0.9594050562452267,False,-0.3051090605995677,False
glipizide,Confusional state,7,571,194,51920,3.4707700094569574,True,3.503194812730671,True,1.471341561983807,True
glipizide,Constipation,3,575,133,51981,2.359776962734406,True,2.368046674931748,True,0.8132536158913587,True
glipizide,Contusion,1,577,25,52089,5.294625622269633,False,5.305780494015788,False,0.9338219982832483,False
glipizide,Cough,2,576,144,51970,1.557242830079304,False,1.559659321103065,False,0.2504856820436304,False
glipizide,Crying,1,577,6,52108,20.77122359505779,False,20.82257742257742,False,1.3788548239038314,False
glipizide,Cystitis,1,577,34,52080,3.9134189381992943,False,3.920986260116695,False,0.7629596964460881,False
glipizide,Death,3,575,199,51915,1.5790988697997153,False,1.582620756931425,False,0.3659669320921098,True
glipizide,Decreased appetite,2,576,197,51917,1.1393498174504275,False,1.1399541098071075,False,-0.10187164897212167,False
glipizide,Dental caries,1,577,1,52113,90.00863557858376,False,90.23982683982683,False,1.5230099029216133,False
glipizide,Depression,2,576,69,52045,3.237720704265603,False,3.247424610181759,False,0.9671059639702303,False
glipizide,Diabetes mellitus,1,577,181,51933,0.7438730213106096,False,0.743207756430897,False,-0.734905164543695,False
glipizide,Diabetes mellitus inadequate control,3,575,279,51835,1.1271206601969346,False,1.1278937658627717,False,-0.037983698886410094,False
glipizide,Dialysis,1,577,12,52102,10.801036269430051,False,10.826493506493506,False,1.2229644677858496,False
glipizide,Diarrhoea,9,569,1086,51028,0.7870060174841655,False,0.7834530010945246,False,-0.3972554375059058,False
glipizide,Disinhibition,5,573,0,52114,990.0949913644215,True,999.5806451612904,True,3.3092696202484015,True
glipizide,Disorientation,6,572,29,52085,19.832411229179478,True,20.046228998593737,True,2.878436913866024,True
glipizide,Disturbance in attention,1,577,39,52075,3.4180494523512825,False,3.4243301002794673,False,0.6761091983548949,False
glipizide,Dizziness,8,570,327,51787,2.3361019921159145,True,2.3560088579055467,True,1.025772556410098,True
glipizide,Drooling,1,577,1,52113,90.00863557858376,False,90.23982683982683,False,1.5230099029216133,False
glipizide,Drug dispensed to wrong patient,1,577,0,52114,270.02590673575133,False,270.72467532467533,False,1.5536536792334885,False
glipizide,Drug hypersensitivity,7,571,103,52011,6.522364896998823,True,6.594836877274399,True,2.1357362383209875,True
glipizide,Drug ineffective,44,534,601,51513,6.658992989604285,True,7.13013459491278,True,2.554436578949542,True
glipizide,Drug interaction,3,575,338,51776,0.9306653604875722,False,0.9302436902212065,False,-0.2769025380097288,False
glipizide,Drug intolerance,2,576,136,51978,1.6485098091315706,False,1.6513220806369115,False,0.3120233154256227,False
glipizide,Drug monitoring procedure not performed,1,577,1,52113,90.00863557858376,False,90.23982683982683,False,1.5230099029216133,False
glipizide,Drug screen positive,2,576,2,52112,90.00863557858376,False,90.39462272333044,False,2.200574105654045,False
glipizide,Dysarthria,1,577,39,52075,3.4180494523512825,False,3.4243301002794673,False,0.6761091983548949,False
glipizide,Dyspepsia,1,577,66,52048,2.030269975456777,False,2.032946001367054,False,0.280509545106721,False
glipizide,Dysphagia,1,577,33,52081,4.030237413966438,False,4.03810816049622,False,0.7809753070847423,False
glipizide,Dyspnoea,5,573,373,51741,1.3254283686270703,False,1.3285493032869635,False,0.24330711598726545,True
glipizide,Dysstasia,1,577,19,52095,6.923741198352598,False,6.939127539127539,False,1.0601202157066083,False
glipizide,Ear pain,1,577,9,52105,14.211889828197437,False,14.246206425153794,False,1.2988050786167966,False
glipizide,Eating disorder,2,576,36,52078,6.164975039629025,False,6.187373023322126,False,1.4471901824156208,False
glipizide,Eosinophil count increased,1,577,9,52105,14.211889828197437,False,14.246206425153794,False,1.2988050786167966,False
glipizide,Erythema,1,577,61,52053,2.195332575087409,False,2.198437335022701,False,0.34604942125778143,False
glipizide,Expiratory reserve volume decreased,1,577,4,52110,30.00287852619459,False,30.078210678210677,False,1.4348005023322608,False
glipizide,Fall,5,573,191,51923,2.585104416095095,True,2.600305940573775,True,1.053437192564918,True
glipizide,Fatigue,6,572,435,51679,1.3434124713221458,False,1.347311477546764,False,0.284273245044807,True
glipizide,Fear,1,577,11,52103,11.740256814597883,False,11.76815358554489,False,1.2478043097223455,False
glipizide,Feeling abnormal,4,574,101,52013,3.990530641415044,True,4.013955163410462,True,1.4458966869993701,True
glipizide,Forced expiratory volume decreased,1,577,13,52101,10.00095950873153,False,10.024338624338624,False,1.1985450809172034,False
glipizide,Fungal infection,1,577,29,52085,4.576710283656802,False,4.586000440237728,False,0.8553754259754077,False
glipizide,Fungal test positive,1,577,0,52114,270.02590673575133,False,270.72467532467533,False,1.5536536792334885,False
glipizide,Gait inability,1,577,69,52045,1.942632422559362,False,1.9450808184621133,False,0.24256876075243544,False
glipizide,Gastric disorder,1,577,49,52065,2.7275344114722353,False,2.7320215138396957,False,0.516676428806207,False
glipizide,Gastritis,1,577,27,52087,4.909561940650024,False,4.919716646989374,False,0.894065586055728,False
glipizide,Gastrointestinal disorder,1,577,130,51984,1.034582018144641,False,1.0346718415683933,False,-0.3688557426105598,False
glipizide,General physical health deterioration,1,577,148,51966,0.9091781371574118,False,0.9089422362149635,False,-0.508896230346544,False
glipizide,Glycosylated haemoglobin abnormal,1,577,11,52103,11.740256814597883,False,11.76815358554489,False,1.2478043097223455,False
glipizide,Glycosylated haemoglobin decreased,1,577,16,52098,8.182603234416707,False,8.201259346713892,False,1.1276730722125654,False
glipizide,Glycosylated haemoglobin increased,12,566,150,51964,7.475800297224565,True,7.618690859828814,True,2.4566940498398924,True
glipizide,Headache,6,572,319,51795,1.8311616001902802,False,1.8405983694500823,False,0.6771640247992268,True
glipizide,Heart rate decreased,1,577,43,52071,3.103746054433923,False,3.109210329899985,False,0.6102072008838761,False
glipizide,Heart rate increased,2,576,54,52060,4.128836494430448,False,4.142404735950095,False,1.1658074888798,False
glipizide,Heart rate irregular,1,577,23,52091,5.745232058207475,False,5.75755733628074,False,0.9747051013409416,False
glipizide,Hyperhidrosis,1,577,111,52003,1.2108785055414857,False,1.2114262419195154,False,-0.20461952984031442,False
glipizide,Hypersensitivity,2,576,73,52041,3.0615182169586315,False,3.070458018419857,False,0.918436176018153,False
glipizide,Hypertension,3,575,174,51940,1.8053307995704482,False,1.8102285542159677,False,0.5195368823543847,True
glipizide,Hyperthyroidism,1,577,10,52104,12.858376511226252,False,12.88917748917749,False,1.2730793396312325,False
glipizide,Hypoacusis,1,577,10,52104,12.858376511226252,False,12.88917748917749,False,1.2730793396312325,False
glipizide,Hypoaesthesia,1,577,88,52026,1.5255700945522672,False,1.5269352116809745,False,0.022998826627601936,False
glipizide,Hypoglycaemia,43,535,837,51277,4.6750754002010675,True,4.9736109369120785,True,2.099098203007225,True
glipizide,Hypoglycaemic coma,5,573,62,52052,7.920759930915371,True,7.987131647776809,True,2.1549786630228622,True
glipizide,Hypokalaemia,1,577,69,52045,1.942632422559362,False,1.9450808184621133,False,0.24256876075243544,False
glipizide,Hypophagia,1,577,53,52061,2.523606605007022,False,2.5275640247602866,False,0.45752997820129304,False
glipizide,Hypotension,1,577,408,51706,0.33050906577203343,False,0.3287701282805322,False,-1.7330614365099755,False
glipizide,Hypoxia,6,572,18,52096,31.624655743826732,True,31.97235925882214,True,3.0901823187608777,True
glipizide,Ill-defined disorder,1,577,9,52105,14.211889828197437,False,14.246206425153794,False,1.2988050786167966,False
glipizide,Illness,2,576,81,52033,2.7610010913676,False,2.768637696273791,False,0.8257615334650449,False
glipizide,Inappropriate schedule of product administration,1,577,75,52039,1.788251037985108,False,1.7902984432785758,False,0.1695554218382701,False
glipizide,Incorrect dose administered,3,575,37,52077,8.400805987334486,True,8.445815233130611,True,1.8985016196913427,True
glipizide,Increased appetite,1,577,5,52109,24.547809703250117,False,24.60897284533648,False,1.406556493297588,False
glipizide,Increased tendency to bruise,1,577,0,52114,270.02590673575133,False,270.72467532467533,False,1.5536536792334885,False
glipizide,Influenza,1,577,61,52053,2.195332575087409,False,2.198437335022701,False,0.34604942125778143,False
glipizide,Injury,1,577,4,52110,30.00287852619459,False,30.078210678210677,False,1.4348005023322608,False
glipizide,Insomnia,2,576,86,52028,2.6014056525602247,False,2.608350169700555,False,0.7707243221987109,False
glipizide,Inspiratory capacity decreased,1,577,4,52110,30.00287852619459,False,30.078210678210677,False,1.4348005023322608,False
glipizide,Intentional overdose,1,577,339,51775,0.3976817477698841,False,0.3961172847770786,False,-1.4955581925256938,False
glipizide,Intentional product misuse,1,577,73,52041,1.836910930175179,False,1.8390847247990105,False,0.19348496877015314,False
glipizide,Intentional product use issue,1,577,29,52085,4.576710283656802,False,4.586000440237728,False,0.8553754259754077,False
glipizide,Intercepted product dispensing error,2,576,1,52113,150.01439263097294,False,150.66059554784619,False,2.229969099543137,False
glipizide,Lactic acidosis,1,577,3088,49026,0.043714733161041165,False,0.04123087532509582,False,-4.518723902129517,False
glipizide,Lactose intolerance,1,577,1,52113,90.00863557858376,False,90.23982683982683,False,1.5230099029216133,False
glipizide,Lethargy,2,576,75,52039,2.9804183966418463,False,2.989006507642028,False,0.8947034572807472,False
glipizide,Limb discomfort,1,577,40,52074,3.3336531695771767,False,3.339714606381273,False,0.6593493327800771,False
glipizide,Limb injury,1,577,11,52103,11.740256814597883,False,11.76815358554489,False,1.2478043097223455,False
glipizide,Lip swelling,1,577,11,52103,11.740256814597883,False,11.76815358554489,False,1.2478043097223455,False
glipizide,Loss of consciousness,2,576,130,51984,1.7243033635744016,False,1.727444314847491,False,0.3599627532812967,False
glipizide,Malaise,8,570,374,51740,2.0429196326247316,True,2.058458312514846,True,0.8577784795447596,True
glipizide,Malnutrition,1,577,6,52108,20.77122359505779,False,20.82257742257742,False,1.3788548239038314,False
glipizide,Mental status changes,3,575,90,52024,3.4809969560778256,True,3.496085556158229,True,1.203136619721867,True
glipizide,Metabolic disorder,1,577,24,52090,5.5107327905255366,False,5.522448979591837,False,0.9541187364467372,False
glipizide,Muscle spasms,2,576,96,52018,2.3318299372690094,False,2.337605435696022,False,0.6665745278775193,False
glipizide,Muscle twitching,1,577,2,52112,54.00518134715026,False,54.142857142857146,False,1.4930035053769308,False
glipizide,Musculoskeletal discomfort,1,577,4,52110,30.00287852619459,False,30.078210678210677,False,1.4348005023322608,False
glipizide,Musculoskeletal pain,1,577,33,52081,4.030237413966438,False,4.03810816049622,False,0.7809753070847423,False
glipizide,Myalgia,1,577,104,52010,1.291989984381585,False,1.2927483999254334,False,-0.13906581372178603,False
glipizide,Myocardial infarction,4,574,134,51980,3.0114413390604233,True,3.027196754248886,True,1.1600202219805729,True
glipizide,Myoclonus,1,577,3,52111,38.575129533678755,False,38.67272727272727,False,1.463608511487839,False
glipizide,Nausea,5,573,654,51460,0.756375088895662,False,0.7540386686496744,False,-0.4908201496266936,False
glipizide,Nephropathy toxic,2,576,27,52087,8.182603234416705,False,8.213750689899866,False,1.6115564050982176,False
glipizide,Nervousness,2,576,42,52072,5.294625622269633,False,5.313249324014081,False,1.3471727950500825,False
glipizide,Neuropathy peripheral,1,577,44,52070,3.033998952087093,False,3.0392820662483584,False,0.5941915614711979,False
glipizide,Neuropsychiatric symptoms,2,576,1,52113,150.01439263097294,False,150.66059554784619,False,2.229969099543137,False
glipizide,Neutrophil percentage increased,1,577,0,52114,270.02590673575133,False,270.72467532467533,False,1.5536536792334885,False
glipizide,Obstructive airways disorder,1,577,14,52100,9.31123816330177,False,9.332825794894761,False,1.1745321519298066,False
glipizide,Ocular discomfort,1,577,6,52108,20.77122359505779,False,20.82257742257742,False,1.3788548239038314,False
glipizide,Oedema peripheral,1,577,88,52026,1.5255700945522672,False,1.5269352116809745,False,0.022998826627601936,False
glipizide,Off label use,7,571,260,51854,2.5914194504390715,True,2.6123042201298734,True,1.1291735020065232,True
glipizide,Oropharyngeal pain,1,577,46,52068,2.9035043735027024,False,2.908448540706605,False,0.5626839906418807,False
glipizide,Orthopnoea,1,577,4,52110,30.00287852619459,False,30.078210678210677,False,1.4348005023322608,False
glipizide,Osteoporosis,1,577,11,52103,11.740256814597883,False,11.76815358554489,False,1.2478043097223455,False
glipizide,Overdose,2,576,419,51695,0.5364042644730856,False,0.5343938753337668,False,-1.0336859905990117,False
glipizide,Pain,3,575,206,51908,1.5255700945522674,False,1.5287664374383365,False,0.3257428338187275,True
glipizide,Pain in extremity,2,576,149,51965,1.5051611300766514,False,1.507351768108207,False,0.21331634292079674,False
glipizide,Pancreatic disorder,2,576,11,52103,19.567094690996473,False,19.64761114672499,False,1.9599300619520559,False
glipizide,Pancytopenia,1,577,53,52061,2.523606605007022,False,2.5275640247602866,False,0.45752997820129304,False
glipizide,Parkinson's disease,1,577,6,52108,20.77122359505779,False,20.82257742257742,False,1.3788548239038314,False
glipizide,Pemphigoid,1,577,78,52036,1.719910233985677,False,1.7217801306973282,False,0.13438924392033194,False
glipizide,Peripheral swelling,3,575,99,52015,3.1661329097994293,True,3.1793066112491215,True,1.1123592948303886,True
glipizide,Perseveration,4,574,0,52114,810.0777202072538,True,816.4151436031332,True,3.0485710122089955,True
glipizide,Petechiae,1,577,1,52113,90.00863557858376,False,90.23982683982683,False,1.5230099029216133,False
glipizide,Pneumonia,1,577,184,51930,0.7317775250291363,False,0.7310808432759652,False,-0.7537986608638158,False
glipizide,Pollakiuria,1,577,86,52028,1.5608433915361348,False,1.5623001276180466,False,0.044599482277604165,False
glipizide,Poor quality product administered,1,577,2,52112,54.00518134715026,False,54.142857142857146,False,1.4930035053769308,False
glipizide,Product administered by wrong person,1,577,0,52114,270.02590673575133,False,270.72467532467533,False,1.5536536792334885,False
glipizide,Product appearance confusion,2,576,4,52110,50.004797543657645,False,50.21730750698661,False,2.143522087463794,False
glipizide,Product dispensing error,3,575,30,52084,10.32885982049322,True,10.38559484980986,True,2.0216111563110517,True
glipizide,Product label confusion,2,576,2,52112,90.00863557858376,False,90.39462272333044,False,2.200574105654045,False
glipizide,Product measured potency issue,1,577,4,52110,30.00287852619459,False,30.078210678210677,False,1.4348005023322608,False
glipizide,Product odour abnormal,1,577,92,52022,1.459599495868926,False,1.4607932607932608,False,-0.01925580161458092,False
glipizide,Product packaging confusion,1,577,4,52110,30.00287852619459,False,30.078210678210677,False,1.4348005023322608,False
glipizide,Product prescribing error,2,576,52,52062,4.286125503742085,False,4.300375831165077,False,1.1944955723674993,False
glipizide,Product quality issue,5,573,33,52081,14.777537184543604,True,14.909667009329985,True,2.5846937061655555,True
glipizide,Product residue present,1,577,50,52064,2.6735238290668444,False,2.6778706442072777,False,0.5016609383744794,False
glipizide,Product substitution issue,3,575,137,51977,2.2911289056366777,True,2.2989811231340336,True,0.781817908564111,True
glipizide,Product taste abnormal,1,577,47,52067,2.8423779656394874,False,2.847163362952837,False,0.5471845435279936,False
glipizide,Product use issue,1,577,27,52087,4.909561940650024,False,4.919716646989374,False,0.894065586055728,False
glipizide,Pruritus,2,576,164,51950,1.3679123948113034,False,1.3695078518573194,False,0.10723031633962721,False
glipizide,Pseudomembranous colitis,1,577,7,52107,18.001727115716754,False,18.045887445887445,False,1.3516750580068282,False
glipizide,Psoriasis,1,577,35,52079,3.8031817850105814,False,3.8104627766599597,False,0.745166283366254,False
glipizide,Pulmonary embolism,1,577,31,52083,4.286125503742085,False,4.294660894660895,False,0.817695815736566,False
glipizide,Pyrexia,1,577,134,51980,1.0038137796868078,False,1.0038236856080722,False,-0.4011716736163706,False
glipizide,Rash,2,576,143,51971,1.5680946964910063,False,1.5705582467793455,False,0.2580358621046814,False
glipizide,Rash macular,1,577,5,52109,24.547809703250117,False,24.60897284533648,False,1.406556493297588,False
glipizide,Rash pruritic,1,577,23,52091,5.745232058207475,False,5.75755733628074,False,0.9747051013409416,False
glipizide,Renal disorder,1,577,36,52078,3.6989850237774147,False,3.7059953744885252,False,0.7275896535580298,False
glipizide,Renal failure,3,575,400,51714,0.7865923209114687,False,0.7852944462341274,False,-0.491500158299901,False
glipizide,Renal impairment,1,577,220,51894,0.6123036433917263,False,0.6112966398680685,False,-0.9630987148181109,False
glipizide,Renal tubular necrosis,1,577,103,52011,1.3044729793997647,False,1.3052638183072967,False,-0.1294530222852561,False
glipizide,Respiration abnormal,1,577,11,52103,11.740256814597883,False,11.76815358554489,False,1.2478043097223455,False
glipizide,Respiratory arrest,2,576,22,52092,10.00095950873153,False,10.039992290642768,False,1.7116706955071477,False
glipizide,Respiratory failure,1,577,119,51995,1.1298155093546078,False,1.1301526924957888,False,-0.27606293195629955,False
glipizide,Retrograde amnesia,3,575,0,52114,630.0604490500864,True,633.8861859252823,True,2.715395926713379,True
glipizide,Road traffic accident,1,577,4,52110,30.00287852619459,False,30.078210678210677,False,1.4348005023322608,False
glipizide,Seizure,7,571,72,52042,9.311238163301768,True,9.420309530274233,True,2.456317338807694,True
glipizide,Skin abrasion,1,577,5,52109,24.547809703250117,False,24.60897284533648,False,1.406556493297588,False
glipizide,Skin hyperpigmentation,1,577,1,52113,90.00863557858376,False,90.23982683982683,False,1.5230099029216133,False
glipizide,Sleep disorder,2,576,53,52061,4.206011008345036,False,4.219913918181745,False,1.1800802237507777,False
glipizide,Speech disorder,1,577,22,52092,6.0005757052389175,False,6.013564213564214,False,0.9955894784950032,False
glipizide,Spinal compression fracture,1,577,2,52112,54.00518134715026,False,54.142857142857146,False,1.4930035053769308,False
glipizide,Stress,1,577,50,52064,2.6735238290668444,False,2.6778706442072777,False,0.5016609383744794,False
glipizide,Swelling,1,577,38,52076,3.50682995760716,False,3.513341204250295,False,0.6930660548818097,False
glipizide,Syncope,4,574,69,52045,5.827897267678086,True,5.865713695362248,True,1.7905627498834733,True
glipizide,Tenderness,1,577,5,52109,24.547809703250117,False,24.60897284533648,False,1.406556493297588,False
glipizide,Therapeutic product effect incomplete,1,577,57,52057,2.3480513629195765,False,2.351552795031056,False,0.40071317077868945,False
glipizide,Therapeutic product effect variable,1,577,3,52111,38.575129533678755,False,38.67272727272727,False,1.463608511487839,False
glipizide,Therapy cessation,1,577,20,52094,6.585997725262227,False,6.600506810262908,False,1.0382876814060509,False
glipizide,Therapy non-responder,3,575,48,52066,6.495468546908107,True,6.52889016274508,True,1.7240533597109273,True
glipizide,Thrombosis,1,577,27,52087,4.909561940650024,False,4.919716646989374,False,0.894065586055728,False
glipizide,Toxicity to various agents,2,576,1113,51001,0.2020849474148715,False,0.1986247780628111,False,-2.3483331595243566,False
glipizide,Transcription medication error,1,577,4,52110,30.00287852619459,False,30.078210678210677,False,1.4348005023322608,False
glipizide,Treatment failure,1,577,51,52063,2.6216107450072945,False,2.625822720968352,False,0.4868001199037826,False
glipizide,Treatment noncompliance,2,576,53,52061,4.206011008345036,False,4.219913918181745,False,1.1800802237507777,False
glipizide,Tremor,3,575,75,52039,4.172585755298585,True,4.191880368927682,True,1.3684087410264492,True
glipizide,Tubulointerstitial nephritis,3,575,13,52101,23.335572187040235,True,23.471409724233357,True,2.37330479250631,True
glipizide,Type 2 diabetes mellitus,1,577,75,52039,1.788251037985108,False,1.7902984432785758,False,0.1695554218382701,False
glipizide,Unresponsive to stimuli,1,577,38,52076,3.50682995760716,False,3.513341204250295,False,0.6930660548818097,False
glipizide,Urinary incontinence,1,577,30,52084,4.426654208782809,False,4.435554609325101,False,0.8364126121260297,False
glipizide,Urinary tract infection,1,577,205,51909,0.6569973399896626,False,0.6561064239896357,False,-0.8795478279277654,False
glipizide,Urticaria,2,576,102,52012,2.195332575087409,False,2.2005161508683604,False,0.60751257188095,False
glipizide,Vaginal discharge,1,577,0,52114,270.02590673575133,False,270.72467532467533,False,1.5536536792334885,False
glipizide,Vein disorder,1,577,1,52113,90.00863557858376,False,90.23982683982683,False,1.5230099029216133,False
glipizide,Vision blurred,2,576,73,52041,3.0615182169586315,False,3.070458018419857,False,0.918436176018153,False
glipizide,Visual impairment,1,577,84,52030,1.597786430389061,False,1.5993391224160456,False,0.0665284745341172,False
glipizide,Vital capacity decreased,1,577,4,52110,30.00287852619459,False,30.078210678210677,False,1.4348005023322608,False
glipizide,Vitreous floaters,1,577,8,52106,15.8838768668089,False,15.922536287242169,False,1.3249978932296518,False
glipizide,Vomiting,2,576,621,51493,0.3620620900184383,False,0.3592956636958817,False,-1.5526604934585004,False
glipizide,Vulvovaginal pain,1,577,0,52114,270.02590673575133,False,270.72467532467533,False,1.5536536792334885,False
glipizide,Weight decreased,4,574,313,51801,1.2919899843815852,False,1.2942771121965846,False,0.17813486928869066,True
glipizide,Weight increased,3,575,176,51938,1.784873793343021,False,1.7896471352660452,False,0.506631468841226,True
glipizide,Wheezing,1,577,42,52072,3.17677537336178,False,3.1824293353705118,False,0.6264026307941292,False
glipizide,Wrong product administered,1,577,9,52105,14.211889828197437,False,14.246206425153794,False,1.2988050786167966,False
glipizide,Wrong technique in product usage process,4,574,36,52078,11.096955071332244,True,11.176043492256518,True,2.261071699076051,True
glyburide,Agitation,1,132,70,52489,8.345506510003174,False,8.42866318747491,False,1.1430302078322003,False
glyburide,Aqueductal stenosis,1,132,0,52559,1176.7164179104475,False,1190.0264150943397,False,1.5776978023441677,False
glyburide,Blood glucose decreased,2,131,107,52452,9.121832696980215,False,9.276240162702273,False,1.6894231962430226,False
glyburide,Blood glucose increased,2,131,434,52125,2.2568400803806057,False,2.280734378486701,False,0.6433976514410161,False
glyburide,Choking,1,132,21,52538,27.365498090940644,False,27.66397542781922,False,1.4330251202297666,False
glyburide,Completed suicide,1,132,286,52273,2.053606313979839,False,2.0655339326286675,False,0.2928670853799673,False
glyburide,Confusional state,2,131,199,52360,4.915273257771293,False,4.989708110580634,False,1.311370844368817,False
glyburide,Counterfeit product administered,17,116,0,52559,13728.358208955222,True,15790.40772532189,True,5.010498746267077,True
glyburide,Death,1,132,201,52358,2.9198918558571902,False,2.9416264806404793,False,0.5707948120548828,False
glyburide,Depressed level of consciousness,1,132,119,52440,4.92349965652907,False,4.967916633772796,False,0.9016841545916593,False
glyburide,Developmental delay,1,132,0,52559,1176.7164179104475,False,1190.0264150943397,False,1.5776978023441677,False
glyburide,Diarrhoea,1,132,1094,51465,0.5375588935177925,False,0.5323237111802581,False,-1.1216308425169625,False
glyburide,Drug hypersensitivity,1,132,109,52450,5.3731343283582085,False,5.422641509433962,False,0.9477672829713853,False
glyburide,Drug ineffective,1,132,644,51915,0.9128909370911154,False,0.9119047967562979,False,-0.5045668380194097,False
glyburide,Exposure during pregnancy,1,132,195,52364,3.0095049051418097,False,3.032254017275491,False,0.5925942278657853,False
glyburide,Factitious disorder,1,132,0,52559,1176.7164179104475,False,1190.0264150943397,False,1.5776978023441677,False
glyburide,Fall,1,132,195,52364,3.0095049051418097,False,3.032254017275491,False,0.5925942278657853,False
glyburide,Foetal exposure during pregnancy,1,132,156,52403,3.759477373515807,False,3.790716740008439,False,0.742934546915347,False
glyburide,General physical health deterioration,1,132,148,52411,3.9620081411126185,False,3.995540308747856,False,0.77580945740679,False
glyburide,Headache,1,132,324,52235,1.8131223696617067,False,1.8223275285635374,False,0.18406038314784742,False
glyburide,Hydrocephalus,1,132,4,52555,130.7462686567164,False,132.21509433962265,False,1.548999388794336,False
glyburide,Hyperglycaemia,1,132,290,52269,2.0253294628407015,False,2.0369369661936156,False,0.2810195624949368,False
glyburide,Hyperhidrosis,2,131,110,52449,8.874181130546363,False,9.023880391583367,False,1.67539773836421,False
glyburide,Hypoglycaemia,26,107,854,51705,12.16422277145577,True,14.916333501163471,True,3.2836721316984154,True
glyburide,Hypoglycaemic seizure,1,132,0,52559,1176.7164179104475,False,1190.0264150943397,False,1.5776978023441677,False
glyburide,Hypophagia,1,132,53,52506,10.997349700097642,False,11.110527243872333,False,1.2371800144382346,False
glyburide,Hypotension,1,132,408,52151,1.4402893732074022,False,1.4452737812059768,False,-0.030790750018944563,False
glyburide,Intentional overdose,4,129,336,52223,5.245392650418044,True,5.392915947150716,True,1.7282345956115808,True
glyburide,Intentional product misuse,1,132,73,52486,8.004873591227536,False,8.084174046977282,False,1.127035064445003,False
glyburide,Loss of consciousness,1,132,131,52428,4.474206912207025,False,4.5135375564961615,False,0.8482597763303574,False
glyburide,Macrocephaly,1,132,0,52559,1176.7164179104475,False,1190.0264150943397,False,1.5776978023441677,False
glyburide,Mental status changes,2,131,91,52468,10.716907266943966,False,10.901639344262295,False,1.7666193930325715,False
glyburide,Migraine,1,132,30,52529,19.29043308049914,False,19.497494587070832,False,1.375204289820586,False
glyburide,Neonatal disorder,1,132,0,52559,1176.7164179104475,False,1190.0264150943397,False,1.5776978023441677,False
glyburide,Night sweats,1,132,10,52549,56.034115138592746,False,56.65714285714286,False,1.5069945741118607,False
glyburide,Pneumonia,1,132,184,52375,3.188933381871132,False,3.213713759779107,False,0.6334359790074493,False
glyburide,Product contamination,17,116,12,52547,549.1343283582089,True,631.4721030042919,True,4.932175100733729,True
glyburide,Product solubility abnormal,1,132,19,52540,30.172215843857632,False,30.50246734397678,False,1.4461950830239207,False
glyburide,Stress,1,132,50,52509,11.65065760307374,False,11.771231085372689,False,1.2544517847424803,False
glyburide,Suicide attempt,4,129,220,52339,8.004873591227536,True,8.248286187061698,True,2.0785312751377063,True
glyburide,Syncope,1,132,72,52487,8.115285640761709,False,8.19583604424203,False,1.132347099028766,False
glyburide,Toxicity to various agents,21,112,1094,51465,7.705010807088359,True,8.986412872443022,True,2.6975283037296447,True
glyburide,Tremor,1,132,77,52482,7.591718825228695,False,7.666342057212416,False,1.1059803822676835,False
glyburide,Vision blurred,1,132,74,52485,7.897425623560052,False,7.9755096872229965,False,1.1217425171576367,False
glyburide,Visual impairment,1,132,84,52475,6.962819040890223,False,7.0303226526738865,False,1.0698582580376874,False
linagliptin,Abdominal discomfort,2,133,220,52337,4.381585967720421,False,4.444911547640279,False,1.2259671689856406,False
linagliptin,Abdominal pain,1,134,303,52254,1.909996123655393,False,1.9201447793095423,False,0.23009755033259888,False
linagliptin,Abnormal loss of weight,1,134,13,52544,42.939542483660134,False,43.407269723254856,False,1.4850107146234002,False
linagliptin,Adverse drug reaction,1,134,147,52410,3.930059820538385,False,3.9627370676075864,False,0.7707243221987111,False
linagliptin,Adverse event,1,134,57,52500,10.08145780051151,False,10.182737999030225,False,1.2095628888813,False
linagliptin,Agranulocytosis,1,134,34,52523,16.80242966751918,False,16.978664942621627,False,1.346977766607461,False
linagliptin,Anuria,1,134,90,52467,6.405346116347092,False,6.465628786789624,False,1.032787417439517,False
linagliptin,Arrhythmia,1,134,44,52513,13.02660277594184,False,13.160728457457918,False,1.285617850694756,False
linagliptin,Arthritis,1,134,35,52522,16.329121789560894,False,16.50007853814336,False,1.3407229972514974,False
linagliptin,Aspiration,1,134,13,52544,42.939542483660134,False,43.407269723254856,False,1.4850107146234002,False
linagliptin,Bile duct stone,1,134,7,52550,77.29117647058824,False,78.14200743494423,False,1.5270022162436627,False
linagliptin,Blood glucose increased,4,131,432,52125,4.020928255695342,True,4.124306028703928,True,1.476553916624366,True
linagliptin,Blood ketone body increased,2,133,10,52547,92.01330532212884,False,93.71767433565186,False,2.2358381164749592,False
linagliptin,Burning sensation,1,134,24,52533,23.660564225690276,False,23.913284272816934,False,1.4110637830577681,False
linagliptin,COVID-19,1,134,55,52502,10.44475357710652,False,10.550085401386516,False,1.2210058459969315,False
linagliptin,Cardiac failure,1,134,124,52433,4.656094968107725,False,4.696869261432346,False,0.8708139889434323,False
linagliptin,Cardiac failure congestive,1,134,21,52536,26.96203830369357,False,27.251577764329557,False,1.4308581715804412,False
linagliptin,Cerebral artery embolism,1,134,5,52552,105.39705882352942,False,106.56133828996282,False,1.541275450580805,False
linagliptin,Cerebral haemorrhage,1,134,19,52538,29.72737556561086,False,30.047755218758937,False,1.4442069409868419,False
linagliptin,Cerebrovascular accident,2,133,106,52451,9.07173432753383,False,9.222890401083154,False,1.686494366747267,False
linagliptin,Coagulopathy,1,134,45,52512,12.740303813833226,False,12.871236570121328,False,1.2796229875658316,False
linagliptin,Cognitive disorder,1,134,27,52530,21.079411764705885,False,21.303345724907064,False,1.3915373101798332,False
linagliptin,Coma,1,134,135,52422,4.278109398741047,False,4.314668239619199,False,0.8220779722652567,False
linagliptin,Cough,1,134,145,52412,3.9840812613705276,False,4.017360978040087,False,0.7791573236523175,False
linagliptin,Death,2,133,200,52357,4.818651899662608,False,4.890162234862283,False,1.296848443530589,False
linagliptin,Dementia,1,134,6,52551,89.1821266968326,False,90.16557048899057,False,1.5341211820391256,False
linagliptin,Dermatitis bullous,6,129,19,52538,128.8186274509804,True,135.23423423423424,True,3.526541000477704,True
linagliptin,Diabetic coma,1,134,7,52550,77.29117647058824,False,78.14200743494423,False,1.5270022162436627,False
linagliptin,Diabetic ketoacidosis,3,132,405,52152,3.335624138681366,True,3.397319870646535,True,1.1794493297588442,True
linagliptin,Diverticulum,1,134,10,52547,55.207983193277315,False,55.812533191715346,False,1.5058536937181297,False
linagliptin,Drug eruption,1,134,13,52544,42.939542483660134,False,43.407269723254856,False,1.4850107146234002,False
linagliptin,Drug ineffective,1,134,644,51913,0.8994318441108019,False,0.8983102661640822,False,-0.521069435161897,False
linagliptin,Drug reaction with eosinophilia and systemic symptoms,1,134,17,52540,33.12478991596639,False,33.48305894848646,False,1.457680376433474,False
linagliptin,Dyspepsia,1,134,66,52491,8.71704997788589,False,8.803113732286105,False,1.1591639142192882,False
linagliptin,Dysphagia,1,134,33,52524,17.30399473222125,False,17.485823669755312,False,1.3532597714860468,False
linagliptin,Erythema,1,134,61,52496,9.425753228120517,False,9.519720736240819,False,1.186945711918098,False
linagliptin,Fall,3,132,193,52364,6.99015807873537,True,7.148388669494418,True,1.8042369994680567,True
linagliptin,Feeding disorder,1,134,8,52549,68.19809688581314,False,68.94751804067351,False,1.5199182065015904,False
linagliptin,Gastritis,1,134,27,52530,21.079411764705885,False,21.303345724907064,False,1.3915373101798332,False
linagliptin,Genitourinary symptom,1,134,2,52555,231.87352941176474,False,234.44832713754647,False,1.5629536179887864,False
linagliptin,Glycosylated haemoglobin increased,2,133,160,52397,6.019562030419644,False,6.113561319378814,False,1.450000065280612,False
linagliptin,Haemodynamic instability,1,134,127,52430,4.546539792387543,False,4.586092280778482,False,0.8573582397027089,False
linagliptin,Heart rate irregular,1,134,23,52534,24.667396745932418,False,24.931345408526457,False,1.4176317823465787,False
linagliptin,Helicobacter infection,1,134,6,52551,89.1821266968326,False,90.16557048899057,False,1.5341211820391256,False
linagliptin,Hyperlactacidaemia,1,134,113,52444,5.107346462814201,False,5.153153300689452,False,0.9212541025411105,False
linagliptin,Hypertension,1,134,176,52381,3.284327612064656,False,3.3098033846899124,False,0.6536812610119375,False
linagliptin,Hypoalbuminaemia,1,134,7,52550,77.29117647058824,False,78.14200743494423,False,1.5270022162436627,False
linagliptin,Hypoglycaemia,1,134,879,51678,0.6591061097548742,False,0.6553043191573448,False,-0.8768864679291243,False
linagliptin,Hypoglycaemic coma,1,134,66,52491,8.71704997788589,False,8.803113732286105,False,1.1591639142192882,False
linagliptin,Hypotension,2,133,407,52150,2.370894983760375,False,2.3965671744674983,False,0.6916325711822957,False
linagliptin,Illness,4,131,79,52478,21.874861265260822,True,22.589210129851494,True,2.6586576138723608,True
linagliptin,Intentional overdose,2,133,338,52219,2.8541793379094624,False,2.8889017974208753,False,0.866594322173183,False
linagliptin,Interstitial lung disease,1,134,22,52535,25.76372549019608,False,26.03990086741016,False,1.4242298198483043,False
linagliptin,Lividity,1,134,0,52557,1159.3676470588236,False,1172.2862453531598,False,1.5775888374618736,False
linagliptin,Lung disorder,1,134,16,52541,35.13235294117647,False,35.513011152416354,False,1.4644645758664405,False
linagliptin,Lymphopenia,1,134,0,52557,1159.3676470588236,False,1172.2862453531598,False,1.5775888374618736,False
linagliptin,Malaise,1,134,381,52176,1.5194857759617608,False,1.525279297626762,False,0.020626825820520677,False
linagliptin,Metabolic acidosis,2,133,909,51648,1.0622756524269963,False,1.0634418631466027,False,-0.18092974897734898,False
linagliptin,Migraine with aura,1,134,0,52557,1159.3676470588236,False,1172.2862453531598,False,1.5775888374618736,False
linagliptin,Myocardial infarction,1,134,137,52420,4.215882352941176,False,4.2517472118959105,False,0.8133910821885108,False
linagliptin,Nausea,2,133,657,51900,1.4694140013419819,False,1.4782045257116816,False,0.1920537960120352,False
linagliptin,Neck surgery,1,134,0,52557,1159.3676470588236,False,1172.2862453531598,False,1.5775888374618736,False
linagliptin,Necrotising fasciitis,1,134,12,52545,46.37470588235294,False,46.88074349442379,False,1.4919249700262005,False
linagliptin,Oedema peripheral,1,134,88,52469,6.5500997008973085,False,6.6119967235838955,False,1.0429061117937952,False
linagliptin,Oedematous pancreatitis,1,134,5,52552,105.39705882352942,False,106.56133828996282,False,1.541275450580805,False
linagliptin,Off label use,1,134,266,52291,2.1751738218739654,False,2.1882798496272065,False,0.34120850795467916,False
linagliptin,Pancreatitis,2,133,97,52460,9.909125188536954,False,10.075962738884087,False,1.7299733440065381,False
linagliptin,Pancreatitis chronic,2,133,9,52548,101.69891640866874,False,103.58466390695841,False,2.242819287884336,False
linagliptin,Paraesthesia,1,134,83,52474,6.942321239873195,False,7.008592480466576,False,1.0685177658475578,False
linagliptin,Pemphigoid,8,127,71,52486,45.94230769230769,True,48.93846153846154,True,3.5970926652146793,True
linagliptin,Pemphigus,1,134,4,52553,128.8186274509804,False,130.2441140024783,False,1.5484653737449723,False
linagliptin,Pneumonia,1,134,184,52373,3.1419177427068394,False,3.165805301175688,False,0.6229971591150906,False
linagliptin,Pneumonia viral,1,134,1,52556,386.4558823529412,False,390.7546468401487,False,1.5702526696859878,False
linagliptin,Product use issue,2,133,26,52531,36.45810210876804,False,37.12211151155395,False,2.1285029043460395,False
linagliptin,Prostatitis,1,134,3,52554,165.62394957983193,False,167.4599044078598,False,1.5556913086951927,False
linagliptin,Prostatomegaly,1,134,1,52556,386.4558823529412,False,390.7546468401487,False,1.5702526696859878,False
linagliptin,Pruritus,1,134,165,52392,3.502621290207926,False,3.5305315648199103,False,0.6969666706166098,False
linagliptin,Pustular psoriasis,1,134,3,52554,165.62394957983193,False,167.4599044078598,False,1.5556913086951927,False
linagliptin,Pyrexia,1,134,134,52423,4.3099169035644,False,4.346830474979616,False,0.8264411112365164,False
linagliptin,Rash,2,133,143,52414,6.732680877228941,False,6.840034451708883,False,1.520357975939163,False
linagliptin,Rash vesicular,1,134,1,52556,386.4558823529412,False,390.7546468401487,False,1.5702526696859878,False
linagliptin,Renal disorder,1,134,36,52521,15.881748589846898,False,16.04771604623924,False,1.3344952282789637,False
linagliptin,Renal failure,1,134,402,52155,1.4402082572159298,False,1.4451176429841373,False,-0.030933684868989307,False
linagliptin,Shock,1,134,285,52272,2.0304161944988155,False,2.041907824920735,False,0.2830836471330557,False
linagliptin,Somnolence,1,134,111,52446,5.1989580585597475,False,5.24578658709387,False,0.930617556025169,False
linagliptin,Suicide attempt,1,134,223,52334,2.5936636399526254,False,2.6114368403981936,False,0.48210128246643374,False
linagliptin,Swelling face,1,134,14,52543,39.978194726166336,False,40.412895782591974,False,1.478129438464409,False
linagliptin,Tendon injury,1,134,0,52557,1159.3676470588236,False,1172.2862453531598,False,1.5775888374618736,False
linagliptin,Terminal state,1,134,0,52557,1159.3676470588236,False,1172.2862453531598,False,1.5775888374618736,False
linagliptin,Therapeutic product effect incomplete,1,134,57,52500,10.08145780051151,False,10.182737999030225,False,1.2095628888813,False
linagliptin,Therapeutic response unexpected,1,134,15,52542,37.39895635673624,False,37.80489267298237,False,1.471280828436854,False
linagliptin,Toxicity to various agents,1,134,1114,51443,0.5201290475813475,False,0.5147773269224034,False,-1.162079175124607,False
linagliptin,Urine ketone body present,2,133,23,52534,41.11232790988736,False,41.86349509921109,False,2.1480293772239745,False
linagliptin,Urosepsis,1,134,35,52522,16.329121789560894,False,16.50007853814336,False,1.3407229972514974,False
linagliptin,Ventricular tachycardia,1,134,26,52531,21.874861265260822,False,22.107666409483063,False,1.398016813744779,False
linagliptin,Vocal cord disorder,1,134,0,52557,1159.3676470588236,False,1172.2862453531598,False,1.5775888374618736,False
linagliptin,Vomiting,2,133,621,51936,1.5545288912024988,False,1.5649133273673395,False,0.25417745969007666,False
linagliptin,Weight decreased,1,134,316,52241,1.8315444661276834,False,1.8408181962331964,False,0.19300497128360206,False
metformin,5-hydroxyindolacetic acid in urine increased,2,46202,0,6488,0.702196731955416,False,0.7021806179319301,False,0.1496078316296215,False
metformin,Abdominal abscess,5,46199,0,6488,1.5448328103019153,False,1.5448976720527279,False,0.17126598885512306,True
metformin,Abdominal adhesions,2,46202,0,6488,0.702196731955416,False,0.7021806179319301,False,0.1496078316296215,False
metformin,Abdominal compartment syndrome,15,46189,0,6488,4.353619738123579,True,4.3547451260567875,True,0.18304596388889957,True
metformin,Abdominal discomfort,202,46002,20,6468,1.387266714350944,False,1.3889714371302726,False,0.05322758349356655,True
metformin,Abdominal distension,84,46120,8,6480,1.3961323258878273,False,1.3968581025280962,False,0.05796952622629192,True
metformin,Abdominal mass,5,46199,0,6488,1.5448328103019153,False,1.5448976720527279,False,0.17126598885512306,True
metformin,Abdominal pain,276,45928,28,6460,1.362508044811737,False,1.3646904255642207,False,0.050070825321335416,True
metformin,Abdominal pain lower,21,46183,1,6487,2.0129639649388595,True,2.013435534335856,True,0.11948297961796199,True
metformin,Abdominal pain upper,193,46011,14,6474,1.8741388639085932,False,1.8778150290013704,False,0.08830034291861581,True
metformin,Abdominal sepsis,1,46203,0,6488,0.4213180391732496,False,0.42129925222115205,False,0.12357082672738463,False
metformin,Abdominal symptom,2,46202,0,6488,0.702196731955416,False,0.7021806179319301,False,0.1496078316296215,False
metformin,Abdominal tenderness,6,46198,1,6487,0.6085705010280272,False,0.6085154279900863,False,-0.03032748881462012,False
metformin,Abnormal behaviour,7,46197,0,6488,2.1065901958662483,True,2.106769846853185,True,0.1761233886528062,True
metformin,Abnormal dreams,1,46203,0,6488,0.4213180391732496,False,0.42129925222115205,False,0.12357082672738463,False
metformin,Abnormal faeces,8,46196,0,6488,2.3874688886484146,True,2.387724178238611,True,0.1776984083072978,True
metformin,Abnormal loss of weight,10,46194,4,6484,0.3276918082458608,False,0.32753899273723064,False,-0.2830661945533729,False
metformin,Abnormal uterine bleeding,1,46203,0,6488,0.4213180391732496,False,0.42129925222115205,False,0.12357082672738463,False
metformin,Abnormal weight gain,1,46203,0,6488,0.4213180391732496,False,0.42129925222115205,False,0.12357082672738463,False
metformin,Abortion induced,1,46203,0,6488,0.4213180391732496,False,0.42129925222115205,False,0.12357082672738463,False
metformin,Abortion spontaneous,19,46185,0,6488,5.477134509252245,True,5.479024802156521,True,0.18438104497414554,True
metformin,Abscess,9,46195,1,6487,0.8894491938101938,False,0.88942645928716,False,0.03556151401658826,True
metformin,Abscess limb,2,46202,0,6488,0.702196731955416,False,0.7021806179319301,False,0.1496078316296215,False
metformin,Abscess oral,1,46203,0,6488,0.4213180391732496,False,0.42129925222115205,False,0.12357082672738463,False
metformin,Accident,2,46202,0,6488,0.702196731955416,False,0.7021806179319301,False,0.1496078316296215,False
metformin,Accidental exposure to product,26,46178,3,6485,1.0633264798182016,False,1.0633628203601242,False,0.03141403781573654,True
metformin,Accidental overdose,71,46133,10,6478,0.9563250730440428,False,0.95625738346321,False,-0.0005329455380124883,False
metformin,Accidental poisoning,2,46202,0,6488,0.702196731955416,False,0.7021806179319301,False,0.1496078316296215,False
metformin,Acetonaemia,11,46193,1,6487,1.0767016556649713,False,1.0767207507549763,False,0.06119125208560783,True
metformin,Acid-base balance disorder mixed,1,46203,0,6488,0.4213180391732496,False,0.42129925222115205,False,0.12357082672738463,False
metformin,Acidosis,77,46127,8,6480,1.2804763935657588,False,1.2809476291736142,False,0.046653858385455806,True
metformin,Acne,13,46191,3,6485,0.5416946217941782,False,0.5415606767478865,False,-0.1060663261056314,False
metformin,Acoustic neuroma,1,46203,0,6488,0.4213180391732496,False,0.42129925222115205,False,0.12357082672738463,False
metformin,Acquired gene mutation,1,46203,0,6488,0.4213180391732496,False,0.42129925222115205,False,0.12357082672738463,False
metformin,Acquired haemophilia,5,46199,1,6487,0.5149442701006385,False,0.5148865247459388,False,-0.06694176086280622,False
metformin,Acquired mitochondrial DNA mutation,3,46201,0,6488,0.9830754247375825,False,0.9830741426144173,False,0.16091202120883544,True
metformin,Acquired phimosis,4,46200,2,6486,0.25279082350394977,False,0.25271804417701105,False,-0.3564483780577912,False
metformin,Acromegaly,1,46203,0,6488,0.4213180391732496,False,0.42129925222115205,False,0.12357082672738463,False
metformin,Actinic keratosis,1,46203,0,6488,0.4213180391732496,False,0.42129925222115205,False,0.12357082672738463,False
metformin,Activated partial thromboplastin time prolonged,2,46202,0,6488,0.702196731955416,False,0.7021806179319301,False,0.1496078316296215,False
metformin,Acute abdomen,1,46203,1,6487,0.14043934639108324,False,0.14041144069172248,False,-0.5873577625365847,False
metformin,Acute coronary syndrome,13,46191,1,6487,1.263954117519749,False,1.264031261162768,False,0.07950388483133539,True
metformin,Acute febrile neutrophilic dermatosis,1,46203,0,6488,0.4213180391732496,False,0.42129925222115205,False,0.12357082672738463,False
metformin,Acute generalised exanthematous pustulosis,8,46196,0,6488,2.3874688886484146,True,2.387724178238611,True,0.1776984083072978,True
metformin,Acute hepatic failure,17,46187,4,6484,0.5461530137431014,False,0.5459810554803789,False,-0.11211913952011034,False
metformin,Acute interstitial pneumonitis,1,46203,0,6488,0.4213180391732496,False,0.42129925222115205,False,0.12357082672738463,False
metformin,Acute kidney injury,1733,44471,104,6384,2.329680449463567,True,2.381511421190293,True,0.10545464806511569,True
metformin,Acute left ventricular failure,1,46203,0,6488,0.4213180391732496,False,0.42129925222115205,False,0.12357082672738463,False
metformin,Acute lung injury,3,46201,0,6488,0.9830754247375825,False,0.9830741426144173,False,0.16091202120883544,True
metformin,Acute lymphocytic leukaemia,4,46200,0,6488,1.2639541175197488,False,1.2639798270581488,False,0.1672306113239052,True
metformin,Acute myocardial infarction,26,46178,4,6484,0.8270317065252679,False,0.826932446917938,False,-0.016567935204461516,False
metformin,Acute pulmonary oedema,1,46203,0,6488,0.4213180391732496,False,0.42129925222115205,False,0.12357082672738463,False
metformin,Acute respiratory distress syndrome,31,46173,0,6488,8.847678822638242,True,8.853032583624806,True,0.18635413978279095,True
metformin,Acute respiratory failure,64,46140,4,6484,2.0129639649388595,True,2.014379991547556,True,0.10128339758156354,True
metformin,Acute sinusitis,1,46203,0,6488,0.4213180391732496,False,0.42129925222115205,False,0.12357082672738463,False
metformin,Acute stress disorder,1,46203,0,6488,0.4213180391732496,False,0.42129925222115205,False,0.12357082672738463,False
metformin,Adenocarcinoma of colon,1,46203,1,6487,0.14043934639108324,False,0.14041144069172248,False,-0.5873577625365847,False
metformin,Adenoma benign,2,46202,0,6488,0.702196731955416,False,0.7021806179319301,False,0.1496078316296215,False
metformin,Adenomatous polyposis coli,2,46202,0,6488,0.702196731955416,False,0.7021806179319301,False,0.1496078316296215,False
metformin,Adjustment disorder,10,46194,0,6488,2.949226274212747,True,2.9496693329292447,True,0.1799514233517631,True
metformin,Administration site discomfort,2,46202,0,6488,0.702196731955416,False,0.7021806179319301,False,0.1496078316296215,False
metformin,Adrenal adenoma,5,46199,0,6488,1.5448328103019153,False,1.5448976720527279,False,0.17126598885512306,True
metformin,Adrenal disorder,1,46203,0,6488,0.4213180391732496,False,0.42129925222115205,False,0.12357082672738463,False
metformin,Adrenal gland cancer,1,46203,0,6488,0.4213180391732496,False,0.42129925222115205,False,0.12357082672738463,False
metformin,Adrenal insufficiency,7,46197,1,6487,0.7021967319554161,False,0.7021483846528492,False,-0.002873837334523044,False
metformin,Adrenocortical carcinoma,1,46203,0,6488,0.4213180391732496,False,0.42129925222115205,False,0.12357082672738463,False
metformin,Adverse drug reaction,140,46064,8,6480,2.3213797844643755,True,2.3254100867517606,True,0.10899144396825171,True
metformin,Adverse event,50,46154,8,6480,0.8343749403234945,False,0.8341937214712988,False,-0.02431750303526567,False
metformin,Adverse reaction,10,46194,1,6487,0.9830754247375825,False,0.9830715777852341,False,0.049540417300280325,True
metformin,Aerococcus urinae infection,4,46200,0,6488,1.2639541175197488,False,1.2639798270581488,False,0.1672306113239052,True
metformin,Affect lability,18,46186,0,6488,5.196255816470079,True,5.197936626503416,True,0.18410129730296027,True
metformin,Affective disorder,6,46198,0,6488,1.8257115030840816,False,1.8258276783878264,False,0.17406633864098864,True
metformin,Age-related macular degeneration,1,46203,0,6488,0.4213180391732496,False,0.42129925222115205,False,0.12357082672738463,False
metformin,Ageusia,4,46200,0,6488,1.2639541175197488,False,1.2639798270581488,False,0.1672306113239052,True
metformin,Aggression,16,46188,0,6488,4.6344984309057455,True,4.635796789244076,True,0.18344029108935347,True
metformin,Agitation,64,46140,7,6481,1.2077783789633156,False,1.2080688332376113,False,0.039506125661490886,True
metformin,Agranulocytosis,31,46173,4,6484,0.9830754247375825,False,0.9830638786316827,False,0.014248507119423968,True
metformin,Akathisia,5,46199,0,6488,1.5448328103019153,False,1.5448976720527279,False,0.17126598885512306,True
metformin,Akinesia,3,46201,0,6488,0.9830754247375825,False,0.9830741426144173,False,0.16091202120883544,True
metformin,Alanine aminotransferase increased,29,46175,5,6483,0.7532655851885374,False,0.753107954730027,False,-0.039248243036375176,False
metformin,Albuminuria,1,46203,0,6488,0.4213180391732496,False,0.42129925222115205,False,0.12357082672738463,False
metformin,Alcohol interaction,12,46192,1,6487,1.1703278865923603,False,1.1703739784597067,False,0.07105119406369291,True
metformin,Alcohol intolerance,1,46203,0,6488,0.4213180391732496,False,0.42129925222115205,False,0.12357082672738463,False
metformin,Alcohol poisoning,3,46201,0,6488,0.9830754247375825,False,0.9830741426144173,False,0.16091202120883544,True
metformin,Alcoholic ketoacidosis,1,46203,0,6488,0.4213180391732496,False,0.42129925222115205,False,0.12357082672738463,False
metformin,Alcoholic liver disease,1,46203,0,6488,0.4213180391732496,False,0.42129925222115205,False,0.12357082672738463,False
metformin,Aldolase increased,1,46203,0,6488,0.4213180391732496,False,0.42129925222115205,False,0.12357082672738463,False
metformin,Allergic pharyngitis,1,46203,0,6488,0.4213180391732496,False,0.42129925222115205,False,0.12357082672738463,False
metformin,Allergic reaction to excipient,4,46200,0,6488,1.2639541175197488,False,1.2639798270581488,False,0.1672306113239052,True
metformin,Alopecia,42,46162,5,6483,1.085213131203825,False,1.0852915835856534,False,0.026970621257745842,True
metformin,Alopecia areata,2,46202,0,6488,0.702196731955416,False,0.7021806179319301,False,0.1496078316296215,False
metformin,Alopecia universalis,6,46198,0,6488,1.8257115030840816,False,1.8258276783878264,False,0.17406633864098864,True
metformin,Altered state of consciousness,36,46168,8,6480,0.6030630756793574,False,0.6027492643634665,False,-0.09861712109233195,False
metformin,Alveolar capillary dysplasia,8,46196,0,6488,2.3874688886484146,True,2.387724178238611,True,0.1776984083072978,True
metformin,Alveolitis,3,46201,0,6488,0.9830754247375825,False,0.9830741426144173,False,0.16091202120883544,True
metformin,Amaurosis,2,46202,0,6488,0.702196731955416,False,0.7021806179319301,False,0.1496078316296215,False
metformin,Ammonia increased,4,46200,0,6488,1.2639541175197488,False,1.2639798270581488,False,0.1672306113239052,True
metformin,Amnesia,22,46182,2,6486,1.263954117519749,False,1.2640827153142424,False,0.06258097666306625,True
metformin,Amniotic cavity infection,2,46202,0,6488,0.702196731955416,False,0.7021806179319301,False,0.1496078316296215,False
metformin,Amniotic fluid volume decreased,1,46203,0,6488,0.4213180391732496,False,0.42129925222115205,False,0.12357082672738463,False
metformin,Amoebiasis,1,46203,0,6488,0.4213180391732496,False,0.42129925222115205,False,0.12357082672738463,False
metformin,Amphetamines positive,4,46200,0,6488,1.2639541175197488,False,1.2639798270581488,False,0.1672306113239052,True
metformin,Amputation stump pain,4,46200,0,6488,1.2639541175197488,False,1.2639798270581488,False,0.1672306113239052,True
metformin,Amylase increased,1,46203,0,6488,0.4213180391732496,False,0.42129925222115205,False,0.12357082672738463,False
metformin,Amyloidosis,8,46196,0,6488,2.3874688886484146,True,2.387724178238611,True,0.1776984083072978,True
metformin,Anaemia,90,46114,18,6470,0.6870140999131368,False,0.6863998630904918,False,-0.07307242627852574,False
metformin,Anaemia macrocytic,17,46187,0,6488,4.915377123687913,True,4.916860622462788,True,0.18378964235422843,True
metformin,Anaemia megaloblastic,18,46186,0,6488,5.196255816470079,True,5.197936626503416,True,0.18410129730296027,True
metformin,Anaemia vitamin B12 deficiency,20,46184,0,6488,5.7580132020344115,True,5.760125150212733,True,0.1846335467627732,True
metformin,Anal atresia,1,46203,0,6488,0.4213180391732496,False,0.42129925222115205,False,0.12357082672738463,False
metformin,Anal cancer,1,46203,0,6488,0.4213180391732496,False,0.42129925222115205,False,0.12357082672738463,False
metformin,Anal fissure,4,46200,0,6488,1.2639541175197488,False,1.2639798270581488,False,0.1672306113239052,True
metformin,Anal incontinence,25,46179,1,6487,2.387468888648415,True,2.3882350393572906,True,0.13025378197952786,True
metformin,Anaphylactic reaction,7,46197,2,6486,0.42131803917324967,False,0.42122409221278206,False,-0.16209385722545852,False
metformin,Anaphylactic shock,4,46200,2,6486,0.25279082350394977,False,0.25271804417701105,False,-0.3564483780577912,False
metformin,Aneurysm,1,46203,0,6488,0.4213180391732496,False,0.42129925222115205,False,0.12357082672738463,False
metformin,Aneurysm ruptured,2,46202,0,6488,0.702196731955416,False,0.7021806179319301,False,0.1496078316296215,False
metformin,Anger,23,46181,0,6488,6.60064928038091,True,6.603499236707339,True,0.18526230704893226,True
metformin,Angina pectoris,53,46151,14,6474,0.5181727608222726,False,0.517614214354747,False,-0.14728226986113405,False
metformin,Angina unstable,1,46203,2,6486,0.08426360783464994,False,0.08423387838583657,False,-1.0614804001276124,False
metformin,Anginal equivalent,1,46203,0,6488,0.4213180391732496,False,0.42129925222115205,False,0.12357082672738463,False
metformin,Angiocardiogram,2,46202,0,6488,0.702196731955416,False,0.7021806179319301,False,0.1496078316296215,False
metformin,Angioedema,24,46180,5,6483,0.6255934521057344,False,0.6253948193403158,False,-0.08179657263225436,False
metformin,Angiopathy,9,46195,1,6487,0.8894491938101938,False,0.88942645928716,False,0.03556151401658826,True
metformin,Angioplasty,3,46201,0,6488,0.9830754247375825,False,0.9830741426144173,False,0.16091202120883544,True
metformin,Angiotensin converting enzyme increased,4,46200,0,6488,1.2639541175197488,False,1.2639798270581488,False,0.1672306113239052,True
metformin,Animal scratch,3,46201,0,6488,0.9830754247375825,False,0.9830741426144173,False,0.16091202120883544,True
metformin,Anion gap,17,46187,1,6487,1.6384590412293043,False,1.638700947225981,False,0.10393094861897702,True
metformin,Anion gap increased,31,46173,5,6483,0.8043344384216584,False,0.8042009535182026,False,-0.02575091184122103,False
metformin,Ankle fracture,4,46200,6,6482,0.09722723980921145,False,0.09713930834914374,False,-1.042440997984685,False
metformin,Ankylosing spondylitis,14,46190,0,6488,4.072741045341413,True,4.0737056321104985,True,0.18259737779543883,True
metformin,Anomaly of external ear congenital,1,46203,0,6488,0.4213180391732496,False,0.42129925222115205,False,0.12357082672738463,False
metformin,Anomaly of middle ear congenital,1,46203,0,6488,0.4213180391732496,False,0.42129925222115205,False,0.12357082672738463,False
metformin,Anorectal discomfort,1,46203,0,6488,0.4213180391732496,False,0.42129925222115205,False,0.12357082672738463,False
metformin,Anorectal swelling,1,46203,0,6488,0.4213180391732496,False,0.42129925222115205,False,0.12357082672738463,False
metformin,Anosognosia,6,46198,0,6488,1.8257115030840816,False,1.8258276783878264,False,0.17406633864098864,True
metformin,Anovulatory cycle,8,46196,0,6488,2.3874688886484146,True,2.387724178238611,True,0.1776984083072978,True
metformin,Anti-neutrophil cytoplasmic antibody positive vasculitis,1,46203,0,6488,0.4213180391732496,False,0.42129925222115205,False,0.12357082672738463,False
metformin,Antibody test abnormal,1,46203,0,6488,0.4213180391732496,False,0.42129925222115205,False,0.12357082672738463,False
metformin,Anticoagulant-related nephropathy,2,46202,0,6488,0.702196731955416,False,0.7021806179319301,False,0.1496078316296215,False
metformin,Antineutrophil cytoplasmic antibody positive,3,46201,0,6488,0.9830754247375825,False,0.9830741426144173,False,0.16091202120883544,True
metformin,Antinuclear antibody positive,1,46203,0,6488,0.4213180391732496,False,0.42129925222115205,False,0.12357082672738463,False
metformin,Antiphospholipid syndrome,2,46202,0,6488,0.702196731955416,False,0.7021806179319301,False,0.1496078316296215,False
metformin,Antipsychotic drug level above therapeutic,6,46198,0,6488,1.8257115030840816,False,1.8258276783878264,False,0.17406633864098864,True
metformin,Antipsychotic drug level decreased,1,46203,0,6488,0.4213180391732496,False,0.42129925222115205,False,0.12357082672738463,False
metformin,Antipsychotic drug level increased,7,46197,0,6488,2.1065901958662483,True,2.106769846853185,True,0.1761233886528062,True
metformin,Antisocial behaviour,1,46203,0,6488,0.4213180391732496,False,0.42129925222115205,False,0.12357082672738463,False
metformin,Anuria,85,46119,6,6482,1.8473175563750177,False,1.8488883811036045,False,0.09061226842578828,True
metformin,Anxiety,90,46114,6,6482,1.9553478228296968,False,1.9572226990175792,False,0.09590575724857217,True
metformin,Anxiety disorder,3,46201,2,6486,0.1966150849475165,False,0.19655422442994275,False,-0.48081070772457,False
metformin,Aortic aneurysm,1,46203,0,6488,0.4213180391732496,False,0.42129925222115205,False,0.12357082672738463,False
metformin,Aortic bruit,1,46203,0,6488,0.4213180391732496,False,0.42129925222115205,False,0.12357082672738463,False
metformin,Aortic dilatation,2,46202,0,6488,0.702196731955416,False,0.7021806179319301,False,0.1496078316296215,False
metformin,Aortic disorder,3,46201,0,6488,0.9830754247375825,False,0.9830741426144173,False,0.16091202120883544,True
metformin,Aortic stenosis,1,46203,1,6487,0.14043934639108324,False,0.14041144069172248,False,-0.5873577625365847,False
metformin,Aortic thrombosis,1,46203,0,6488,0.4213180391732496,False,0.42129925222115205,False,0.12357082672738463,False
metformin,Aortic valve calcification,1,46203,0,6488,0.4213180391732496,False,0.42129925222115205,False,0.12357082672738463,False
metformin,Aortic valve disease,1,46203,0,6488,0.4213180391732496,False,0.42129925222115205,False,0.12357082672738463,False
metformin,Apathy,11,46193,0,6488,3.230104966994914,True,3.230660157814411,True,0.18078495057853297,True
metformin,Apgar score low,3,46201,0,6488,0.9830754247375825,False,0.9830741426144173,False,0.16091202120883544,True
metformin,Aphasia,20,46184,1,6487,1.9193377340114708,False,1.9197458021630633,False,0.11614984815300683,True
metformin,Aphonia,3,46201,0,6488,0.9830754247375825,False,0.9830741426144173,False,0.16091202120883544,True
metformin,Aphthous ulcer,2,46202,0,6488,0.702196731955416,False,0.7021806179319301,False,0.1496078316296215,False
metformin,Aplastic anaemia,10,46194,0,6488,2.949226274212747,True,2.9496693329292447,True,0.1799514233517631,True
metformin,Apnoea,8,46196,0,6488,2.3874688886484146,True,2.387724178238611,True,0.1776984083072978,True
metformin,Apparent death,2,46202,0,6488,0.702196731955416,False,0.7021806179319301,False,0.1496078316296215,False
metformin,Appendicectomy,1,46203,0,6488,0.4213180391732496,False,0.42129925222115205,False,0.12357082672738463,False
metformin,Appendicitis perforated,2,46202,0,6488,0.702196731955416,False,0.7021806179319301,False,0.1496078316296215,False
metformin,Appendix cancer,1,46203,0,6488,0.4213180391732496,False,0.42129925222115205,False,0.12357082672738463,False
metformin,Appetite disorder,17,46187,0,6488,4.915377123687913,True,4.916860622462788,True,0.18378964235422843,True
metformin,Apraxia,9,46195,0,6488,2.6683475814305813,True,2.6686906733339826,True,0.17894306060960852,True
metformin,Aptyalism,1,46203,1,6487,0.14043934639108324,False,0.14041144069172248,False,-0.5873577625365847,False
metformin,Areflexia,7,46197,0,6488,2.1065901958662483,True,2.106769846853185,True,0.1761233886528062,True
metformin,Arrhythmia,39,46165,6,6482,0.8534391049919673,False,0.8533137049561652,False,-0.01667219197592051,False
metformin,Arterial disorder,2,46202,1,6487,0.23406557731847205,False,0.2340241328932417,False,-0.3245148059614062,False
metformin,Arterial fibrosis,1,46203,0,6488,0.4213180391732496,False,0.42129925222115205,False,0.12357082672738463,False
metformin,Arterial occlusive disease,2,46202,1,6487,0.23406557731847205,False,0.2340241328932417,False,-0.3245148059614062,False
metformin,Arterial thrombosis,3,46201,0,6488,0.9830754247375825,False,0.9830741426144173,False,0.16091202120883544,True
metformin,Arteriosclerosis,10,46194,1,6487,0.9830754247375825,False,0.9830715777852341,False,0.049540417300280325,True
metformin,Arteriosclerosis coronary artery,2,46202,0,6488,0.702196731955416,False,0.7021806179319301,False,0.1496078316296215,False
metformin,Arteriovenous fistula,1,46203,0,6488,0.4213180391732496,False,0.42129925222115205,False,0.12357082672738463,False
metformin,Arthralgia,206,45998,12,6476,2.3200580023806947,True,2.3259841081774404,True,0.10761118213095994,True
metformin,Arthritis,33,46171,3,6485,1.3442051726003679,False,1.3444549126625733,False,0.06305835511663513,True
metformin,Arthritis infective,1,46203,0,6488,0.4213180391732496,False,0.42129925222115205,False,0.12357082672738463,False
metformin,Arthropathy,12,46192,0,6488,3.5109836597770805,True,3.5116631487795638,True,0.18148548580331975,True
metformin,Arthropod bite,1,46203,0,6488,0.4213180391732496,False,0.42129925222115205,False,0.12357082672738463,False
metformin,Arthroscopy,1,46203,0,6488,0.4213180391732496,False,0.42129925222115205,False,0.12357082672738463,False
metformin,Ascites,7,46197,8,6480,0.12391707034507343,False,0.1237748413938875,False,-0.8642597508894572,False
metformin,Aspartate aminotransferase decreased,1,46203,0,6488,0.4213180391732496,False,0.42129925222115205,False,0.12357082672738463,False
metformin,Aspartate aminotransferase increased,26,46178,6,6482,0.5725604122098008,False,0.5723151216725066,False,-0.10799449307104252,False
metformin,Aspergillus infection,2,46202,1,6487,0.23406557731847205,False,0.2340241328932417,False,-0.3245148059614062,False
metformin,Asphyxia,39,46165,0,6488,11.094708364895574,True,11.10334557190976,True,0.18700410340514745,True
metformin,Aspiration,12,46192,2,6486,0.7021967319554162,False,0.7021161443957352,False,-0.03152742755740847,False
metformin,Asthenia,267,45937,43,6445,0.8636212680371209,False,0.8628271170537181,False,-0.025814377372609918,False
metformin,Asthenopia,1,46203,1,6487,0.14043934639108324,False,0.14041144069172248,False,-0.5873577625365847,False
metformin,Asthma,76,46128,7,6481,1.432481333189049,False,1.433198564878546,False,0.0620371656436945,True
metformin,Asthmatic crisis,1,46203,0,6488,0.4213180391732496,False,0.42129925222115205,False,0.12357082672738463,False
metformin,Asymptomatic COVID-19,5,46199,1,6487,0.5149442701006385,False,0.5148865247459388,False,-0.06694176086280622,False
metformin,Ataxia,1,46203,1,6487,0.14043934639108324,False,0.14041144069172248,False,-0.5873577625365847,False
metformin,Atelectasis,1,46203,0,6488,0.4213180391732496,False,0.42129925222115205,False,0.12357082672738463,False
metformin,Atrial enlargement,3,46201,0,6488,0.9830754247375825,False,0.9830741426144173,False,0.16091202120883544,True
metformin,Atrial fibrillation,66,46138,13,6475,0.6917938174079284,False,0.6913495959628799,False,-0.0693078872474828,False
metformin,Atrial flutter,6,46198,0,6488,1.8257115030840816,False,1.8258276783878264,False,0.17406633864098864,True
metformin,Atrial septal defect,20,46184,0,6488,5.7580132020344115,True,5.760125150212733,True,0.1846335467627732,True
metformin,Atrioventricular block,17,46187,0,6488,4.915377123687913,True,4.916860622462788,True,0.18378964235422843,True
metformin,Atrioventricular block complete,17,46187,1,6487,1.6384590412293043,False,1.638700947225981,False,0.10393094861897702,True
metformin,Atrioventricular block first degree,9,46195,0,6488,2.6683475814305813,True,2.6686906733339826,True,0.17894306060960852,True
metformin,Atrioventricular block second degree,1,46203,7,6481,0.028087869278216646,False,0.02805631607995065,False,-2.3248019322218854,False
metformin,Atrioventricular node dysfunction,4,46200,0,6488,1.2639541175197488,False,1.2639798270581488,False,0.1672306113239052,True
metformin,Atrophic glossitis,2,46202,0,6488,0.702196731955416,False,0.7021806179319301,False,0.1496078316296215,False
metformin,Atrophic vulvovaginitis,2,46202,0,6488,0.702196731955416,False,0.7021806179319301,False,0.1496078316296215,False
metformin,Atrophy,6,46198,0,6488,1.8257115030840816,False,1.8258276783878264,False,0.17406633864098864,True
metformin,Attention deficit hyperactivity disorder,1,46203,0,6488,0.4213180391732496,False,0.42129925222115205,False,0.12357082672738463,False
metformin,Autoimmune disorder,1,46203,0,6488,0.4213180391732496,False,0.42129925222115205,False,0.12357082672738463,False
metformin,Autoimmune hepatitis,2,46202,0,6488,0.702196731955416,False,0.7021806179319301,False,0.1496078316296215,False
metformin,Autoimmune nephritis,8,46196,0,6488,2.3874688886484146,True,2.387724178238611,True,0.1776984083072978,True
metformin,Autoimmune pancreatitis,2,46202,0,6488,0.702196731955416,False,0.7021806179319301,False,0.1496078316296215,False
metformin,Autoimmune thyroiditis,1,46203,0,6488,0.4213180391732496,False,0.42129925222115205,False,0.12357082672738463,False
metformin,Autoinflammatory disease,1,46203,0,6488,0.4213180391732496,False,0.42129925222115205,False,0.12357082672738463,False
metformin,Autonomic nervous system imbalance,2,46202,2,6486,0.14043934639108321,False,0.14039283588550402,False,-0.6807662952310448,False
metformin,Axillary mass,1,46203,0,6488,0.4213180391732496,False,0.42129925222115205,False,0.12357082672738463,False
metformin,Axillary pain,4,46200,0,6488,1.2639541175197488,False,1.2639798270581488,False,0.1672306113239052,True
metformin,Axonal neuropathy,3,46201,0,6488,0.9830754247375825,False,0.9830741426144173,False,0.16091202120883544,True
metformin,Azotaemia,11,46193,0,6488,3.230104966994914,True,3.230660157814411,True,0.18078495057853297,True
metformin,B-lymphocyte count decreased,2,46202,0,6488,0.702196731955416,False,0.7021806179319301,False,0.1496078316296215,False
metformin,BRASH syndrome,2,46202,0,6488,0.702196731955416,False,0.7021806179319301,False,0.1496078316296215,False
metformin,Back disorder,3,46201,0,6488,0.9830754247375825,False,0.9830741426144173,False,0.16091202120883544,True
metformin,Back injury,3,46201,0,6488,0.9830754247375825,False,0.9830741426144173,False,0.16091202120883544,True
metformin,Back pain,101,46103,15,6473,0.9196512037867708,False,0.9194743104312632,False,-0.010153240730405307,False
metformin,Bacteraemia,5,46199,3,6485,0.2206904014717022,False,0.22059762551542766,False,-0.45033281430574423,False
metformin,Bacterial infection,1,46203,2,6486,0.08426360783464994,False,0.08423387838583657,False,-1.0614804001276124,False
metformin,Bacterial test,1,46203,0,6488,0.4213180391732496,False,0.42129925222115205,False,0.12357082672738463,False
metformin,Bacterial test positive,1,46203,0,6488,0.4213180391732496,False,0.42129925222115205,False,0.12357082672738463,False
metformin,Bacterial toxaemia,1,46203,0,6488,0.4213180391732496,False,0.42129925222115205,False,0.12357082672738463,False
metformin,Balance disorder,33,46171,5,6483,0.8554032916547796,False,0.8552983786731878,False,-0.013759733828304912,False
metformin,Balanoposthitis,1,46203,8,6480,0.024783414069014686,False,0.02475175359136913,False,-2.484021952112821,False
metformin,Ballismus,1,46203,0,6488,0.4213180391732496,False,0.42129925222115205,False,0.12357082672738463,False
metformin,Barrett's oesophagus,1,46203,0,6488,0.4213180391732496,False,0.42129925222115205,False,0.12357082672738463,False
metformin,Basal cell carcinoma,4,46200,0,6488,1.2639541175197488,False,1.2639798270581488,False,0.1672306113239052,True
metformin,Base excess decreased,17,46187,0,6488,4.915377123687913,True,4.916860622462788,True,0.18378964235422843,True
metformin,Basedow's disease,1,46203,0,6488,0.4213180391732496,False,0.42129925222115205,False,0.12357082672738463,False
metformin,Basilar artery thrombosis,2,46202,0,6488,0.702196731955416,False,0.7021806179319301,False,0.1496078316296215,False
metformin,Behaviour disorder,2,46202,0,6488,0.702196731955416,False,0.7021806179319301,False,0.1496078316296215,False
metformin,Benign prostatic hyperplasia,5,46199,2,6486,0.3089665620603831,False,0.308884295284581,False,-0.27133558831841514,False
metformin,Bicuspid aortic valve,2,46202,0,6488,0.702196731955416,False,0.7021806179319301,False,0.1496078316296215,False
metformin,Bicytopenia,5,46199,0,6488,1.5448328103019153,False,1.5448976720527279,False,0.17126598885512306,True
metformin,Bile duct stone,2,46202,6,6482,0.054015133227339696,False,0.053963946339900024,False,-1.5878363380556793,False
metformin,Biliary colic,1,46203,2,6486,0.08426360783464994,False,0.08423387838583657,False,-1.0614804001276124,False
metformin,Birt-Hogg-Dube syndrome,5,46199,0,6488,1.5448328103019153,False,1.5448976720527279,False,0.17126598885512306,True
metformin,Bite,8,46196,0,6488,2.3874688886484146,True,2.387724178238611,True,0.1776984083072978,True
metformin,Bladder cancer,12,46192,26,6462,0.06624497471277511,False,0.0659922943465665,False,-1.4359927345113528,False
metformin,Bladder cancer recurrent,1,46203,1,6487,0.14043934639108324,False,0.14041144069172248,False,-0.5873577625365847,False
metformin,Bladder dilatation,2,46202,0,6488,0.702196731955416,False,0.7021806179319301,False,0.1496078316296215,False
metformin,Bladder disorder,4,46200,1,6487,0.42131803917324967,False,0.42126167465720066,False,-0.11824062833986163,False
metformin,Bladder hypertrophy,2,46202,0,6488,0.702196731955416,False,0.7021806179319301,False,0.1496078316296215,False
metformin,Blast cell crisis,1,46203,0,6488,0.4213180391732496,False,0.42129925222115205,False,0.12357082672738463,False
metformin,Blindness,52,46152,1,6487,4.915377123687913,True,4.91983099507069,True,0.16045264661722783,True
metformin,Blindness transient,13,46191,0,6488,3.7918623525592468,True,3.7926783066148535,True,0.18208250645243682,True
metformin,Blindness unilateral,7,46197,0,6488,2.1065901958662483,True,2.106769846853185,True,0.1761233886528062,True
metformin,Blister,25,46179,4,6484,0.7958229628828049,False,0.7957102177373077,False,-0.024081074775966934,False
metformin,Blood albumin decreased,1,46203,0,6488,0.4213180391732496,False,0.42129925222115205,False,0.12357082672738463,False
metformin,Blood aldosterone increased,2,46202,0,6488,0.702196731955416,False,0.7021806179319301,False,0.1496078316296215,False
metformin,Blood alkaline phosphatase increased,7,46197,2,6486,0.42131803917324967,False,0.42122409221278206,False,-0.16209385722545852,False
metformin,Blood bicarbonate decreased,66,46138,0,6488,18.678433070014066,True,18.70391321781159,True,0.18804379863000203,True
metformin,Blood bicarbonate increased,1,46203,1,6487,0.14043934639108324,False,0.14041144069172248,False,-0.5873577625365847,False
metformin,Blood bilirubin decreased,2,46202,0,6488,0.702196731955416,False,0.7021806179319301,False,0.1496078316296215,False
metformin,Blood bilirubin increased,8,46196,1,6487,0.795822962882805,False,0.7957853949974565,False,0.01847838841636248,True
metformin,Blood calcium decreased,10,46194,0,6488,2.949226274212747,True,2.9496693329292447,True,0.1799514233517631,True
metformin,Blood calcium increased,1,46203,0,6488,0.4213180391732496,False,0.42129925222115205,False,0.12357082672738463,False
metformin,Blood chloride decreased,16,46188,0,6488,4.6344984309057455,True,4.635796789244076,True,0.18344029108935347,True
metformin,Blood cholesterol abnormal,1,46203,0,6488,0.4213180391732496,False,0.42129925222115205,False,0.12357082672738463,False
metformin,Blood cholesterol increased,40,46164,1,6487,3.7918623525592468,True,3.794311646394957,True,0.1519380444750426,True
metformin,Blood citric acid increased,4,46200,0,6488,1.2639541175197488,False,1.2639798270581488,False,0.1672306113239052,True
metformin,Blood corticotrophin increased,1,46203,0,6488,0.4213180391732496,False,0.42129925222115205,False,0.12357082672738463,False
metformin,Blood count abnormal,20,46184,5,6483,0.523455745639492,False,0.5232442210540923,False,-0.12927393484507146,False
metformin,Blood creatine decreased,1,46203,0,6488,0.4213180391732496,False,0.42129925222115205,False,0.12357082672738463,False
metformin,Blood creatine increased,23,46181,2,6486,1.320129856076182,False,1.3202927579225447,False,0.0677629122144821,True
metformin,Blood creatine phosphokinase increased,29,46175,6,6482,0.6373785720826085,False,0.6371469052436232,False,-0.08038836701865139,False
metformin,Blood creatinine decreased,6,46198,0,6488,1.8257115030840816,False,1.8258276783878264,False,0.17406633864098864,True
metformin,Blood creatinine increased,143,46061,20,6468,0.9830754247375826,False,0.9830226979147444,False,0.0007068956787020295,True
metformin,Blood cyanide increased,2,46202,0,6488,0.702196731955416,False,0.7021806179319301,False,0.1496078316296215,False
metformin,Blood disorder,6,46198,0,6488,1.8257115030840816,False,1.8258276783878264,False,0.17406633864098864,True
metformin,Blood ethanol increased,1,46203,0,6488,0.4213180391732496,False,0.42129925222115205,False,0.12357082672738463,False
metformin,Blood fibrinogen increased,1,46203,0,6488,0.4213180391732496,False,0.42129925222115205,False,0.12357082672738463,False
metformin,Blood gases,1,46203,0,6488,0.4213180391732496,False,0.42129925222115205,False,0.12357082672738463,False
metformin,Blood glucose,1,46203,0,6488,0.4213180391732496,False,0.42129925222115205,False,0.12357082672738463,False
metformin,Blood glucose abnormal,76,46128,6,6482,1.6528630767565948,False,1.6539457918973837,False,0.07940455230378063,True
metformin,Blood glucose decreased,76,46128,33,6455,0.3207047760871005,False,0.31957822558948323,False,-0.3287577775766511,False
metformin,Blood glucose fluctuation,57,46147,8,6480,0.950030872645563,False,0.9499686108800744,False,8.761793670698877e-05,True
metformin,Blood glucose increased,371,45833,65,6423,0.7965376669356858,False,0.7948885182402251,False,-0.04328529436468573,False
metformin,Blood growth hormone increased,5,46199,0,6488,1.5448328103019153,False,1.5448976720527279,False,0.17126598885512306,True
metformin,Blood homocysteine increased,1,46203,0,6488,0.4213180391732496,False,0.42129925222115205,False,0.12357082672738463,False
metformin,Blood immunoglobulin E increased,4,46200,0,6488,1.2639541175197488,False,1.2639798270581488,False,0.1672306113239052,True
metformin,Blood immunoglobulin G decreased,1,46203,0,6488,0.4213180391732496,False,0.42129925222115205,False,0.12357082672738463,False
metformin,Blood immunoglobulin M decreased,1,46203,0,6488,0.4213180391732496,False,0.42129925222115205,False,0.12357082672738463,False
metformin,Blood iron decreased,10,46194,1,6487,0.9830754247375825,False,0.9830715777852341,False,0.049540417300280325,True
metformin,Blood iron increased,3,46201,0,6488,0.9830754247375825,False,0.9830741426144173,False,0.16091202120883544,True
metformin,Blood ketone body increased,1,46203,11,6477,0.018318175616228245,False,0.018286305244144405,False,-2.8774082032502486,False
metformin,Blood lactate dehydrogenase increased,5,46199,0,6488,1.5448328103019153,False,1.5448976720527279,False,0.17126598885512306,True
metformin,Blood lactic acid,16,46188,0,6488,4.6344984309057455,True,4.635796789244076,True,0.18344029108935347,True
metformin,Blood lactic acid abnormal,3,46201,0,6488,0.9830754247375825,False,0.9830741426144173,False,0.16091202120883544,True
metformin,Blood lactic acid decreased,1,46203,0,6488,0.4213180391732496,False,0.42129925222115205,False,0.12357082672738463,False
metformin,Blood lactic acid increased,80,46124,0,6488,22.610734768964395,True,22.648451473728713,True,0.18830844617404716,True
metformin,Blood loss anaemia,1,46203,0,6488,0.4213180391732496,False,0.42129925222115205,False,0.12357082672738463,False
metformin,Blood magnesium decreased,4,46200,2,6486,0.25279082350394977,False,0.25271804417701105,False,-0.3564483780577912,False
metformin,Blood magnesium increased,7,46197,0,6488,2.1065901958662483,True,2.106769846853185,True,0.1761233886528062,True
metformin,Blood mercury abnormal,2,46202,0,6488,0.702196731955416,False,0.7021806179319301,False,0.1496078316296215,False
metformin,Blood osmolarity increased,4,46200,0,6488,1.2639541175197488,False,1.2639798270581488,False,0.1672306113239052,True
metformin,Blood pH decreased,17,46187,0,6488,4.915377123687913,True,4.916860622462788,True,0.18378964235422843,True
metformin,Blood parathyroid hormone increased,5,46199,0,6488,1.5448328103019153,False,1.5448976720527279,False,0.17126598885512306,True
metformin,Blood phosphorus decreased,4,46200,0,6488,1.2639541175197488,False,1.2639798270581488,False,0.1672306113239052,True
metformin,Blood phosphorus increased,16,46188,1,6487,1.5448328103019153,False,1.54502744189571,False,0.09890074476771525,True
metformin,Blood potassium abnormal,1,46203,2,6486,0.08426360783464994,False,0.08423387838583657,False,-1.0614804001276124,False
metformin,Blood potassium decreased,17,46187,1,6487,1.6384590412293043,False,1.638700947225981,False,0.10393094861897702,True
metformin,Blood potassium increased,15,46189,4,6484,0.4837355264581755,False,0.4835622814708971,False,-0.1468248635012277,False
metformin,Blood pressure abnormal,13,46191,0,6488,3.7918623525592468,True,3.7926783066148535,True,0.18208250645243682,True
metformin,Blood pressure decreased,60,46144,7,6481,1.1328773942214045,False,1.1330516096176142,False,0.030113981012313436,True
metformin,Blood pressure diastolic abnormal,9,46195,2,6486,0.5336695162861163,False,0.5335736164777954,False,-0.09484949203489455,False
metformin,Blood pressure diastolic decreased,23,46181,2,6486,1.320129856076182,False,1.3202927579225447,False,0.0677629122144821,True
metformin,Blood pressure diastolic increased,16,46188,0,6488,4.6344984309057455,True,4.635796789244076,True,0.18344029108935347,True
metformin,Blood pressure fluctuation,19,46185,3,6485,0.7824477870360351,False,0.7823559342217795,False,-0.02137955622188754,False
metformin,Blood pressure inadequately controlled,2,46202,1,6487,0.23406557731847205,False,0.2340241328932417,False,-0.3245148059614062,False
metformin,Blood pressure increased,129,46075,10,6478,1.7320852721566928,False,1.7341428741956137,False,0.08152723528836976,True
metformin,Blood pressure systolic abnormal,9,46195,0,6488,2.6683475814305813,True,2.6686906733339826,True,0.17894306060960852,True
metformin,Blood pressure systolic decreased,12,46192,0,6488,3.5109836597770805,True,3.5116631487795638,True,0.18148548580331975,True
metformin,Blood pressure systolic increased,72,46132,1,6487,6.787901742235689,True,6.796997778139056,True,0.16842546383124535,True
metformin,Blood prolactin increased,1,46203,0,6488,0.4213180391732496,False,0.42129925222115205,False,0.12357082672738463,False
metformin,Blood sodium decreased,14,46190,0,6488,4.072741045341413,True,4.0737056321104985,True,0.18259737779543883,True
metformin,Blood sodium increased,3,46201,0,6488,0.9830754247375825,False,0.9830741426144173,False,0.16091202120883544,True
metformin,Blood test abnormal,2,46202,0,6488,0.702196731955416,False,0.7021806179319301,False,0.1496078316296215,False
metformin,Blood testosterone decreased,1,46203,0,6488,0.4213180391732496,False,0.42129925222115205,False,0.12357082672738463,False
metformin,Blood thyroid stimulating hormone decreased,1,46203,0,6488,0.4213180391732496,False,0.42129925222115205,False,0.12357082672738463,False
metformin,Blood thyroid stimulating hormone increased,4,46200,0,6488,1.2639541175197488,False,1.2639798270581488,False,0.1672306113239052,True
metformin,Blood triglycerides increased,21,46183,2,6486,1.2077783789633156,False,1.2078751069104767,False,0.056938210073392566,True
metformin,Blood urea increased,10,46194,14,6474,0.10169745773147404,False,0.10149327375516043,False,-1.036954696887848,False
metformin,Blood uric acid increased,5,46199,0,6488,1.5448328103019153,False,1.5448976720527279,False,0.17126598885512306,True
metformin,Blood urine present,19,46185,2,6486,1.095426901850449,False,1.0954671920840957,False,0.044000062397171705,True
metformin,Body height decreased,5,46199,2,6486,0.3089665620603831,False,0.308884295284581,False,-0.27133558831841514,False
metformin,Body mass index abnormal,2,46202,1,6487,0.23406557731847205,False,0.2340241328932417,False,-0.3245148059614062,False
metformin,Body mass index increased,6,46198,1,6487,0.6085705010280272,False,0.6085154279900863,False,-0.03032748881462012,False
metformin,Body temperature abnormal,2,46202,0,6488,0.702196731955416,False,0.7021806179319301,False,0.1496078316296215,False
metformin,Body temperature decreased,38,46166,0,6488,10.813829672113407,True,10.822013797883747,True,0.18693761640882395,True
metformin,Body temperature increased,4,46200,0,6488,1.2639541175197488,False,1.2639798270581488,False,0.1672306113239052,True
metformin,Body tinea,1,46203,0,6488,0.4213180391732496,False,0.42129925222115205,False,0.12357082672738463,False
metformin,Bone density abnormal,2,46202,0,6488,0.702196731955416,False,0.7021806179319301,False,0.1496078316296215,False
metformin,Bone density decreased,3,46201,2,6486,0.1966150849475165,False,0.19655422442994275,False,-0.48081070772457,False
metformin,Bone lesion,5,46199,0,6488,1.5448328103019153,False,1.5448976720527279,False,0.17126598885512306,True
metformin,Bone marrow disorder,1,46203,0,6488,0.4213180391732496,False,0.42129925222115205,False,0.12357082672738463,False
metformin,Bone marrow failure,2,46202,0,6488,0.702196731955416,False,0.7021806179319301,False,0.1496078316296215,False
metformin,Bone pain,28,46176,1,6487,2.6683475814305813,True,2.6693772806514136,True,0.13638359741727912,True
metformin,Boredom,4,46200,0,6488,1.2639541175197488,False,1.2639798270581488,False,0.1672306113239052,True
metformin,Botulism,1,46203,0,6488,0.4213180391732496,False,0.42129925222115205,False,0.12357082672738463,False
metformin,Bowel movement irregularity,8,46196,0,6488,2.3874688886484146,True,2.387724178238611,True,0.1776984083072978,True
metformin,Bradyarrhythmia,6,46198,0,6488,1.8257115030840816,False,1.8258276783878264,False,0.17406633864098864,True
metformin,Bradycardia,101,46103,16,6472,0.863914767193633,False,0.8636151662711469,False,-0.022476647414701085,False
metformin,Bradycardia foetal,1,46203,0,6488,0.4213180391732496,False,0.42129925222115205,False,0.12357082672738463,False
metformin,Bradyphrenia,4,46200,6,6482,0.09722723980921145,False,0.09713930834914374,False,-1.042440997984685,False
metformin,Bradypnoea,8,46196,1,6487,0.795822962882805,False,0.7957853949974565,False,0.01847838841636248,True
metformin,Brain cancer metastatic,1,46203,0,6488,0.4213180391732496,False,0.42129925222115205,False,0.12357082672738463,False
metformin,Brain death,1,46203,0,6488,0.4213180391732496,False,0.42129925222115205,False,0.12357082672738463,False
metformin,Brain herniation,4,46200,0,6488,1.2639541175197488,False,1.2639798270581488,False,0.1672306113239052,True
metformin,Brain injury,7,46197,5,6483,0.1915081996242044,False,0.19137694385272716,False,-0.5554801083628864,False
metformin,Brain natriuretic peptide abnormal,2,46202,1,6487,0.23406557731847205,False,0.2340241328932417,False,-0.3245148059614062,False
metformin,Brain natriuretic peptide increased,6,46198,1,6487,0.6085705010280272,False,0.6085154279900863,False,-0.03032748881462012,False
metformin,Brain neoplasm,5,46199,0,6488,1.5448328103019153,False,1.5448976720527279,False,0.17126598885512306,True
metformin,Brain oedema,6,46198,0,6488,1.8257115030840816,False,1.8258276783878264,False,0.17406633864098864,True
metformin,Brain stem ischaemia,1,46203,0,6488,0.4213180391732496,False,0.42129925222115205,False,0.12357082672738463,False
metformin,Brain stem stroke,1,46203,0,6488,0.4213180391732496,False,0.42129925222115205,False,0.12357082672738463,False
metformin,Brain stem syndrome,1,46203,0,6488,0.4213180391732496,False,0.42129925222115205,False,0.12357082672738463,False
metformin,Breast cancer,21,46183,0,6488,6.038891894816578,True,6.041237671462752,True,0.18486259823702114,True
metformin,Breast cancer female,3,46201,1,6487,0.32769180824586086,False,0.3276408774606885,False,-0.19533946806080307,False
metformin,Breast cancer metastatic,8,46196,0,6488,2.3874688886484146,True,2.387724178238611,True,0.1776984083072978,True
metformin,Breast cancer recurrent,2,46202,0,6488,0.702196731955416,False,0.7021806179319301,False,0.1496078316296215,False
metformin,Breast cancer stage I,1,46203,0,6488,0.4213180391732496,False,0.42129925222115205,False,0.12357082672738463,False
metformin,Breast feeding,1,46203,0,6488,0.4213180391732496,False,0.42129925222115205,False,0.12357082672738463,False
metformin,Breast mass,10,46194,0,6488,2.949226274212747,True,2.9496693329292447,True,0.1799514233517631,True
metformin,Breast pain,10,46194,0,6488,2.949226274212747,True,2.9496693329292447,True,0.1799514233517631,True
metformin,Breast sarcoma metastatic,1,46203,0,6488,0.4213180391732496,False,0.42129925222115205,False,0.12357082672738463,False
metformin,Breath odour,3,46201,0,6488,0.9830754247375825,False,0.9830741426144173,False,0.16091202120883544,True
metformin,Breath sounds abnormal,8,46196,0,6488,2.3874688886484146,True,2.387724178238611,True,0.1776984083072978,True
metformin,Bronchial carcinoma,3,46201,0,6488,0.9830754247375825,False,0.9830741426144173,False,0.16091202120883544,True
metformin,Bronchial neoplasm,1,46203,0,6488,0.4213180391732496,False,0.42129925222115205,False,0.12357082672738463,False
metformin,Bronchial obstruction,3,46201,0,6488,0.9830754247375825,False,0.9830741426144173,False,0.16091202120883544,True
metformin,Bronchiectasis,2,46202,0,6488,0.702196731955416,False,0.7021806179319301,False,0.1496078316296215,False
metformin,Bronchitis,36,46168,3,6485,1.4645817552212965,False,1.4649490453447698,False,0.07304791410806177,True
metformin,Bronchospasm,2,46202,2,6486,0.14043934639108321,False,0.14039283588550402,False,-0.6807662952310448,False
metformin,Bronchostenosis,17,46187,0,6488,4.915377123687913,True,4.916860622462788,True,0.18378964235422843,True
metformin,Bundle branch block left,7,46197,0,6488,2.1065901958662483,True,2.106769846853185,True,0.1761233886528062,True
metformin,Bundle branch block right,3,46201,0,6488,0.9830754247375825,False,0.9830741426144173,False,0.16091202120883544,True
metformin,Burkholderia pseudomallei infection,9,46195,0,6488,2.6683475814305813,True,2.6686906733339826,True,0.17894306060960852,True
metformin,Burn oesophageal,1,46203,0,6488,0.4213180391732496,False,0.42129925222115205,False,0.12357082672738463,False
metformin,Burning mouth syndrome,1,46203,0,6488,0.4213180391732496,False,0.42129925222115205,False,0.12357082672738463,False
metformin,Burning sensation,21,46183,4,6484,0.6709879883129531,False,0.6708348219602239,False,-0.060561184761057256,False
metformin,Bursitis,8,46196,0,6488,2.3874688886484146,True,2.387724178238611,True,0.1776984083072978,True
metformin,Buttock injury,1,46203,0,6488,0.4213180391732496,False,0.42129925222115205,False,0.12357082672738463,False
metformin,C-reactive protein abnormal,3,46201,0,6488,0.9830754247375825,False,0.9830741426144173,False,0.16091202120883544,True
metformin,C-reactive protein increased,26,46178,5,6483,0.6766623053388556,False,0.6764767547274558,False,-0.06300532915392631,False
metformin,COVID-19,40,46164,16,6472,0.3447147593235679,False,0.3441398792263634,False,-0.2925544426378591,False
metformin,COVID-19 pneumonia,3,46201,2,6486,0.1966150849475165,False,0.19655422442994275,False,-0.48081070772457,False
metformin,Cachexia,11,46193,1,6487,1.0767016556649713,False,1.0767207507549763,False,0.06119125208560783,True
metformin,Caesarean section,7,46197,0,6488,2.1065901958662483,True,2.106769846853185,True,0.1761233886528062,True
metformin,Calcium deficiency,1,46203,0,6488,0.4213180391732496,False,0.42129925222115205,False,0.12357082672738463,False
metformin,Calculus bladder,3,46201,1,6487,0.32769180824586086,False,0.3276408774606885,False,-0.19533946806080307,False
metformin,Calculus urethral,1,46203,0,6488,0.4213180391732496,False,0.42129925222115205,False,0.12357082672738463,False
metformin,Campylobacter gastroenteritis,2,46202,0,6488,0.702196731955416,False,0.7021806179319301,False,0.1496078316296215,False
metformin,Campylobacter infection,4,46200,0,6488,1.2639541175197488,False,1.2639798270581488,False,0.1672306113239052,True
metformin,Candida infection,7,46197,7,6481,0.14043934639108321,False,0.14029979977271498,False,-0.7684930217236147,False
metformin,Capillary leak syndrome,13,46191,1,6487,1.263954117519749,False,1.264031261162768,False,0.07950388483133539,True
metformin,Carbohydrate antigen 125 increased,6,46198,0,6488,1.8257115030840816,False,1.8258276783878264,False,0.17406633864098864,True
metformin,Carbohydrate antigen 19-9 increased,1,46203,1,6487,0.14043934639108324,False,0.14041144069172248,False,-0.5873577625365847,False
metformin,Carbuncle,1,46203,0,6488,0.4213180391732496,False,0.42129925222115205,False,0.12357082672738463,False
metformin,Carcinogenicity,5,46199,0,6488,1.5448328103019153,False,1.5448976720527279,False,0.17126598885512306,True
metformin,Carcinoid crisis,2,46202,0,6488,0.702196731955416,False,0.7021806179319301,False,0.1496078316296215,False
metformin,Carcinoid tumour,2,46202,0,6488,0.702196731955416,False,0.7021806179319301,False,0.1496078316296215,False
metformin,Cardiac arrest,215,45989,6,6482,4.656104484196682,True,4.673236449457108,True,0.14949012747417675,True
metformin,Cardiac asthma,5,46199,0,6488,1.5448328103019153,False,1.5448976720527279,False,0.17126598885512306,True
metformin,Cardiac discomfort,7,46197,0,6488,2.1065901958662483,True,2.106769846853185,True,0.1761233886528062,True
metformin,Cardiac disorder,25,46179,4,6484,0.7958229628828049,False,0.7957102177373077,False,-0.024081074775966934,False
metformin,Cardiac dysfunction,1,46203,0,6488,0.4213180391732496,False,0.42129925222115205,False,0.12357082672738463,False
metformin,Cardiac failure,73,46131,52,6436,0.19661508494751653,False,0.19533507473201608,False,-0.5831119068315036,False
metformin,Cardiac failure acute,8,46196,9,6479,0.125656257297285,False,0.12549538100118088,False,-0.8580305333403988,False
metformin,Cardiac failure chronic,18,46186,6,6482,0.39971198588231377,False,0.39947154055172635,False,-0.21981875403765874,False
metformin,Cardiac failure congestive,14,46190,8,6480,0.23957300266714196,False,0.23933429142865512,False,-0.4488007799565637,False
metformin,Cardiac flutter,1,46203,1,6487,0.14043934639108324,False,0.14041144069172248,False,-0.5873577625365847,False
metformin,Cardiac hypertrophy,4,46200,0,6488,1.2639541175197488,False,1.2639798270581488,False,0.1672306113239052,True
metformin,Cardiac murmur,9,46195,0,6488,2.6683475814305813,True,2.6686906733339826,True,0.17894306060960852,True
metformin,Cardiac myxoma,1,46203,0,6488,0.4213180391732496,False,0.42129925222115205,False,0.12357082672738463,False
metformin,Cardiac pacemaker insertion,3,46201,0,6488,0.9830754247375825,False,0.9830741426144173,False,0.16091202120883544,True
metformin,Cardiac septal hypertrophy,1,46203,0,6488,0.4213180391732496,False,0.42129925222115205,False,0.12357082672738463,False
metformin,Cardio-respiratory arrest,72,46132,1,6487,6.787901742235689,True,6.796997778139056,True,0.16842546383124535,True
metformin,Cardioactive drug level increased,8,46196,0,6488,2.3874688886484146,True,2.387724178238611,True,0.1776984083072978,True
metformin,Cardiogenic shock,81,46123,1,6487,7.630537820582189,True,7.642253948637896,True,0.1707448638422065,True
metformin,Cardiomegaly,10,46194,2,6486,0.5898452548425495,False,0.589752026756432,False,-0.0700532811926447,False
metformin,Cardiomyopathy,9,46195,1,6487,0.8894491938101938,False,0.88942645928716,False,0.03556151401658826,True
metformin,Cardiopulmonary failure,1,46203,0,6488,0.4213180391732496,False,0.42129925222115205,False,0.12357082672738463,False
metformin,Cardiorenal syndrome,2,46202,0,6488,0.702196731955416,False,0.7021806179319301,False,0.1496078316296215,False
metformin,Cardiotoxicity,1,46203,0,6488,0.4213180391732496,False,0.42129925222115205,False,0.12357082672738463,False
metformin,Cardiovascular disorder,34,46170,3,6485,1.3843307001406775,False,1.3846178837136267,False,0.06657335303504812,True
metformin,Cardiovascular insufficiency,8,46196,0,6488,2.3874688886484146,True,2.387724178238611,True,0.1776984083072978,True
metformin,Carotid artery stenosis,3,46201,2,6486,0.1966150849475165,False,0.19655422442994275,False,-0.48081070772457,False
metformin,Carotid artery thrombosis,10,46194,0,6488,2.949226274212747,True,2.9496693329292447,True,0.1799514233517631,True
metformin,Carpal tunnel syndrome,6,46198,0,6488,1.8257115030840816,False,1.8258276783878264,False,0.17406633864098864,True
metformin,Cartilage injury,3,46201,0,6488,0.9830754247375825,False,0.9830741426144173,False,0.16091202120883544,True
metformin,Cataract,33,46171,5,6483,0.8554032916547796,False,0.8552983786731878,False,-0.013759733828304912,False
metformin,Cataract diabetic,4,46200,0,6488,1.2639541175197488,False,1.2639798270581488,False,0.1672306113239052,True
metformin,Cataract operation,1,46203,0,6488,0.4213180391732496,False,0.42129925222115205,False,0.12357082672738463,False
metformin,Catheter placement,1,46203,0,6488,0.4213180391732496,False,0.42129925222115205,False,0.12357082672738463,False
metformin,Caudal regression syndrome,3,46201,0,6488,0.9830754247375825,False,0.9830741426144173,False,0.16091202120883544,True
metformin,Cavernous sinus thrombosis,2,46202,0,6488,0.702196731955416,False,0.7021806179319301,False,0.1496078316296215,False
metformin,Cell death,6,46198,0,6488,1.8257115030840816,False,1.8258276783878264,False,0.17406633864098864,True
metformin,Cellulitis,13,46191,9,6479,0.19957170276627617,False,0.19933776834083738,False,-0.5518942729206673,False
metformin,Cellulitis gangrenous,1,46203,0,6488,0.4213180391732496,False,0.42129925222115205,False,0.12357082672738463,False
metformin,Central nervous system lesion,8,46196,1,6487,0.795822962882805,False,0.7957853949974565,False,0.01847838841636248,True
metformin,Central nervous system lymphoma,1,46203,0,6488,0.4213180391732496,False,0.42129925222115205,False,0.12357082672738463,False
metformin,Central nervous system necrosis,1,46203,0,6488,0.4213180391732496,False,0.42129925222115205,False,0.12357082672738463,False
metformin,Central obesity,7,46197,0,6488,2.1065901958662483,True,2.106769846853185,True,0.1761233886528062,True
metformin,Cerebellar artery occlusion,1,46203,0,6488,0.4213180391732496,False,0.42129925222115205,False,0.12357082672738463,False
metformin,Cerebellar infarction,1,46203,1,6487,0.14043934639108324,False,0.14041144069172248,False,-0.5873577625365847,False
metformin,Cerebral disorder,2,46202,0,6488,0.702196731955416,False,0.7021806179319301,False,0.1496078316296215,False
metformin,Cerebral haematoma,2,46202,1,6487,0.23406557731847205,False,0.2340241328932417,False,-0.3245148059614062,False
metformin,Cerebral haemorrhage,19,46185,1,6487,1.8257115030840818,False,1.8260601270961665,False,0.11248376100693783,True
metformin,Cerebral infarction,2,46202,13,6475,0.026007286368719115,False,0.025954583987157984,False,-2.449222251610613,False
metformin,Cerebral ischaemia,12,46192,0,6488,3.5109836597770805,True,3.5116631487795638,True,0.18148548580331975,True
metformin,Cerebral microhaemorrhage,1,46203,0,6488,0.4213180391732496,False,0.42129925222115205,False,0.12357082672738463,False
metformin,Cerebral venous thrombosis,10,46194,0,6488,2.949226274212747,True,2.9496693329292447,True,0.1799514233517631,True
metformin,Cerebrospinal fluid leakage,2,46202,0,6488,0.702196731955416,False,0.7021806179319301,False,0.1496078316296215,False
metformin,Cerebrovascular accident,102,46102,6,6482,2.2146204623209274,True,2.2173209362081985,True,0.106561786143715,True
metformin,Change of bowel habit,6,46198,0,6488,1.8257115030840816,False,1.8258276783878264,False,0.17406633864098864,True
metformin,Chemical submission,1,46203,0,6488,0.4213180391732496,False,0.42129925222115205,False,0.12357082672738463,False
metformin,Chemotherapy,1,46203,0,6488,0.4213180391732496,False,0.42129925222115205,False,0.12357082672738463,False
metformin,Chest discomfort,60,46144,4,6484,1.8881289903690075,False,1.8892934152499214,False,0.0956326003593365,True
metformin,Chest injury,6,46198,0,6488,1.8257115030840816,False,1.8258276783878264,False,0.17406633864098864,True
metformin,Chest pain,77,46127,11,6477,0.946439073505126,False,0.9463490844139472,False,-0.0030590497616202104,False
metformin,Chills,47,46157,6,6482,1.0262875313194544,False,1.0263145834288119,False,0.016062737282052795,True
metformin,Choking,20,46184,2,6486,1.1516026404068824,False,1.1516699325531292,False,0.05077022953394793,True
metformin,Choking sensation,5,46199,1,6487,0.5149442701006385,False,0.5148865247459388,False,-0.06694176086280622,False
metformin,Cholangitis,1,46203,0,6488,0.4213180391732496,False,0.42129925222115205,False,0.12357082672738463,False
metformin,Cholecystectomy,2,46202,0,6488,0.702196731955416,False,0.7021806179319301,False,0.1496078316296215,False
metformin,Cholecystitis,8,46196,0,6488,2.3874688886484146,True,2.387724178238611,True,0.1776984083072978,True
metformin,Cholecystitis chronic,1,46203,0,6488,0.4213180391732496,False,0.42129925222115205,False,0.12357082672738463,False
metformin,Cholecystitis infective,3,46201,0,6488,0.9830754247375825,False,0.9830741426144173,False,0.16091202120883544,True
metformin,Cholelithiasis,29,46175,4,6484,0.9206579374526567,False,0.9206072484326103,False,0.003099562006716037,True
metformin,Cholestasis,21,46183,6,6482,0.46453014575512136,False,0.46428086621012665,False,-0.1692074304956272,False
metformin,Cholestasis of pregnancy,1,46203,0,6488,0.4213180391732496,False,0.42129925222115205,False,0.12357082672738463,False
metformin,Cholestatic liver injury,22,46182,0,6488,6.319770587598745,True,6.322362366697342,True,0.18507132124553888,True
metformin,Chondromalacia,1,46203,0,6488,0.4213180391732496,False,0.42129925222115205,False,0.12357082672738463,False
metformin,Chorea,5,46199,0,6488,1.5448328103019153,False,1.5448976720527279,False,0.17126598885512306,True
metformin,Choreoathetosis,18,46186,0,6488,5.196255816470079,True,5.197936626503416,True,0.18410129730296027,True
metformin,Choroid melanoma,1,46203,0,6488,0.4213180391732496,False,0.42129925222115205,False,0.12357082672738463,False
metformin,Choroidal effusion,1,46203,0,6488,0.4213180391732496,False,0.42129925222115205,False,0.12357082672738463,False
metformin,Chromaturia,11,46193,9,6479,0.17000552457867968,False,0.16979889515100383,False,-0.6493565017982976,False
metformin,Chronic gastritis,11,46193,0,6488,3.230104966994914,True,3.230660157814411,True,0.18078495057853297,True
metformin,Chronic kidney disease,44,46160,9,6479,0.6578474646740214,False,0.6575176201571291,False,-0.0780594400824972,False
metformin,Chronic lymphocytic leukaemia recurrent,1,46203,0,6488,0.4213180391732496,False,0.42129925222115205,False,0.12357082672738463,False
metformin,Chronic myeloid leukaemia,2,46202,0,6488,0.702196731955416,False,0.7021806179319301,False,0.1496078316296215,False
metformin,Chronic myelomonocytic leukaemia,2,46202,0,6488,0.702196731955416,False,0.7021806179319301,False,0.1496078316296215,False
metformin,Chronic obstructive pulmonary disease,25,46179,2,6486,1.432481333189049,False,1.4327201463853008,False,0.07695315677377035,True
metformin,Chronic spontaneous urticaria,1,46203,0,6488,0.4213180391732496,False,0.42129925222115205,False,0.12357082672738463,False
metformin,Circulatory collapse,53,46151,0,6488,15.027010063845903,True,15.043270532918756,True,0.187674115352252,True
metformin,Circumstance or information capable of leading to device use error,1,46203,0,6488,0.4213180391732496,False,0.42129925222115205,False,0.12357082672738463,False
metformin,Circumstance or information capable of leading to medication error,3,46201,0,6488,0.9830754247375825,False,0.9830741426144173,False,0.16091202120883544,True
metformin,Clavicle fracture,1,46203,6,6482,0.032409079936403816,False,0.03237766702655726,False,-2.145804706234556,False
metformin,Cleft lip,3,46201,0,6488,0.9830754247375825,False,0.9830741426144173,False,0.16091202120883544,True
metformin,Cleft lip and palate,4,46200,0,6488,1.2639541175197488,False,1.2639798270581488,False,0.1672306113239052,True
metformin,Clostridium difficile infection,15,46189,2,6486,0.8707239476247159,False,0.8706805659294862,False,0.008702935796137156,True
metformin,Clumsiness,6,46198,0,6488,1.8257115030840816,False,1.8258276783878264,False,0.17406633864098864,True
metformin,Cluster headache,1,46203,0,6488,0.4213180391732496,False,0.42129925222115205,False,0.12357082672738463,False
metformin,Coagulation time prolonged,2,46202,0,6488,0.702196731955416,False,0.7021806179319301,False,0.1496078316296215,False
metformin,Coagulopathy,45,46159,1,6487,4.259993507196191,True,4.263206923818499,True,0.15602533146107822,True
metformin,Coccydynia,1,46203,0,6488,0.4213180391732496,False,0.42129925222115205,False,0.12357082672738463,False
metformin,Coeliac disease,8,46196,1,6487,0.795822962882805,False,0.7957853949974565,False,0.01847838841636248,True
metformin,Cognitive disorder,26,46178,2,6486,1.4886570717454821,False,1.4889374925560597,False,0.08104688574990147,True
metformin,Cogwheel rigidity,3,46201,0,6488,0.9830754247375825,False,0.9830741426144173,False,0.16091202120883544,True
metformin,Cold sweat,19,46185,5,6483,0.4979213190229314,False,0.4977093361651286,False,-0.1438699008043601,False
metformin,Colitis,38,46166,2,6486,2.1627659344226817,True,2.163735609153824,True,0.1140038477442531,True
metformin,Colitis ischaemic,3,46201,1,6487,0.32769180824586086,False,0.3276408774606885,False,-0.19533946806080307,False
metformin,Colitis microscopic,1,46203,0,6488,0.4213180391732496,False,0.42129925222115205,False,0.12357082672738463,False
metformin,Colitis ulcerative,16,46188,1,6487,1.5448328103019153,False,1.54502744189571,False,0.09890074476771525,True
metformin,Colon cancer,11,46193,2,6486,0.6460209933989828,False,0.6459328693430894,False,-0.049243039654018994,False
metformin,Colon cancer stage III,1,46203,0,6488,0.4213180391732496,False,0.42129925222115205,False,0.12357082672738463,False
metformin,Colon cancer stage IV,4,46200,0,6488,1.2639541175197488,False,1.2639798270581488,False,0.1672306113239052,True
metformin,Colon injury,2,46202,0,6488,0.702196731955416,False,0.7021806179319301,False,0.1496078316296215,False
metformin,Colon neoplasm,3,46201,0,6488,0.9830754247375825,False,0.9830741426144173,False,0.16091202120883544,True
metformin,Colorectal cancer,2,46202,0,6488,0.702196731955416,False,0.7021806179319301,False,0.1496078316296215,False
metformin,Colorectal cancer stage IV,3,46201,0,6488,0.9830754247375825,False,0.9830741426144173,False,0.16091202120883544,True
metformin,Coma,130,46074,6,6482,2.819589954467132,True,2.8247437052198907,True,0.12397316476550244,True
metformin,Coma acidotic,7,46197,0,6488,2.1065901958662483,True,2.106769846853185,True,0.1761233886528062,True
metformin,Coma scale abnormal,7,46197,0,6488,2.1065901958662483,True,2.106769846853185,True,0.1761233886528062,True
metformin,Communication disorder,5,46199,0,6488,1.5448328103019153,False,1.5448976720527279,False,0.17126598885512306,True
metformin,Compartment syndrome,19,46185,2,6486,1.095426901850449,False,1.0954671920840957,False,0.044000062397171705,True
metformin,Complement factor decreased,1,46203,0,6488,0.4213180391732496,False,0.42129925222115205,False,0.12357082672738463,False
metformin,Completed suicide,275,45929,12,6476,3.095283194459474,True,3.107851380920759,True,0.12770427061701783,True
metformin,Complex regional pain syndrome,6,46198,0,6488,1.8257115030840816,False,1.8258276783878264,False,0.17406633864098864,True
metformin,Complication of pregnancy,2,46202,0,6488,0.702196731955416,False,0.7021806179319301,False,0.1496078316296215,False
metformin,Concomitant disease aggravated,12,46192,0,6488,3.5109836597770805,True,3.5116631487795638,True,0.18148548580331975,True
metformin,Concussion,4,46200,0,6488,1.2639541175197488,False,1.2639798270581488,False,0.1672306113239052,True
metformin,Condition aggravated,207,45997,29,6459,0.9878360805474498,False,0.9877812077111782,False,0.00040910522251339995,True
metformin,Conduction disorder,2,46202,0,6488,0.702196731955416,False,0.7021806179319301,False,0.1496078316296215,False
metformin,Confusional state,167,46037,34,6454,0.6818432034929404,False,0.6806856414312529,False,-0.07755516081613002,False
metformin,Congenital absence of bile ducts,1,46203,0,6488,0.4213180391732496,False,0.42129925222115205,False,0.12357082672738463,False
metformin,Congenital anomaly of inner ear,1,46203,0,6488,0.4213180391732496,False,0.42129925222115205,False,0.12357082672738463,False
metformin,Congenital cardiovascular anomaly,1,46203,0,6488,0.4213180391732496,False,0.42129925222115205,False,0.12357082672738463,False
metformin,Congenital central nervous system anomaly,1,46203,0,6488,0.4213180391732496,False,0.42129925222115205,False,0.12357082672738463,False
metformin,Congenital coronary artery malformation,5,46199,0,6488,1.5448328103019153,False,1.5448976720527279,False,0.17126598885512306,True
metformin,Congenital hydrocephalus,6,46198,0,6488,1.8257115030840816,False,1.8258276783878264,False,0.17406633864098864,True
metformin,Congenital uterine anomaly,1,46203,0,6488,0.4213180391732496,False,0.42129925222115205,False,0.12357082672738463,False
metformin,Congestive cardiomyopathy,5,46199,2,6486,0.3089665620603831,False,0.308884295284581,False,-0.27133558831841514,False
metformin,Congestive hepatopathy,3,46201,0,6488,0.9830754247375825,False,0.9830741426144173,False,0.16091202120883544,True
metformin,Conjunctival haemorrhage,1,46203,0,6488,0.4213180391732496,False,0.42129925222115205,False,0.12357082672738463,False
metformin,Conjunctival oedema,2,46202,0,6488,0.702196731955416,False,0.7021806179319301,False,0.1496078316296215,False
metformin,Conjunctivitis viral,1,46203,0,6488,0.4213180391732496,False,0.42129925222115205,False,0.12357082672738463,False
metformin,Connective tissue disorder,1,46203,0,6488,0.4213180391732496,False,0.42129925222115205,False,0.12357082672738463,False
metformin,Consciousness fluctuating,4,46200,0,6488,1.2639541175197488,False,1.2639798270581488,False,0.1672306113239052,True
metformin,Constipation,118,46086,18,6470,0.8995709485050465,False,0.8993127201170772,False,-0.015189582906122864,False
metformin,Continuous haemodiafiltration,2,46202,0,6488,0.702196731955416,False,0.7021806179319301,False,0.1496078316296215,False
metformin,Contraindicated product administered,67,46137,4,6484,2.1065901958662483,True,2.108209157409916,True,0.10509446728906753,True
metformin,Contraindicated product prescribed,11,46193,3,6485,0.4614435667135592,False,0.46130949159513784,False,-0.1518216612751203,False
metformin,Contusion,25,46179,1,6487,2.387468888648415,True,2.3882350393572906,True,0.13025378197952786,True
metformin,Conversion disorder,1,46203,0,6488,0.4213180391732496,False,0.42129925222115205,False,0.12357082672738463,False
metformin,Coordination abnormal,12,46192,0,6488,3.5109836597770805,True,3.5116631487795638,True,0.18148548580331975,True
metformin,Corneal disorder,1,46203,0,6488,0.4213180391732496,False,0.42129925222115205,False,0.12357082672738463,False
metformin,Corneal reflex decreased,4,46200,0,6488,1.2639541175197488,False,1.2639798270581488,False,0.1672306113239052,True
metformin,Coronary artery disease,35,46169,5,6483,0.9064721448879008,False,0.9064002307702153,False,-0.003035573445966077,False
metformin,Coronary artery occlusion,7,46197,0,6488,2.1065901958662483,True,2.106769846853185,True,0.1761233886528062,True
metformin,Coronary artery stenosis,9,46195,2,6486,0.5336695162861163,False,0.5335736164777954,False,-0.09484949203489455,False
metformin,Coronavirus infection,4,46200,3,6485,0.18056487393139273,False,0.18048505968550124,False,-0.5608422055134,False
metformin,Cortisol decreased,4,46200,0,6488,1.2639541175197488,False,1.2639798270581488,False,0.1672306113239052,True
metformin,Cortisol increased,3,46201,0,6488,0.9830754247375825,False,0.9830741426144173,False,0.16091202120883544,True
metformin,Costochondritis,2,46202,0,6488,0.702196731955416,False,0.7021806179319301,False,0.1496078316296215,False
metformin,Costovertebral angle tenderness,1,46203,0,6488,0.4213180391732496,False,0.42129925222115205,False,0.12357082672738463,False
metformin,Cough,131,46073,15,6473,1.1914692935759643,False,1.1920157728342196,False,0.033037071875365726,True
metformin,Coxsackie viral infection,2,46202,0,6488,0.702196731955416,False,0.7021806179319301,False,0.1496078316296215,False
metformin,Creatinine renal clearance,4,46200,0,6488,1.2639541175197488,False,1.2639798270581488,False,0.1672306113239052,True
metformin,Creatinine renal clearance abnormal,4,46200,0,6488,1.2639541175197488,False,1.2639798270581488,False,0.1672306113239052,True
metformin,Creatinine renal clearance decreased,19,46185,0,6488,5.477134509252245,True,5.479024802156521,True,0.18438104497414554,True
metformin,Crepitations,4,46200,1,6487,0.42131803917324967,False,0.42126167465720066,False,-0.11824062833986163,False
metformin,Crying,6,46198,1,6487,0.6085705010280272,False,0.6085154279900863,False,-0.03032748881462012,False
metformin,Cryopyrin associated periodic syndrome,1,46203,0,6488,0.4213180391732496,False,0.42129925222115205,False,0.12357082672738463,False
metformin,Crystal urine present,1,46203,0,6488,0.4213180391732496,False,0.42129925222115205,False,0.12357082672738463,False
metformin,Culture urine positive,1,46203,2,6486,0.08426360783464994,False,0.08423387838583657,False,-1.0614804001276124,False
metformin,Cushing's syndrome,1,46203,1,6487,0.14043934639108324,False,0.14041144069172248,False,-0.5873577625365847,False
metformin,Cushingoid,5,46199,0,6488,1.5448328103019153,False,1.5448976720527279,False,0.17126598885512306,True
metformin,Cutaneous lupus erythematosus,1,46203,0,6488,0.4213180391732496,False,0.42129925222115205,False,0.12357082672738463,False
metformin,Cutaneous vasculitis,1,46203,1,6487,0.14043934639108324,False,0.14041144069172248,False,-0.5873577625365847,False
metformin,Cyanosis,34,46170,1,6487,3.2301049669949142,True,3.231771369164293,True,0.14549304039767647,True
metformin,Cyst,11,46193,2,6486,0.6460209933989828,False,0.6459328693430894,False,-0.049243039654018994,False
metformin,Cystitis,30,46174,5,6483,0.7788000118050978,False,0.7786539008642117,False,-0.0322940788176063,False
metformin,Cystitis haemorrhagic,2,46202,0,6488,0.702196731955416,False,0.7021806179319301,False,0.1496078316296215,False
metformin,Cystocele,1,46203,0,6488,0.4213180391732496,False,0.42129925222115205,False,0.12357082672738463,False
metformin,Cytomegalovirus viraemia,1,46203,0,6488,0.4213180391732496,False,0.42129925222115205,False,0.12357082672738463,False
metformin,Cytotoxic oedema,1,46203,0,6488,0.4213180391732496,False,0.42129925222115205,False,0.12357082672738463,False
metformin,Dandy-Walker syndrome,1,46203,0,6488,0.4213180391732496,False,0.42129925222115205,False,0.12357082672738463,False
metformin,Daydreaming,1,46203,0,6488,0.4213180391732496,False,0.42129925222115205,False,0.12357082672738463,False
metformin,Deafness,19,46185,1,6487,1.8257115030840818,False,1.8260601270961665,False,0.11248376100693783,True
metformin,Deafness bilateral,2,46202,0,6488,0.702196731955416,False,0.7021806179319301,False,0.1496078316296215,False
metformin,Deafness congenital,2,46202,0,6488,0.702196731955416,False,0.7021806179319301,False,0.1496078316296215,False
metformin,Deafness neurosensory,1,46203,0,6488,0.4213180391732496,False,0.42129925222115205,False,0.12357082672738463,False
metformin,Deafness unilateral,5,46199,0,6488,1.5448328103019153,False,1.5448976720527279,False,0.17126598885512306,True
metformin,Death,166,46038,36,6452,0.6406342787428865,False,0.6393346188367359,False,-0.09333366677387368,False
metformin,Death neonatal,1,46203,0,6488,0.4213180391732496,False,0.42129925222115205,False,0.12357082672738463,False
metformin,Debridement,2,46202,0,6488,0.702196731955416,False,0.7021806179319301,False,0.1496078316296215,False
metformin,Decreased activity,14,46190,0,6488,4.072741045341413,True,4.0737056321104985,True,0.18259737779543883,True
metformin,Decreased appetite,170,46034,29,6459,0.8116918155823623,False,0.8109943702871336,False,-0.037558462572027815,False
metformin,Decreased bronchial secretion,3,46201,0,6488,0.9830754247375825,False,0.9830741426144173,False,0.16091202120883544,True
metformin,Decreased immune responsiveness,8,46196,0,6488,2.3874688886484146,True,2.387724178238611,True,0.1776984083072978,True
metformin,Decreased interest,4,46200,0,6488,1.2639541175197488,False,1.2639798270581488,False,0.1672306113239052,True
metformin,Decreased vibratory sense,11,46193,1,6487,1.0767016556649713,False,1.0767207507549763,False,0.06119125208560783,True
metformin,Decubitus ulcer,4,46200,1,6487,0.42131803917324967,False,0.42126167465720066,False,-0.11824062833986163,False
metformin,Deep vein thrombosis,5,46199,3,6485,0.2206904014717022,False,0.22059762551542766,False,-0.45033281430574423,False
metformin,Defaecation urgency,3,46201,1,6487,0.32769180824586086,False,0.3276408774606885,False,-0.19533946806080307,False
metformin,Deformity,1,46203,0,6488,0.4213180391732496,False,0.42129925222115205,False,0.12357082672738463,False
metformin,Deformity thorax,1,46203,0,6488,0.4213180391732496,False,0.42129925222115205,False,0.12357082672738463,False
metformin,Dehydration,283,45921,40,6448,0.9830754247375826,False,0.9829709395381249,False,-0.0011638709812208574,False
metformin,Delayed recovery from anaesthesia,3,46201,0,6488,0.9830754247375825,False,0.9830741426144173,False,0.16091202120883544,True
metformin,Delirium,20,46184,6,6482,0.4429240924641855,False,0.44267682214395937,False,-0.18461955537388422,False
metformin,Dementia,5,46199,2,6486,0.3089665620603831,False,0.308884295284581,False,-0.27133558831841514,False
metformin,Dementia Alzheimer's type,2,46202,3,6485,0.10031381885077373,False,0.10026513716790217,False,-0.9662375348948117,False
metformin,Dengue fever,1,46203,0,6488,0.4213180391732496,False,0.42129925222115205,False,0.12357082672738463,False
metformin,Dental caries,1,46203,1,6487,0.14043934639108324,False,0.14041144069172248,False,-0.5873577625365847,False
metformin,Dependence,1,46203,0,6488,0.4213180391732496,False,0.42129925222115205,False,0.12357082672738463,False
metformin,Depressed level of consciousness,112,46092,8,6480,1.8587560551761013,False,1.8608520589990079,False,0.08961768639180959,True
metformin,Depressed mood,21,46183,4,6484,0.6709879883129531,False,0.6708348219602239,False,-0.060561184761057256,False
metformin,Depression,66,46138,5,6483,1.6980393700012788,False,1.699045462919451,False,0.08356130573942638,True
metformin,Depressive symptom,1,46203,0,6488,0.4213180391732496,False,0.42129925222115205,False,0.12357082672738463,False
metformin,Dermatitis,9,46195,2,6486,0.5336695162861163,False,0.5335736164777954,False,-0.09484949203489455,False
metformin,Dermatitis allergic,2,46202,0,6488,0.702196731955416,False,0.7021806179319301,False,0.1496078316296215,False
metformin,Dermatitis bullous,17,46187,8,6480,0.28913983080517136,False,0.2888704927167078,False,-0.35754292251818875,False
metformin,Dermatitis contact,5,46199,0,6488,1.5448328103019153,False,1.5448976720527279,False,0.17126598885512306,True
metformin,Dermatitis exfoliative,4,46200,0,6488,1.2639541175197488,False,1.2639798270581488,False,0.1672306113239052,True
metformin,Dermatitis exfoliative generalised,9,46195,0,6488,2.6683475814305813,True,2.6686906733339826,True,0.17894306060960852,True
metformin,Dermatomyositis,6,46198,0,6488,1.8257115030840816,False,1.8258276783878264,False,0.17406633864098864,True
metformin,Developmental hip dysplasia,1,46203,0,6488,0.4213180391732496,False,0.42129925222115205,False,0.12357082672738463,False
metformin,Device computer issue,1,46203,0,6488,0.4213180391732496,False,0.42129925222115205,False,0.12357082672738463,False
metformin,Device difficult to use,16,46188,0,6488,4.6344984309057455,True,4.635796789244076,True,0.18344029108935347,True
metformin,Device issue,2,46202,0,6488,0.702196731955416,False,0.7021806179319301,False,0.1496078316296215,False
metformin,Diabetes mellitus,167,46037,15,6473,1.5176510013229962,False,1.5195343907929195,False,0.0652758982110425,True
metformin,Diabetes mellitus inadequate control,247,45957,35,6453,0.979119386811073,False,0.9790069361389465,False,-0.0016146686837788613,False
metformin,Diabetes mellitus management,1,46203,0,6488,0.4213180391732496,False,0.42129925222115205,False,0.12357082672738463,False
metformin,Diabetic amyotrophy,3,46201,0,6488,0.9830754247375825,False,0.9830741426144173,False,0.16091202120883544,True
metformin,Diabetic coma,6,46198,2,6486,0.36514230061681635,False,0.3650529779105382,False,-0.20932471480194936,False
metformin,Diabetic foetopathy,6,46198,0,6488,1.8257115030840816,False,1.8258276783878264,False,0.17406633864098864,True
metformin,Diabetic foot,9,46195,4,6484,0.2964830646033979,False,0.2963383879382191,False,-0.3248774822674464,False
metformin,Diabetic hyperosmolar coma,7,46197,2,6486,0.42131803917324967,False,0.42122409221278206,False,-0.16209385722545852,False
metformin,Diabetic ketoacidosis,159,46045,249,6239,0.089779862722957,False,0.08662689203318953,False,-1.1674614088827557,False
metformin,Diabetic ketoacidotic hyperglycaemic coma,6,46198,0,6488,1.8257115030840816,False,1.8258276783878264,False,0.17406633864098864,True
metformin,Diabetic macroangiopathy,1,46203,0,6488,0.4213180391732496,False,0.42129925222115205,False,0.12357082672738463,False
metformin,Diabetic metabolic decompensation,60,46144,11,6477,0.7388330831878726,False,0.7384906675485844,False,-0.05285789248716875,False
metformin,Diabetic mononeuropathy,1,46203,0,6488,0.4213180391732496,False,0.42129925222115205,False,0.12357082672738463,False
metformin,Diabetic nephropathy,9,46195,4,6484,0.2964830646033979,False,0.2963383879382191,False,-0.3248774822674464,False
metformin,Diabetic neuropathy,29,46175,6,6482,0.6373785720826085,False,0.6371469052436232,False,-0.08038836701865139,False
metformin,Diabetic retinal oedema,3,46201,0,6488,0.9830754247375825,False,0.9830741426144173,False,0.16091202120883544,True
metformin,Diabetic retinopathy,17,46187,4,6484,0.5461530137431014,False,0.5459810554803789,False,-0.11211913952011034,False
metformin,Diabetic vascular disorder,1,46203,0,6488,0.4213180391732496,False,0.42129925222115205,False,0.12357082672738463,False
metformin,Dialysis,12,46192,1,6487,1.1703278865923603,False,1.1703739784597067,False,0.07105119406369291,True
metformin,Diaphragmatic spasm,1,46203,0,6488,0.4213180391732496,False,0.42129925222115205,False,0.12357082672738463,False
metformin,Diarrhoea,1021,45183,74,6414,1.9256213736710268,False,1.946547646164414,False,0.08857344607746968,True
metformin,Diarrhoea haemorrhagic,7,46197,1,6487,0.7021967319554161,False,0.7021483846528492,False,-0.002873837334523044,False
metformin,Diastolic dysfunction,10,46194,1,6487,0.9830754247375825,False,0.9830715777852341,False,0.049540417300280325,True
metformin,Diet noncompliance,6,46198,2,6486,0.36514230061681635,False,0.3650529779105382,False,-0.20932471480194936,False
metformin,Dilatation ventricular,6,46198,0,6488,1.8257115030840816,False,1.8258276783878264,False,0.17406633864098864,True
metformin,Diplopia,6,46198,0,6488,1.8257115030840816,False,1.8258276783878264,False,0.17406633864098864,True
metformin,Disability,3,46201,0,6488,0.9830754247375825,False,0.9830741426144173,False,0.16091202120883544,True
metformin,Disability assessment scale score decreased,1,46203,0,6488,0.4213180391732496,False,0.42129925222115205,False,0.12357082672738463,False
metformin,Disability assessment scale score increased,1,46203,0,6488,0.4213180391732496,False,0.42129925222115205,False,0.12357082672738463,False
metformin,Discomfort,22,46182,2,6486,1.263954117519749,False,1.2640827153142424,False,0.06258097666306625,True
metformin,Discontinued product administered,1,46203,0,6488,0.4213180391732496,False,0.42129925222115205,False,0.12357082672738463,False
metformin,Discouragement,2,46202,0,6488,0.702196731955416,False,0.7021806179319301,False,0.1496078316296215,False
metformin,Disease progression,76,46128,2,6486,4.297443999567147,True,4.302912516123437,True,0.15104350998311364,True
metformin,Disease recurrence,7,46197,1,6487,0.7021967319554161,False,0.7021483846528492,False,-0.002873837334523044,False
metformin,Disorganised speech,4,46200,0,6488,1.2639541175197488,False,1.2639798270581488,False,0.1672306113239052,True
metformin,Disorientation,24,46180,11,6477,0.29919686839839466,False,0.2988250734476202,False,-0.3483215722652843,False
metformin,Disseminated intravascular coagulation,29,46175,1,6487,2.76197381235797,True,2.763099479161027,True,0.13815465959418052,True
metformin,Distributive shock,27,46177,0,6488,7.724164051509576,True,7.728168480320503,True,0.1858875283269344,True
metformin,Disturbance in attention,38,46166,2,6486,2.1627659344226817,True,2.163735609153824,True,0.1140038477442531,True
metformin,Diverticulitis,14,46190,1,6487,1.3575803484471378,False,1.3576925991275262,False,0.08683064862959668,True
metformin,Diverticulum,10,46194,1,6487,0.9830754247375825,False,0.9830715777852341,False,0.049540417300280325,True
metformin,Dizziness,258,45946,77,6411,0.46843317473670987,False,0.46544252203562136,False,-0.18688418291914705,False
metformin,Dizziness postural,2,46202,0,6488,0.702196731955416,False,0.7021806179319301,False,0.1496078316296215,False
metformin,Documented hypersensitivity to administered product,1,46203,0,6488,0.4213180391732496,False,0.42129925222115205,False,0.12357082672738463,False
metformin,Double stranded DNA antibody positive,1,46203,0,6488,0.4213180391732496,False,0.42129925222115205,False,0.12357082672738463,False
metformin,Drooling,1,46203,1,6487,0.14043934639108324,False,0.14041144069172248,False,-0.5873577625365847,False
metformin,Drug abuse,33,46171,3,6485,1.3442051726003679,False,1.3444549126625733,False,0.06305835511663513,True
metformin,Drug clearance decreased,1,46203,0,6488,0.4213180391732496,False,0.42129925222115205,False,0.12357082672738463,False
metformin,Drug dependence,12,46192,0,6488,3.5109836597770805,True,3.5116631487795638,True,0.18148548580331975,True
metformin,Drug dose titration not performed,4,46200,0,6488,1.2639541175197488,False,1.2639798270581488,False,0.1672306113239052,True
metformin,Drug effect less than expected,2,46202,0,6488,0.702196731955416,False,0.7021806179319301,False,0.1496078316296215,False
metformin,Drug effective for unapproved indication,1,46203,1,6487,0.14043934639108324,False,0.14041144069172248,False,-0.5873577625365847,False
metformin,Drug eruption,11,46193,3,6485,0.4614435667135592,False,0.46130949159513784,False,-0.1518216612751203,False
metformin,Drug exposure before pregnancy,1,46203,0,6488,0.4213180391732496,False,0.42129925222115205,False,0.12357082672738463,False
metformin,Drug hypersensitivity,95,46109,15,6473,0.8652875858289321,False,0.8650085753093355,False,-0.02182392593838274,False
metformin,Drug ineffective,564,45640,81,6407,0.9727363317517358,False,0.9723991237735993,False,-0.004034241054855444,False
metformin,Drug ineffective for unapproved indication,12,46192,3,6485,0.5015690942538688,False,0.5014342155111761,False,-0.12729415672325095,False
metformin,Drug interaction,294,45910,47,6441,0.8707239476247159,False,0.8698946864007144,False,-0.024348338101276616,False
metformin,Drug intolerance,131,46073,7,6481,2.462369873390326,True,2.466543674780514,True,0.11401184265931136,True
metformin,Drug level abnormal,5,46199,0,6488,1.5448328103019153,False,1.5448976720527279,False,0.17126598885512306,True
metformin,Drug level above therapeutic,90,46114,0,6488,25.41952169678606,True,25.467445163668692,True,0.18844736901062256,True
metformin,Drug level increased,187,46017,12,6476,2.1065901958662483,True,2.111099038409301,True,0.0995603937870429,True
metformin,Drug monitoring procedure incorrectly performed,1,46203,0,6488,0.4213180391732496,False,0.42129925222115205,False,0.12357082672738463,False
metformin,Drug monitoring procedure not performed,1,46203,1,6487,0.14043934639108324,False,0.14041144069172248,False,-0.5873577625365847,False
metformin,Drug reaction with eosinophilia and systemic symptoms,15,46189,3,6485,0.6219456768747972,False,0.6218188116346789,False,-0.07115575793911436,False
metformin,Drug resistance,1,46203,0,6488,0.4213180391732496,False,0.42129925222115205,False,0.12357082672738463,False
metformin,Drug screen false positive,1,46203,0,6488,0.4213180391732496,False,0.42129925222115205,False,0.12357082672738463,False
metformin,Drug screen positive,2,46202,2,6486,0.14043934639108321,False,0.14039283588550402,False,-0.6807662952310448,False
metformin,Drug tolerance,5,46199,0,6488,1.5448328103019153,False,1.5448976720527279,False,0.17126598885512306,True
metformin,Drug withdrawal syndrome,1,46203,0,6488,0.4213180391732496,False,0.42129925222115205,False,0.12357082672738463,False
metformin,Drug-disease interaction,4,46200,0,6488,1.2639541175197488,False,1.2639798270581488,False,0.1672306113239052,True
metformin,Drug-induced liver injury,16,46188,3,6485,0.6620712044151066,False,0.6619504855104625,False,-0.05662705452964948,False
metformin,Dry age-related macular degeneration,1,46203,0,6488,0.4213180391732496,False,0.42129925222115205,False,0.12357082672738463,False
metformin,Dry eye,1,46203,2,6486,0.08426360783464994,False,0.08423387838583657,False,-1.0614804001276124,False
metformin,Dry mouth,30,46174,12,6476,0.342672005194243,False,0.3422378152443448,False,-0.29146879149958504,False
metformin,Dry skin,19,46185,3,6485,0.7824477870360351,False,0.7823559342217795,False,-0.02137955622188754,False
metformin,Dry throat,1,46203,1,6487,0.14043934639108324,False,0.14041144069172248,False,-0.5873577625365847,False
metformin,Dumping syndrome,1,46203,0,6488,0.4213180391732496,False,0.42129925222115205,False,0.12357082672738463,False
metformin,Duodenal ulcer,10,46194,0,6488,2.949226274212747,True,2.9496693329292447,True,0.1799514233517631,True
metformin,Duplicate therapy error,1,46203,0,6488,0.4213180391732496,False,0.42129925222115205,False,0.12357082672738463,False
metformin,Dysarthria,29,46175,11,6477,0.3602574537858222,False,0.3598487434283097,False,-0.27013964358880693,False
metformin,Dyschromatopsia,1,46203,0,6488,0.4213180391732496,False,0.42129925222115205,False,0.12357082672738463,False
metformin,Dysentery,4,46200,1,6487,0.42131803917324967,False,0.42126167465720066,False,-0.11824062833986163,False
metformin,Dysgeusia,40,46164,1,6487,3.7918623525592468,True,3.794311646394957,True,0.1519380444750426,True
metformin,Dyskinesia,7,46197,0,6488,2.1065901958662483,True,2.106769846853185,True,0.1761233886528062,True
metformin,Dyslipidaemia,10,46194,4,6484,0.3276918082458608,False,0.32753899273723064,False,-0.2830661945533729,False
metformin,Dysmenorrhoea,2,46202,0,6488,0.702196731955416,False,0.7021806179319301,False,0.1496078316296215,False
metformin,Dysmorphism,8,46196,0,6488,2.3874688886484146,True,2.387724178238611,True,0.1776984083072978,True
metformin,Dyspepsia,59,46145,8,6480,0.9830754247375826,False,0.9830536021930633,False,0.006068507045662471,True
metformin,Dysphagia,30,46174,4,6484,0.9518666810951195,False,0.9518348872213018,False,0.008846045164669865,True
metformin,Dysphonia,18,46186,1,6487,1.732085272156693,False,1.73237850887164,False,0.10843219174084699,True
metformin,Dysplasia,1,46203,0,6488,0.4213180391732496,False,0.42129925222115205,False,0.12357082672738463,False
metformin,Dyspnoea,325,45879,53,6435,0.8544487336504221,False,0.8534160951692533,False,-0.028337161275418705,False
metformin,Dyspnoea at rest,8,46196,2,6486,0.47749377772968293,False,0.4773976383492256,False,-0.12490315817665788,False
metformin,Dyspnoea exertional,16,46188,2,6486,0.9268996861811493,False,0.9268735724260367,False,0.0190420510324641,True
metformin,Dyssomnia,1,46203,0,6488,0.4213180391732496,False,0.42129925222115205,False,0.12357082672738463,False
metformin,Dysstasia,18,46186,2,6486,1.0392511632940158,False,1.0392668853452849,False,0.036534907773639276,True
metformin,Dystonia,1,46203,0,6488,0.4213180391732496,False,0.42129925222115205,False,0.12357082672738463,False
metformin,Dysuria,22,46182,20,6468,0.1541407460389938,False,0.15372864549844004,False,-0.7303530327327965,False
metformin,Ear congestion,1,46203,0,6488,0.4213180391732496,False,0.42129925222115205,False,0.12357082672738463,False
metformin,Ear discomfort,3,46201,0,6488,0.9830754247375825,False,0.9830741426144173,False,0.16091202120883544,True
metformin,Ear disorder,4,46200,0,6488,1.2639541175197488,False,1.2639798270581488,False,0.1672306113239052,True
metformin,Ear haemorrhage,4,46200,0,6488,1.2639541175197488,False,1.2639798270581488,False,0.1672306113239052,True
metformin,Ear infection,10,46194,0,6488,2.949226274212747,True,2.9496693329292447,True,0.1799514233517631,True
metformin,Ear malformation,7,46197,0,6488,2.1065901958662483,True,2.106769846853185,True,0.1761233886528062,True
metformin,Ear pain,9,46195,1,6487,0.8894491938101938,False,0.88942645928716,False,0.03556151401658826,True
metformin,Ear swelling,1,46203,0,6488,0.4213180391732496,False,0.42129925222115205,False,0.12357082672738463,False
metformin,Early infantile epileptic encephalopathy with burst-suppression,1,46203,0,6488,0.4213180391732496,False,0.42129925222115205,False,0.12357082672738463,False
metformin,Eating disorder,36,46168,2,6486,2.0504144573098153,True,2.0512448964120558,True,0.10997563459393996,True
metformin,Ecchymosis,3,46201,0,6488,0.9830754247375825,False,0.9830741426144173,False,0.16091202120883544,True
metformin,Echocardiogram abnormal,2,46202,0,6488,0.702196731955416,False,0.7021806179319301,False,0.1496078316296215,False
metformin,Economic problem,1,46203,0,6488,0.4213180391732496,False,0.42129925222115205,False,0.12357082672738463,False
metformin,Ecthyma,2,46202,1,6487,0.23406557731847205,False,0.2340241328932417,False,-0.3245148059614062,False
metformin,Ectopia cordis,3,46201,0,6488,0.9830754247375825,False,0.9830741426144173,False,0.16091202120883544,True
metformin,Eczema,22,46182,3,6485,0.9028243696569637,False,0.9027770259297353,False,0.005027156866519632,True
metformin,Effusion,1,46203,1,6487,0.14043934639108324,False,0.14041144069172248,False,-0.5873577625365847,False
metformin,Ejection fraction,2,46202,0,6488,0.702196731955416,False,0.7021806179319301,False,0.1496078316296215,False
metformin,Ejection fraction decreased,25,46179,1,6487,2.387468888648415,True,2.3882350393572906,True,0.13025378197952786,True
metformin,Electric shock,1,46203,0,6488,0.4213180391732496,False,0.42129925222115205,False,0.12357082672738463,False
metformin,Electrocardiogram Q wave abnormal,1,46203,0,6488,0.4213180391732496,False,0.42129925222115205,False,0.12357082672738463,False
metformin,Electrocardiogram QRS complex prolonged,12,46192,0,6488,3.5109836597770805,True,3.5116631487795638,True,0.18148548580331975,True
metformin,Electrocardiogram QT interval,4,46200,0,6488,1.2639541175197488,False,1.2639798270581488,False,0.1672306113239052,True
metformin,Electrocardiogram QT prolonged,25,46179,3,6485,1.0232009522778922,False,1.0232137636830194,False,0.025551773158197632,True
metformin,Electrocardiogram ST segment depression,2,46202,0,6488,0.702196731955416,False,0.7021806179319301,False,0.1496078316296215,False
metformin,Electrocardiogram ST segment elevation,1,46203,2,6486,0.08426360783464994,False,0.08423387838583657,False,-1.0614804001276124,False
metformin,Electrocardiogram T wave inversion,1,46203,0,6488,0.4213180391732496,False,0.42129925222115205,False,0.12357082672738463,False
metformin,Electrocardiogram T wave peaked,4,46200,0,6488,1.2639541175197488,False,1.2639798270581488,False,0.1672306113239052,True
metformin,Electrocardiogram abnormal,7,46197,0,6488,2.1065901958662483,True,2.106769846853185,True,0.1761233886528062,True
metformin,Electrolyte imbalance,23,46181,4,6484,0.7334054755978789,False,0.7332698158353453,False,-0.040883333520087745,False
metformin,Embolic stroke,1,46203,0,6488,0.4213180391732496,False,0.42129925222115205,False,0.12357082672738463,False
metformin,Embolism,5,46199,0,6488,1.5448328103019153,False,1.5448976720527279,False,0.17126598885512306,True
metformin,Embolism venous,1,46203,0,6488,0.4213180391732496,False,0.42129925222115205,False,0.12357082672738463,False
metformin,Emotional disorder,3,46201,0,6488,0.9830754247375825,False,0.9830741426144173,False,0.16091202120883544,True
metformin,Emotional distress,15,46189,0,6488,4.353619738123579,True,4.3547451260567875,True,0.18304596388889957,True
metformin,Emotional poverty,3,46201,0,6488,0.9830754247375825,False,0.9830741426144173,False,0.16091202120883544,True
metformin,Emphysema,11,46193,2,6486,0.6460209933989828,False,0.6459328693430894,False,-0.049243039654018994,False
metformin,Empty sella syndrome,2,46202,0,6488,0.702196731955416,False,0.7021806179319301,False,0.1496078316296215,False
metformin,Encephalitis,4,46200,0,6488,1.2639541175197488,False,1.2639798270581488,False,0.1672306113239052,True
metformin,Encephalitis toxic,2,46202,0,6488,0.702196731955416,False,0.7021806179319301,False,0.1496078316296215,False
metformin,Encephalopathy,82,46122,11,6477,1.0074996588925536,False,1.0075130736436757,False,0.007911007751344037,True
metformin,End stage renal disease,4,46200,1,6487,0.42131803917324967,False,0.42126167465720066,False,-0.11824062833986163,False
metformin,Endocarditis,2,46202,1,6487,0.23406557731847205,False,0.2340241328932417,False,-0.3245148059614062,False
metformin,Endocrine disorder,2,46202,0,6488,0.702196731955416,False,0.7021806179319301,False,0.1496078316296215,False
metformin,Endometrial cancer,1,46203,0,6488,0.4213180391732496,False,0.42129925222115205,False,0.12357082672738463,False
metformin,Endometrial disorder,1,46203,0,6488,0.4213180391732496,False,0.42129925222115205,False,0.12357082672738463,False
metformin,Endometrial hyperplasia,1,46203,0,6488,0.4213180391732496,False,0.42129925222115205,False,0.12357082672738463,False
metformin,Endometriosis,3,46201,0,6488,0.9830754247375825,False,0.9830741426144173,False,0.16091202120883544,True
metformin,Endotracheal intubation,3,46201,0,6488,0.9830754247375825,False,0.9830741426144173,False,0.16091202120883544,True
metformin,Enlarged uvula,1,46203,0,6488,0.4213180391732496,False,0.42129925222115205,False,0.12357082672738463,False
metformin,Enteritis,5,46199,1,6487,0.5149442701006385,False,0.5148865247459388,False,-0.06694176086280622,False
metformin,Enterococcal infection,4,46200,0,6488,1.2639541175197488,False,1.2639798270581488,False,0.1672306113239052,True
metformin,Enterocolitis,1,46203,0,6488,0.4213180391732496,False,0.42129925222115205,False,0.12357082672738463,False
metformin,Enthesopathy,5,46199,0,6488,1.5448328103019153,False,1.5448976720527279,False,0.17126598885512306,True
metformin,Enuresis,3,46201,0,6488,0.9830754247375825,False,0.9830741426144173,False,0.16091202120883544,True
metformin,Enzyme abnormality,4,46200,0,6488,1.2639541175197488,False,1.2639798270581488,False,0.1672306113239052,True
metformin,Eosinophil count decreased,1,46203,0,6488,0.4213180391732496,False,0.42129925222115205,False,0.12357082672738463,False
metformin,Eosinophil count increased,8,46196,2,6486,0.47749377772968293,False,0.4773976383492256,False,-0.12490315817665788,False
metformin,Eosinophilia,18,46186,0,6488,5.196255816470079,True,5.197936626503416,True,0.18410129730296027,True
metformin,Eosinophilic colitis,2,46202,0,6488,0.702196731955416,False,0.7021806179319301,False,0.1496078316296215,False
metformin,Eosinophilic fasciitis,2,46202,0,6488,0.702196731955416,False,0.7021806179319301,False,0.1496078316296215,False
metformin,Eosinophilic pneumonia,2,46202,0,6488,0.702196731955416,False,0.7021806179319301,False,0.1496078316296215,False
metformin,Epicondylitis,2,46202,0,6488,0.702196731955416,False,0.7021806179319301,False,0.1496078316296215,False
metformin,Epigastric discomfort,2,46202,0,6488,0.702196731955416,False,0.7021806179319301,False,0.1496078316296215,False
metformin,Epilepsy,23,46181,1,6487,2.200216426793637,True,2.200827171053344,True,0.12531673201102894,True
metformin,Epileptic encephalopathy,16,46188,0,6488,4.6344984309057455,True,4.635796789244076,True,0.18344029108935347,True
metformin,Epistaxis,20,46184,0,6488,5.7580132020344115,True,5.760125150212733,True,0.1846335467627732,True
metformin,Erectile dysfunction,28,46176,0,6488,8.005042744291742,True,8.009366236072461,True,0.18601644535144385,True
metformin,Erosive oesophagitis,2,46202,0,6488,0.702196731955416,False,0.7021806179319301,False,0.1496078316296215,False
metformin,Eructation,9,46195,1,6487,0.8894491938101938,False,0.88942645928716,False,0.03556151401658826,True
metformin,Erysipelas,3,46201,1,6487,0.32769180824586086,False,0.3276408774606885,False,-0.19533946806080307,False
metformin,Erythema,48,46156,14,6474,0.4697453999977611,False,0.46918822282661277,False,-0.1779250219226344,False
metformin,Erythema multiforme,4,46200,6,6482,0.09722723980921145,False,0.09713930834914374,False,-1.042440997984685,False
metformin,Erythromelalgia,1,46203,0,6488,0.4213180391732496,False,0.42129925222115205,False,0.12357082672738463,False
metformin,Escherichia bacteraemia,1,46203,0,6488,0.4213180391732496,False,0.42129925222115205,False,0.12357082672738463,False
metformin,Escherichia infection,3,46201,3,6485,0.14043934639108324,False,0.14037423027390886,False,-0.7190184574424995,False
metformin,Escherichia pyelonephritis,1,46203,0,6488,0.4213180391732496,False,0.42129925222115205,False,0.12357082672738463,False
metformin,Escherichia urinary tract infection,4,46200,0,6488,1.2639541175197488,False,1.2639798270581488,False,0.1672306113239052,True
metformin,Essential hypertension,7,46197,0,6488,2.1065901958662483,True,2.106769846853185,True,0.1761233886528062,True
metformin,Essential thrombocythaemia,1,46203,0,6488,0.4213180391732496,False,0.42129925222115205,False,0.12357082672738463,False
metformin,Euglycaemic diabetic ketoacidosis,130,46074,213,6275,0.08584231711492439,False,0.08325308494492793,False,-1.2069889592596483,False
metformin,Euphoric mood,4,46200,0,6488,1.2639541175197488,False,1.2639798270581488,False,0.1672306113239052,True
metformin,Excessive eye blinking,1,46203,0,6488,0.4213180391732496,False,0.42129925222115205,False,0.12357082672738463,False
metformin,Exercise lack of,3,46201,0,6488,0.9830754247375825,False,0.9830741426144173,False,0.16091202120883544,True
metformin,Exercise tolerance decreased,29,46175,0,6488,8.28592143707391,True,8.290576171346277,True,0.1861366326143786,True
metformin,Exophthalmos,2,46202,0,6488,0.702196731955416,False,0.7021806179319301,False,0.1496078316296215,False
metformin,Exostosis,3,46201,0,6488,0.9830754247375825,False,0.9830741426144173,False,0.16091202120883544,True
metformin,Expiratory reserve volume decreased,4,46200,1,6487,0.42131803917324967,False,0.42126167465720066,False,-0.11824062833986163,False
metformin,Expired product administered,5,46199,1,6487,0.5149442701006385,False,0.5148865247459388,False,-0.06694176086280622,False
metformin,Explorative laparotomy,1,46203,0,6488,0.4213180391732496,False,0.42129925222115205,False,0.12357082672738463,False
metformin,Exposure during pregnancy,195,46009,1,6487,18.303928146304514,True,18.37745465610363,True,0.18169009081822085,True
metformin,Exposure to SARS-CoV-2,1,46203,1,6487,0.14043934639108324,False,0.14041144069172248,False,-0.5873577625365847,False
metformin,Exposure to allergen,1,46203,0,6488,0.4213180391732496,False,0.42129925222115205,False,0.12357082672738463,False
metformin,External auditory canal atresia,1,46203,0,6488,0.4213180391732496,False,0.42129925222115205,False,0.12357082672738463,False
metformin,Extra dose administered,5,46199,0,6488,1.5448328103019153,False,1.5448976720527279,False,0.17126598885512306,True
metformin,Extrasystoles,2,46202,0,6488,0.702196731955416,False,0.7021806179319301,False,0.1496078316296215,False
metformin,Extremity necrosis,7,46197,1,6487,0.7021967319554161,False,0.7021483846528492,False,-0.002873837334523044,False
metformin,Extubation,1,46203,0,6488,0.4213180391732496,False,0.42129925222115205,False,0.12357082672738463,False
metformin,Eye contusion,1,46203,0,6488,0.4213180391732496,False,0.42129925222115205,False,0.12357082672738463,False
metformin,Eye discharge,1,46203,1,6487,0.14043934639108324,False,0.14041144069172248,False,-0.5873577625365847,False
metformin,Eye disorder,22,46182,2,6486,1.263954117519749,False,1.2640827153142424,False,0.06258097666306625,True
metformin,Eye haemorrhage,3,46201,0,6488,0.9830754247375825,False,0.9830741426144173,False,0.16091202120883544,True
metformin,Eye infection,1,46203,0,6488,0.4213180391732496,False,0.42129925222115205,False,0.12357082672738463,False
metformin,Eye inflammation,2,46202,0,6488,0.702196731955416,False,0.7021806179319301,False,0.1496078316296215,False
metformin,Eye injury,3,46201,0,6488,0.9830754247375825,False,0.9830741426144173,False,0.16091202120883544,True
metformin,Eye irritation,3,46201,0,6488,0.9830754247375825,False,0.9830741426144173,False,0.16091202120883544,True
metformin,Eye movement disorder,2,46202,0,6488,0.702196731955416,False,0.7021806179319301,False,0.1496078316296215,False
metformin,Eye oedema,1,46203,0,6488,0.4213180391732496,False,0.42129925222115205,False,0.12357082672738463,False
metformin,Eye pain,12,46192,0,6488,3.5109836597770805,True,3.5116631487795638,True,0.18148548580331975,True
metformin,Eye pruritus,3,46201,1,6487,0.32769180824586086,False,0.3276408774606885,False,-0.19533946806080307,False
metformin,Eye swelling,5,46199,1,6487,0.5149442701006385,False,0.5148865247459388,False,-0.06694176086280622,False
metformin,Eyelid oedema,2,46202,1,6487,0.23406557731847205,False,0.2340241328932417,False,-0.3245148059614062,False
metformin,Face oedema,6,46198,2,6486,0.36514230061681635,False,0.3650529779105382,False,-0.20932471480194936,False
metformin,Facial neuralgia,4,46200,0,6488,1.2639541175197488,False,1.2639798270581488,False,0.1672306113239052,True
metformin,Facial paralysis,2,46202,2,6486,0.14043934639108321,False,0.14039283588550402,False,-0.6807662952310448,False
metformin,Faecal calprotectin increased,2,46202,0,6488,0.702196731955416,False,0.7021806179319301,False,0.1496078316296215,False
metformin,Faeces discoloured,13,46191,2,6486,0.7583724705118494,False,0.758301852072351,False,-0.01626284433450699,False
metformin,Faeces pale,5,46199,0,6488,1.5448328103019153,False,1.5448976720527279,False,0.17126598885512306,True
metformin,Faeces soft,13,46191,0,6488,3.7918623525592468,True,3.7926783066148535,True,0.18208250645243682,True
metformin,Failure to thrive,1,46203,0,6488,0.4213180391732496,False,0.42129925222115205,False,0.12357082672738463,False
metformin,Fall,153,46051,43,6445,0.49557332577083385,False,0.4938919582910737,False,-0.1672398611189519,False
metformin,Fallot's tetralogy,1,46203,0,6488,0.4213180391732496,False,0.42129925222115205,False,0.12357082672738463,False
metformin,Fasciotomy,1,46203,0,6488,0.4213180391732496,False,0.42129925222115205,False,0.12357082672738463,False
metformin,Fatigue,394,45810,47,6441,1.1663857295006805,False,1.167818570667837,False,0.026948638704158527,True
metformin,Fear,10,46194,2,6486,0.5898452548425495,False,0.589752026756432,False,-0.0700532811926447,False
metformin,Fear of death,2,46202,0,6488,0.702196731955416,False,0.7021806179319301,False,0.1496078316296215,False
metformin,Fear of disease,1,46203,1,6487,0.14043934639108324,False,0.14041144069172248,False,-0.5873577625365847,False
metformin,Fear of injection,2,46202,0,6488,0.702196731955416,False,0.7021806179319301,False,0.1496078316296215,False
metformin,Febrile bone marrow aplasia,8,46196,0,6488,2.3874688886484146,True,2.387724178238611,True,0.1776984083072978,True
metformin,Febrile neutropenia,3,46201,0,6488,0.9830754247375825,False,0.9830741426144173,False,0.16091202120883544,True
metformin,Feeding disorder,8,46196,1,6487,0.795822962882805,False,0.7957853949974565,False,0.01847838841636248,True
metformin,Feeling abnormal,97,46107,8,6480,1.6109219144859548,False,1.6122137842828939,False,0.07483751457221081,True
metformin,Feeling cold,20,46184,2,6486,1.1516026404068824,False,1.1516699325531292,False,0.05077022953394793,True
metformin,Feeling drunk,2,46202,0,6488,0.702196731955416,False,0.7021806179319301,False,0.1496078316296215,False
metformin,Feeling hot,19,46185,1,6487,1.8257115030840818,False,1.8260601270961665,False,0.11248376100693783,True
metformin,Feeling jittery,2,46202,2,6486,0.14043934639108321,False,0.14039283588550402,False,-0.6807662952310448,False
metformin,Feeling of despair,4,46200,0,6488,1.2639541175197488,False,1.2639798270581488,False,0.1672306113239052,True
metformin,Feelings of worthlessness,4,46200,0,6488,1.2639541175197488,False,1.2639798270581488,False,0.1672306113239052,True
metformin,Femoral pulse abnormal,1,46203,0,6488,0.4213180391732496,False,0.42129925222115205,False,0.12357082672738463,False
metformin,Femur fracture,8,46196,2,6486,0.47749377772968293,False,0.4773976383492256,False,-0.12490315817665788,False
metformin,Fibrillary glomerulonephritis,2,46202,0,6488,0.702196731955416,False,0.7021806179319301,False,0.1496078316296215,False
metformin,Fibromyalgia,6,46198,0,6488,1.8257115030840816,False,1.8258276783878264,False,0.17406633864098864,True
metformin,Finger amputation,1,46203,1,6487,0.14043934639108324,False,0.14041144069172248,False,-0.5873577625365847,False
metformin,Fistula,2,46202,0,6488,0.702196731955416,False,0.7021806179319301,False,0.1496078316296215,False
metformin,Fixed eruption,3,46201,1,6487,0.32769180824586086,False,0.3276408774606885,False,-0.19533946806080307,False
metformin,Flank pain,7,46197,3,6485,0.3009414565523212,False,0.30082796688132474,False,-0.30547540381847865,False
metformin,Flatulence,70,46134,5,6483,1.8001770764675213,False,1.8013998595017138,False,0.08937180395866749,True
metformin,Floppy infant,1,46203,0,6488,0.4213180391732496,False,0.42129925222115205,False,0.12357082672738463,False
metformin,Fluid intake reduced,1,46203,1,6487,0.14043934639108324,False,0.14041144069172248,False,-0.5873577625365847,False
metformin,Fluid overload,3,46201,4,6484,0.10923060274862029,False,0.10916312240944558,False,-0.9234122848981081,False
metformin,Fluid retention,19,46185,7,6481,0.36514230061681635,False,0.36487425707202475,False,-0.25676934112971955,False
metformin,Flushing,8,46196,0,6488,2.3874688886484146,True,2.387724178238611,True,0.1776984083072978,True
metformin,Foaming at mouth,2,46202,0,6488,0.702196731955416,False,0.7021806179319301,False,0.1496078316296215,False
metformin,Foetal death,4,46200,0,6488,1.2639541175197488,False,1.2639798270581488,False,0.1672306113239052,True
metformin,Foetal disorder,4,46200,0,6488,1.2639541175197488,False,1.2639798270581488,False,0.1672306113239052,True
metformin,Foetal distress syndrome,8,46196,0,6488,2.3874688886484146,True,2.387724178238611,True,0.1776984083072978,True
metformin,Foetal exposure during pregnancy,153,46051,4,6484,4.79054214911806,True,4.803176878060432,True,0.15181003089748052,True
metformin,Foetal exposure timing unspecified,3,46201,0,6488,0.9830754247375825,False,0.9830741426144173,False,0.16091202120883544,True
metformin,Foetal growth restriction,10,46194,2,6486,0.5898452548425495,False,0.589752026756432,False,-0.0700532811926447,False
metformin,Foetal heart rate deceleration abnormality,1,46203,0,6488,0.4213180391732496,False,0.42129925222115205,False,0.12357082672738463,False
metformin,Foetal hypokinesia,8,46196,0,6488,2.3874688886484146,True,2.387724178238611,True,0.1776984083072978,True
metformin,Foetal macrosomia,2,46202,0,6488,0.702196731955416,False,0.7021806179319301,False,0.1496078316296215,False
metformin,Foetal malnutrition,1,46203,0,6488,0.4213180391732496,False,0.42129925222115205,False,0.12357082672738463,False
metformin,Folate deficiency,13,46191,0,6488,3.7918623525592468,True,3.7926783066148535,True,0.18208250645243682,True
metformin,Food allergy,5,46199,0,6488,1.5448328103019153,False,1.5448976720527279,False,0.17126598885512306,True
metformin,Food aversion,4,46200,0,6488,1.2639541175197488,False,1.2639798270581488,False,0.1672306113239052,True
metformin,Food craving,11,46193,0,6488,3.230104966994914,True,3.230660157814411,True,0.18078495057853297,True
metformin,Food interaction,1,46203,0,6488,0.4213180391732496,False,0.42129925222115205,False,0.12357082672738463,False
metformin,Food intolerance,5,46199,0,6488,1.5448328103019153,False,1.5448976720527279,False,0.17126598885512306,True
metformin,Food poisoning,5,46199,1,6487,0.5149442701006385,False,0.5148865247459388,False,-0.06694176086280622,False
metformin,Food refusal,3,46201,0,6488,0.9830754247375825,False,0.9830741426144173,False,0.16091202120883544,True
metformin,Foot amputation,2,46202,1,6487,0.23406557731847205,False,0.2340241328932417,False,-0.3245148059614062,False
metformin,Foot deformity,3,46201,0,6488,0.9830754247375825,False,0.9830741426144173,False,0.16091202120883544,True
metformin,Foot fracture,5,46199,1,6487,0.5149442701006385,False,0.5148865247459388,False,-0.06694176086280622,False
metformin,Forced expiratory flow decreased,2,46202,0,6488,0.702196731955416,False,0.7021806179319301,False,0.1496078316296215,False
metformin,Forced expiratory volume decreased,13,46191,1,6487,1.263954117519749,False,1.264031261162768,False,0.07950388483133539,True
metformin,Forced vital capacity decreased,2,46202,0,6488,0.702196731955416,False,0.7021806179319301,False,0.1496078316296215,False
metformin,Foreign body aspiration,12,46192,0,6488,3.5109836597770805,True,3.5116631487795638,True,0.18148548580331975,True
metformin,Foreign body in throat,1,46203,0,6488,0.4213180391732496,False,0.42129925222115205,False,0.12357082672738463,False
metformin,Foreign body sensation in eyes,2,46202,0,6488,0.702196731955416,False,0.7021806179319301,False,0.1496078316296215,False
metformin,Foreign travel,1,46203,0,6488,0.4213180391732496,False,0.42129925222115205,False,0.12357082672738463,False
metformin,Fournier's gangrene,5,46199,43,6445,0.017756698968987534,False,0.0176397639771441,False,-2.9530020259454584,False
metformin,Fracture,2,46202,3,6485,0.10031381885077373,False,0.10026513716790217,False,-0.9662375348948117,False
metformin,Frequent bowel movements,19,46185,1,6487,1.8257115030840818,False,1.8260601270961665,False,0.11248376100693783,True
metformin,Friedreich's ataxia,11,46193,0,6488,3.230104966994914,True,3.230660157814411,True,0.18078495057853297,True
metformin,Frustration tolerance decreased,2,46202,1,6487,0.23406557731847205,False,0.2340241328932417,False,-0.3245148059614062,False
metformin,Full blood count abnormal,6,46198,0,6488,1.8257115030840816,False,1.8258276783878264,False,0.17406633864098864,True
metformin,Functional gastrointestinal disorder,1,46203,1,6487,0.14043934639108324,False,0.14041144069172248,False,-0.5873577625365847,False
metformin,Fungal infection,12,46192,18,6470,0.09489145026424543,False,0.0946465218262588,False,-1.100632199992936,False
metformin,Fungal pharyngitis,1,46203,0,6488,0.4213180391732496,False,0.42129925222115205,False,0.12357082672738463,False
metformin,Fungal rhinitis,3,46201,0,6488,0.9830754247375825,False,0.9830741426144173,False,0.16091202120883544,True
metformin,Furuncle,3,46201,0,6488,0.9830754247375825,False,0.9830741426144173,False,0.16091202120883544,True
metformin,Gait disturbance,79,46125,3,6485,3.189979439454605,True,3.193753997246642,True,0.13489966489548427,True
metformin,Gait inability,67,46137,3,6485,2.708473108970891,True,2.710972636141967,True,0.12539437686174001,True
metformin,Gallbladder disorder,4,46200,0,6488,1.2639541175197488,False,1.2639798270581488,False,0.1672306113239052,True
metformin,Gallbladder oedema,3,46201,0,6488,0.9830754247375825,False,0.9830741426144173,False,0.16091202120883544,True
metformin,Gamma-glutamyltransferase abnormal,3,46201,0,6488,0.9830754247375825,False,0.9830741426144173,False,0.16091202120883544,True
metformin,Gamma-glutamyltransferase increased,12,46192,0,6488,3.5109836597770805,True,3.5116631487795638,True,0.18148548580331975,True
metformin,Gastric cancer,1,46203,1,6487,0.14043934639108324,False,0.14041144069172248,False,-0.5873577625365847,False
metformin,Gastric disorder,48,46156,2,6486,2.7245233199870142,True,2.7263354023810296,True,0.1292631526324337,True
metformin,Gastric haemorrhage,2,46202,0,6488,0.702196731955416,False,0.7021806179319301,False,0.1496078316296215,False
metformin,Gastric perforation,1,46203,0,6488,0.4213180391732496,False,0.42129925222115205,False,0.12357082672738463,False
metformin,Gastric polyps,1,46203,0,6488,0.4213180391732496,False,0.42129925222115205,False,0.12357082672738463,False
metformin,Gastric ulcer,17,46187,3,6485,0.7021967319554162,False,0.7020838971583221,False,-0.04363544091034389,False
metformin,Gastritis,24,46180,4,6484,0.7646142192403419,False,0.7644893407390565,False,-0.03216372469808969,False
metformin,Gastroduodenal ulcer,1,46203,0,6488,0.4213180391732496,False,0.42129925222115205,False,0.12357082672738463,False
metformin,Gastroenteritis,44,46160,1,6487,4.166367276268803,True,4.169419741987197,True,0.1552804908133744,True
metformin,Gastroenteritis salmonella,1,46203,0,6488,0.4213180391732496,False,0.42129925222115205,False,0.12357082672738463,False
metformin,Gastroenteritis viral,11,46193,0,6488,3.230104966994914,True,3.230660157814411,True,0.18078495057853297,True
metformin,Gastrointestinal angiectasia,2,46202,0,6488,0.702196731955416,False,0.7021806179319301,False,0.1496078316296215,False
metformin,Gastrointestinal bacterial infection,1,46203,0,6488,0.4213180391732496,False,0.42129925222115205,False,0.12357082672738463,False
metformin,Gastrointestinal carcinoma,4,46200,2,6486,0.25279082350394977,False,0.25271804417701105,False,-0.3564483780577912,False
metformin,Gastrointestinal disorder,119,46085,12,6476,1.3426001514987556,False,1.3434885159106444,False,0.05074392710721207,True
metformin,Gastrointestinal haemorrhage,17,46187,1,6487,1.6384590412293043,False,1.638700947225981,False,0.10393094861897702,True
metformin,Gastrointestinal hypermotility,1,46203,0,6488,0.4213180391732496,False,0.42129925222115205,False,0.12357082672738463,False
metformin,Gastrointestinal infection,2,46202,1,6487,0.23406557731847205,False,0.2340241328932417,False,-0.3245148059614062,False
metformin,Gastrointestinal inflammation,2,46202,0,6488,0.702196731955416,False,0.7021806179319301,False,0.1496078316296215,False
metformin,Gastrointestinal injury,5,46199,0,6488,1.5448328103019153,False,1.5448976720527279,False,0.17126598885512306,True
metformin,Gastrointestinal motility disorder,4,46200,0,6488,1.2639541175197488,False,1.2639798270581488,False,0.1672306113239052,True
metformin,Gastrointestinal neoplasm,1,46203,0,6488,0.4213180391732496,False,0.42129925222115205,False,0.12357082672738463,False
metformin,Gastrointestinal oedema,2,46202,0,6488,0.702196731955416,False,0.7021806179319301,False,0.1496078316296215,False
metformin,Gastrointestinal pain,13,46191,1,6487,1.263954117519749,False,1.264031261162768,False,0.07950388483133539,True
metformin,Gastrointestinal perforation,1,46203,0,6488,0.4213180391732496,False,0.42129925222115205,False,0.12357082672738463,False
metformin,Gastrointestinal sounds abnormal,4,46200,0,6488,1.2639541175197488,False,1.2639798270581488,False,0.1672306113239052,True
metformin,Gastrointestinal stromal tumour,2,46202,0,6488,0.702196731955416,False,0.7021806179319301,False,0.1496078316296215,False
metformin,Gastrointestinal toxicity,3,46201,0,6488,0.9830754247375825,False,0.9830741426144173,False,0.16091202120883544,True
metformin,Gastrointestinal tract irritation,1,46203,0,6488,0.4213180391732496,False,0.42129925222115205,False,0.12357082672738463,False
metformin,Gastrooesophageal reflux disease,32,46172,4,6484,1.0142841683800454,False,1.0142942227516378,False,0.01933697768731719,True
metformin,Gastrooesophageal sphincter insufficiency,2,46202,0,6488,0.702196731955416,False,0.7021806179319301,False,0.1496078316296215,False
metformin,Gastroschisis,3,46201,0,6488,0.9830754247375825,False,0.9830741426144173,False,0.16091202120883544,True
metformin,Gene mutation,3,46201,0,6488,0.9830754247375825,False,0.9830741426144173,False,0.16091202120883544,True
metformin,General physical condition abnormal,2,46202,0,6488,0.702196731955416,False,0.7021806179319301,False,0.1496078316296215,False
metformin,General physical health deterioration,132,46072,17,6471,1.0633264798182014,False,1.0635086005751804,False,0.014735680207140082,True
metformin,Generalised oedema,9,46195,3,6485,0.3811925116329402,False,0.3810652552737821,False,-0.21444319052781943,False
metformin,Generalised tonic-clonic seizure,19,46185,0,6488,5.477134509252245,True,5.479024802156521,True,0.18438104497414554,True
metformin,Genital herpes,1,46203,0,6488,0.4213180391732496,False,0.42129925222115205,False,0.12357082672738463,False
metformin,Genital infection female,4,46200,0,6488,1.2639541175197488,False,1.2639798270581488,False,0.1672306113239052,True
metformin,Genital infection fungal,2,46202,5,6483,0.06383606654140146,False,0.06378541106099139,False,-1.4088391120683499,False
metformin,Genital swelling,1,46203,3,6485,0.06018829131046424,False,0.0601577802547426,False,-1.4177318893972508,False
metformin,Genitourinary symptom,2,46202,1,6487,0.23406557731847205,False,0.2340241328932417,False,-0.3245148059614062,False
metformin,Gestational diabetes,5,46199,0,6488,1.5448328103019153,False,1.5448976720527279,False,0.17126598885512306,True
metformin,Gestational hypertension,2,46202,0,6488,0.702196731955416,False,0.7021806179319301,False,0.1496078316296215,False
metformin,Gingival abscess,2,46202,0,6488,0.702196731955416,False,0.7021806179319301,False,0.1496078316296215,False
metformin,Gingival bleeding,9,46195,0,6488,2.6683475814305813,True,2.6686906733339826,True,0.17894306060960852,True
metformin,Gingival disorder,2,46202,0,6488,0.702196731955416,False,0.7021806179319301,False,0.1496078316296215,False
metformin,Gingival pain,4,46200,0,6488,1.2639541175197488,False,1.2639798270581488,False,0.1672306113239052,True
metformin,Gingival swelling,2,46202,0,6488,0.702196731955416,False,0.7021806179319301,False,0.1496078316296215,False
metformin,Gingivitis,1,46203,0,6488,0.4213180391732496,False,0.42129925222115205,False,0.12357082672738463,False
metformin,Glare,1,46203,0,6488,0.4213180391732496,False,0.42129925222115205,False,0.12357082672738463,False
metformin,Glaucoma,9,46195,0,6488,2.6683475814305813,True,2.6686906733339826,True,0.17894306060960852,True
metformin,Glioblastoma,1,46203,0,6488,0.4213180391732496,False,0.42129925222115205,False,0.12357082672738463,False
metformin,Glomerular filtration rate abnormal,6,46198,2,6486,0.36514230061681635,False,0.3650529779105382,False,-0.20932471480194936,False
metformin,Glomerular filtration rate decreased,31,46173,6,6482,0.6805906786644802,False,0.6803727745934856,False,-0.06467118024320462,False
metformin,Glomerular filtration rate increased,1,46203,0,6488,0.4213180391732496,False,0.42129925222115205,False,0.12357082672738463,False
metformin,Glomerulonephritis chronic,1,46203,0,6488,0.4213180391732496,False,0.42129925222115205,False,0.12357082672738463,False
metformin,Glomerulonephritis membranoproliferative,1,46203,0,6488,0.4213180391732496,False,0.42129925222115205,False,0.12357082672738463,False
metformin,Glomerulonephritis rapidly progressive,1,46203,0,6488,0.4213180391732496,False,0.42129925222115205,False,0.12357082672738463,False
metformin,Glossitis,2,46202,0,6488,0.702196731955416,False,0.7021806179319301,False,0.1496078316296215,False
metformin,Glucocorticoid deficiency,1,46203,0,6488,0.4213180391732496,False,0.42129925222115205,False,0.12357082672738463,False
metformin,Glucose tolerance impaired,6,46198,0,6488,1.8257115030840816,False,1.8258276783878264,False,0.17406633864098864,True
metformin,Glucose urine,1,46203,1,6487,0.14043934639108324,False,0.14041144069172248,False,-0.5873577625365847,False
metformin,Glucose urine present,2,46202,4,6484,0.07802185910615735,False,0.07797197121367891,False,-1.2044452846127411,False
metformin,Glucose-6-phosphate dehydrogenase deficiency,2,46202,0,6488,0.702196731955416,False,0.7021806179319301,False,0.1496078316296215,False
metformin,Gluten sensitivity,1,46203,0,6488,0.4213180391732496,False,0.42129925222115205,False,0.12357082672738463,False
metformin,Glycosuria,2,46202,3,6485,0.10031381885077373,False,0.10026513716790217,False,-0.9662375348948117,False
metformin,Glycosylated haemoglobin abnormal,6,46198,6,6482,0.14043934639108321,False,0.14031840860634004,False,-0.7619309858303127,False
metformin,Glycosylated haemoglobin decreased,15,46189,2,6486,0.8707239476247159,False,0.8706805659294862,False,0.008702935796137156,True
metformin,Glycosylated haemoglobin increased,129,46075,33,6455,0.5428923987356798,False,0.5416076501303749,False,-0.13854463654134244,False
metformin,Goitre,2,46202,1,6487,0.23406557731847205,False,0.2340241328932417,False,-0.3245148059614062,False
metformin,Gout,22,46182,0,6488,6.319770587598745,True,6.322362366697342,True,0.18507132124553888,True
metformin,Granuloma annulare,2,46202,0,6488,0.702196731955416,False,0.7021806179319301,False,0.1496078316296215,False
metformin,Granulomatosis with polyangiitis,3,46201,0,6488,0.9830754247375825,False,0.9830741426144173,False,0.16091202120883544,True
metformin,Grip strength decreased,4,46200,0,6488,1.2639541175197488,False,1.2639798270581488,False,0.1672306113239052,True
metformin,Groin abscess,3,46201,2,6486,0.1966150849475165,False,0.19655422442994275,False,-0.48081070772457,False
metformin,Groin pain,2,46202,2,6486,0.14043934639108321,False,0.14039283588550402,False,-0.6807662952310448,False
metformin,Guillain-Barre syndrome,3,46201,0,6488,0.9830754247375825,False,0.9830741426144173,False,0.16091202120883544,True
metformin,Haemangioma,1,46203,0,6488,0.4213180391732496,False,0.42129925222115205,False,0.12357082672738463,False
metformin,Haemarthrosis,2,46202,0,6488,0.702196731955416,False,0.7021806179319301,False,0.1496078316296215,False
metformin,Haematemesis,3,46201,0,6488,0.9830754247375825,False,0.9830741426144173,False,0.16091202120883544,True
metformin,Haematochezia,33,46171,2,6486,1.881887241640515,False,1.8825271000508972,False,0.10305777407727977,True
metformin,Haematocrit abnormal,5,46199,0,6488,1.5448328103019153,False,1.5448976720527279,False,0.17126598885512306,True
metformin,Haematocrit decreased,8,46196,2,6486,0.47749377772968293,False,0.4773976383492256,False,-0.12490315817665788,False
metformin,Haematocrit increased,1,46203,1,6487,0.14043934639108324,False,0.14041144069172248,False,-0.5873577625365847,False
metformin,Haematoma,34,46170,2,6486,1.9380629801969484,False,1.9387639293488266,False,0.10549362143703148,True
metformin,Haematotoxicity,1,46203,6,6482,0.032409079936403816,False,0.03237766702655726,False,-2.145804706234556,False
metformin,Haematuria,32,46172,14,6474,0.31477784535932446,False,0.31429552969467944,False,-0.3294014957091637,False
metformin,Haemobilia,1,46203,0,6488,0.4213180391732496,False,0.42129925222115205,False,0.12357082672738463,False
metformin,Haemochromatosis,2,46202,0,6488,0.702196731955416,False,0.7021806179319301,False,0.1496078316296215,False
metformin,Haemodialysis,11,46193,1,6487,1.0767016556649713,False,1.0767207507549763,False,0.06119125208560783,True
metformin,Haemodynamic instability,126,46078,2,6486,7.106230927388811,True,7.122994455114641,True,0.166147160377565,True
metformin,Haemofiltration,3,46201,0,6488,0.9830754247375825,False,0.9830741426144173,False,0.16091202120883544,True
metformin,Haemoglobin abnormal,3,46201,0,6488,0.9830754247375825,False,0.9830741426144173,False,0.16091202120883544,True
metformin,Haemoglobin decreased,29,46175,4,6484,0.9206579374526567,False,0.9206072484326103,False,0.003099562006716037,True
metformin,Haemoglobin increased,7,46197,0,6488,2.1065901958662483,True,2.106769846853185,True,0.1761233886528062,True
metformin,Haemolysis,5,46199,0,6488,1.5448328103019153,False,1.5448976720527279,False,0.17126598885512306,True
metformin,Haemolytic anaemia,8,46196,1,6487,0.795822962882805,False,0.7957853949974565,False,0.01847838841636248,True
metformin,Haemophilus infection,5,46199,0,6488,1.5448328103019153,False,1.5448976720527279,False,0.17126598885512306,True
metformin,Haemoptysis,6,46198,0,6488,1.8257115030840816,False,1.8258276783878264,False,0.17406633864098864,True
metformin,Haemorrhage,53,46151,2,6486,3.005402012769181,True,3.007726726108577,True,0.13479337502622948,True
metformin,Haemorrhage urinary tract,1,46203,0,6488,0.4213180391732496,False,0.42129925222115205,False,0.12357082672738463,False
metformin,Haemorrhagic diathesis,3,46201,0,6488,0.9830754247375825,False,0.9830741426144173,False,0.16091202120883544,True
metformin,Haemorrhagic infarction,1,46203,0,6488,0.4213180391732496,False,0.42129925222115205,False,0.12357082672738463,False
metformin,Haemorrhagic stroke,1,46203,0,6488,0.4213180391732496,False,0.42129925222115205,False,0.12357082672738463,False
metformin,Haemorrhoids,16,46188,0,6488,4.6344984309057455,True,4.635796789244076,True,0.18344029108935347,True
metformin,Haemosiderin stain,1,46203,0,6488,0.4213180391732496,False,0.42129925222115205,False,0.12357082672738463,False
metformin,Hair colour changes,11,46193,0,6488,3.230104966994914,True,3.230660157814411,True,0.18078495057853297,True
metformin,Hair growth abnormal,2,46202,0,6488,0.702196731955416,False,0.7021806179319301,False,0.1496078316296215,False
metformin,Hallucination,15,46189,2,6486,0.8707239476247159,False,0.8706805659294862,False,0.008702935796137156,True
metformin,"Hallucination, auditory",8,46196,0,6488,2.3874688886484146,True,2.387724178238611,True,0.1776984083072978,True
metformin,"Hallucination, visual",9,46195,1,6487,0.8894491938101938,False,0.88942645928716,False,0.03556151401658826,True
metformin,"Hallucinations, mixed",5,46199,0,6488,1.5448328103019153,False,1.5448976720527279,False,0.17126598885512306,True
metformin,Halo vision,1,46203,0,6488,0.4213180391732496,False,0.42129925222115205,False,0.12357082672738463,False
metformin,Hand deformity,2,46202,0,6488,0.702196731955416,False,0.7021806179319301,False,0.1496078316296215,False
metformin,Hand fracture,1,46203,0,6488,0.4213180391732496,False,0.42129925222115205,False,0.12357082672738463,False
metformin,Head discomfort,19,46185,0,6488,5.477134509252245,True,5.479024802156521,True,0.18438104497414554,True
metformin,Head injury,10,46194,1,6487,0.9830754247375825,False,0.9830715777852341,False,0.049540417300280325,True
metformin,Head titubation,1,46203,0,6488,0.4213180391732496,False,0.42129925222115205,False,0.12357082672738463,False
metformin,Headache,303,45901,22,6466,1.8943707390975,False,1.9002843044344957,False,0.08829400263421171,True
metformin,Heart rate decreased,41,46163,3,6485,1.665209392922844,False,1.6658074019517584,False,0.08659775137457536,True
metformin,Heart rate increased,53,46151,3,6485,2.146715723406558,True,2.1480450256221357,True,0.1090625408786631,True
metformin,Heart rate irregular,21,46183,3,6485,0.8626988421166542,False,0.8626349237281713,False,-0.003007364964510416,False
metformin,Heart sounds,1,46203,0,6488,0.4213180391732496,False,0.42129925222115205,False,0.12357082672738463,False
metformin,Heavy exposure to ultraviolet light,1,46203,0,6488,0.4213180391732496,False,0.42129925222115205,False,0.12357082672738463,False
metformin,Heavy menstrual bleeding,5,46199,0,6488,1.5448328103019153,False,1.5448976720527279,False,0.17126598885512306,True
metformin,Helicobacter gastritis,6,46198,0,6488,1.8257115030840816,False,1.8258276783878264,False,0.17406633864098864,True
metformin,Helicobacter infection,6,46198,1,6487,0.6085705010280272,False,0.6085154279900863,False,-0.03032748881462012,False
metformin,Helicobacter test positive,10,46194,0,6488,2.949226274212747,True,2.9496693329292447,True,0.1799514233517631,True
metformin,Hemiparesis,20,46184,6,6482,0.4429240924641855,False,0.44267682214395937,False,-0.18461955537388422,False
metformin,Hemiplegia,13,46191,2,6486,0.7583724705118494,False,0.758301852072351,False,-0.01626284433450699,False
metformin,Henoch-Schonlein purpura,1,46203,0,6488,0.4213180391732496,False,0.42129925222115205,False,0.12357082672738463,False
metformin,Hepatic atrophy,1,46203,0,6488,0.4213180391732496,False,0.42129925222115205,False,0.12357082672738463,False
metformin,Hepatic cancer,6,46198,2,6486,0.36514230061681635,False,0.3650529779105382,False,-0.20932471480194936,False
metformin,Hepatic cancer stage IV,1,46203,0,6488,0.4213180391732496,False,0.42129925222115205,False,0.12357082672738463,False
metformin,Hepatic cirrhosis,14,46190,3,6485,0.5818201493344877,False,0.5816888754181054,False,-0.08751237946316595,False
metformin,Hepatic cyst,2,46202,0,6488,0.702196731955416,False,0.7021806179319301,False,0.1496078316296215,False
metformin,Hepatic encephalopathy,19,46185,1,6487,1.8257115030840818,False,1.8260601270961665,False,0.11248376100693783,True
metformin,Hepatic enzyme abnormal,2,46202,0,6488,0.702196731955416,False,0.7021806179319301,False,0.1496078316296215,False
metformin,Hepatic enzyme decreased,4,46200,0,6488,1.2639541175197488,False,1.2639798270581488,False,0.1672306113239052,True
metformin,Hepatic enzyme increased,28,46176,2,6486,1.6010085488583488,False,1.601379489567204,False,0.08840162439708087,True
metformin,Hepatic failure,69,46135,1,6487,6.507023049453522,True,6.5153190059715405,True,0.16751985253441654,True
metformin,Hepatic fibrosis,4,46200,0,6488,1.2639541175197488,False,1.2639798270581488,False,0.1672306113239052,True
metformin,Hepatic function abnormal,22,46182,7,6481,0.42131803917324967,False,0.4210361067503925,False,-0.20465332041778778,False
metformin,Hepatic ischaemia,7,46197,0,6488,2.1065901958662483,True,2.106769846853185,True,0.1761233886528062,True
metformin,Hepatic lesion,3,46201,0,6488,0.9830754247375825,False,0.9830741426144173,False,0.16091202120883544,True
metformin,Hepatic mass,3,46201,0,6488,0.9830754247375825,False,0.9830741426144173,False,0.16091202120883544,True
metformin,Hepatic neoplasm,2,46202,1,6487,0.23406557731847205,False,0.2340241328932417,False,-0.3245148059614062,False
metformin,Hepatic pain,4,46200,0,6488,1.2639541175197488,False,1.2639798270581488,False,0.1672306113239052,True
metformin,Hepatic steatosis,43,46161,2,6486,2.443644627204848,True,2.445005036664753,True,0.12249055569570487,True
metformin,Hepatic vein dilatation,3,46201,0,6488,0.9830754247375825,False,0.9830741426144173,False,0.16091202120883544,True
metformin,Hepatitis,15,46189,1,6487,1.4512065793745268,False,1.4513579926173696,False,0.09324248211777521,True
metformin,Hepatitis C,1,46203,0,6488,0.4213180391732496,False,0.42129925222115205,False,0.12357082672738463,False
metformin,Hepatitis E,3,46201,0,6488,0.9830754247375825,False,0.9830741426144173,False,0.16091202120883544,True
metformin,Hepatitis acute,17,46187,2,6486,0.9830754247375826,False,0.9830690121786197,False,0.02826184305686337,True
metformin,Hepatitis cholestatic,2,46202,1,6487,0.23406557731847205,False,0.2340241328932417,False,-0.3245148059614062,False
metformin,Hepatitis viral,1,46203,0,6488,0.4213180391732496,False,0.42129925222115205,False,0.12357082672738463,False
metformin,Hepatocellular carcinoma,4,46200,1,6487,0.42131803917324967,False,0.42126167465720066,False,-0.11824062833986163,False
metformin,Hepatocellular injury,27,46177,6,6482,0.5941664655007366,False,0.5939247802168055,False,-0.09818377383046557,False
metformin,Hepatojugular reflux,6,46198,0,6488,1.8257115030840816,False,1.8258276783878264,False,0.17406633864098864,True
metformin,Hepatomegaly,13,46191,1,6487,1.263954117519749,False,1.264031261162768,False,0.07950388483133539,True
metformin,Hepatopulmonary syndrome,1,46203,0,6488,0.4213180391732496,False,0.42129925222115205,False,0.12357082672738463,False
metformin,Hepatorenal failure,1,46203,0,6488,0.4213180391732496,False,0.42129925222115205,False,0.12357082672738463,False
metformin,Hepatorenal syndrome,1,46203,0,6488,0.4213180391732496,False,0.42129925222115205,False,0.12357082672738463,False
metformin,Hepatosplenomegaly,1,46203,0,6488,0.4213180391732496,False,0.42129925222115205,False,0.12357082672738463,False
metformin,Hepatotoxicity,19,46185,4,6484,0.6085705010280272,False,0.6084052354093817,False,-0.08392432576645682,False
metformin,Herbal interaction,1,46203,0,6488,0.4213180391732496,False,0.42129925222115205,False,0.12357082672738463,False
metformin,Hernia,9,46195,0,6488,2.6683475814305813,True,2.6686906733339826,True,0.17894306060960852,True
metformin,Herpes simplex,1,46203,0,6488,0.4213180391732496,False,0.42129925222115205,False,0.12357082672738463,False
metformin,Herpes virus infection,2,46202,0,6488,0.702196731955416,False,0.7021806179319301,False,0.1496078316296215,False
metformin,Herpes zoster,26,46178,2,6486,1.4886570717454821,False,1.4889374925560597,False,0.08104688574990147,True
metformin,Hiatus hernia,3,46201,0,6488,0.9830754247375825,False,0.9830741426144173,False,0.16091202120883544,True
metformin,Hidradenitis,1,46203,0,6488,0.4213180391732496,False,0.42129925222115205,False,0.12357082672738463,False
metformin,High density lipoprotein decreased,3,46201,0,6488,0.9830754247375825,False,0.9830741426144173,False,0.16091202120883544,True
metformin,High density lipoprotein increased,1,46203,0,6488,0.4213180391732496,False,0.42129925222115205,False,0.12357082672738463,False
metformin,Hilar lymphadenopathy,1,46203,0,6488,0.4213180391732496,False,0.42129925222115205,False,0.12357082672738463,False
metformin,Hip arthroplasty,1,46203,0,6488,0.4213180391732496,False,0.42129925222115205,False,0.12357082672738463,False
metformin,Hip fracture,14,46190,1,6487,1.3575803484471378,False,1.3576925991275262,False,0.08683064862959668,True
metformin,Holmes-Adie pupil,1,46203,0,6488,0.4213180391732496,False,0.42129925222115205,False,0.12357082672738463,False
metformin,Hormone level abnormal,4,46200,0,6488,1.2639541175197488,False,1.2639798270581488,False,0.1672306113239052,True
metformin,Hospitalisation,16,46188,0,6488,4.6344984309057455,True,4.635796789244076,True,0.18344029108935347,True
metformin,Hot flush,22,46182,2,6486,1.263954117519749,False,1.2640827153142424,False,0.06258097666306625,True
metformin,Humidity intolerance,1,46203,0,6488,0.4213180391732496,False,0.42129925222115205,False,0.12357082672738463,False
metformin,Hunger,14,46190,1,6487,1.3575803484471378,False,1.3576925991275262,False,0.08683064862959668,True
metformin,Hydrocephalus,4,46200,1,6487,0.42131803917324967,False,0.42126167465720066,False,-0.11824062833986163,False
metformin,Hydronephrosis,5,46199,0,6488,1.5448328103019153,False,1.5448976720527279,False,0.17126598885512306,True
metformin,Hyperaesthesia,3,46201,0,6488,0.9830754247375825,False,0.9830741426144173,False,0.16091202120883544,True
metformin,Hyperaesthesia teeth,2,46202,0,6488,0.702196731955416,False,0.7021806179319301,False,0.1496078316296215,False
metformin,Hyperalbuminaemia,1,46203,0,6488,0.4213180391732496,False,0.42129925222115205,False,0.12357082672738463,False
metformin,Hyperaldosteronism,1,46203,0,6488,0.4213180391732496,False,0.42129925222115205,False,0.12357082672738463,False
metformin,Hyperammonaemia,1,46203,0,6488,0.4213180391732496,False,0.42129925222115205,False,0.12357082672738463,False
metformin,Hyperamylasaemia,1,46203,0,6488,0.4213180391732496,False,0.42129925222115205,False,0.12357082672738463,False
metformin,Hyperbilirubinaemia,3,46201,0,6488,0.9830754247375825,False,0.9830741426144173,False,0.16091202120883544,True
metformin,Hypercalcaemia,10,46194,0,6488,2.949226274212747,True,2.9496693329292447,True,0.1799514233517631,True
metformin,Hypercalciuria,1,46203,0,6488,0.4213180391732496,False,0.42129925222115205,False,0.12357082672738463,False
metformin,Hypercapnia,1,46203,0,6488,0.4213180391732496,False,0.42129925222115205,False,0.12357082672738463,False
metformin,Hyperchlorhydria,2,46202,0,6488,0.702196731955416,False,0.7021806179319301,False,0.1496078316296215,False
metformin,Hypercholesterolaemia,11,46193,0,6488,3.230104966994914,True,3.230660157814411,True,0.18078495057853297,True
metformin,Hypercreatininaemia,3,46201,0,6488,0.9830754247375825,False,0.9830741426144173,False,0.16091202120883544,True
metformin,Hyperdynamic left ventricle,1,46203,0,6488,0.4213180391732496,False,0.42129925222115205,False,0.12357082672738463,False
metformin,Hypereosinophilic syndrome,1,46203,0,6488,0.4213180391732496,False,0.42129925222115205,False,0.12357082672738463,False
metformin,Hyperglycaemia,264,45940,27,6461,1.350771168016055,False,1.3527907144715843,False,0.04899058020599772,True
metformin,Hyperglycaemic hyperosmolar nonketotic syndrome,8,46196,1,6487,0.795822962882805,False,0.7957853949974565,False,0.01847838841636248,True
metformin,Hyperhidrosis,99,46105,13,6475,1.0350899974750207,False,1.0351657249858115,False,0.011509520862692727,True
metformin,Hyperinsulinaemic hypoglycaemia,8,46196,0,6488,2.3874688886484146,True,2.387724178238611,True,0.1776984083072978,True
metformin,Hyperintensity in brain deep nuclei,1,46203,0,6488,0.4213180391732496,False,0.42129925222115205,False,0.12357082672738463,False
metformin,Hyperkalaemia,347,45857,19,6469,2.502701172866739,True,2.514088375779484,True,0.1124896143920818,True
metformin,Hyperkeratosis,1,46203,2,6486,0.08426360783464994,False,0.08423387838583657,False,-1.0614804001276124,False
metformin,Hyperkinesia,1,46203,0,6488,0.4213180391732496,False,0.42129925222115205,False,0.12357082672738463,False
metformin,Hyperlactacidaemia,112,46092,2,6486,6.319770587598745,True,6.332754786570483,True,0.1632592120019031,True
metformin,Hyperleukocytosis,2,46202,0,6488,0.702196731955416,False,0.7021806179319301,False,0.1496078316296215,False
metformin,Hyperlipasaemia,8,46196,0,6488,2.3874688886484146,True,2.387724178238611,True,0.1776984083072978,True
metformin,Hyperlipidaemia,5,46199,1,6487,0.5149442701006385,False,0.5148865247459388,False,-0.06694176086280622,False
metformin,Hypermetropia,1,46203,0,6488,0.4213180391732496,False,0.42129925222115205,False,0.12357082672738463,False
metformin,Hypernatraemia,13,46191,6,6482,0.2916817194276344,False,0.2914747052196583,False,-0.34613367172463433,False
metformin,Hyperosmolar state,3,46201,0,6488,0.9830754247375825,False,0.9830741426144173,False,0.16091202120883544,True
metformin,Hyperparathyroidism,4,46200,0,6488,1.2639541175197488,False,1.2639798270581488,False,0.1672306113239052,True
metformin,Hyperparathyroidism secondary,1,46203,0,6488,0.4213180391732496,False,0.42129925222115205,False,0.12357082672738463,False
metformin,Hyperphagia,3,46201,0,6488,0.9830754247375825,False,0.9830741426144173,False,0.16091202120883544,True
metformin,Hyperphosphataemia,5,46199,0,6488,1.5448328103019153,False,1.5448976720527279,False,0.17126598885512306,True
metformin,Hyperreflexia,4,46200,0,6488,1.2639541175197488,False,1.2639798270581488,False,0.1672306113239052,True
metformin,Hypersensitivity,70,46134,5,6483,1.8001770764675213,False,1.8013998595017138,False,0.08937180395866749,True
metformin,Hypersomnia,9,46195,1,6487,0.8894491938101938,False,0.88942645928716,False,0.03556151401658826,True
metformin,Hypertension,163,46041,14,6474,1.5835746989615245,False,1.5856470567969603,False,0.07046724931522436,True
metformin,Hypertensive crisis,4,46200,0,6488,1.2639541175197488,False,1.2639798270581488,False,0.1672306113239052,True
metformin,Hypertensive heart disease,3,46201,2,6486,0.1966150849475165,False,0.19655422442994275,False,-0.48081070772457,False
metformin,Hyperthermia,6,46198,0,6488,1.8257115030840816,False,1.8258276783878264,False,0.17406633864098864,True
metformin,Hyperthyroidism,9,46195,2,6486,0.5336695162861163,False,0.5335736164777954,False,-0.09484949203489455,False
metformin,Hypertonia,4,46200,0,6488,1.2639541175197488,False,1.2639798270581488,False,0.1672306113239052,True
metformin,Hypertonic bladder,1,46203,0,6488,0.4213180391732496,False,0.42129925222115205,False,0.12357082672738463,False
metformin,Hypertrichosis,1,46203,0,6488,0.4213180391732496,False,0.42129925222115205,False,0.12357082672738463,False
metformin,Hypertriglyceridaemia,8,46196,2,6486,0.47749377772968293,False,0.4773976383492256,False,-0.12490315817665788,False
metformin,Hypertrophy,3,46201,0,6488,0.9830754247375825,False,0.9830741426144173,False,0.16091202120883544,True
metformin,Hyperuricaemia,3,46201,2,6486,0.1966150849475165,False,0.19655422442994275,False,-0.48081070772457,False
metformin,Hyperventilation,19,46185,0,6488,5.477134509252245,True,5.479024802156521,True,0.18438104497414554,True
metformin,Hypoacusis,10,46194,1,6487,0.9830754247375825,False,0.9830715777852341,False,0.049540417300280325,True
metformin,Hypoaesthesia,84,46120,5,6483,2.1576590490993697,True,2.159780062307138,True,0.10549853218679717,True
metformin,Hypoaesthesia oral,5,46199,0,6488,1.5448328103019153,False,1.5448976720527279,False,0.17126598885512306,True
metformin,Hypoalbuminaemia,7,46197,1,6487,0.7021967319554161,False,0.7021483846528492,False,-0.002873837334523044,False
metformin,Hypoaldosteronism,1,46203,0,6488,0.4213180391732496,False,0.42129925222115205,False,0.12357082672738463,False
metformin,Hypocalcaemia,29,46175,2,6486,1.657184287414782,False,1.657604140723977,False,0.09171726564471586,True
metformin,Hypocapnia,12,46192,1,6487,1.1703278865923603,False,1.1703739784597067,False,0.07105119406369291,True
metformin,Hypoglycaemia,631,45573,249,6239,0.3554607104046856,False,0.34652949903449365,False,-0.29008911941287235,False
metformin,Hypoglycaemia neonatal,10,46194,0,6488,2.949226274212747,True,2.9496693329292447,True,0.1799514233517631,True
metformin,Hypoglycaemic coma,33,46171,34,6454,0.13636864069858806,False,0.13574202794967158,False,-0.8226600658045086,False
metformin,Hypoglycaemic encephalopathy,17,46187,10,6478,0.23406557731847202,False,0.23377537212449256,False,-0.4661891682527588,False
metformin,Hypoglycaemic unconsciousness,3,46201,0,6488,0.9830754247375825,False,0.9830741426144173,False,0.16091202120883544,True
metformin,Hypokalaemia,66,46138,4,6484,2.0753814522237852,True,2.076931413028165,True,0.10386121531209874,True
metformin,Hypokinesia,14,46190,7,6481,0.27151606968942754,False,0.27128738593433716,False,-0.3834211613375046,False
metformin,Hypomagnesaemia,41,46163,3,6485,1.665209392922844,False,1.6658074019517584,False,0.08659775137457536,True
metformin,Hyponatraemia,77,46127,9,6479,1.145689404769363,False,1.1459341812881345,False,0.029891830456914573,True
metformin,Hyponatraemic syndrome,5,46199,0,6488,1.5448328103019153,False,1.5448976720527279,False,0.17126598885512306,True
metformin,Hypoparathyroidism,5,46199,1,6487,0.5149442701006385,False,0.5148865247459388,False,-0.06694176086280622,False
metformin,Hypoperfusion,1,46203,0,6488,0.4213180391732496,False,0.42129925222115205,False,0.12357082672738463,False
metformin,Hypophagia,42,46162,12,6476,0.47749377772968293,False,0.47701272678039536,False,-0.17108457874349972,False
metformin,Hypophosphataemia,13,46191,1,6487,1.263954117519749,False,1.264031261162768,False,0.07950388483133539,True
metformin,Hypophysitis,4,46200,0,6488,1.2639541175197488,False,1.2639798270581488,False,0.1672306113239052,True
metformin,Hypoplastic left heart syndrome,2,46202,0,6488,0.702196731955416,False,0.7021806179319301,False,0.1496078316296215,False
metformin,Hypopnoea,2,46202,0,6488,0.702196731955416,False,0.7021806179319301,False,0.1496078316296215,False
metformin,Hyporeflexia,8,46196,0,6488,2.3874688886484146,True,2.387724178238611,True,0.1776984083072978,True
metformin,Hypospadias,2,46202,0,6488,0.702196731955416,False,0.7021806179319301,False,0.1496078316296215,False
metformin,Hypotension,381,45823,28,6460,1.8799161630946752,False,1.8872418369567903,False,0.08713845610953415,True
metformin,Hypothermia,79,46125,3,6485,3.189979439454605,True,3.193753997246642,True,0.13489966489548427,True
metformin,Hypothyroidism,62,46142,6,6482,1.3503783306834924,False,1.3508529180090105,False,0.05584042682039659,True
metformin,Hypotonia,11,46193,0,6488,3.230104966994914,True,3.230660157814411,True,0.18078495057853297,True
metformin,Hypoventilation,9,46195,0,6488,2.6683475814305813,True,2.6686906733339826,True,0.17894306060960852,True
metformin,Hypovitaminosis,2,46202,0,6488,0.702196731955416,False,0.7021806179319301,False,0.1496078316296215,False
metformin,Hypovolaemia,34,46170,6,6482,0.7454088385372878,False,0.7452186002883959,False,-0.044258236172479204,False
metformin,Hypovolaemic shock,37,46167,3,6485,1.504707282761606,False,1.505117236150972,False,0.0760359975452328,True
metformin,Hypoxia,17,46187,7,6481,0.32769180824586086,False,0.32743707713125847,False,-0.2999891027216419,False
metformin,Hypoxic-ischaemic encephalopathy,8,46196,0,6488,2.3874688886484146,True,2.387724178238611,True,0.1776984083072978,True
metformin,Hysterectomy,2,46202,0,6488,0.702196731955416,False,0.7021806179319301,False,0.1496078316296215,False
metformin,IIIrd nerve paralysis,1,46203,0,6488,0.4213180391732496,False,0.42129925222115205,False,0.12357082672738463,False
metformin,Iatrogenic injury,1,46203,0,6488,0.4213180391732496,False,0.42129925222115205,False,0.12357082672738463,False
metformin,Idiopathic pulmonary fibrosis,8,46196,0,6488,2.3874688886484146,True,2.387724178238611,True,0.1776984083072978,True
metformin,Idiosyncratic drug reaction,1,46203,0,6488,0.4213180391732496,False,0.42129925222115205,False,0.12357082672738463,False
metformin,IgA nephropathy,1,46203,0,6488,0.4213180391732496,False,0.42129925222115205,False,0.12357082672738463,False
metformin,Ileus,2,46202,1,6487,0.23406557731847205,False,0.2340241328932417,False,-0.3245148059614062,False
metformin,Ileus paralytic,7,46197,0,6488,2.1065901958662483,True,2.106769846853185,True,0.1761233886528062,True
metformin,Ill-defined disorder,8,46196,2,6486,0.47749377772968293,False,0.4773976383492256,False,-0.12490315817665788,False
metformin,Illness,74,46130,9,6479,1.1013401374879683,False,1.1015038001459247,False,0.023817843413204372,True
metformin,Immune system disorder,4,46200,1,6487,0.42131803917324967,False,0.42126167465720066,False,-0.11824062833986163,False
metformin,Immune thrombocytopenia,3,46201,1,6487,0.32769180824586086,False,0.3276408774606885,False,-0.19533946806080307,False
metformin,Immune-mediated myositis,3,46201,0,6488,0.9830754247375825,False,0.9830741426144173,False,0.16091202120883544,True
metformin,Immunoglobulins increased,1,46203,0,6488,0.4213180391732496,False,0.42129925222115205,False,0.12357082672738463,False
metformin,Immunosuppressant drug level increased,2,46202,0,6488,0.702196731955416,False,0.7021806179319301,False,0.1496078316296215,False
metformin,Impaired driving ability,2,46202,1,6487,0.23406557731847205,False,0.2340241328932417,False,-0.3245148059614062,False
metformin,Impaired fasting glucose,6,46198,0,6488,1.8257115030840816,False,1.8258276783878264,False,0.17406633864098864,True
metformin,Impaired healing,17,46187,1,6487,1.6384590412293043,False,1.638700947225981,False,0.10393094861897702,True
metformin,Impaired quality of life,11,46193,0,6488,3.230104966994914,True,3.230660157814411,True,0.18078495057853297,True
metformin,Impaired work ability,18,46186,0,6488,5.196255816470079,True,5.197936626503416,True,0.18410129730296027,True
metformin,Impetigo,1,46203,0,6488,0.4213180391732496,False,0.42129925222115205,False,0.12357082672738463,False
metformin,Inability to afford medication,1,46203,0,6488,0.4213180391732496,False,0.42129925222115205,False,0.12357082672738463,False
metformin,Inadequate diet,1,46203,0,6488,0.4213180391732496,False,0.42129925222115205,False,0.12357082672738463,False
metformin,Inappropriate antidiuretic hormone secretion,4,46200,0,6488,1.2639541175197488,False,1.2639798270581488,False,0.1672306113239052,True
metformin,Inappropriate schedule of product administration,71,46133,5,6483,1.8257115030840818,False,1.8269912319680925,False,0.09072620627288917,True
metformin,Incision site complication,1,46203,0,6488,0.4213180391732496,False,0.42129925222115205,False,0.12357082672738463,False
metformin,Incoherent,4,46200,0,6488,1.2639541175197488,False,1.2639798270581488,False,0.1672306113239052,True
metformin,Incontinence,5,46199,0,6488,1.5448328103019153,False,1.5448976720527279,False,0.17126598885512306,True
metformin,Incorrect disposal of product,1,46203,0,6488,0.4213180391732496,False,0.42129925222115205,False,0.12357082672738463,False
metformin,Incorrect dose administered,34,46170,6,6482,0.7454088385372878,False,0.7452186002883959,False,-0.044258236172479204,False
metformin,Incorrect product administration duration,2,46202,0,6488,0.702196731955416,False,0.7021806179319301,False,0.1496078316296215,False
metformin,Incorrect product dosage form administered,1,46203,0,6488,0.4213180391732496,False,0.42129925222115205,False,0.12357082672738463,False
metformin,Incorrect product formulation administered,2,46202,0,6488,0.702196731955416,False,0.7021806179319301,False,0.1496078316296215,False
metformin,Incorrect route of product administration,4,46200,0,6488,1.2639541175197488,False,1.2639798270581488,False,0.1672306113239052,True
metformin,Increased appetite,4,46200,2,6486,0.25279082350394977,False,0.25271804417701105,False,-0.3564483780577912,False
metformin,Increased insulin requirement,1,46203,0,6488,0.4213180391732496,False,0.42129925222115205,False,0.12357082672738463,False
metformin,Increased upper airway secretion,2,46202,0,6488,0.702196731955416,False,0.7021806179319301,False,0.1496078316296215,False
metformin,Increased viscosity of bronchial secretion,4,46200,0,6488,1.2639541175197488,False,1.2639798270581488,False,0.1672306113239052,True
metformin,Increased viscosity of upper respiratory secretion,2,46202,0,6488,0.702196731955416,False,0.7021806179319301,False,0.1496078316296215,False
metformin,Infarction,4,46200,1,6487,0.42131803917324967,False,0.42126167465720066,False,-0.11824062833986163,False
metformin,Infected cyst,1,46203,0,6488,0.4213180391732496,False,0.42129925222115205,False,0.12357082672738463,False
metformin,Infected dermal cyst,1,46203,0,6488,0.4213180391732496,False,0.42129925222115205,False,0.12357082672738463,False
metformin,Infected neoplasm,1,46203,0,6488,0.4213180391732496,False,0.42129925222115205,False,0.12357082672738463,False
metformin,Infection,28,46176,14,6474,0.27603595669971526,False,0.27558912822128884,False,-0.38931611489772966,False
metformin,Inferior vena cava dilatation,3,46201,0,6488,0.9830754247375825,False,0.9830741426144173,False,0.16091202120883544,True
metformin,Inflammation,11,46193,0,6488,3.230104966994914,True,3.230660157814411,True,0.18078495057853297,True
metformin,Inflammation of wound,1,46203,0,6488,0.4213180391732496,False,0.42129925222115205,False,0.12357082672738463,False
metformin,Inflammatory bowel disease,1,46203,3,6485,0.06018829131046424,False,0.0601577802547426,False,-1.4177318893972508,False
metformin,Inflammatory marker increased,7,46197,0,6488,2.1065901958662483,True,2.106769846853185,True,0.1761233886528062,True
metformin,Influenza,58,46146,4,6484,1.8257115030840816,False,1.8267582590228946,False,0.09252685547364246,True
metformin,Influenza like illness,10,46194,4,6484,0.3276918082458608,False,0.32753899273723064,False,-0.2830661945533729,False
metformin,Infrequent bowel movements,5,46199,2,6486,0.3089665620603831,False,0.308884295284581,False,-0.27133558831841514,False
metformin,Infusion related reaction,8,46196,2,6486,0.47749377772968293,False,0.4773976383492256,False,-0.12490315817665788,False
metformin,Ingrowing nail,3,46201,0,6488,0.9830754247375825,False,0.9830741426144173,False,0.16091202120883544,True
metformin,Inguinal hernia,2,46202,0,6488,0.702196731955416,False,0.7021806179319301,False,0.1496078316296215,False
metformin,Initial insomnia,4,46200,0,6488,1.2639541175197488,False,1.2639798270581488,False,0.1672306113239052,True
metformin,Injection site bruising,12,46192,0,6488,3.5109836597770805,True,3.5116631487795638,True,0.18148548580331975,True
metformin,Injection site discomfort,1,46203,0,6488,0.4213180391732496,False,0.42129925222115205,False,0.12357082672738463,False
metformin,Injection site erosion,1,46203,0,6488,0.4213180391732496,False,0.42129925222115205,False,0.12357082672738463,False
metformin,Injection site erythema,4,46200,0,6488,1.2639541175197488,False,1.2639798270581488,False,0.1672306113239052,True
metformin,Injection site haemorrhage,2,46202,0,6488,0.702196731955416,False,0.7021806179319301,False,0.1496078316296215,False
metformin,Injection site hypersensitivity,1,46203,0,6488,0.4213180391732496,False,0.42129925222115205,False,0.12357082672738463,False
metformin,Injection site hypertrophy,1,46203,0,6488,0.4213180391732496,False,0.42129925222115205,False,0.12357082672738463,False
metformin,Injection site inflammation,1,46203,0,6488,0.4213180391732496,False,0.42129925222115205,False,0.12357082672738463,False
metformin,Injection site mass,21,46183,0,6488,6.038891894816578,True,6.041237671462752,True,0.18486259823702114,True
metformin,Injection site nodule,2,46202,1,6487,0.23406557731847205,False,0.2340241328932417,False,-0.3245148059614062,False
metformin,Injection site pain,52,46152,2,6486,2.9492262742127475,True,2.9514435837711934,True,0.13377000278492118,True
metformin,Injection site pruritus,7,46197,0,6488,2.1065901958662483,True,2.106769846853185,True,0.1761233886528062,True
metformin,Injection site rash,1,46203,0,6488,0.4213180391732496,False,0.42129925222115205,False,0.12357082672738463,False
metformin,Injection site reaction,1,46203,1,6487,0.14043934639108324,False,0.14041144069172248,False,-0.5873577625365847,False
metformin,Injection site swelling,10,46194,0,6488,2.949226274212747,True,2.9496693329292447,True,0.1799514233517631,True
metformin,Injection site warmth,2,46202,0,6488,0.702196731955416,False,0.7021806179319301,False,0.1496078316296215,False
metformin,Injury,4,46200,1,6487,0.42131803917324967,False,0.42126167465720066,False,-0.11824062833986163,False
metformin,Inner ear disorder,2,46202,0,6488,0.702196731955416,False,0.7021806179319301,False,0.1496078316296215,False
metformin,Insomnia,80,46124,8,6480,1.330043221703788,False,1.330619238340221,False,0.05173342307875938,True
metformin,Inspiratory capacity decreased,4,46200,1,6487,0.42131803917324967,False,0.42126167465720066,False,-0.11824062833986163,False
metformin,Insulin resistance,12,46192,4,6484,0.3901092955307867,False,0.38994425501975427,False,-0.2170976384943753,False
metformin,Insulin-like growth factor abnormal,2,46202,0,6488,0.702196731955416,False,0.7021806179319301,False,0.1496078316296215,False
metformin,Insulin-like growth factor decreased,4,46200,0,6488,1.2639541175197488,False,1.2639798270581488,False,0.1672306113239052,True
metformin,Insulin-like growth factor increased,7,46197,0,6488,2.1065901958662483,True,2.106769846853185,True,0.1761233886528062,True
metformin,Insulin-requiring type 2 diabetes mellitus,2,46202,0,6488,0.702196731955416,False,0.7021806179319301,False,0.1496078316296215,False
metformin,Intensive care,4,46200,0,6488,1.2639541175197488,False,1.2639798270581488,False,0.1672306113239052,True
metformin,Intensive care unit acquired weakness,5,46199,0,6488,1.5448328103019153,False,1.5448976720527279,False,0.17126598885512306,True
metformin,Intentional dose omission,8,46196,1,6487,0.795822962882805,False,0.7957853949974565,False,0.01847838841636248,True
metformin,Intentional overdose,327,45877,13,6475,3.4069545143022038,True,3.4241367409587125,True,0.13310884385047145,True
metformin,Intentional product misuse,65,46139,9,6479,0.9682923356437844,False,0.9682473231920817,False,0.0024616805089507066,True
metformin,Intentional product use issue,26,46178,4,6484,0.8270317065252679,False,0.826932446917938,False,-0.016567935204461516,False
metformin,Intentional self-injury,9,46195,4,6484,0.2964830646033979,False,0.2963383879382191,False,-0.3248774822674464,False
metformin,Intercepted product administration error,1,46203,0,6488,0.4213180391732496,False,0.42129925222115205,False,0.12357082672738463,False
metformin,Intercepted product dispensing error,1,46203,2,6486,0.08426360783464994,False,0.08423387838583657,False,-1.0614804001276124,False
metformin,Intercepted product prescribing error,1,46203,0,6488,0.4213180391732496,False,0.42129925222115205,False,0.12357082672738463,False
metformin,Interleukin level increased,2,46202,0,6488,0.702196731955416,False,0.7021806179319301,False,0.1496078316296215,False
metformin,Intermittent claudication,2,46202,2,6486,0.14043934639108321,False,0.14039283588550402,False,-0.6807662952310448,False
metformin,Internal haemorrhage,1,46203,0,6488,0.4213180391732496,False,0.42129925222115205,False,0.12357082672738463,False
metformin,International normalised ratio abnormal,2,46202,0,6488,0.702196731955416,False,0.7021806179319301,False,0.1496078316296215,False
metformin,International normalised ratio decreased,3,46201,0,6488,0.9830754247375825,False,0.9830741426144173,False,0.16091202120883544,True
metformin,International normalised ratio fluctuation,5,46199,0,6488,1.5448328103019153,False,1.5448976720527279,False,0.17126598885512306,True
metformin,International normalised ratio increased,17,46187,3,6485,0.7021967319554162,False,0.7020838971583221,False,-0.04363544091034389,False
metformin,Interstitial lung disease,19,46185,4,6484,0.6085705010280272,False,0.6084052354093817,False,-0.08392432576645682,False
metformin,Intervertebral disc degeneration,1,46203,0,6488,0.4213180391732496,False,0.42129925222115205,False,0.12357082672738463,False
metformin,Intervertebral disc displacement,1,46203,0,6488,0.4213180391732496,False,0.42129925222115205,False,0.12357082672738463,False
metformin,Intervertebral disc protrusion,14,46190,1,6487,1.3575803484471378,False,1.3576925991275262,False,0.08683064862959668,True
metformin,Intestinal angioedema,3,46201,0,6488,0.9830754247375825,False,0.9830741426144173,False,0.16091202120883544,True
metformin,Intestinal fistula,2,46202,0,6488,0.702196731955416,False,0.7021806179319301,False,0.1496078316296215,False
metformin,Intestinal haemorrhage,5,46199,0,6488,1.5448328103019153,False,1.5448976720527279,False,0.17126598885512306,True
metformin,Intestinal ischaemia,7,46197,0,6488,2.1065901958662483,True,2.106769846853185,True,0.1761233886528062,True
metformin,Intestinal obstruction,10,46194,2,6486,0.5898452548425495,False,0.589752026756432,False,-0.0700532811926447,False
metformin,Intestinal perforation,2,46202,0,6488,0.702196731955416,False,0.7021806179319301,False,0.1496078316296215,False
metformin,Intestinal polyp,1,46203,0,6488,0.4213180391732496,False,0.42129925222115205,False,0.12357082672738463,False
metformin,Intestinal resection,1,46203,0,6488,0.4213180391732496,False,0.42129925222115205,False,0.12357082672738463,False
metformin,Intestinal transit time abnormal,2,46202,0,6488,0.702196731955416,False,0.7021806179319301,False,0.1496078316296215,False
metformin,Intestinal transit time decreased,2,46202,0,6488,0.702196731955416,False,0.7021806179319301,False,0.1496078316296215,False
metformin,Intestinal villi atrophy,1,46203,0,6488,0.4213180391732496,False,0.42129925222115205,False,0.12357082672738463,False
metformin,Intracranial aneurysm,1,46203,0,6488,0.4213180391732496,False,0.42129925222115205,False,0.12357082672738463,False
metformin,Intracranial pressure increased,1,46203,0,6488,0.4213180391732496,False,0.42129925222115205,False,0.12357082672738463,False
metformin,Intraocular pressure increased,1,46203,0,6488,0.4213180391732496,False,0.42129925222115205,False,0.12357082672738463,False
metformin,Intraventricular haemorrhage,1,46203,0,6488,0.4213180391732496,False,0.42129925222115205,False,0.12357082672738463,False
metformin,Intraventricular haemorrhage neonatal,1,46203,0,6488,0.4213180391732496,False,0.42129925222115205,False,0.12357082672738463,False
metformin,Invasive breast carcinoma,5,46199,0,6488,1.5448328103019153,False,1.5448976720527279,False,0.17126598885512306,True
metformin,Invasive ductal breast carcinoma,1,46203,0,6488,0.4213180391732496,False,0.42129925222115205,False,0.12357082672738463,False
metformin,Iron deficiency,9,46195,0,6488,2.6683475814305813,True,2.6686906733339826,True,0.17894306060960852,True
metformin,Iron deficiency anaemia,4,46200,1,6487,0.42131803917324967,False,0.42126167465720066,False,-0.11824062833986163,False
metformin,Iron overload,1,46203,0,6488,0.4213180391732496,False,0.42129925222115205,False,0.12357082672738463,False
metformin,Irritability,13,46191,1,6487,1.263954117519749,False,1.264031261162768,False,0.07950388483133539,True
metformin,Irritable bowel syndrome,5,46199,1,6487,0.5149442701006385,False,0.5148865247459388,False,-0.06694176086280622,False
metformin,Ischaemia,6,46198,2,6486,0.36514230061681635,False,0.3650529779105382,False,-0.20932471480194936,False
metformin,Ischaemic cardiomyopathy,5,46199,0,6488,1.5448328103019153,False,1.5448976720527279,False,0.17126598885512306,True
metformin,Ischaemic hepatitis,3,46201,0,6488,0.9830754247375825,False,0.9830741426144173,False,0.16091202120883544,True
metformin,Ischaemic stroke,6,46198,1,6487,0.6085705010280272,False,0.6085154279900863,False,-0.03032748881462012,False
metformin,Jaundice,18,46186,2,6486,1.0392511632940158,False,1.0392668853452849,False,0.036534907773639276,True
metformin,Jaundice cholestatic,9,46195,0,6488,2.6683475814305813,True,2.6686906733339826,True,0.17894306060960852,True
metformin,Jaundice hepatocellular,1,46203,0,6488,0.4213180391732496,False,0.42129925222115205,False,0.12357082672738463,False
metformin,Jaundice neonatal,1,46203,0,6488,0.4213180391732496,False,0.42129925222115205,False,0.12357082672738463,False
metformin,Jaw disorder,2,46202,0,6488,0.702196731955416,False,0.7021806179319301,False,0.1496078316296215,False
metformin,Joint ankylosis,1,46203,0,6488,0.4213180391732496,False,0.42129925222115205,False,0.12357082672738463,False
metformin,Joint effusion,2,46202,0,6488,0.702196731955416,False,0.7021806179319301,False,0.1496078316296215,False
metformin,Joint injury,9,46195,1,6487,0.8894491938101938,False,0.88942645928716,False,0.03556151401658826,True
metformin,Joint instability,3,46201,0,6488,0.9830754247375825,False,0.9830741426144173,False,0.16091202120883544,True
metformin,Joint noise,2,46202,0,6488,0.702196731955416,False,0.7021806179319301,False,0.1496078316296215,False
metformin,Joint range of motion decreased,11,46193,0,6488,3.230104966994914,True,3.230660157814411,True,0.18078495057853297,True
metformin,Joint stiffness,5,46199,3,6485,0.2206904014717022,False,0.22059762551542766,False,-0.45033281430574423,False
metformin,Joint swelling,61,46143,10,6478,0.8225733145763445,False,0.8223368405084139,False,-0.029206624422523548,False
metformin,Joint warmth,2,46202,0,6488,0.702196731955416,False,0.7021806179319301,False,0.1496078316296215,False
metformin,Ketoacidosis,70,46134,93,6395,0.10589276920397184,False,0.10452644769249735,False,-1.0246486785981923,False
metformin,Ketonuria,10,46194,8,6480,0.1734838984831028,False,0.17329603154946507,False,-0.6330346455472293,False
metformin,Ketosis,8,46196,24,6464,0.04872385487037581,False,0.04854882327201659,False,-1.7484521063839022,False
metformin,Kidney enlargement,1,46203,0,6488,0.4213180391732496,False,0.42129925222115205,False,0.12357082672738463,False
metformin,Kidney infection,9,46195,1,6487,0.8894491938101938,False,0.88942645928716,False,0.03556151401658826,True
metformin,Klebsiella infection,10,46194,2,6486,0.5898452548425495,False,0.589752026756432,False,-0.0700532811926447,False
metformin,Knee arthroplasty,3,46201,0,6488,0.9830754247375825,False,0.9830741426144173,False,0.16091202120883544,True
metformin,Knee operation,5,46199,1,6487,0.5149442701006385,False,0.5148865247459388,False,-0.06694176086280622,False
metformin,Kussmaul respiration,5,46199,0,6488,1.5448328103019153,False,1.5448976720527279,False,0.17126598885512306,True
metformin,Labelled drug-disease interaction issue,4,46200,0,6488,1.2639541175197488,False,1.2639798270581488,False,0.1672306113239052,True
metformin,Labelled drug-disease interaction medication error,3,46201,0,6488,0.9830754247375825,False,0.9830741426144173,False,0.16091202120883544,True
metformin,Labelled drug-drug interaction medication error,11,46193,2,6486,0.6460209933989828,False,0.6459328693430894,False,-0.049243039654018994,False
metformin,Laboratory test abnormal,5,46199,3,6485,0.2206904014717022,False,0.22059762551542766,False,-0.45033281430574423,False
metformin,Labyrinthitis,5,46199,0,6488,1.5448328103019153,False,1.5448976720527279,False,0.17126598885512306,True
metformin,Lacrimation increased,6,46198,1,6487,0.6085705010280272,False,0.6085154279900863,False,-0.03032748881462012,False
metformin,Lactate pyruvate ratio increased,4,46200,0,6488,1.2639541175197488,False,1.2639798270581488,False,0.1672306113239052,True
metformin,Lactic acidosis,3040,43164,49,6439,8.62638045862805,True,9.163581394222314,True,0.16646861592220644,True
metformin,Lactose intolerance,1,46203,1,6487,0.14043934639108324,False,0.14041144069172248,False,-0.5873577625365847,False
metformin,Lafora's myoclonic epilepsy,2,46202,0,6488,0.702196731955416,False,0.7021806179319301,False,0.1496078316296215,False
metformin,Large for dates baby,8,46196,0,6488,2.3874688886484146,True,2.387724178238611,True,0.1776984083072978,True
metformin,Large intestinal obstruction,1,46203,0,6488,0.4213180391732496,False,0.42129925222115205,False,0.12357082672738463,False
metformin,Large intestine polyp,10,46194,1,6487,0.9830754247375825,False,0.9830715777852341,False,0.049540417300280325,True
metformin,Laryngeal oedema,1,46203,0,6488,0.4213180391732496,False,0.42129925222115205,False,0.12357082672738463,False
metformin,Latent autoimmune diabetes in adults,2,46202,0,6488,0.702196731955416,False,0.7021806179319301,False,0.1496078316296215,False
metformin,Left atrial dilatation,2,46202,0,6488,0.702196731955416,False,0.7021806179319301,False,0.1496078316296215,False
metformin,Left ventricular dilatation,1,46203,0,6488,0.4213180391732496,False,0.42129925222115205,False,0.12357082672738463,False
metformin,Left ventricular dysfunction,15,46189,12,6476,0.1741447895249432,False,0.1738676539040258,False,-0.6412758748108498,False
metformin,Left ventricular end-diastolic pressure increased,2,46202,0,6488,0.702196731955416,False,0.7021806179319301,False,0.1496078316296215,False
metformin,Left ventricular failure,8,46196,1,6487,0.795822962882805,False,0.7957853949974565,False,0.01847838841636248,True
metformin,Left ventricular hypertrophy,5,46199,2,6486,0.3089665620603831,False,0.308884295284581,False,-0.27133558831841514,False
metformin,Leg amputation,8,46196,3,6485,0.3410669840926307,False,0.3409457426428409,False,-0.25531416422814057,False
metformin,Leiomyosarcoma,1,46203,0,6488,0.4213180391732496,False,0.42129925222115205,False,0.12357082672738463,False
metformin,Lens extraction,1,46203,0,6488,0.4213180391732496,False,0.42129925222115205,False,0.12357082672738463,False
metformin,Lethargy,75,46129,2,6486,4.241268261010713,True,4.246573234047627,True,0.15054011558218305,True
metformin,Leukaemia,4,46200,0,6488,1.2639541175197488,False,1.2639798270581488,False,0.1672306113239052,True
metformin,Leukocytosis,37,46167,2,6486,2.1065901958662483,True,2.107489034493962,True,0.11204204572392532,True
metformin,Leukopenia,3,46201,4,6484,0.10923060274862029,False,0.10916312240944558,False,-0.9234122848981081,False
metformin,Leukoplakia oral,1,46203,0,6488,0.4213180391732496,False,0.42129925222115205,False,0.12357082672738463,False
metformin,Lichen planus,11,46193,0,6488,3.230104966994914,True,3.230660157814411,True,0.18078495057853297,True
metformin,Lichen sclerosus,3,46201,0,6488,0.9830754247375825,False,0.9830741426144173,False,0.16091202120883544,True
metformin,Lichenification,3,46201,0,6488,0.9830754247375825,False,0.9830741426144173,False,0.16091202120883544,True
metformin,Ligament disorder,1,46203,0,6488,0.4213180391732496,False,0.42129925222115205,False,0.12357082672738463,False
metformin,Ligament rupture,1,46203,0,6488,0.4213180391732496,False,0.42129925222115205,False,0.12357082672738463,False
metformin,Ligament sprain,6,46198,0,6488,1.8257115030840816,False,1.8258276783878264,False,0.17406633864098864,True
metformin,Light chain analysis increased,3,46201,0,6488,0.9830754247375825,False,0.9830741426144173,False,0.16091202120883544,True
metformin,Limb discomfort,32,46172,9,6479,0.48045039554844265,False,0.48008469383974856,False,-0.16554414538112747,False
metformin,Limb injury,10,46194,2,6486,0.5898452548425495,False,0.589752026756432,False,-0.0700532811926447,False
metformin,Limb mass,2,46202,0,6488,0.702196731955416,False,0.7021806179319301,False,0.1496078316296215,False
metformin,Linear IgA disease,8,46196,0,6488,2.3874688886484146,True,2.387724178238611,True,0.1776984083072978,True
metformin,Lip blister,2,46202,0,6488,0.702196731955416,False,0.7021806179319301,False,0.1496078316296215,False
metformin,Lip disorder,1,46203,1,6487,0.14043934639108324,False,0.14041144069172248,False,-0.5873577625365847,False
metformin,Lip dry,1,46203,0,6488,0.4213180391732496,False,0.42129925222115205,False,0.12357082672738463,False
metformin,Lip oedema,8,46196,0,6488,2.3874688886484146,True,2.387724178238611,True,0.1776984083072978,True
metformin,Lip swelling,8,46196,4,6484,0.26527432096093495,False,0.2651391339170716,False,-0.37490786272106547,False
metformin,Lipase increased,5,46199,0,6488,1.5448328103019153,False,1.5448976720527279,False,0.17126598885512306,True
metformin,Lipid metabolism disorder,1,46203,0,6488,0.4213180391732496,False,0.42129925222115205,False,0.12357082672738463,False
metformin,Lipids abnormal,9,46195,1,6487,0.8894491938101938,False,0.88942645928716,False,0.03556151401658826,True
metformin,Lipids increased,1,46203,1,6487,0.14043934639108324,False,0.14041144069172248,False,-0.5873577625365847,False
metformin,Listeria encephalitis,2,46202,0,6488,0.702196731955416,False,0.7021806179319301,False,0.1496078316296215,False
metformin,Listless,1,46203,0,6488,0.4213180391732496,False,0.42129925222115205,False,0.12357082672738463,False
metformin,Live birth,11,46193,0,6488,3.230104966994914,True,3.230660157814411,True,0.18078495057853297,True
metformin,Livedo reticularis,1,46203,1,6487,0.14043934639108324,False,0.14041144069172248,False,-0.5873577625365847,False
metformin,Liver abscess,7,46197,0,6488,2.1065901958662483,True,2.106769846853185,True,0.1761233886528062,True
metformin,Liver disorder,25,46179,3,6485,1.0232009522778922,False,1.0232137636830194,False,0.025551773158197632,True
metformin,Liver function test abnormal,22,46182,11,6477,0.2747726342434237,False,0.27441930526102726,False,-0.3876903910254506,False
metformin,Liver function test decreased,1,46203,1,6487,0.14043934639108324,False,0.14041144069172248,False,-0.5873577625365847,False
metformin,Liver function test increased,5,46199,1,6487,0.5149442701006385,False,0.5148865247459388,False,-0.06694176086280622,False
metformin,Liver injury,21,46183,4,6484,0.6709879883129531,False,0.6708348219602239,False,-0.060561184761057256,False
metformin,Liver palpable,3,46201,0,6488,0.9830754247375825,False,0.9830741426144173,False,0.16091202120883544,True
metformin,Liver transplant,2,46202,0,6488,0.702196731955416,False,0.7021806179319301,False,0.1496078316296215,False
metformin,Localised infection,4,46200,2,6486,0.25279082350394977,False,0.25271804417701105,False,-0.3564483780577912,False
metformin,Localised oedema,2,46202,0,6488,0.702196731955416,False,0.7021806179319301,False,0.1496078316296215,False
metformin,Loose tooth,1,46203,0,6488,0.4213180391732496,False,0.42129925222115205,False,0.12357082672738463,False
metformin,Loss of consciousness,105,46099,27,6461,0.5387764016094284,False,0.5377208784555936,False,-0.13994744196199999,False
metformin,Loss of libido,1,46203,0,6488,0.4213180391732496,False,0.42129925222115205,False,0.12357082672738463,False
metformin,Loss of personal independence in daily activities,32,46172,1,6487,3.0428525051401367,True,3.044290432616817,True,0.14282432567332928,True
metformin,Low birth weight baby,19,46185,0,6488,5.477134509252245,True,5.479024802156521,True,0.18438104497414554,True
metformin,Low density lipoprotein abnormal,6,46198,0,6488,1.8257115030840816,False,1.8258276783878264,False,0.17406633864098864,True
metformin,Low density lipoprotein decreased,2,46202,0,6488,0.702196731955416,False,0.7021806179319301,False,0.1496078316296215,False
metformin,Low density lipoprotein increased,6,46198,1,6487,0.6085705010280272,False,0.6085154279900863,False,-0.03032748881462012,False
metformin,Lower limb fracture,1,46203,0,6488,0.4213180391732496,False,0.42129925222115205,False,0.12357082672738463,False
metformin,Lower respiratory tract congestion,2,46202,0,6488,0.702196731955416,False,0.7021806179319301,False,0.1496078316296215,False
metformin,Lower respiratory tract infection,49,46155,0,6488,13.903495292717237,True,13.917333795538994,True,0.18752132910880978,True
metformin,Lumbar vertebral fracture,1,46203,0,6488,0.4213180391732496,False,0.42129925222115205,False,0.12357082672738463,False
metformin,Lumbosacral radiculoplexus neuropathy,7,46197,0,6488,2.1065901958662483,True,2.106769846853185,True,0.1761233886528062,True
metformin,Lung abscess,2,46202,0,6488,0.702196731955416,False,0.7021806179319301,False,0.1496078316296215,False
metformin,Lung adenocarcinoma,1,46203,0,6488,0.4213180391732496,False,0.42129925222115205,False,0.12357082672738463,False
metformin,Lung carcinoma cell type unspecified stage II,1,46203,0,6488,0.4213180391732496,False,0.42129925222115205,False,0.12357082672738463,False
metformin,Lung disorder,12,46192,5,6483,0.31918033270700735,False,0.318996098343395,False,-0.3016371848160134,False
metformin,Lung hernia,3,46201,0,6488,0.9830754247375825,False,0.9830741426144173,False,0.16091202120883544,True
metformin,Lung neoplasm,5,46199,1,6487,0.5149442701006385,False,0.5148865247459388,False,-0.06694176086280622,False
metformin,Lung neoplasm malignant,6,46198,4,6484,0.20285683367600907,False,0.2027446778575062,False,-0.5119262812859051,False
metformin,Lyme disease,1,46203,0,6488,0.4213180391732496,False,0.42129925222115205,False,0.12357082672738463,False
metformin,Lymph node pain,2,46202,0,6488,0.702196731955416,False,0.7021806179319301,False,0.1496078316296215,False
metformin,Lymphadenectomy,1,46203,0,6488,0.4213180391732496,False,0.42129925222115205,False,0.12357082672738463,False
metformin,Lymphadenopathy,8,46196,1,6487,0.795822962882805,False,0.7957853949974565,False,0.01847838841636248,True
metformin,Lymphadenopathy mediastinal,1,46203,0,6488,0.4213180391732496,False,0.42129925222115205,False,0.12357082672738463,False
metformin,Lymphocyte count decreased,7,46197,0,6488,2.1065901958662483,True,2.106769846853185,True,0.1761233886528062,True
metformin,Lymphocyte count increased,1,46203,0,6488,0.4213180391732496,False,0.42129925222115205,False,0.12357082672738463,False
metformin,Lymphoedema,1,46203,0,6488,0.4213180391732496,False,0.42129925222115205,False,0.12357082672738463,False
metformin,Lymphoma,9,46195,0,6488,2.6683475814305813,True,2.6686906733339826,True,0.17894306060960852,True
metformin,MELAS syndrome,50,46154,0,6488,14.184373985499406,True,14.198799683671147,True,0.1875617931971008,True
metformin,Macroangiopathy,66,46138,0,6488,18.678433070014066,True,18.70391321781159,True,0.18804379863000203,True
metformin,Macrocytosis,8,46196,0,6488,2.3874688886484146,True,2.387724178238611,True,0.1776984083072978,True
metformin,Macrosomia,2,46202,0,6488,0.702196731955416,False,0.7021806179319301,False,0.1496078316296215,False
metformin,Macular degeneration,2,46202,0,6488,0.702196731955416,False,0.7021806179319301,False,0.1496078316296215,False
metformin,Macular oedema,2,46202,2,6486,0.14043934639108321,False,0.14039283588550402,False,-0.6807662952310448,False
metformin,Maculopathy,1,46203,0,6488,0.4213180391732496,False,0.42129925222115205,False,0.12357082672738463,False
metformin,Madarosis,2,46202,0,6488,0.702196731955416,False,0.7021806179319301,False,0.1496078316296215,False
metformin,Magnetic resonance imaging head abnormal,1,46203,0,6488,0.4213180391732496,False,0.42129925222115205,False,0.12357082672738463,False
metformin,Major depression,4,46200,0,6488,1.2639541175197488,False,1.2639798270581488,False,0.1672306113239052,True
metformin,Malabsorption,16,46188,0,6488,4.6344984309057455,True,4.635796789244076,True,0.18344029108935347,True
metformin,Malaise,335,45869,47,6441,0.9919452781938615,False,0.9918863641188016,False,0.00015441223336969004,True
metformin,Malignant melanoma,1,46203,0,6488,0.4213180391732496,False,0.42129925222115205,False,0.12357082672738463,False
metformin,Malignant melanoma in situ,3,46201,0,6488,0.9830754247375825,False,0.9830741426144173,False,0.16091202120883544,True
metformin,Malignant neoplasm of eye,1,46203,0,6488,0.4213180391732496,False,0.42129925222115205,False,0.12357082672738463,False
metformin,Malignant neoplasm of thymus,1,46203,0,6488,0.4213180391732496,False,0.42129925222115205,False,0.12357082672738463,False
metformin,Malignant neoplasm of unknown primary site,1,46203,0,6488,0.4213180391732496,False,0.42129925222115205,False,0.12357082672738463,False
metformin,Malignant neoplasm progression,33,46171,1,6487,3.136478736067525,True,3.138028870623653,True,0.14419789805955607,True
metformin,Malignant nipple neoplasm female,1,46203,0,6488,0.4213180391732496,False,0.42129925222115205,False,0.12357082672738463,False
metformin,Malnutrition,6,46198,1,6487,0.6085705010280272,False,0.6085154279900863,False,-0.03032748881462012,False
metformin,Manganese increased,1,46203,0,6488,0.4213180391732496,False,0.42129925222115205,False,0.12357082672738463,False
metformin,Manufacturing issue,1,46203,2,6486,0.08426360783464994,False,0.08423387838583657,False,-1.0614804001276124,False
metformin,Mass,14,46190,0,6488,4.072741045341413,True,4.0737056321104985,True,0.18259737779543883,True
metformin,Mastication disorder,3,46201,1,6487,0.32769180824586086,False,0.3276408774606885,False,-0.19533946806080307,False
metformin,Maternal condition affecting foetus,1,46203,0,6488,0.4213180391732496,False,0.42129925222115205,False,0.12357082672738463,False
metformin,Maternal exposure before pregnancy,1,46203,0,6488,0.4213180391732496,False,0.42129925222115205,False,0.12357082672738463,False
metformin,Maternal exposure during breast feeding,1,46203,0,6488,0.4213180391732496,False,0.42129925222115205,False,0.12357082672738463,False
metformin,Maternal exposure during pregnancy,112,46092,0,6488,31.59885293799372,True,31.673536909475512,True,0.18866609153608116,True
metformin,Maternally inherited diabetes and deafness,1,46203,0,6488,0.4213180391732496,False,0.42129925222115205,False,0.12357082672738463,False
metformin,Mean cell haemoglobin concentration decreased,1,46203,0,6488,0.4213180391732496,False,0.42129925222115205,False,0.12357082672738463,False
metformin,Mean cell haemoglobin decreased,2,46202,0,6488,0.702196731955416,False,0.7021806179319301,False,0.1496078316296215,False
metformin,Mean cell volume abnormal,2,46202,0,6488,0.702196731955416,False,0.7021806179319301,False,0.1496078316296215,False
metformin,Mean cell volume decreased,1,46203,0,6488,0.4213180391732496,False,0.42129925222115205,False,0.12357082672738463,False
metformin,Mean cell volume increased,2,46202,0,6488,0.702196731955416,False,0.7021806179319301,False,0.1496078316296215,False
metformin,Mechanical ileus,6,46198,0,6488,1.8257115030840816,False,1.8258276783878264,False,0.17406633864098864,True
metformin,Mechanical ventilation,6,46198,0,6488,1.8257115030840816,False,1.8258276783878264,False,0.17406633864098864,True
metformin,Mechanical ventilation complication,5,46199,0,6488,1.5448328103019153,False,1.5448976720527279,False,0.17126598885512306,True
metformin,Meconium aspiration syndrome,1,46203,0,6488,0.4213180391732496,False,0.42129925222115205,False,0.12357082672738463,False
metformin,Mediastinal disorder,1,46203,0,6488,0.4213180391732496,False,0.42129925222115205,False,0.12357082672738463,False
metformin,Medical device implantation,4,46200,0,6488,1.2639541175197488,False,1.2639798270581488,False,0.1672306113239052,True
metformin,Medication error,74,46130,28,6460,0.3671133791626561,False,0.36609127766251237,False,-0.27173327148439413,False
metformin,Melaena,8,46196,2,6486,0.47749377772968293,False,0.4773976383492256,False,-0.12490315817665788,False
metformin,Melanoma recurrent,1,46203,0,6488,0.4213180391732496,False,0.42129925222115205,False,0.12357082672738463,False
metformin,Memory impairment,84,46120,2,6486,4.746849908018613,True,4.753714725555881,True,0.1546468614648613,True
metformin,Meniere's disease,1,46203,0,6488,0.4213180391732496,False,0.42129925222115205,False,0.12357082672738463,False
metformin,Meningioma,4,46200,0,6488,1.2639541175197488,False,1.2639798270581488,False,0.1672306113239052,True
metformin,Meningitis,4,46200,0,6488,1.2639541175197488,False,1.2639798270581488,False,0.1672306113239052,True
metformin,Meningomyelocele,3,46201,0,6488,0.9830754247375825,False,0.9830741426144173,False,0.16091202120883544,True
metformin,Meniscus injury,1,46203,0,6488,0.4213180391732496,False,0.42129925222115205,False,0.12357082672738463,False
metformin,Menopause,1,46203,0,6488,0.4213180391732496,False,0.42129925222115205,False,0.12357082672738463,False
metformin,Menstrual disorder,1,46203,0,6488,0.4213180391732496,False,0.42129925222115205,False,0.12357082672738463,False
metformin,Menstruation delayed,1,46203,0,6488,0.4213180391732496,False,0.42129925222115205,False,0.12357082672738463,False
metformin,Mental disorder,18,46186,5,6483,0.47238689240637083,False,0.4721755570055398,False,-0.15987317899975553,False
metformin,Mental impairment,28,46176,1,6487,2.6683475814305813,True,2.6693772806514136,True,0.13638359741727912,True
metformin,Mental status changes,77,46127,16,6472,0.6596393542611484,False,0.6590675055798897,False,-0.08228680122023431,False
metformin,Merycism,1,46203,0,6488,0.4213180391732496,False,0.42129925222115205,False,0.12357082672738463,False
metformin,Mesenteric vein thrombosis,2,46202,0,6488,0.702196731955416,False,0.7021806179319301,False,0.1496078316296215,False
metformin,Metabolic acidosis,870,45334,41,6447,2.9458421935768184,True,2.9832056944317653,True,0.12305670441015046,True
metformin,Metabolic alkalosis,18,46186,1,6487,1.732085272156693,False,1.73237850887164,False,0.10843219174084699,True
metformin,Metabolic disorder,19,46185,6,6482,0.4213180391732496,False,0.4210737136114148,False,-0.20142372060090694,False
metformin,Metabolic encephalopathy,13,46191,3,6485,0.5416946217941782,False,0.5415606767478865,False,-0.1060663261056314,False
metformin,Metabolic myopathy,2,46202,0,6488,0.702196731955416,False,0.7021806179319301,False,0.1496078316296215,False
metformin,Metabolic syndrome,2,46202,0,6488,0.702196731955416,False,0.7021806179319301,False,0.1496078316296215,False
metformin,Metastases to bone,16,46188,0,6488,4.6344984309057455,True,4.635796789244076,True,0.18344029108935347,True
metformin,Metastases to central nervous system,3,46201,1,6487,0.32769180824586086,False,0.3276408774606885,False,-0.19533946806080307,False
metformin,Metastases to gastrointestinal tract,2,46202,0,6488,0.702196731955416,False,0.7021806179319301,False,0.1496078316296215,False
metformin,Metastases to liver,14,46190,0,6488,4.072741045341413,True,4.0737056321104985,True,0.18259737779543883,True
metformin,Metastases to lung,15,46189,0,6488,4.353619738123579,True,4.3547451260567875,True,0.18304596388889957,True
metformin,Metastases to lymph nodes,5,46199,0,6488,1.5448328103019153,False,1.5448976720527279,False,0.17126598885512306,True
metformin,Metastases to pancreas,2,46202,0,6488,0.702196731955416,False,0.7021806179319301,False,0.1496078316296215,False
metformin,Metastases to pelvis,1,46203,0,6488,0.4213180391732496,False,0.42129925222115205,False,0.12357082672738463,False
metformin,Metastases to spine,10,46194,0,6488,2.949226274212747,True,2.9496693329292447,True,0.1799514233517631,True
metformin,Metastases to stomach,1,46203,0,6488,0.4213180391732496,False,0.42129925222115205,False,0.12357082672738463,False
metformin,Metastasis,5,46199,0,6488,1.5448328103019153,False,1.5448976720527279,False,0.17126598885512306,True
metformin,Metastatic carcinoid tumour,1,46203,0,6488,0.4213180391732496,False,0.42129925222115205,False,0.12357082672738463,False
metformin,Metastatic malignant melanoma,1,46203,0,6488,0.4213180391732496,False,0.42129925222115205,False,0.12357082672738463,False
metformin,Metastatic neoplasm,1,46203,0,6488,0.4213180391732496,False,0.42129925222115205,False,0.12357082672738463,False
metformin,Metrorrhagia,1,46203,0,6488,0.4213180391732496,False,0.42129925222115205,False,0.12357082672738463,False
metformin,Microalbuminuria,4,46200,1,6487,0.42131803917324967,False,0.42126167465720066,False,-0.11824062833986163,False
metformin,Microcephaly,2,46202,0,6488,0.702196731955416,False,0.7021806179319301,False,0.1496078316296215,False
metformin,Microcytic anaemia,7,46197,0,6488,2.1065901958662483,True,2.106769846853185,True,0.1761233886528062,True
metformin,Micrognathia,1,46203,0,6488,0.4213180391732496,False,0.42129925222115205,False,0.12357082672738463,False
metformin,Microtia,1,46203,0,6488,0.4213180391732496,False,0.42129925222115205,False,0.12357082672738463,False
metformin,Microvascular coronary artery disease,1,46203,0,6488,0.4213180391732496,False,0.42129925222115205,False,0.12357082672738463,False
metformin,Micturition frequency decreased,1,46203,1,6487,0.14043934639108324,False,0.14041144069172248,False,-0.5873577625365847,False
metformin,Micturition urgency,1,46203,5,6483,0.03830163992484088,False,0.03827041831738446,False,-1.9414108787789472,False
metformin,Middle insomnia,6,46198,0,6488,1.8257115030840816,False,1.8258276783878264,False,0.17406633864098864,True
metformin,Migraine,29,46175,2,6486,1.657184287414782,False,1.657604140723977,False,0.09171726564471586,True
metformin,Minimal residual disease,1,46203,0,6488,0.4213180391732496,False,0.42129925222115205,False,0.12357082672738463,False
metformin,Miosis,4,46200,0,6488,1.2639541175197488,False,1.2639798270581488,False,0.1672306113239052,True
metformin,Mitochondrial cytopathy,6,46198,0,6488,1.8257115030840816,False,1.8258276783878264,False,0.17406633864098864,True
metformin,Mitochondrial encephalomyopathy,1,46203,0,6488,0.4213180391732496,False,0.42129925222115205,False,0.12357082672738463,False
metformin,Mitochondrial enzyme deficiency,4,46200,0,6488,1.2639541175197488,False,1.2639798270581488,False,0.1672306113239052,True
metformin,Mitochondrial myopathy,1,46203,0,6488,0.4213180391732496,False,0.42129925222115205,False,0.12357082672738463,False
metformin,Mitochondrial toxicity,5,46199,0,6488,1.5448328103019153,False,1.5448976720527279,False,0.17126598885512306,True
metformin,Mitral valve calcification,2,46202,0,6488,0.702196731955416,False,0.7021806179319301,False,0.1496078316296215,False
metformin,Mitral valve disease,2,46202,0,6488,0.702196731955416,False,0.7021806179319301,False,0.1496078316296215,False
metformin,Mitral valve incompetence,24,46180,1,6487,2.293842657721026,True,2.294529076125204,True,0.12788390465205304,True
metformin,Mitral valve thickening,2,46202,0,6488,0.702196731955416,False,0.7021806179319301,False,0.1496078316296215,False
metformin,Mixed liver injury,9,46195,4,6484,0.2964830646033979,False,0.2963383879382191,False,-0.3248774822674464,False
metformin,Moaning,2,46202,0,6488,0.702196731955416,False,0.7021806179319301,False,0.1496078316296215,False
metformin,Mobility decreased,25,46179,1,6487,2.387468888648415,True,2.3882350393572906,True,0.13025378197952786,True
metformin,Monocyte count increased,7,46197,0,6488,2.1065901958662483,True,2.106769846853185,True,0.1761233886528062,True
metformin,Monoparesis,1,46203,0,6488,0.4213180391732496,False,0.42129925222115205,False,0.12357082672738463,False
metformin,Monoplegia,1,46203,0,6488,0.4213180391732496,False,0.42129925222115205,False,0.12357082672738463,False
metformin,Mood altered,16,46188,0,6488,4.6344984309057455,True,4.635796789244076,True,0.18344029108935347,True
metformin,Mood swings,9,46195,1,6487,0.8894491938101938,False,0.88942645928716,False,0.03556151401658826,True
metformin,Morning sickness,1,46203,0,6488,0.4213180391732496,False,0.42129925222115205,False,0.12357082672738463,False
metformin,Motion sickness,2,46202,1,6487,0.23406557731847205,False,0.2340241328932417,False,-0.3245148059614062,False
metformin,Motor dysfunction,11,46193,1,6487,1.0767016556649713,False,1.0767207507549763,False,0.06119125208560783,True
metformin,Mouth haemorrhage,2,46202,0,6488,0.702196731955416,False,0.7021806179319301,False,0.1496078316296215,False
metformin,Mouth injury,1,46203,0,6488,0.4213180391732496,False,0.42129925222115205,False,0.12357082672738463,False
metformin,Mouth swelling,4,46200,0,6488,1.2639541175197488,False,1.2639798270581488,False,0.1672306113239052,True
metformin,Mouth ulceration,6,46198,0,6488,1.8257115030840816,False,1.8258276783878264,False,0.17406633864098864,True
metformin,Movement disorder,14,46190,2,6486,0.8145482090682826,False,0.8144899925309317,False,-0.0029728331415277707,False
metformin,Mucormycosis,1,46203,0,6488,0.4213180391732496,False,0.42129925222115205,False,0.12357082672738463,False
metformin,Mucosal disorder,4,46200,0,6488,1.2639541175197488,False,1.2639798270581488,False,0.1672306113239052,True
metformin,Mucosal dryness,8,46196,0,6488,2.3874688886484146,True,2.387724178238611,True,0.1776984083072978,True
metformin,Mucosal erosion,4,46200,1,6487,0.42131803917324967,False,0.42126167465720066,False,-0.11824062833986163,False
metformin,Mucosal haemorrhage,3,46201,0,6488,0.9830754247375825,False,0.9830741426144173,False,0.16091202120883544,True
metformin,Mucosal inflammation,8,46196,0,6488,2.3874688886484146,True,2.387724178238611,True,0.1776984083072978,True
metformin,Multi-organ disorder,2,46202,0,6488,0.702196731955416,False,0.7021806179319301,False,0.1496078316296215,False
metformin,Multimorbidity,1,46203,0,6488,0.4213180391732496,False,0.42129925222115205,False,0.12357082672738463,False
metformin,Multiple congenital abnormalities,1,46203,0,6488,0.4213180391732496,False,0.42129925222115205,False,0.12357082672738463,False
metformin,Multiple drug therapy,2,46202,0,6488,0.702196731955416,False,0.7021806179319301,False,0.1496078316296215,False
metformin,Multiple organ dysfunction syndrome,160,46044,8,6480,2.6518253053845715,True,2.6575831692231238,True,0.11878987616566038,True
metformin,Multiple sclerosis,5,46199,1,6487,0.5149442701006385,False,0.5148865247459388,False,-0.06694176086280622,False
metformin,Multiple sclerosis relapse,6,46198,0,6488,1.8257115030840816,False,1.8258276783878264,False,0.17406633864098864,True
metformin,Multiple use of single-use product,23,46181,0,6488,6.60064928038091,True,6.603499236707339,True,0.18526230704893226,True
metformin,Mumps,1,46203,0,6488,0.4213180391732496,False,0.42129925222115205,False,0.12357082672738463,False
metformin,Muscle atrophy,19,46185,1,6487,1.8257115030840818,False,1.8260601270961665,False,0.11248376100693783,True
metformin,Muscle contractions involuntary,1,46203,0,6488,0.4213180391732496,False,0.42129925222115205,False,0.12357082672738463,False
metformin,Muscle contracture,7,46197,1,6487,0.7021967319554161,False,0.7021483846528492,False,-0.002873837334523044,False
metformin,Muscle disorder,3,46201,1,6487,0.32769180824586086,False,0.3276408774606885,False,-0.19533946806080307,False
metformin,Muscle haemorrhage,2,46202,0,6488,0.702196731955416,False,0.7021806179319301,False,0.1496078316296215,False
metformin,Muscle oedema,4,46200,0,6488,1.2639541175197488,False,1.2639798270581488,False,0.1672306113239052,True
metformin,Muscle rupture,5,46199,0,6488,1.5448328103019153,False,1.5448976720527279,False,0.17126598885512306,True
metformin,Muscle spasms,91,46113,7,6481,1.7133600259712154,False,1.7147754995825517,False,0.08218622380895976,True
metformin,Muscle spasticity,10,46194,0,6488,2.949226274212747,True,2.9496693329292447,True,0.1799514233517631,True
metformin,Muscle strain,6,46198,0,6488,1.8257115030840816,False,1.8258276783878264,False,0.17406633864098864,True
metformin,Muscle tightness,8,46196,0,6488,2.3874688886484146,True,2.387724178238611,True,0.1776984083072978,True
metformin,Muscle twitching,2,46202,1,6487,0.23406557731847205,False,0.2340241328932417,False,-0.3245148059614062,False
metformin,Muscular weakness,59,46145,5,6483,1.5192983836853549,False,1.5199679669346267,False,0.07158712639268558,True
metformin,Musculoskeletal chest pain,7,46197,0,6488,2.1065901958662483,True,2.106769846853185,True,0.1761233886528062,True
metformin,Musculoskeletal discomfort,3,46201,2,6486,0.1966150849475165,False,0.19655422442994275,False,-0.48081070772457,False
metformin,Musculoskeletal disorder,2,46202,0,6488,0.702196731955416,False,0.7021806179319301,False,0.1496078316296215,False
metformin,Musculoskeletal pain,27,46177,7,6481,0.5149442701006385,False,0.5146554057712089,False,-0.14053157887355688,False
metformin,Musculoskeletal stiffness,23,46181,2,6486,1.320129856076182,False,1.3202927579225447,False,0.0677629122144821,True
metformin,Mutism,12,46192,0,6488,3.5109836597770805,True,3.5116631487795638,True,0.18148548580331975,True
metformin,Myalgia,93,46111,12,6476,1.0504863110053024,False,1.0505886817822019,False,0.014401660710236719,True
metformin,Mycobacterium tuberculosis complex test positive,4,46200,0,6488,1.2639541175197488,False,1.2639798270581488,False,0.1672306113239052,True
metformin,Mydriasis,2,46202,0,6488,0.702196731955416,False,0.7021806179319301,False,0.1496078316296215,False
metformin,Myelodysplastic syndrome,5,46199,0,6488,1.5448328103019153,False,1.5448976720527279,False,0.17126598885512306,True
metformin,Myelofibrosis,1,46203,0,6488,0.4213180391732496,False,0.42129925222115205,False,0.12357082672738463,False
metformin,Myeloma cast nephropathy,1,46203,0,6488,0.4213180391732496,False,0.42129925222115205,False,0.12357082672738463,False
metformin,Myelopathy,3,46201,0,6488,0.9830754247375825,False,0.9830741426144173,False,0.16091202120883544,True
metformin,Myiasis,4,46200,0,6488,1.2639541175197488,False,1.2639798270581488,False,0.1672306113239052,True
metformin,Myocardial fibrosis,1,46203,0,6488,0.4213180391732496,False,0.42129925222115205,False,0.12357082672738463,False
metformin,Myocardial hypoperfusion,1,46203,0,6488,0.4213180391732496,False,0.42129925222115205,False,0.12357082672738463,False
metformin,Myocardial infarction,126,46078,12,6476,1.4212461854777623,False,1.422402638974793,False,0.05808642806131925,True
metformin,Myocardial injury,1,46203,0,6488,0.4213180391732496,False,0.42129925222115205,False,0.12357082672738463,False
metformin,Myocardial ischaemia,12,46192,2,6486,0.7021967319554162,False,0.7021161443957352,False,-0.03152742755740847,False
metformin,Myocarditis,7,46197,1,6487,0.7021967319554161,False,0.7021483846528492,False,-0.002873837334523044,False
metformin,Myoclonus,3,46201,1,6487,0.32769180824586086,False,0.3276408774606885,False,-0.19533946806080307,False
metformin,Myoglobin blood increased,1,46203,1,6487,0.14043934639108324,False,0.14041144069172248,False,-0.5873577625365847,False
metformin,Myopathy,18,46186,1,6487,1.732085272156693,False,1.73237850887164,False,0.10843219174084699,True
metformin,Myopia,1,46203,0,6488,0.4213180391732496,False,0.42129925222115205,False,0.12357082672738463,False
metformin,Myositis,6,46198,0,6488,1.8257115030840816,False,1.8258276783878264,False,0.17406633864098864,True
metformin,Myxoedema coma,4,46200,0,6488,1.2639541175197488,False,1.2639798270581488,False,0.1672306113239052,True
metformin,N-terminal prohormone brain natriuretic peptide increased,7,46197,2,6486,0.42131803917324967,False,0.42122409221278206,False,-0.16209385722545852,False
metformin,Nail discolouration,2,46202,0,6488,0.702196731955416,False,0.7021806179319301,False,0.1496078316296215,False
metformin,Nail disorder,1,46203,0,6488,0.4213180391732496,False,0.42129925222115205,False,0.12357082672738463,False
metformin,Narcolepsy,4,46200,0,6488,1.2639541175197488,False,1.2639798270581488,False,0.1672306113239052,True
metformin,Nasal congestion,17,46187,0,6488,4.915377123687913,True,4.916860622462788,True,0.18378964235422843,True
metformin,Nasal discomfort,1,46203,0,6488,0.4213180391732496,False,0.42129925222115205,False,0.12357082672738463,False
metformin,Nasopharyngitis,80,46124,4,6484,2.5123038632182664,True,2.5149432514173595,True,0.1184054012405967,True
metformin,Nausea,578,45626,81,6407,0.9968608820520446,False,0.9968210810650548,False,0.0003569041161727646,True
metformin,Near death experience,6,46198,0,6488,1.8257115030840816,False,1.8258276783878264,False,0.17406633864098864,True
metformin,Neck mass,1,46203,0,6488,0.4213180391732496,False,0.42129925222115205,False,0.12357082672738463,False
metformin,Neck pain,23,46181,0,6488,6.60064928038091,True,6.603499236707339,True,0.18526230704893226,True
metformin,Necrosis,5,46199,5,6483,0.14043934639108321,False,0.14033701663437917,False,-0.7529343807897001,False
metformin,Necrosis ischaemic,2,46202,0,6488,0.702196731955416,False,0.7021806179319301,False,0.1496078316296215,False
metformin,Necrotising fasciitis,2,46202,11,6477,0.030530292693713743,False,0.030477835050333715,False,-2.2508769008236693,False
metformin,Necrotising oesophagitis,5,46199,0,6488,1.5448328103019153,False,1.5448976720527279,False,0.17126598885512306,True
metformin,Needle issue,28,46176,0,6488,8.005042744291742,True,8.009366236072461,True,0.18601644535144385,True
metformin,Neonatal respiratory distress syndrome,3,46201,0,6488,0.9830754247375825,False,0.9830741426144173,False,0.16091202120883544,True
metformin,Neonatal seizure,1,46203,0,6488,0.4213180391732496,False,0.42129925222115205,False,0.12357082672738463,False
metformin,Neoplasm,9,46195,0,6488,2.6683475814305813,True,2.6686906733339826,True,0.17894306060960852,True
metformin,Neoplasm malignant,35,46169,3,6485,1.4244562276809871,False,1.4247825945700083,False,0.06989819521860471,True
metformin,Neoplasm progression,8,46196,0,6488,2.3874688886484146,True,2.387724178238611,True,0.1776984083072978,True
metformin,Nephritis allergic,1,46203,0,6488,0.4213180391732496,False,0.42129925222115205,False,0.12357082672738463,False
metformin,Nephroangiosclerosis,1,46203,2,6486,0.08426360783464994,False,0.08423387838583657,False,-1.0614804001276124,False
metformin,Nephrogenic anaemia,4,46200,2,6486,0.25279082350394977,False,0.25271804417701105,False,-0.3564483780577912,False
metformin,Nephrolithiasis,29,46175,4,6484,0.9206579374526567,False,0.9206072484326103,False,0.003099562006716037,True
metformin,Nephropathy,10,46194,2,6486,0.5898452548425495,False,0.589752026756432,False,-0.0700532811926447,False
metformin,Nephropathy toxic,27,46177,2,6486,1.5448328103019153,False,1.5451572735639652,False,0.08485329677719716,True
metformin,Nephrotic syndrome,2,46202,3,6485,0.10031381885077373,False,0.10026513716790217,False,-0.9662375348948117,False
metformin,Nerve block,1,46203,0,6488,0.4213180391732496,False,0.42129925222115205,False,0.12357082672738463,False
metformin,Nerve compression,4,46200,0,6488,1.2639541175197488,False,1.2639798270581488,False,0.1672306113239052,True
metformin,Nerve injury,8,46196,0,6488,2.3874688886484146,True,2.387724178238611,True,0.1776984083072978,True
metformin,Nervous system disorder,18,46186,1,6487,1.732085272156693,False,1.73237850887164,False,0.10843219174084699,True
metformin,Nervousness,39,46165,5,6483,1.0086098513541433,False,1.0086172180918258,False,0.015339068204753795,True
metformin,Neural tube defect,2,46202,0,6488,0.702196731955416,False,0.7021806179319301,False,0.1496078316296215,False
metformin,Neuralgia,6,46198,4,6484,0.20285683367600907,False,0.2027446778575062,False,-0.5119262812859051,False
metformin,Neuritis,2,46202,0,6488,0.702196731955416,False,0.7021806179319301,False,0.1496078316296215,False
metformin,Neurodermatitis,2,46202,1,6487,0.23406557731847205,False,0.2340241328932417,False,-0.3245148059614062,False
metformin,Neuroendocrine carcinoma metastatic,3,46201,0,6488,0.9830754247375825,False,0.9830741426144173,False,0.16091202120883544,True
metformin,Neuroendocrine tumour of the lung metastatic,1,46203,0,6488,0.4213180391732496,False,0.42129925222115205,False,0.12357082672738463,False
metformin,Neuroleptic malignant syndrome,3,46201,0,6488,0.9830754247375825,False,0.9830741426144173,False,0.16091202120883544,True
metformin,Neurologic neglect syndrome,10,46194,0,6488,2.949226274212747,True,2.9496693329292447,True,0.1799514233517631,True
metformin,Neurological decompensation,2,46202,0,6488,0.702196731955416,False,0.7021806179319301,False,0.1496078316296215,False
metformin,Neurological examination abnormal,1,46203,0,6488,0.4213180391732496,False,0.42129925222115205,False,0.12357082672738463,False
metformin,Neurological symptom,7,46197,2,6486,0.42131803917324967,False,0.42122409221278206,False,-0.16209385722545852,False
metformin,Neuropathic arthropathy,2,46202,0,6488,0.702196731955416,False,0.7021806179319301,False,0.1496078316296215,False
metformin,Neuropathic ulcer,2,46202,0,6488,0.702196731955416,False,0.7021806179319301,False,0.1496078316296215,False
metformin,Neuropathy peripheral,40,46164,5,6483,1.0341442779707037,False,1.0341742326600822,False,0.01939706273160137,True
metformin,Neuropathy vitamin B12 deficiency,7,46197,0,6488,2.1065901958662483,True,2.106769846853185,True,0.1761233886528062,True
metformin,Neuropsychiatric symptoms,1,46203,2,6486,0.08426360783464994,False,0.08423387838583657,False,-1.0614804001276124,False
metformin,Neurotoxicity,1,46203,0,6488,0.4213180391732496,False,0.42129925222115205,False,0.12357082672738463,False
metformin,Neutropenia,36,46168,1,6487,3.417357428849692,True,3.41926854890239,True,0.1478734551368961,True
metformin,Neutropenia neonatal,3,46201,0,6488,0.9830754247375825,False,0.9830741426144173,False,0.16091202120883544,True
metformin,Neutrophil count abnormal,2,46202,0,6488,0.702196731955416,False,0.7021806179319301,False,0.1496078316296215,False
metformin,Neutrophil count decreased,4,46200,0,6488,1.2639541175197488,False,1.2639798270581488,False,0.1672306113239052,True
metformin,Neutrophil count increased,9,46195,0,6488,2.6683475814305813,True,2.6686906733339826,True,0.17894306060960852,True
metformin,Neutrophilia,6,46198,0,6488,1.8257115030840816,False,1.8258276783878264,False,0.17406633864098864,True
metformin,Night blindness,1,46203,0,6488,0.4213180391732496,False,0.42129925222115205,False,0.12357082672738463,False
metformin,Night sweats,10,46194,1,6487,0.9830754247375825,False,0.9830715777852341,False,0.049540417300280325,True
metformin,Nightmare,11,46193,1,6487,1.0767016556649713,False,1.0767207507549763,False,0.06119125208560783,True
metformin,Nitrite urine present,1,46203,0,6488,0.4213180391732496,False,0.42129925222115205,False,0.12357082672738463,False
metformin,No adverse event,25,46179,2,6486,1.432481333189049,False,1.4327201463853008,False,0.07695315677377035,True
metformin,Nocturia,13,46191,3,6485,0.5416946217941782,False,0.5415606767478865,False,-0.1060663261056314,False
metformin,Nodal osteoarthritis,1,46203,0,6488,0.4213180391732496,False,0.42129925222115205,False,0.12357082672738463,False
metformin,Nodular rash,2,46202,1,6487,0.23406557731847205,False,0.2340241328932417,False,-0.3245148059614062,False
metformin,Nodule,9,46195,1,6487,0.8894491938101938,False,0.88942645928716,False,0.03556151401658826,True
metformin,Non-Hodgkin's lymphoma,1,46203,0,6488,0.4213180391732496,False,0.42129925222115205,False,0.12357082672738463,False
metformin,Non-alcoholic steatohepatitis,12,46192,1,6487,1.1703278865923603,False,1.1703739784597067,False,0.07105119406369291,True
metformin,Non-small cell lung cancer,4,46200,0,6488,1.2639541175197488,False,1.2639798270581488,False,0.1672306113239052,True
metformin,Nonalcoholic fatty liver disease,8,46196,1,6487,0.795822962882805,False,0.7957853949974565,False,0.01847838841636248,True
metformin,Nonspecific reaction,2,46202,0,6488,0.702196731955416,False,0.7021806179319301,False,0.1496078316296215,False
metformin,Normal newborn,6,46198,0,6488,1.8257115030840816,False,1.8258276783878264,False,0.17406633864098864,True
metformin,Normochromic normocytic anaemia,6,46198,0,6488,1.8257115030840816,False,1.8258276783878264,False,0.17406633864098864,True
metformin,Normocytic anaemia,2,46202,0,6488,0.702196731955416,False,0.7021806179319301,False,0.1496078316296215,False
metformin,Nystagmus,3,46201,0,6488,0.9830754247375825,False,0.9830741426144173,False,0.16091202120883544,True
metformin,Obesity,39,46165,1,6487,3.6982361216318584,True,3.7005447791099413,True,0.15099805522645476,True
metformin,Obstruction,3,46201,0,6488,0.9830754247375825,False,0.9830741426144173,False,0.16091202120883544,True
metformin,Obstruction gastric,3,46201,0,6488,0.9830754247375825,False,0.9830741426144173,False,0.16091202120883544,True
metformin,Obstructive airways disorder,14,46190,1,6487,1.3575803484471378,False,1.3576925991275262,False,0.08683064862959668,True
metformin,Obstructive pancreatitis,9,46195,1,6487,0.8894491938101938,False,0.88942645928716,False,0.03556151401658826,True
metformin,Occult blood,4,46200,0,6488,1.2639541175197488,False,1.2639798270581488,False,0.1672306113239052,True
metformin,Occult blood positive,3,46201,0,6488,0.9830754247375825,False,0.9830741426144173,False,0.16091202120883544,True
metformin,Ocular discomfort,6,46198,1,6487,0.6085705010280272,False,0.6085154279900863,False,-0.03032748881462012,False
metformin,Ocular hyperaemia,12,46192,1,6487,1.1703278865923603,False,1.1703739784597067,False,0.07105119406369291,True
metformin,Ocular hypertension,1,46203,0,6488,0.4213180391732496,False,0.42129925222115205,False,0.12357082672738463,False
metformin,Ocular icterus,1,46203,1,6487,0.14043934639108324,False,0.14041144069172248,False,-0.5873577625365847,False
metformin,Odynophagia,1,46203,1,6487,0.14043934639108324,False,0.14041144069172248,False,-0.5873577625365847,False
metformin,Oedema,26,46178,19,6469,0.19085347073660028,False,0.1903891338043595,False,-0.5925324855898242,False
metformin,Oedema peripheral,69,46135,20,6468,0.47612363776489186,False,0.4753344535753775,False,-0.1764398313718797,False
metformin,Oedematous kidney,1,46203,0,6488,0.4213180391732496,False,0.42129925222115205,False,0.12357082672738463,False
metformin,Oedematous pancreatitis,5,46199,1,6487,0.5149442701006385,False,0.5148865247459388,False,-0.06694176086280622,False
metformin,Oesophageal atresia,2,46202,0,6488,0.702196731955416,False,0.7021806179319301,False,0.1496078316296215,False
metformin,Oesophageal candidiasis,8,46196,0,6488,2.3874688886484146,True,2.387724178238611,True,0.1776984083072978,True
metformin,Oesophageal carcinoma,1,46203,0,6488,0.4213180391732496,False,0.42129925222115205,False,0.12357082672738463,False
metformin,Oesophageal perforation,1,46203,0,6488,0.4213180391732496,False,0.42129925222115205,False,0.12357082672738463,False
metformin,Oesophageal squamous cell carcinoma stage IV,1,46203,0,6488,0.4213180391732496,False,0.42129925222115205,False,0.12357082672738463,False
metformin,Oesophageal varices haemorrhage,1,46203,0,6488,0.4213180391732496,False,0.42129925222115205,False,0.12357082672738463,False
metformin,Oesophagitis,1,46203,0,6488,0.4213180391732496,False,0.42129925222115205,False,0.12357082672738463,False
metformin,Off label use,213,45991,54,6434,0.5501614762292892,False,0.5480732528657319,False,-0.13611524884117399,False
metformin,Oligohydramnios,10,46194,0,6488,2.949226274212747,True,2.9496693329292447,True,0.1799514233517631,True
metformin,Oliguria,16,46188,1,6487,1.5448328103019153,False,1.54502744189571,False,0.09890074476771525,True
metformin,Oncocytoma,1,46203,0,6488,0.4213180391732496,False,0.42129925222115205,False,0.12357082672738463,False
metformin,Oncologic complication,1,46203,0,6488,0.4213180391732496,False,0.42129925222115205,False,0.12357082672738463,False
metformin,Onychalgia,1,46203,0,6488,0.4213180391732496,False,0.42129925222115205,False,0.12357082672738463,False
metformin,Onychoclasis,3,46201,0,6488,0.9830754247375825,False,0.9830741426144173,False,0.16091202120883544,True
metformin,Onycholysis,2,46202,0,6488,0.702196731955416,False,0.7021806179319301,False,0.1496078316296215,False
metformin,Onychomadesis,1,46203,0,6488,0.4213180391732496,False,0.42129925222115205,False,0.12357082672738463,False
metformin,Ophthalmoplegia,2,46202,0,6488,0.702196731955416,False,0.7021806179319301,False,0.1496078316296215,False
metformin,Oral candidiasis,6,46198,0,6488,1.8257115030840816,False,1.8258276783878264,False,0.17406633864098864,True
metformin,Oral discomfort,4,46200,0,6488,1.2639541175197488,False,1.2639798270581488,False,0.1672306113239052,True
metformin,Oral herpes,3,46201,0,6488,0.9830754247375825,False,0.9830741426144173,False,0.16091202120883544,True
metformin,Oral mucosal eruption,3,46201,0,6488,0.9830754247375825,False,0.9830741426144173,False,0.16091202120883544,True
metformin,Oral mucosal exfoliation,4,46200,0,6488,1.2639541175197488,False,1.2639798270581488,False,0.1672306113239052,True
metformin,Oral pain,9,46195,1,6487,0.8894491938101938,False,0.88942645928716,False,0.03556151401658826,True
metformin,Oral papilloma,1,46203,0,6488,0.4213180391732496,False,0.42129925222115205,False,0.12357082672738463,False
metformin,Organ failure,4,46200,0,6488,1.2639541175197488,False,1.2639798270581488,False,0.1672306113239052,True
metformin,Oropharyngeal discomfort,7,46197,0,6488,2.1065901958662483,True,2.106769846853185,True,0.1761233886528062,True
metformin,Oropharyngeal pain,42,46162,5,6483,1.085213131203825,False,1.0852915835856534,False,0.026970621257745842,True
metformin,Orthopnoea,4,46200,1,6487,0.42131803917324967,False,0.42126167465720066,False,-0.11824062833986163,False
metformin,Orthostatic hypotension,11,46193,5,6483,0.2936459060904467,False,0.29347005727881825,False,-0.33739187221208716,False
metformin,Osmolar gap,17,46187,0,6488,4.915377123687913,True,4.916860622462788,True,0.18378964235422843,True
metformin,Osmolar gap increased,26,46178,0,6488,7.443285358727411,True,7.446982903299155,True,0.18574889457123128,True
metformin,Ossiculoplasty,1,46203,0,6488,0.4213180391732496,False,0.42129925222115205,False,0.12357082672738463,False
metformin,Osteitis,1,46203,0,6488,0.4213180391732496,False,0.42129925222115205,False,0.12357082672738463,False
metformin,Osteoarthritis,18,46186,0,6488,5.196255816470079,True,5.197936626503416,True,0.18410129730296027,True
metformin,Osteochondritis,1,46203,0,6488,0.4213180391732496,False,0.42129925222115205,False,0.12357082672738463,False
metformin,Osteoma,1,46203,0,6488,0.4213180391732496,False,0.42129925222115205,False,0.12357082672738463,False
metformin,Osteomyelitis,3,46201,8,6480,0.05782796616103427,False,0.05775659180915313,False,-1.535422083420876,False
metformin,Osteonecrosis,4,46200,1,6487,0.42131803917324967,False,0.42126167465720066,False,-0.11824062833986163,False
metformin,Osteopenia,1,46203,1,6487,0.14043934639108324,False,0.14041144069172248,False,-0.5873577625365847,False
metformin,Osteoporosis,9,46195,3,6485,0.3811925116329402,False,0.3810652552737821,False,-0.21444319052781943,False
metformin,Otitis media,1,46203,0,6488,0.4213180391732496,False,0.42129925222115205,False,0.12357082672738463,False
metformin,Otorrhoea,5,46199,0,6488,1.5448328103019153,False,1.5448976720527279,False,0.17126598885512306,True
metformin,Ovarian cyst,7,46197,0,6488,2.1065901958662483,True,2.106769846853185,True,0.1761233886528062,True
metformin,Ovarian cyst ruptured,1,46203,0,6488,0.4213180391732496,False,0.42129925222115205,False,0.12357082672738463,False
metformin,Ovarian granulosa cell tumour,1,46203,0,6488,0.4213180391732496,False,0.42129925222115205,False,0.12357082672738463,False
metformin,Ovarian hyperstimulation syndrome,1,46203,0,6488,0.4213180391732496,False,0.42129925222115205,False,0.12357082672738463,False
metformin,Overdose,413,45791,8,6480,6.831961145025049,True,6.8846241050387595,True,0.1616805901100344,True
metformin,Overweight,11,46193,0,6488,3.230104966994914,True,3.230660157814411,True,0.18078495057853297,True
metformin,Oxygen saturation decreased,40,46164,2,6486,2.275117411535548,True,2.276236068840776,True,0.1176438738221533,True
metformin,Oxygen saturation immeasurable,2,46202,0,6488,0.702196731955416,False,0.7021806179319301,False,0.1496078316296215,False
metformin,PCO2 decreased,17,46187,0,6488,4.915377123687913,True,4.916860622462788,True,0.18378964235422843,True
metformin,PO2 decreased,3,46201,0,6488,0.9830754247375825,False,0.9830741426144173,False,0.16091202120883544,True
metformin,PO2 increased,7,46197,0,6488,2.1065901958662483,True,2.106769846853185,True,0.1761233886528062,True
metformin,Pain,188,46016,21,6467,1.2312938044055437,False,1.2322412663405113,False,0.03669705119959185,True
metformin,Pain in extremity,133,46071,18,6470,1.013440688822141,False,1.0134796355019269,False,0.00641969341413914,True
metformin,Pain in jaw,2,46202,0,6488,0.702196731955416,False,0.7021806179319301,False,0.1496078316296215,False
metformin,Pain of skin,8,46196,1,6487,0.795822962882805,False,0.7957853949974565,False,0.01847838841636248,True
metformin,Pallor,12,46192,1,6487,1.1703278865923603,False,1.1703739784597067,False,0.07105119406369291,True
metformin,Palmar-plantar erythrodysaesthesia syndrome,4,46200,3,6485,0.18056487393139273,False,0.18048505968550124,False,-0.5608422055134,False
metformin,Palpitations,55,46149,12,6476,0.6235506979764094,False,0.6230979750593181,False,-0.09433338991217495,False
metformin,Pancreatectomy,1,46203,1,6487,0.14043934639108324,False,0.14041144069172248,False,-0.5873577625365847,False
metformin,Pancreatic carcinoma,21,46183,4,6484,0.6709879883129531,False,0.6708348219602239,False,-0.060561184761057256,False
metformin,Pancreatic carcinoma metastatic,2,46202,0,6488,0.702196731955416,False,0.7021806179319301,False,0.1496078316296215,False
metformin,Pancreatic cyst,5,46199,0,6488,1.5448328103019153,False,1.5448976720527279,False,0.17126598885512306,True
metformin,Pancreatic disorder,8,46196,5,6483,0.21704262624076498,False,0.21689856472794575,False,-0.48534215446069234,False
metformin,Pancreatic enzymes increased,1,46203,0,6488,0.4213180391732496,False,0.42129925222115205,False,0.12357082672738463,False
metformin,Pancreatic injury,4,46200,0,6488,1.2639541175197488,False,1.2639798270581488,False,0.1672306113239052,True
metformin,Pancreatic neoplasm,12,46192,0,6488,3.5109836597770805,True,3.5116631487795638,True,0.18148548580331975,True
metformin,Pancreatic neuroendocrine tumour,4,46200,1,6487,0.42131803917324967,False,0.42126167465720066,False,-0.11824062833986163,False
metformin,Pancreatic pseudocyst,1,46203,1,6487,0.14043934639108324,False,0.14041144069172248,False,-0.5873577625365847,False
metformin,Pancreatitis,85,46119,14,6474,0.8281078700991458,False,0.827789202786913,False,-0.030223572857897247,False
metformin,Pancreatitis acute,82,46122,13,6475,0.8582404501677308,False,0.857986882757873,False,-0.022600689523990827,False
metformin,Pancreatitis chronic,7,46197,4,6484,0.23406557731847202,False,0.23394123058607066,False,-0.4358864098699615,False
metformin,Pancreatitis haemorrhagic,4,46200,1,6487,0.42131803917324967,False,0.42126167465720066,False,-0.11824062833986163,False
metformin,Pancytopenia,52,46152,2,6486,2.9492262742127475,True,2.9514435837711934,True,0.13377000278492118,True
metformin,Panic attack,8,46196,1,6487,0.795822962882805,False,0.7957853949974565,False,0.01847838841636248,True
metformin,Panic disorder,1,46203,0,6488,0.4213180391732496,False,0.42129925222115205,False,0.12357082672738463,False
metformin,Papilloedema,1,46203,0,6488,0.4213180391732496,False,0.42129925222115205,False,0.12357082672738463,False
metformin,Papule,4,46200,1,6487,0.42131803917324967,False,0.42126167465720066,False,-0.11824062833986163,False
metformin,Paradoxical drug reaction,3,46201,0,6488,0.9830754247375825,False,0.9830741426144173,False,0.16091202120883544,True
metformin,Paraesthesia,73,46131,11,6477,0.8975906051951841,False,0.897427439234438,False,-0.012839132037656013,False
metformin,Paraesthesia oral,6,46198,1,6487,0.6085705010280272,False,0.6085154279900863,False,-0.03032748881462012,False
metformin,Paralysis,6,46198,1,6487,0.6085705010280272,False,0.6085154279900863,False,-0.03032748881462012,False
metformin,Paranoia,4,46200,0,6488,1.2639541175197488,False,1.2639798270581488,False,0.1672306113239052,True
metformin,Paraplegia,1,46203,0,6488,0.4213180391732496,False,0.42129925222115205,False,0.12357082672738463,False
metformin,Paraproteinaemia,1,46203,0,6488,0.4213180391732496,False,0.42129925222115205,False,0.12357082672738463,False
metformin,Parkinson's disease,6,46198,1,6487,0.6085705010280272,False,0.6085154279900863,False,-0.03032748881462012,False
metformin,Parkinsonism,26,46178,0,6488,7.443285358727411,True,7.446982903299155,True,0.18574889457123128,True
metformin,Parosmia,9,46195,0,6488,2.6683475814305813,True,2.6686906733339826,True,0.17894306060960852,True
metformin,Partial seizures,2,46202,0,6488,0.702196731955416,False,0.7021806179319301,False,0.1496078316296215,False
metformin,Patent ductus arteriosus,3,46201,0,6488,0.9830754247375825,False,0.9830741426144173,False,0.16091202120883544,True
metformin,Pelvic cyst,1,46203,0,6488,0.4213180391732496,False,0.42129925222115205,False,0.12357082672738463,False
metformin,Pelvic deformity,1,46203,0,6488,0.4213180391732496,False,0.42129925222115205,False,0.12357082672738463,False
metformin,Pelvic pain,3,46201,0,6488,0.9830754247375825,False,0.9830741426144173,False,0.16091202120883544,True
metformin,Pemphigoid,57,46147,22,6466,0.35890055188832376,False,0.358101738989111,False,-0.27910027180429714,False
metformin,Pemphigus,4,46200,1,6487,0.42131803917324967,False,0.42126167465720066,False,-0.11824062833986163,False
metformin,Penile discomfort,1,46203,7,6481,0.028087869278216646,False,0.02805631607995065,False,-2.3248019322218854,False
metformin,Penile infection,1,46203,0,6488,0.4213180391732496,False,0.42129925222115205,False,0.12357082672738463,False
metformin,Penile pain,4,46200,5,6483,0.11490491977452263,False,0.11481871014776503,False,-0.8990594513916648,False
metformin,Pericardial disease,2,46202,0,6488,0.702196731955416,False,0.7021806179319301,False,0.1496078316296215,False
metformin,Pericardial effusion,6,46198,12,6476,0.07302846012336327,False,0.07289803781508057,False,-1.3249123501848974,False
metformin,Periodontitis,2,46202,0,6488,0.702196731955416,False,0.7021806179319301,False,0.1496078316296215,False
metformin,Periorbital cellulitis,1,46203,0,6488,0.4213180391732496,False,0.42129925222115205,False,0.12357082672738463,False
metformin,Periostitis,1,46203,0,6488,0.4213180391732496,False,0.42129925222115205,False,0.12357082672738463,False
metformin,Peripheral arterial occlusive disease,23,46181,10,6478,0.31431663239909097,False,0.3139677143444886,False,-0.3249546356774879,False
metformin,Peripheral artery haematoma,2,46202,0,6488,0.702196731955416,False,0.7021806179319301,False,0.1496078316296215,False
metformin,Peripheral artery stenosis,2,46202,0,6488,0.702196731955416,False,0.7021806179319301,False,0.1496078316296215,False
metformin,Peripheral coldness,9,46195,0,6488,2.6683475814305813,True,2.6686906733339826,True,0.17894306060960852,True
metformin,Peripheral ischaemia,5,46199,7,6481,0.1029888540201277,False,0.10288206582322319,False,-1.0029390853341076,False
metformin,Peripheral motor neuropathy,4,46200,0,6488,1.2639541175197488,False,1.2639798270581488,False,0.1672306113239052,True
metformin,Peripheral nerve injury,1,46203,0,6488,0.4213180391732496,False,0.42129925222115205,False,0.12357082672738463,False
metformin,Peripheral sensorimotor neuropathy,4,46200,0,6488,1.2639541175197488,False,1.2639798270581488,False,0.1672306113239052,True
metformin,Peripheral sensory neuropathy,1,46203,0,6488,0.4213180391732496,False,0.42129925222115205,False,0.12357082672738463,False
metformin,Peripheral swelling,89,46115,13,6475,0.9310608520001443,False,0.9309270563404206,False,-0.007086014682299387,False
metformin,Peripheral vascular disorder,5,46199,3,6485,0.2206904014717022,False,0.22059762551542766,False,-0.45033281430574423,False
metformin,Peripheral venous disease,3,46201,1,6487,0.32769180824586086,False,0.3276408774606885,False,-0.19533946806080307,False
metformin,Peritonitis,2,46202,0,6488,0.702196731955416,False,0.7021806179319301,False,0.1496078316296215,False
metformin,Pernicious anaemia,16,46188,0,6488,4.6344984309057455,True,4.635796789244076,True,0.18344029108935347,True
metformin,Peroneal nerve palsy,2,46202,0,6488,0.702196731955416,False,0.7021806179319301,False,0.1496078316296215,False
metformin,Persistent cloaca,1,46203,0,6488,0.4213180391732496,False,0.42129925222115205,False,0.12357082672738463,False
metformin,Persistent left superior vena cava,1,46203,0,6488,0.4213180391732496,False,0.42129925222115205,False,0.12357082672738463,False
metformin,Personality change,10,46194,0,6488,2.949226274212747,True,2.9496693329292447,True,0.1799514233517631,True
metformin,Personality disorder,10,46194,0,6488,2.949226274212747,True,2.9496693329292447,True,0.1799514233517631,True
metformin,Petechiae,1,46203,1,6487,0.14043934639108324,False,0.14041144069172248,False,-0.5873577625365847,False
metformin,Pharyngeal mass,5,46199,0,6488,1.5448328103019153,False,1.5448976720527279,False,0.17126598885512306,True
metformin,Pharyngeal oedema,1,46203,2,6486,0.08426360783464994,False,0.08423387838583657,False,-1.0614804001276124,False
metformin,Pharyngeal swelling,6,46198,2,6486,0.36514230061681635,False,0.3650529779105382,False,-0.20932471480194936,False
metformin,Pharyngitis,23,46181,0,6488,6.60064928038091,True,6.603499236707339,True,0.18526230704893226,True
metformin,Pharyngotonsillitis,1,46203,0,6488,0.4213180391732496,False,0.42129925222115205,False,0.12357082672738463,False
metformin,Philadelphia positive chronic myeloid leukaemia,1,46203,0,6488,0.4213180391732496,False,0.42129925222115205,False,0.12357082672738463,False
metformin,Phlebitis,3,46201,0,6488,0.9830754247375825,False,0.9830741426144173,False,0.16091202120883544,True
metformin,Phobia,1,46203,0,6488,0.4213180391732496,False,0.42129925222115205,False,0.12357082672738463,False
metformin,Phobia of driving,1,46203,0,6488,0.4213180391732496,False,0.42129925222115205,False,0.12357082672738463,False
metformin,Photophobia,4,46200,1,6487,0.42131803917324967,False,0.42126167465720066,False,-0.11824062833986163,False
metformin,Photopsia,1,46203,1,6487,0.14043934639108324,False,0.14041144069172248,False,-0.5873577625365847,False
metformin,Photosensitivity reaction,12,46192,2,6486,0.7021967319554162,False,0.7021161443957352,False,-0.03152742755740847,False
metformin,Phrenic nerve paralysis,2,46202,0,6488,0.702196731955416,False,0.7021806179319301,False,0.1496078316296215,False
metformin,Physical deconditioning,1,46203,2,6486,0.08426360783464994,False,0.08423387838583657,False,-1.0614804001276124,False
metformin,Physical examination abnormal,1,46203,0,6488,0.4213180391732496,False,0.42129925222115205,False,0.12357082672738463,False
metformin,Pigmentation disorder,4,46200,0,6488,1.2639541175197488,False,1.2639798270581488,False,0.1672306113239052,True
metformin,Pilonidal cyst,1,46203,1,6487,0.14043934639108324,False,0.14041144069172248,False,-0.5873577625365847,False
metformin,Pituitary enlargement,2,46202,0,6488,0.702196731955416,False,0.7021806179319301,False,0.1496078316296215,False
metformin,Pituitary tumour benign,3,46201,0,6488,0.9830754247375825,False,0.9830741426144173,False,0.16091202120883544,True
metformin,Placenta accreta,2,46202,0,6488,0.702196731955416,False,0.7021806179319301,False,0.1496078316296215,False
metformin,Placental insufficiency,1,46203,0,6488,0.4213180391732496,False,0.42129925222115205,False,0.12357082672738463,False
metformin,Plasma cell myeloma,7,46197,0,6488,2.1065901958662483,True,2.106769846853185,True,0.1761233886528062,True
metformin,Platelet count decreased,38,46166,1,6487,3.6046098907044692,True,3.606781973942144,True,0.1500098959229457,True
metformin,Platelet count increased,7,46197,1,6487,0.7021967319554161,False,0.7021483846528492,False,-0.002873837334523044,False
metformin,Platelet disorder,1,46203,0,6488,0.4213180391732496,False,0.42129925222115205,False,0.12357082672738463,False
metformin,Pleocytosis,1,46203,0,6488,0.4213180391732496,False,0.42129925222115205,False,0.12357082672738463,False
metformin,Pleural effusion,44,46160,19,6469,0.32048979048221554,False,0.31983472382731487,False,-0.3249793412343869,False
metformin,Pleurisy,7,46197,0,6488,2.1065901958662483,True,2.106769846853185,True,0.1761233886528062,True
metformin,Pleuritic pain,2,46202,0,6488,0.702196731955416,False,0.7021806179319301,False,0.1496078316296215,False
metformin,Pneumococcal sepsis,1,46203,0,6488,0.4213180391732496,False,0.42129925222115205,False,0.12357082672738463,False
metformin,Pneumonia,160,46044,25,6463,0.8839417684615237,False,0.8835372175127258,False,-0.019825650135520373,False
metformin,Pneumonia aspiration,28,46176,8,6480,0.47088486731127904,False,0.4705582990074529,False,-0.17014082117639573,False
metformin,Pneumonia bacterial,2,46202,3,6485,0.10031381885077373,False,0.10026513716790217,False,-0.9662375348948117,False
metformin,Pneumonia staphylococcal,2,46202,0,6488,0.702196731955416,False,0.7021806179319301,False,0.1496078316296215,False
metformin,Pneumonia viral,1,46203,1,6487,0.14043934639108324,False,0.14041144069172248,False,-0.5873577625365847,False
metformin,Pneumonitis,5,46199,0,6488,1.5448328103019153,False,1.5448976720527279,False,0.17126598885512306,True
metformin,Pneumothorax,1,46203,0,6488,0.4213180391732496,False,0.42129925222115205,False,0.12357082672738463,False
metformin,Poisoning,6,46198,0,6488,1.8257115030840816,False,1.8258276783878264,False,0.17406633864098864,True
metformin,Poisoning deliberate,17,46187,0,6488,4.915377123687913,True,4.916860622462788,True,0.18378964235422843,True
metformin,Pollakiuria,33,46171,54,6434,0.08632510282754656,False,0.08566218069906303,False,-1.196712896403414,False
metformin,Polyarthritis,3,46201,0,6488,0.9830754247375825,False,0.9830741426144173,False,0.16091202120883544,True
metformin,Polycystic ovaries,7,46197,0,6488,2.1065901958662483,True,2.106769846853185,True,0.1761233886528062,True
metformin,Polycythaemia,1,46203,1,6487,0.14043934639108324,False,0.14041144069172248,False,-0.5873577625365847,False
metformin,Polydactyly,1,46203,0,6488,0.4213180391732496,False,0.42129925222115205,False,0.12357082672738463,False
metformin,Polydipsia,16,46188,3,6485,0.6620712044151066,False,0.6619504855104625,False,-0.05662705452964948,False
metformin,Polyhydramnios,5,46199,0,6488,1.5448328103019153,False,1.5448976720527279,False,0.17126598885512306,True
metformin,Polymenorrhoea,2,46202,0,6488,0.702196731955416,False,0.7021806179319301,False,0.1496078316296215,False
metformin,Polymyalgia rheumatica,6,46198,1,6487,0.6085705010280272,False,0.6085154279900863,False,-0.03032748881462012,False
metformin,Polyneuropathy,12,46192,1,6487,1.1703278865923603,False,1.1703739784597067,False,0.07105119406369291,True
metformin,Polyp,13,46191,0,6488,3.7918623525592468,True,3.7926783066148535,True,0.18208250645243682,True
metformin,Polyuria,35,46169,10,6478,0.47481874256032897,False,0.47441492760372106,False,-0.1707058206483414,False
metformin,Poor peripheral circulation,7,46197,0,6488,2.1065901958662483,True,2.106769846853185,True,0.1761233886528062,True
metformin,Poor personal hygiene,1,46203,0,6488,0.4213180391732496,False,0.42129925222115205,False,0.12357082672738463,False
metformin,Poor quality product administered,2,46202,1,6487,0.23406557731847205,False,0.2340241328932417,False,-0.3245148059614062,False
metformin,Poor quality sleep,11,46193,0,6488,3.230104966994914,True,3.230660157814411,True,0.18078495057853297,True
metformin,Poor venous access,1,46203,0,6488,0.4213180391732496,False,0.42129925222115205,False,0.12357082672738463,False
metformin,Portal hypertension,2,46202,0,6488,0.702196731955416,False,0.7021806179319301,False,0.1496078316296215,False
metformin,Portal hypertensive gastropathy,1,46203,0,6488,0.4213180391732496,False,0.42129925222115205,False,0.12357082672738463,False
metformin,Positron emission tomogram,1,46203,0,6488,0.4213180391732496,False,0.42129925222115205,False,0.12357082672738463,False
metformin,Post infection glomerulonephritis,1,46203,0,6488,0.4213180391732496,False,0.42129925222115205,False,0.12357082672738463,False
metformin,Post procedural bile leak,1,46203,0,6488,0.4213180391732496,False,0.42129925222115205,False,0.12357082672738463,False
metformin,Post procedural complication,4,46200,0,6488,1.2639541175197488,False,1.2639798270581488,False,0.1672306113239052,True
metformin,Post procedural infection,2,46202,0,6488,0.702196731955416,False,0.7021806179319301,False,0.1496078316296215,False
metformin,Post thrombotic syndrome,4,46200,0,6488,1.2639541175197488,False,1.2639798270581488,False,0.1672306113239052,True
metformin,Post-traumatic stress disorder,1,46203,0,6488,0.4213180391732496,False,0.42129925222115205,False,0.12357082672738463,False
metformin,Postictal paralysis,2,46202,0,6488,0.702196731955416,False,0.7021806179319301,False,0.1496078316296215,False
metformin,Postmenopausal haemorrhage,6,46198,0,6488,1.8257115030840816,False,1.8258276783878264,False,0.17406633864098864,True
metformin,Postpartum haemorrhage,4,46200,0,6488,1.2639541175197488,False,1.2639798270581488,False,0.1672306113239052,True
metformin,Postpartum sepsis,3,46201,0,6488,0.9830754247375825,False,0.9830741426144173,False,0.16091202120883544,True
metformin,Postprandial hypoglycaemia,4,46200,1,6487,0.42131803917324967,False,0.42126167465720066,False,-0.11824062833986163,False
metformin,Postrenal failure,2,46202,0,6488,0.702196731955416,False,0.7021806179319301,False,0.1496078316296215,False
metformin,Potentiating drug interaction,1,46203,0,6488,0.4213180391732496,False,0.42129925222115205,False,0.12357082672738463,False
metformin,Pre-eclampsia,5,46199,0,6488,1.5448328103019153,False,1.5448976720527279,False,0.17126598885512306,True
metformin,Precancerous condition,1,46203,0,6488,0.4213180391732496,False,0.42129925222115205,False,0.12357082672738463,False
metformin,Precancerous lesion of digestive tract,1,46203,0,6488,0.4213180391732496,False,0.42129925222115205,False,0.12357082672738463,False
metformin,Precancerous skin lesion,1,46203,0,6488,0.4213180391732496,False,0.42129925222115205,False,0.12357082672738463,False
metformin,Pregnancy,2,46202,0,6488,0.702196731955416,False,0.7021806179319301,False,0.1496078316296215,False
metformin,Premature baby,81,46123,0,6488,22.891613461746566,True,22.930295836178953,True,0.18832387191467553,True
metformin,Premature delivery,76,46128,0,6488,21.48721999783573,True,21.52119622359279,True,0.1882427121871514,True
metformin,Premature labour,3,46201,0,6488,0.9830754247375825,False,0.9830741426144173,False,0.16091202120883544,True
metformin,Premature rupture of membranes,4,46200,0,6488,1.2639541175197488,False,1.2639798270581488,False,0.1672306113239052,True
metformin,Premature separation of placenta,1,46203,0,6488,0.4213180391732496,False,0.42129925222115205,False,0.12357082672738463,False
metformin,Prerenal failure,5,46199,5,6483,0.14043934639108321,False,0.14033701663437917,False,-0.7529343807897001,False
metformin,Prescribed overdose,8,46196,0,6488,2.3874688886484146,True,2.387724178238611,True,0.1776984083072978,True
metformin,Prescribed underdose,5,46199,0,6488,1.5448328103019153,False,1.5448976720527279,False,0.17126598885512306,True
metformin,Prescription drug used without a prescription,18,46186,1,6487,1.732085272156693,False,1.73237850887164,False,0.10843219174084699,True
metformin,Presyncope,13,46191,5,6483,0.34471475932356793,False,0.344523244634737,False,-0.27046456616252096,False
metformin,Preterm premature rupture of membranes,2,46202,0,6488,0.702196731955416,False,0.7021806179319301,False,0.1496078316296215,False
metformin,Priapism,5,46199,0,6488,1.5448328103019153,False,1.5448976720527279,False,0.17126598885512306,True
metformin,Primary amyloidosis,1,46203,0,6488,0.4213180391732496,False,0.42129925222115205,False,0.12357082672738463,False
metformin,Primary myelofibrosis,1,46203,0,6488,0.4213180391732496,False,0.42129925222115205,False,0.12357082672738463,False
metformin,Procedural complication,1,46203,0,6488,0.4213180391732496,False,0.42129925222115205,False,0.12357082672738463,False
metformin,Procedural pain,3,46201,0,6488,0.9830754247375825,False,0.9830741426144173,False,0.16091202120883544,True
metformin,Proctalgia,4,46200,0,6488,1.2639541175197488,False,1.2639798270581488,False,0.1672306113239052,True
metformin,Proctitis,7,46197,0,6488,2.1065901958662483,True,2.106769846853185,True,0.1761233886528062,True
metformin,Product administration error,34,46170,6,6482,0.7454088385372878,False,0.7452186002883959,False,-0.044258236172479204,False
metformin,Product administration interrupted,3,46201,0,6488,0.9830754247375825,False,0.9830741426144173,False,0.16091202120883544,True
metformin,Product appearance confusion,3,46201,3,6485,0.14043934639108324,False,0.14037423027390886,False,-0.7190184574424995,False
metformin,Product availability issue,6,46198,1,6487,0.6085705010280272,False,0.6085154279900863,False,-0.03032748881462012,False
metformin,Product blister packaging issue,5,46199,0,6488,1.5448328103019153,False,1.5448976720527279,False,0.17126598885512306,True
metformin,Product closure removal difficult,4,46200,0,6488,1.2639541175197488,False,1.2639798270581488,False,0.1672306113239052,True
metformin,Product coating issue,2,46202,0,6488,0.702196731955416,False,0.7021806179319301,False,0.1496078316296215,False
metformin,Product colour issue,3,46201,0,6488,0.9830754247375825,False,0.9830741426144173,False,0.16091202120883544,True
metformin,Product communication issue,2,46202,0,6488,0.702196731955416,False,0.7021806179319301,False,0.1496078316296215,False
metformin,Product complaint,1,46203,0,6488,0.4213180391732496,False,0.42129925222115205,False,0.12357082672738463,False
metformin,Product container issue,1,46203,0,6488,0.4213180391732496,False,0.42129925222115205,False,0.12357082672738463,False
metformin,Product contamination,11,46193,18,6470,0.08730013424310579,False,0.08707291507901983,False,-1.1729444606904498,False
metformin,Product contamination chemical,5,46199,0,6488,1.5448328103019153,False,1.5448976720527279,False,0.17126598885512306,True
metformin,Product contamination physical,1,46203,0,6488,0.4213180391732496,False,0.42129925222115205,False,0.12357082672738463,False
metformin,Product contamination with body fluid,1,46203,0,6488,0.4213180391732496,False,0.42129925222115205,False,0.12357082672738463,False
metformin,Product design confusion,1,46203,0,6488,0.4213180391732496,False,0.42129925222115205,False,0.12357082672738463,False
metformin,Product dispensing error,24,46180,9,6479,0.36218568279805674,False,0.3618473051111229,False,-0.264833643239917,False
metformin,Product dosage form issue,6,46198,0,6488,1.8257115030840816,False,1.8258276783878264,False,0.17406633864098864,True
metformin,Product dose omission,7,46197,2,6486,0.42131803917324967,False,0.42122409221278206,False,-0.16209385722545852,False
metformin,Product dose omission in error,4,46200,0,6488,1.2639541175197488,False,1.2639798270581488,False,0.1672306113239052,True
metformin,Product dose omission issue,43,46161,3,6485,1.7454604480034628,False,1.7461629279811097,False,0.09117418711111026,True
metformin,Product formulation issue,6,46198,0,6488,1.8257115030840816,False,1.8258276783878264,False,0.17406633864098864,True
metformin,Product impurity,2,46202,0,6488,0.702196731955416,False,0.7021806179319301,False,0.1496078316296215,False
metformin,Product label confusion,2,46202,2,6486,0.14043934639108321,False,0.14039283588550402,False,-0.6807662952310448,False
metformin,Product label issue,2,46202,1,6487,0.23406557731847205,False,0.2340241328932417,False,-0.3245148059614062,False
metformin,Product measured potency issue,4,46200,1,6487,0.42131803917324967,False,0.42126167465720066,False,-0.11824062833986163,False
metformin,Product monitoring error,15,46189,8,6480,0.2560952787131518,False,0.25584564355407996,False,-0.41513023424183004,False
metformin,Product name confusion,2,46202,0,6488,0.702196731955416,False,0.7021806179319301,False,0.1496078316296215,False
metformin,Product odour abnormal,92,46112,1,6487,8.660426360783466,True,8.675792897804284,True,0.1729702540218403,True
metformin,Product packaging confusion,2,46202,3,6485,0.10031381885077373,False,0.10026513716790217,False,-0.9662375348948117,False
metformin,Product packaging issue,3,46201,0,6488,0.9830754247375825,False,0.9830741426144173,False,0.16091202120883544,True
metformin,Product physical consistency issue,1,46203,0,6488,0.4213180391732496,False,0.42129925222115205,False,0.12357082672738463,False
metformin,Product physical issue,8,46196,1,6487,0.795822962882805,False,0.7957853949974565,False,0.01847838841636248,True
metformin,Product preparation error,1,46203,4,6484,0.046813115463694405,False,0.04678217018191263,False,-1.703203129061018,False
metformin,Product prescribing error,42,46162,12,6476,0.47749377772968293,False,0.47701272678039536,False,-0.17108457874349972,False
metformin,Product prescribing issue,9,46195,0,6488,2.6683475814305813,True,2.6686906733339826,True,0.17894306060960852,True
metformin,Product quality control issue,1,46203,0,6488,0.4213180391732496,False,0.42129925222115205,False,0.12357082672738463,False
metformin,Product quality issue,32,46172,6,6482,0.7021967319554161,False,0.7019871135416103,False,-0.057481111257622924,False
metformin,Product residue present,50,46154,1,6487,4.728124661833135,True,4.732203793779588,True,0.15931164250275648,True
metformin,Product selection error,2,46202,0,6488,0.702196731955416,False,0.7021806179319301,False,0.1496078316296215,False
metformin,Product shape issue,2,46202,0,6488,0.702196731955416,False,0.7021806179319301,False,0.1496078316296215,False
metformin,Product size issue,6,46198,1,6487,0.6085705010280272,False,0.6085154279900863,False,-0.03032748881462012,False
metformin,Product solubility abnormal,18,46186,2,6486,1.0392511632940158,False,1.0392668853452849,False,0.036534907773639276,True
metformin,Product storage error,45,46159,1,6487,4.259993507196191,True,4.263206923818499,True,0.15602533146107822,True
metformin,Product substitution error,1,46203,0,6488,0.4213180391732496,False,0.42129925222115205,False,0.12357082672738463,False
metformin,Product substitution issue,126,46078,14,6474,1.2252122288601397,False,1.2258305073837639,False,0.03741267934686314,True
metformin,Product supply issue,3,46201,0,6488,0.9830754247375825,False,0.9830741426144173,False,0.16091202120883544,True
metformin,Product tampering,1,46203,0,6488,0.4213180391732496,False,0.42129925222115205,False,0.12357082672738463,False
metformin,Product taste abnormal,47,46157,1,6487,4.447245969050969,True,4.450793478849591,True,0.15742196374819215,True
metformin,Product use complaint,14,46190,0,6488,4.072741045341413,True,4.0737056321104985,True,0.18259737779543883,True
metformin,Product use in unapproved indication,105,46099,7,6481,1.975513472567904,False,1.9777459625375546,False,0.09598408902622897,True
metformin,Product use issue,22,46182,6,6482,0.4861361990460573,False,0.4858858458706886,False,-0.15502047248362305,False
metformin,Productive cough,41,46163,2,6486,2.3312931500919816,True,2.332489954184583,True,0.11933544278286436,True
metformin,Prognathism,1,46203,0,6488,0.4213180391732496,False,0.42129925222115205,False,0.12357082672738463,False
metformin,Prolonged expiration,1,46203,0,6488,0.4213180391732496,False,0.42129925222115205,False,0.12357082672738463,False
metformin,Prolonged labour,1,46203,0,6488,0.4213180391732496,False,0.42129925222115205,False,0.12357082672738463,False
metformin,Prostate cancer,7,46197,2,6486,0.42131803917324967,False,0.42122409221278206,False,-0.16209385722545852,False
metformin,Prostate examination abnormal,2,46202,0,6488,0.702196731955416,False,0.7021806179319301,False,0.1496078316296215,False
metformin,Prostatic disorder,1,46203,0,6488,0.4213180391732496,False,0.42129925222115205,False,0.12357082672738463,False
metformin,Prostatic specific antigen increased,3,46201,1,6487,0.32769180824586086,False,0.3276408774606885,False,-0.19533946806080307,False
metformin,Protein total decreased,2,46202,0,6488,0.702196731955416,False,0.7021806179319301,False,0.1496078316296215,False
metformin,Protein total increased,1,46203,0,6488,0.4213180391732496,False,0.42129925222115205,False,0.12357082672738463,False
metformin,Protein urine,1,46203,0,6488,0.4213180391732496,False,0.42129925222115205,False,0.12357082672738463,False
metformin,Protein urine present,3,46201,0,6488,0.9830754247375825,False,0.9830741426144173,False,0.16091202120883544,True
metformin,Proteinuria,20,46184,2,6486,1.1516026404068824,False,1.1516699325531292,False,0.05077022953394793,True
metformin,Pruritus,132,46072,34,6454,0.5393685042556096,False,0.5380437731646955,False,-0.1405718652753929,False
metformin,Pruritus genital,1,46203,6,6482,0.032409079936403816,False,0.03237766702655726,False,-2.145804706234556,False
metformin,Pseudohypoglycaemia,3,46201,0,6488,0.9830754247375825,False,0.9830741426144173,False,0.16091202120883544,True
metformin,Pseudomembranous colitis,7,46197,1,6487,0.7021967319554161,False,0.7021483846528492,False,-0.002873837334523044,False
metformin,Psoriasis,31,46173,5,6483,0.8043344384216584,False,0.8042009535182026,False,-0.02575091184122103,False
metformin,Psoriatic arthropathy,19,46185,0,6488,5.477134509252245,True,5.479024802156521,True,0.18438104497414554,True
metformin,Psychiatric symptom,4,46200,0,6488,1.2639541175197488,False,1.2639798270581488,False,0.1672306113239052,True
metformin,Psychological trauma,1,46203,0,6488,0.4213180391732496,False,0.42129925222115205,False,0.12357082672738463,False
metformin,Psychomotor hyperactivity,22,46182,0,6488,6.319770587598745,True,6.322362366697342,True,0.18507132124553888,True
metformin,Psychomotor retardation,6,46198,0,6488,1.8257115030840816,False,1.8258276783878264,False,0.17406633864098864,True
metformin,Psychotic disorder,1,46203,0,6488,0.4213180391732496,False,0.42129925222115205,False,0.12357082672738463,False
metformin,Pterygium,1,46203,0,6488,0.4213180391732496,False,0.42129925222115205,False,0.12357082672738463,False
metformin,Pulmonary alveolar haemorrhage,2,46202,0,6488,0.702196731955416,False,0.7021806179319301,False,0.1496078316296215,False
metformin,Pulmonary arterial pressure abnormal,5,46199,0,6488,1.5448328103019153,False,1.5448976720527279,False,0.17126598885512306,True
metformin,Pulmonary arterial pressure increased,1,46203,0,6488,0.4213180391732496,False,0.42129925222115205,False,0.12357082672738463,False
metformin,Pulmonary congestion,19,46185,3,6485,0.7824477870360351,False,0.7823559342217795,False,-0.02137955622188754,False
metformin,Pulmonary embolism,22,46182,10,6478,0.3009414565523212,False,0.30060087695555676,False,-0.344061851304567,False
metformin,Pulmonary fibrosis,13,46191,1,6487,1.263954117519749,False,1.264031261162768,False,0.07950388483133539,True
metformin,Pulmonary granuloma,3,46201,0,6488,0.9830754247375825,False,0.9830741426144173,False,0.16091202120883544,True
metformin,Pulmonary hypertension,17,46187,1,6487,1.6384590412293043,False,1.638700947225981,False,0.10393094861897702,True
metformin,Pulmonary mass,11,46193,1,6487,1.0767016556649713,False,1.0767207507549763,False,0.06119125208560783,True
metformin,Pulmonary oedema,42,46162,8,6480,0.7021967319554161,False,0.7019225561873815,False,-0.06125875341699222,False
metformin,Pulmonary pain,1,46203,0,6488,0.4213180391732496,False,0.42129925222115205,False,0.12357082672738463,False
metformin,Pulmonary tuberculosis,1,46203,0,6488,0.4213180391732496,False,0.42129925222115205,False,0.12357082672738463,False
metformin,Pulmonary valve disease,2,46202,0,6488,0.702196731955416,False,0.7021806179319301,False,0.1496078316296215,False
metformin,Pulmonary valve incompetence,1,46203,0,6488,0.4213180391732496,False,0.42129925222115205,False,0.12357082672738463,False
metformin,Pulmonary vascular disorder,1,46203,0,6488,0.4213180391732496,False,0.42129925222115205,False,0.12357082672738463,False
metformin,Pulmonary vasculitis,2,46202,0,6488,0.702196731955416,False,0.7021806179319301,False,0.1496078316296215,False
metformin,Pulse abnormal,2,46202,0,6488,0.702196731955416,False,0.7021806179319301,False,0.1496078316296215,False
metformin,Pulse absent,1,46203,0,6488,0.4213180391732496,False,0.42129925222115205,False,0.12357082672738463,False
metformin,Pulseless electrical activity,13,46191,0,6488,3.7918623525592468,True,3.7926783066148535,True,0.18208250645243682,True
metformin,Pupil fixed,4,46200,0,6488,1.2639541175197488,False,1.2639798270581488,False,0.1672306113239052,True
metformin,Purpura,1,46203,1,6487,0.14043934639108324,False,0.14041144069172248,False,-0.5873577625365847,False
metformin,Purpura fulminans,1,46203,0,6488,0.4213180391732496,False,0.42129925222115205,False,0.12357082672738463,False
metformin,Purulent discharge,1,46203,1,6487,0.14043934639108324,False,0.14041144069172248,False,-0.5873577625365847,False
metformin,Pustular psoriasis,3,46201,1,6487,0.32769180824586086,False,0.3276408774606885,False,-0.19533946806080307,False
metformin,Pustule,1,46203,1,6487,0.14043934639108324,False,0.14041144069172248,False,-0.5873577625365847,False
metformin,Pyelocaliectasis,2,46202,0,6488,0.702196731955416,False,0.7021806179319301,False,0.1496078316296215,False
metformin,Pyelonephritis,9,46195,4,6484,0.2964830646033979,False,0.2963383879382191,False,-0.3248774822674464,False
metformin,Pyelonephritis acute,6,46198,0,6488,1.8257115030840816,False,1.8258276783878264,False,0.17406633864098864,True
metformin,Pyelonephritis chronic,1,46203,0,6488,0.4213180391732496,False,0.42129925222115205,False,0.12357082672738463,False
metformin,Pylorus dilatation,2,46202,0,6488,0.702196731955416,False,0.7021806179319301,False,0.1496078316296215,False
metformin,Pyoderma,1,46203,0,6488,0.4213180391732496,False,0.42129925222115205,False,0.12357082672738463,False
metformin,Pyoderma gangrenosum,2,46202,1,6487,0.23406557731847205,False,0.2340241328932417,False,-0.3245148059614062,False
metformin,Pyonephrosis,2,46202,0,6488,0.702196731955416,False,0.7021806179319301,False,0.1496078316296215,False
metformin,Pyrexia,114,46090,21,6467,0.7479211703153037,False,0.7472949452581031,False,-0.054126417825333416,False
metformin,Pyuria,3,46201,0,6488,0.9830754247375825,False,0.9830741426144173,False,0.16091202120883544,True
metformin,Quadriparesis,1,46203,2,6486,0.08426360783464994,False,0.08423387838583657,False,-1.0614804001276124,False
metformin,Quadriplegia,1,46203,0,6488,0.4213180391732496,False,0.42129925222115205,False,0.12357082672738463,False
metformin,Quality of life decreased,4,46200,0,6488,1.2639541175197488,False,1.2639798270581488,False,0.1672306113239052,True
metformin,Radiculopathy,3,46201,0,6488,0.9830754247375825,False,0.9830741426144173,False,0.16091202120883544,True
metformin,Radius fracture,1,46203,6,6482,0.032409079936403816,False,0.03237766702655726,False,-2.145804706234556,False
metformin,Rales,14,46190,1,6487,1.3575803484471378,False,1.3576925991275262,False,0.08683064862959668,True
metformin,Rash,100,46104,45,6443,0.310201193677008,False,0.30869754912961106,False,-0.34495346442634367,False
metformin,Rash erythematous,17,46187,2,6486,0.9830754247375826,False,0.9830690121786197,False,0.02826184305686337,True
metformin,Rash macular,5,46199,1,6487,0.5149442701006385,False,0.5148865247459388,False,-0.06694176086280622,False
metformin,Rash maculo-papular,11,46193,5,6483,0.2936459060904467,False,0.29347005727881825,False,-0.33739187221208716,False
metformin,Rash morbilliform,6,46198,0,6488,1.8257115030840816,False,1.8258276783878264,False,0.17406633864098864,True
metformin,Rash pruritic,22,46182,2,6486,1.263954117519749,False,1.2640827153142424,False,0.06258097666306625,True
metformin,Rash pustular,1,46203,0,6488,0.4213180391732496,False,0.42129925222115205,False,0.12357082672738463,False
metformin,Rash vesicular,1,46203,1,6487,0.14043934639108324,False,0.14041144069172248,False,-0.5873577625365847,False
metformin,Reaction to excipient,2,46202,0,6488,0.702196731955416,False,0.7021806179319301,False,0.1496078316296215,False
metformin,Recalled product,12,46192,0,6488,3.5109836597770805,True,3.5116631487795638,True,0.18148548580331975,True
metformin,Recalled product administered,98,46106,0,6488,27.666551239043393,True,27.72352054482557,True,0.18853820498129362,True
metformin,Rectal abscess,1,46203,0,6488,0.4213180391732496,False,0.42129925222115205,False,0.12357082672738463,False
metformin,Rectal adenocarcinoma,1,46203,0,6488,0.4213180391732496,False,0.42129925222115205,False,0.12357082672738463,False
metformin,Rectal haemorrhage,25,46179,1,6487,2.387468888648415,True,2.3882350393572906,True,0.13025378197952786,True
metformin,Rectal tenesmus,1,46203,0,6488,0.4213180391732496,False,0.42129925222115205,False,0.12357082672738463,False
metformin,Recurrent cancer,2,46202,0,6488,0.702196731955416,False,0.7021806179319301,False,0.1496078316296215,False
metformin,Red blood cell count decreased,8,46196,0,6488,2.3874688886484146,True,2.387724178238611,True,0.1776984083072978,True
metformin,Red blood cell sedimentation rate increased,2,46202,0,6488,0.702196731955416,False,0.7021806179319301,False,0.1496078316296215,False
metformin,Red cell distribution width abnormal,5,46199,0,6488,1.5448328103019153,False,1.5448976720527279,False,0.17126598885512306,True
metformin,Red cell distribution width decreased,1,46203,0,6488,0.4213180391732496,False,0.42129925222115205,False,0.12357082672738463,False
metformin,Red cell distribution width increased,2,46202,0,6488,0.702196731955416,False,0.7021806179319301,False,0.1496078316296215,False
metformin,Reflux gastritis,3,46201,0,6488,0.9830754247375825,False,0.9830741426144173,False,0.16091202120883544,True
metformin,Regurgitation,7,46197,0,6488,2.1065901958662483,True,2.106769846853185,True,0.1761233886528062,True
metformin,Renal aneurysm,1,46203,0,6488,0.4213180391732496,False,0.42129925222115205,False,0.12357082672738463,False
metformin,Renal artery stenosis,2,46202,0,6488,0.702196731955416,False,0.7021806179319301,False,0.1496078316296215,False
metformin,Renal artery thrombosis,6,46198,0,6488,1.8257115030840816,False,1.8258276783878264,False,0.17406633864098864,True
metformin,Renal cancer,9,46195,1,6487,0.8894491938101938,False,0.88942645928716,False,0.03556151401658826,True
metformin,Renal cancer metastatic,2,46202,0,6488,0.702196731955416,False,0.7021806179319301,False,0.1496078316296215,False
metformin,Renal cell carcinoma,8,46196,0,6488,2.3874688886484146,True,2.387724178238611,True,0.1776984083072978,True
metformin,Renal colic,4,46200,0,6488,1.2639541175197488,False,1.2639798270581488,False,0.1672306113239052,True
metformin,Renal cyst,3,46201,2,6486,0.1966150849475165,False,0.19655422442994275,False,-0.48081070772457,False
metformin,Renal cyst haemorrhage,1,46203,0,6488,0.4213180391732496,False,0.42129925222115205,False,0.12357082672738463,False
metformin,Renal cyst infection,4,46200,0,6488,1.2639541175197488,False,1.2639798270581488,False,0.1672306113239052,True
metformin,Renal disorder,33,46171,4,6484,1.0454929120225083,False,1.0455259196690598,False,0.02413808671465129,True
metformin,Renal failure,371,45833,32,6456,1.605329759516536,False,1.6102362145256535,False,0.07010871066053188,True
metformin,Renal function test abnormal,6,46198,0,6488,1.8257115030840816,False,1.8258276783878264,False,0.17406633864098864,True
metformin,Renal haematoma,1,46203,0,6488,0.4213180391732496,False,0.42129925222115205,False,0.12357082672738463,False
metformin,Renal impairment,182,46022,39,6449,0.6488653345917136,False,0.6474729270424276,False,-0.09030127784754174,False
metformin,Renal infarct,6,46198,0,6488,1.8257115030840816,False,1.8258276783878264,False,0.17406633864098864,True
metformin,Renal injury,15,46189,6,6482,0.3348938260095061,False,0.33467063360220894,False,-0.2872058460782016,False
metformin,Renal neoplasm,6,46198,0,6488,1.8257115030840816,False,1.8258276783878264,False,0.17406633864098864,True
metformin,Renal oncocytoma,5,46199,0,6488,1.5448328103019153,False,1.5448976720527279,False,0.17126598885512306,True
metformin,Renal pain,12,46192,0,6488,3.5109836597770805,True,3.5116631487795638,True,0.18148548580331975,True
metformin,Renal replacement therapy,1,46203,0,6488,0.4213180391732496,False,0.42129925222115205,False,0.12357082672738463,False
metformin,Renal tubular acidosis,3,46201,1,6487,0.32769180824586086,False,0.3276408774606885,False,-0.19533946806080307,False
metformin,Renal tubular disorder,5,46199,0,6488,1.5448328103019153,False,1.5448976720527279,False,0.17126598885512306,True
metformin,Renal tubular dysfunction,1,46203,0,6488,0.4213180391732496,False,0.42129925222115205,False,0.12357082672738463,False
metformin,Renal tubular necrosis,102,46102,2,6486,5.7580132020344115,True,5.768591724960685,True,0.1607181753885702,True
metformin,Renin decreased,2,46202,0,6488,0.702196731955416,False,0.7021806179319301,False,0.1496078316296215,False
metformin,Respiration abnormal,11,46193,1,6487,1.0767016556649713,False,1.0767207507549763,False,0.06119125208560783,True
metformin,Respiratory acidosis,25,46179,3,6485,1.0232009522778922,False,1.0232137636830194,False,0.025551773158197632,True
metformin,Respiratory alkalosis,10,46194,3,6485,0.42131803917324967,False,0.4211865048869454,False,-0.1804875729322715,False
metformin,Respiratory arrest,21,46183,3,6485,0.8626988421166542,False,0.8626349237281713,False,-0.003007364964510416,False
metformin,Respiratory depression,12,46192,1,6487,1.1703278865923603,False,1.1703739784597067,False,0.07105119406369291,True
metformin,Respiratory disorder,12,46192,1,6487,1.1703278865923603,False,1.1703739784597067,False,0.07105119406369291,True
metformin,Respiratory distress,49,46155,1,6487,4.634498430905746,True,4.638396290799579,True,0.15870693052491566,True
metformin,Respiratory failure,116,46088,4,6484,3.6358186343469323,True,3.642481313125834,True,0.14002263982905255,True
metformin,Respiratory gas exchange disorder,4,46200,0,6488,1.2639541175197488,False,1.2639798270581488,False,0.1672306113239052,True
metformin,Respiratory rate decreased,1,46203,0,6488,0.4213180391732496,False,0.42129925222115205,False,0.12357082672738463,False
metformin,Respiratory rate increased,13,46191,1,6487,1.263954117519749,False,1.264031261162768,False,0.07950388483133539,True
metformin,Respiratory symptom,4,46200,0,6488,1.2639541175197488,False,1.2639798270581488,False,0.1672306113239052,True
metformin,Respiratory syncytial virus infection,1,46203,1,6487,0.14043934639108324,False,0.14041144069172248,False,-0.5873577625365847,False
metformin,Respiratory tract congestion,14,46190,0,6488,4.072741045341413,True,4.0737056321104985,True,0.18259737779543883,True
metformin,Respiratory tract infection,10,46194,2,6486,0.5898452548425495,False,0.589752026756432,False,-0.0700532811926447,False
metformin,Resting tremor,2,46202,0,6488,0.702196731955416,False,0.7021806179319301,False,0.1496078316296215,False
metformin,Restless legs syndrome,15,46189,0,6488,4.353619738123579,True,4.3547451260567875,True,0.18304596388889957,True
metformin,Restlessness,19,46185,3,6485,0.7824477870360351,False,0.7823559342217795,False,-0.02137955622188754,False
metformin,Resuscitation,3,46201,0,6488,0.9830754247375825,False,0.9830741426144173,False,0.16091202120883544,True
metformin,Retching,12,46192,1,6487,1.1703278865923603,False,1.1703739784597067,False,0.07105119406369291,True
metformin,Retinal injury,4,46200,0,6488,1.2639541175197488,False,1.2639798270581488,False,0.1672306113239052,True
metformin,Retinal scar,1,46203,0,6488,0.4213180391732496,False,0.42129925222115205,False,0.12357082672738463,False
metformin,Retinitis,1,46203,0,6488,0.4213180391732496,False,0.42129925222115205,False,0.12357082672738463,False
metformin,Retinopathy,7,46197,0,6488,2.1065901958662483,True,2.106769846853185,True,0.1761233886528062,True
metformin,Retrograde ejaculation,2,46202,0,6488,0.702196731955416,False,0.7021806179319301,False,0.1496078316296215,False
metformin,Retroperitoneal fibrosis,4,46200,0,6488,1.2639541175197488,False,1.2639798270581488,False,0.1672306113239052,True
metformin,Retroperitoneal haematoma,3,46201,0,6488,0.9830754247375825,False,0.9830741426144173,False,0.16091202120883544,True
metformin,Retroperitoneal oedema,3,46201,0,6488,0.9830754247375825,False,0.9830741426144173,False,0.16091202120883544,True
metformin,Rhabdomyolysis,81,46123,12,6476,0.9156645384698626,False,0.9155155181198305,False,-0.009683052263394347,False
metformin,Rheumatic fever,1,46203,0,6488,0.4213180391732496,False,0.42129925222115205,False,0.12357082672738463,False
metformin,Rheumatoid arthritis,27,46177,1,6487,2.5747213505031925,True,2.5756591413567214,True,0.13448614471136183,True
metformin,Rheumatoid factor,1,46203,0,6488,0.4213180391732496,False,0.42129925222115205,False,0.12357082672738463,False
metformin,Rhinitis,4,46200,0,6488,1.2639541175197488,False,1.2639798270581488,False,0.1672306113239052,True
metformin,Rhinitis allergic,1,46203,1,6487,0.14043934639108324,False,0.14041144069172248,False,-0.5873577625365847,False
metformin,Rhinocerebral mucormycosis,1,46203,0,6488,0.4213180391732496,False,0.42129925222115205,False,0.12357082672738463,False
metformin,Rhinorrhoea,24,46180,1,6487,2.293842657721026,True,2.294529076125204,True,0.12788390465205304,True
metformin,Rhinovirus infection,5,46199,0,6488,1.5448328103019153,False,1.5448976720527279,False,0.17126598885512306,True
metformin,Right aortic arch,1,46203,0,6488,0.4213180391732496,False,0.42129925222115205,False,0.12357082672738463,False
metformin,Right hemisphere deficit syndrome,1,46203,0,6488,0.4213180391732496,False,0.42129925222115205,False,0.12357082672738463,False
metformin,Right ventricular dysfunction,4,46200,0,6488,1.2639541175197488,False,1.2639798270581488,False,0.1672306113239052,True
metformin,Right ventricular failure,6,46198,1,6487,0.6085705010280272,False,0.6085154279900863,False,-0.03032748881462012,False
metformin,Road traffic accident,4,46200,1,6487,0.42131803917324967,False,0.42126167465720066,False,-0.11824062833986163,False
metformin,Rotator cuff syndrome,3,46201,0,6488,0.9830754247375825,False,0.9830741426144173,False,0.16091202120883544,True
metformin,Ruptured cerebral aneurysm,1,46203,0,6488,0.4213180391732496,False,0.42129925222115205,False,0.12357082672738463,False
metformin,SARS-CoV-2 test positive,4,46200,2,6486,0.25279082350394977,False,0.25271804417701105,False,-0.3564483780577912,False
metformin,SJS-TEN overlap,6,46198,0,6488,1.8257115030840816,False,1.8258276783878264,False,0.17406633864098864,True
metformin,Saliva altered,1,46203,0,6488,0.4213180391732496,False,0.42129925222115205,False,0.12357082672738463,False
metformin,Salivary hypersecretion,3,46201,0,6488,0.9830754247375825,False,0.9830741426144173,False,0.16091202120883544,True
metformin,Salmonella bacteraemia,1,46203,0,6488,0.4213180391732496,False,0.42129925222115205,False,0.12357082672738463,False
metformin,Sarcoidosis,1,46203,0,6488,0.4213180391732496,False,0.42129925222115205,False,0.12357082672738463,False
metformin,Sarcoma metastatic,1,46203,0,6488,0.4213180391732496,False,0.42129925222115205,False,0.12357082672738463,False
metformin,Sarcopenia,5,46199,0,6488,1.5448328103019153,False,1.5448976720527279,False,0.17126598885512306,True
metformin,Scab,8,46196,2,6486,0.47749377772968293,False,0.4773976383492256,False,-0.12490315817665788,False
metformin,Scar,3,46201,0,6488,0.9830754247375825,False,0.9830741426144173,False,0.16091202120883544,True
metformin,Schizophrenia,13,46191,1,6487,1.263954117519749,False,1.264031261162768,False,0.07950388483133539,True
metformin,Sciatica,5,46199,0,6488,1.5448328103019153,False,1.5448976720527279,False,0.17126598885512306,True
metformin,Scleral discolouration,1,46203,0,6488,0.4213180391732496,False,0.42129925222115205,False,0.12357082672738463,False
metformin,Scleral pigmentation,1,46203,0,6488,0.4213180391732496,False,0.42129925222115205,False,0.12357082672738463,False
metformin,Scoliosis,3,46201,0,6488,0.9830754247375825,False,0.9830741426144173,False,0.16091202120883544,True
metformin,Scratch,6,46198,0,6488,1.8257115030840816,False,1.8258276783878264,False,0.17406633864098864,True
metformin,Scrotal pain,4,46200,1,6487,0.42131803917324967,False,0.42126167465720066,False,-0.11824062833986163,False
metformin,Seasonal allergy,1,46203,1,6487,0.14043934639108324,False,0.14041144069172248,False,-0.5873577625365847,False
metformin,Seborrhoea,6,46198,0,6488,1.8257115030840816,False,1.8258276783878264,False,0.17406633864098864,True
metformin,Seborrhoeic dermatitis,1,46203,0,6488,0.4213180391732496,False,0.42129925222115205,False,0.12357082672738463,False
metformin,Seborrhoeic keratosis,1,46203,0,6488,0.4213180391732496,False,0.42129925222115205,False,0.12357082672738463,False
metformin,Second primary malignancy,3,46201,0,6488,0.9830754247375825,False,0.9830741426144173,False,0.16091202120883544,True
metformin,Secondary adrenocortical insufficiency,2,46202,0,6488,0.702196731955416,False,0.7021806179319301,False,0.1496078316296215,False
metformin,Secretion discharge,5,46199,0,6488,1.5448328103019153,False,1.5448976720527279,False,0.17126598885512306,True
metformin,Sedation,5,46199,0,6488,1.5448328103019153,False,1.5448976720527279,False,0.17126598885512306,True
metformin,Sedation complication,1,46203,0,6488,0.4213180391732496,False,0.42129925222115205,False,0.12357082672738463,False
metformin,Seizure,60,46144,19,6469,0.4357220747005402,False,0.4349822505724076,False,-0.20572708547407786,False
metformin,Seizure like phenomena,1,46203,0,6488,0.4213180391732496,False,0.42129925222115205,False,0.12357082672738463,False
metformin,Self-consciousness,2,46202,0,6488,0.702196731955416,False,0.7021806179319301,False,0.1496078316296215,False
metformin,Self-destructive behaviour,1,46203,0,6488,0.4213180391732496,False,0.42129925222115205,False,0.12357082672738463,False
metformin,Senile dementia,1,46203,0,6488,0.4213180391732496,False,0.42129925222115205,False,0.12357082672738463,False
metformin,Sense of oppression,5,46199,0,6488,1.5448328103019153,False,1.5448976720527279,False,0.17126598885512306,True
metformin,Sensitivity to weather change,3,46201,0,6488,0.9830754247375825,False,0.9830741426144173,False,0.16091202120883544,True
metformin,Sensorimotor disorder,4,46200,0,6488,1.2639541175197488,False,1.2639798270581488,False,0.1672306113239052,True
metformin,Sensory disturbance,8,46196,0,6488,2.3874688886484146,True,2.387724178238611,True,0.1776984083072978,True
metformin,Sensory loss,24,46180,0,6488,6.8815279731630765,True,6.8846482822836474,True,0.18543772444859985,True
metformin,Sepsis,56,46148,19,6469,0.4069140036459591,False,0.40618788342983064,False,-0.23000058602493823,False
metformin,Sepsis neonatal,2,46202,0,6488,0.702196731955416,False,0.7021806179319301,False,0.1496078316296215,False
metformin,Septic shock,81,46123,14,6474,0.7893659814395367,False,0.7889937921539735,False,-0.04019474953872914,False
metformin,Serous cystadenocarcinoma ovary,2,46202,0,6488,0.702196731955416,False,0.7021806179319301,False,0.1496078316296215,False
metformin,Serratia infection,3,46201,0,6488,0.9830754247375825,False,0.9830741426144173,False,0.16091202120883544,True
metformin,Serum amyloid A protein increased,1,46203,0,6488,0.4213180391732496,False,0.42129925222115205,False,0.12357082672738463,False
metformin,Serum ferritin abnormal,5,46199,0,6488,1.5448328103019153,False,1.5448976720527279,False,0.17126598885512306,True
metformin,Serum ferritin decreased,1,46203,0,6488,0.4213180391732496,False,0.42129925222115205,False,0.12357082672738463,False
metformin,Serum ferritin increased,3,46201,0,6488,0.9830754247375825,False,0.9830741426144173,False,0.16091202120883544,True
metformin,Sexual dysfunction,4,46200,0,6488,1.2639541175197488,False,1.2639798270581488,False,0.1672306113239052,True
metformin,Shock,276,45928,10,6478,3.6982361216318576,True,3.7144801158322176,True,0.13795701991606799,True
metformin,Shock haemorrhagic,18,46186,0,6488,5.196255816470079,True,5.197936626503416,True,0.18410129730296027,True
metformin,Sinonasal obstruction,2,46202,0,6488,0.702196731955416,False,0.7021806179319301,False,0.1496078316296215,False
metformin,Sinus bradycardia,21,46183,0,6488,6.038891894816578,True,6.041237671462752,True,0.18486259823702114,True
metformin,Sinus congestion,5,46199,0,6488,1.5448328103019153,False,1.5448976720527279,False,0.17126598885512306,True
metformin,Sinus disorder,8,46196,0,6488,2.3874688886484146,True,2.387724178238611,True,0.1776984083072978,True
metformin,Sinus tachycardia,4,46200,1,6487,0.42131803917324967,False,0.42126167465720066,False,-0.11824062833986163,False
metformin,Sinusitis,17,46187,5,6483,0.4468524657898103,False,0.44664288350350595,False,-0.17749875813916935,False
metformin,Skin abrasion,4,46200,2,6486,0.25279082350394977,False,0.25271804417701105,False,-0.3564483780577912,False
metformin,Skin angiosarcoma,1,46203,0,6488,0.4213180391732496,False,0.42129925222115205,False,0.12357082672738463,False
metformin,Skin atrophy,2,46202,0,6488,0.702196731955416,False,0.7021806179319301,False,0.1496078316296215,False
metformin,Skin burning sensation,4,46200,2,6486,0.25279082350394977,False,0.25271804417701105,False,-0.3564483780577912,False
metformin,Skin cancer,1,46203,0,6488,0.4213180391732496,False,0.42129925222115205,False,0.12357082672738463,False
metformin,Skin depigmentation,2,46202,0,6488,0.702196731955416,False,0.7021806179319301,False,0.1496078316296215,False
metformin,Skin discolouration,29,46175,4,6484,0.9206579374526567,False,0.9206072484326103,False,0.003099562006716037,True
metformin,Skin discomfort,2,46202,0,6488,0.702196731955416,False,0.7021806179319301,False,0.1496078316296215,False
metformin,Skin disorder,15,46189,2,6486,0.8707239476247159,False,0.8706805659294862,False,0.008702935796137156,True
metformin,Skin erosion,2,46202,1,6487,0.23406557731847205,False,0.2340241328932417,False,-0.3245148059614062,False
metformin,Skin exfoliation,17,46187,5,6483,0.4468524657898103,False,0.44664288350350595,False,-0.17749875813916935,False
metformin,Skin fibrosis,4,46200,0,6488,1.2639541175197488,False,1.2639798270581488,False,0.1672306113239052,True
metformin,Skin fissures,6,46198,2,6486,0.36514230061681635,False,0.3650529779105382,False,-0.20932471480194936,False
metformin,Skin haemorrhage,16,46188,1,6487,1.5448328103019153,False,1.54502744189571,False,0.09890074476771525,True
metformin,Skin hyperpigmentation,1,46203,1,6487,0.14043934639108324,False,0.14041144069172248,False,-0.5873577625365847,False
metformin,Skin induration,3,46201,0,6488,0.9830754247375825,False,0.9830741426144173,False,0.16091202120883544,True
metformin,Skin infection,6,46198,1,6487,0.6085705010280272,False,0.6085154279900863,False,-0.03032748881462012,False
metformin,Skin injury,6,46198,0,6488,1.8257115030840816,False,1.8258276783878264,False,0.17406633864098864,True
metformin,Skin irritation,5,46199,1,6487,0.5149442701006385,False,0.5148865247459388,False,-0.06694176086280622,False
metformin,Skin laceration,12,46192,0,6488,3.5109836597770805,True,3.5116631487795638,True,0.18148548580331975,True
metformin,Skin lesion,9,46195,5,6483,0.2425770528573256,False,0.24242129054286082,False,-0.4274561038885477,False
metformin,Skin mass,1,46203,1,6487,0.14043934639108324,False,0.14041144069172248,False,-0.5873577625365847,False
metformin,Skin necrosis,1,46203,2,6486,0.08426360783464994,False,0.08423387838583657,False,-1.0614804001276124,False
metformin,Skin neoplasm bleeding,1,46203,0,6488,0.4213180391732496,False,0.42129925222115205,False,0.12357082672738463,False
metformin,Skin odour abnormal,4,46200,1,6487,0.42131803917324967,False,0.42126167465720066,False,-0.11824062833986163,False
metformin,Skin operation,1,46203,0,6488,0.4213180391732496,False,0.42129925222115205,False,0.12357082672738463,False
metformin,Skin papilloma,2,46202,0,6488,0.702196731955416,False,0.7021806179319301,False,0.1496078316296215,False
metformin,Skin plaque,2,46202,0,6488,0.702196731955416,False,0.7021806179319301,False,0.1496078316296215,False
metformin,Skin reaction,6,46198,0,6488,1.8257115030840816,False,1.8258276783878264,False,0.17406633864098864,True
metformin,Skin sensitisation,1,46203,0,6488,0.4213180391732496,False,0.42129925222115205,False,0.12357082672738463,False
metformin,Skin swelling,2,46202,0,6488,0.702196731955416,False,0.7021806179319301,False,0.1496078316296215,False
metformin,Skin test positive,1,46203,0,6488,0.4213180391732496,False,0.42129925222115205,False,0.12357082672738463,False
metformin,Skin ulcer,11,46193,8,6480,0.1900061745291126,False,0.1898045243187385,False,-0.57745921783109,False
metformin,Sleep apnoea syndrome,21,46183,0,6488,6.038891894816578,True,6.041237671462752,True,0.18486259823702114,True
metformin,Sleep deficit,2,46202,0,6488,0.702196731955416,False,0.7021806179319301,False,0.1496078316296215,False
metformin,Sleep disorder,52,46152,3,6485,2.1065901958662483,True,2.107848978928552,True,0.10757190629120529,True
metformin,Sleep disorder due to a general medical condition,12,46192,0,6488,3.5109836597770805,True,3.5116631487795638,True,0.18148548580331975,True
metformin,Slow response to stimuli,4,46200,0,6488,1.2639541175197488,False,1.2639798270581488,False,0.1672306113239052,True
metformin,Slow speech,1,46203,0,6488,0.4213180391732496,False,0.42129925222115205,False,0.12357082672738463,False
metformin,Sluggishness,4,46200,0,6488,1.2639541175197488,False,1.2639798270581488,False,0.1672306113239052,True
metformin,Small cell lung cancer,1,46203,1,6487,0.14043934639108324,False,0.14041144069172248,False,-0.5873577625365847,False
metformin,Small for dates baby,3,46201,0,6488,0.9830754247375825,False,0.9830741426144173,False,0.16091202120883544,True
metformin,Small intestinal obstruction,1,46203,0,6488,0.4213180391732496,False,0.42129925222115205,False,0.12357082672738463,False
metformin,Small intestine carcinoma,1,46203,0,6488,0.4213180391732496,False,0.42129925222115205,False,0.12357082672738463,False
metformin,Smoke sensitivity,1,46203,0,6488,0.4213180391732496,False,0.42129925222115205,False,0.12357082672738463,False
metformin,Sneezing,8,46196,0,6488,2.3874688886484146,True,2.387724178238611,True,0.1776984083072978,True
metformin,Snoring,2,46202,0,6488,0.702196731955416,False,0.7021806179319301,False,0.1496078316296215,False
metformin,Social avoidant behaviour,2,46202,0,6488,0.702196731955416,False,0.7021806179319301,False,0.1496078316296215,False
metformin,Soft tissue disorder,1,46203,0,6488,0.4213180391732496,False,0.42129925222115205,False,0.12357082672738463,False
metformin,Soft tissue mass,1,46203,0,6488,0.4213180391732496,False,0.42129925222115205,False,0.12357082672738463,False
metformin,Soft tissue sarcoma,1,46203,0,6488,0.4213180391732496,False,0.42129925222115205,False,0.12357082672738463,False
metformin,Somatic symptom disorder,1,46203,0,6488,0.4213180391732496,False,0.42129925222115205,False,0.12357082672738463,False
metformin,Somnambulism,1,46203,0,6488,0.4213180391732496,False,0.42129925222115205,False,0.12357082672738463,False
metformin,Somnolence,102,46102,10,6478,1.3709555242939073,False,1.371780272219511,False,0.05436499982449006,True
metformin,Sopor,30,46174,6,6482,0.6589846253735443,False,0.6587593718477648,False,-0.07229349777825125,False
metformin,Speech disorder,20,46184,3,6485,0.8225733145763446,False,0.8224945598631576,False,-0.011774540010621502,False
metformin,Spinal column injury,1,46203,1,6487,0.14043934639108324,False,0.14041144069172248,False,-0.5873577625365847,False
metformin,Spinal cord injury,2,46202,0,6488,0.702196731955416,False,0.7021806179319301,False,0.1496078316296215,False
metformin,Spinal disorder,4,46200,0,6488,1.2639541175197488,False,1.2639798270581488,False,0.1672306113239052,True
metformin,Spinal fracture,1,46203,0,6488,0.4213180391732496,False,0.42129925222115205,False,0.12357082672738463,False
metformin,Spinal osteoarthritis,2,46202,0,6488,0.702196731955416,False,0.7021806179319301,False,0.1496078316296215,False
metformin,Spinal pain,5,46199,2,6486,0.3089665620603831,False,0.308884295284581,False,-0.27133558831841514,False
metformin,Spinal stenosis,1,46203,0,6488,0.4213180391732496,False,0.42129925222115205,False,0.12357082672738463,False
metformin,Spine malformation,1,46203,0,6488,0.4213180391732496,False,0.42129925222115205,False,0.12357082672738463,False
metformin,Spleen disorder,1,46203,0,6488,0.4213180391732496,False,0.42129925222115205,False,0.12357082672738463,False
metformin,Splenectomy,1,46203,0,6488,0.4213180391732496,False,0.42129925222115205,False,0.12357082672738463,False
metformin,Splenic artery aneurysm,1,46203,0,6488,0.4213180391732496,False,0.42129925222115205,False,0.12357082672738463,False
metformin,Splenic lesion,1,46203,0,6488,0.4213180391732496,False,0.42129925222115205,False,0.12357082672738463,False
metformin,Splenic thrombosis,2,46202,0,6488,0.702196731955416,False,0.7021806179319301,False,0.1496078316296215,False
metformin,Splenomegaly,6,46198,1,6487,0.6085705010280272,False,0.6085154279900863,False,-0.03032748881462012,False
metformin,Spondylolysis,7,46197,0,6488,2.1065901958662483,True,2.106769846853185,True,0.1761233886528062,True
metformin,Sputum discoloured,14,46190,0,6488,4.072741045341413,True,4.0737056321104985,True,0.18259737779543883,True
metformin,Sputum purulent,1,46203,0,6488,0.4213180391732496,False,0.42129925222115205,False,0.12357082672738463,False
metformin,Sputum retention,2,46202,0,6488,0.702196731955416,False,0.7021806179319301,False,0.1496078316296215,False
metformin,Squamous cell carcinoma,4,46200,0,6488,1.2639541175197488,False,1.2639798270581488,False,0.1672306113239052,True
metformin,Squamous cell carcinoma of the tongue,1,46203,0,6488,0.4213180391732496,False,0.42129925222115205,False,0.12357082672738463,False
metformin,Staphylococcal bacteraemia,1,46203,2,6486,0.08426360783464994,False,0.08423387838583657,False,-1.0614804001276124,False
metformin,Staphylococcal infection,14,46190,4,6484,0.45252678281571257,False,0.45235492146653533,False,-0.16737107319841735,False
metformin,Staphylococcal osteomyelitis,1,46203,0,6488,0.4213180391732496,False,0.42129925222115205,False,0.12357082672738463,False
metformin,Staphylococcal sepsis,2,46202,0,6488,0.702196731955416,False,0.7021806179319301,False,0.1496078316296215,False
metformin,Starvation ketoacidosis,11,46193,1,6487,1.0767016556649713,False,1.0767207507549763,False,0.06119125208560783,True
metformin,Status epilepticus,15,46189,0,6488,4.353619738123579,True,4.3547451260567875,True,0.18304596388889957,True
metformin,Steatorrhoea,3,46201,0,6488,0.9830754247375825,False,0.9830741426144173,False,0.16091202120883544,True
metformin,Stenosis,5,46199,0,6488,1.5448328103019153,False,1.5448976720527279,False,0.17126598885512306,True
metformin,Stent placement,1,46203,0,6488,0.4213180391732496,False,0.42129925222115205,False,0.12357082672738463,False
metformin,Steroid diabetes,12,46192,0,6488,3.5109836597770805,True,3.5116631487795638,True,0.18148548580331975,True
metformin,Stevens-Johnson syndrome,5,46199,2,6486,0.3089665620603831,False,0.308884295284581,False,-0.27133558831841514,False
metformin,Stiff person syndrome,1,46203,0,6488,0.4213180391732496,False,0.42129925222115205,False,0.12357082672738463,False
metformin,Stillbirth,11,46193,0,6488,3.230104966994914,True,3.230660157814411,True,0.18078495057853297,True
metformin,Stomach mass,1,46203,0,6488,0.4213180391732496,False,0.42129925222115205,False,0.12357082672738463,False
metformin,Stomatitis,1,46203,0,6488,0.4213180391732496,False,0.42129925222115205,False,0.12357082672738463,False
metformin,Streptococcal sepsis,4,46200,0,6488,1.2639541175197488,False,1.2639798270581488,False,0.1672306113239052,True
metformin,Stress,45,46159,6,6482,0.9830754247375825,False,0.9830587419707753,False,0.008894799949658045,True
metformin,Stress cardiomyopathy,4,46200,5,6483,0.11490491977452263,False,0.11481871014776503,False,-0.8990594513916648,False
metformin,Stroke volume,1,46203,0,6488,0.4213180391732496,False,0.42129925222115205,False,0.12357082672738463,False
metformin,Stupor,3,46201,0,6488,0.9830754247375825,False,0.9830741426144173,False,0.16091202120883544,True
metformin,Subarachnoid haemorrhage,11,46193,1,6487,1.0767016556649713,False,1.0767207507549763,False,0.06119125208560783,True
metformin,Subcutaneous abscess,5,46199,1,6487,0.5149442701006385,False,0.5148865247459388,False,-0.06694176086280622,False
metformin,Subdural haematoma,1,46203,4,6484,0.046813115463694405,False,0.04678217018191263,False,-1.703203129061018,False
metformin,Substance use,5,46199,0,6488,1.5448328103019153,False,1.5448976720527279,False,0.17126598885512306,True
metformin,Sudden death,9,46195,1,6487,0.8894491938101938,False,0.88942645928716,False,0.03556151401658826,True
metformin,Sudden visual loss,5,46199,0,6488,1.5448328103019153,False,1.5448976720527279,False,0.17126598885512306,True
metformin,Suffocation feeling,1,46203,0,6488,0.4213180391732496,False,0.42129925222115205,False,0.12357082672738463,False
metformin,Suicidal behaviour,2,46202,0,6488,0.702196731955416,False,0.7021806179319301,False,0.1496078316296215,False
metformin,Suicidal ideation,12,46192,0,6488,3.5109836597770805,True,3.5116631487795638,True,0.18148548580331975,True
metformin,Suicide attempt,213,45991,11,6477,2.6072869960431535,True,2.6147482828821396,True,0.1166356908214519,True
metformin,Sunburn,1,46203,0,6488,0.4213180391732496,False,0.42129925222115205,False,0.12357082672738463,False
metformin,Superior mesenteric artery syndrome,1,46203,2,6486,0.08426360783464994,False,0.08423387838583657,False,-1.0614804001276124,False
metformin,Supportive care,1,46203,0,6488,0.4213180391732496,False,0.42129925222115205,False,0.12357082672738463,False
metformin,Supraventricular extrasystoles,3,46201,0,6488,0.9830754247375825,False,0.9830741426144173,False,0.16091202120883544,True
metformin,Supraventricular tachycardia,13,46191,0,6488,3.7918623525592468,True,3.7926783066148535,True,0.18208250645243682,True
metformin,Surgery,5,46199,1,6487,0.5149442701006385,False,0.5148865247459388,False,-0.06694176086280622,False
metformin,Suspected counterfeit product,1,46203,3,6485,0.06018829131046424,False,0.0601577802547426,False,-1.4177318893972508,False
metformin,Suspected product contamination,9,46195,0,6488,2.6683475814305813,True,2.6686906733339826,True,0.17894306060960852,True
metformin,Suspected product quality issue,12,46192,0,6488,3.5109836597770805,True,3.5116631487795638,True,0.18148548580331975,True
metformin,Suspected suicide,104,46100,0,6488,29.351823395736393,True,29.416090931768636,True,0.18859720796400675,True
metformin,Suspected transmission of an infectious agent via product,1,46203,0,6488,0.4213180391732496,False,0.42129925222115205,False,0.12357082672738463,False
metformin,Swelling,38,46166,1,6487,3.6046098907044692,True,3.606781973942144,True,0.1500098959229457,True
metformin,Swelling face,11,46193,4,6484,0.35890055188832376,False,0.3587409484018314,False,-0.2475883904409627,False
metformin,Swelling of eyelid,1,46203,1,6487,0.14043934639108324,False,0.14041144069172248,False,-0.5873577625365847,False
metformin,Swollen tongue,17,46187,3,6485,0.7021967319554162,False,0.7020838971583221,False,-0.04363544091034389,False
metformin,Syncope,46,46158,27,6461,0.23747016753401343,False,0.23670199618508164,False,-0.4723248150756576,False
metformin,Synovial cyst,6,46198,0,6488,1.8257115030840816,False,1.8258276783878264,False,0.17406633864098864,True
metformin,Synovitis,9,46195,0,6488,2.6683475814305813,True,2.6686906733339826,True,0.17894306060960852,True
metformin,Syringomyelia,3,46201,0,6488,0.9830754247375825,False,0.9830741426144173,False,0.16091202120883544,True
metformin,Systemic infection,5,46199,0,6488,1.5448328103019153,False,1.5448976720527279,False,0.17126598885512306,True
metformin,Systemic inflammatory response syndrome,3,46201,0,6488,0.9830754247375825,False,0.9830741426144173,False,0.16091202120883544,True
metformin,Systemic lupus erythematosus,7,46197,0,6488,2.1065901958662483,True,2.106769846853185,True,0.1761233886528062,True
metformin,Systolic dysfunction,2,46202,0,6488,0.702196731955416,False,0.7021806179319301,False,0.1496078316296215,False
metformin,Systolic hypertension,1,46203,0,6488,0.4213180391732496,False,0.42129925222115205,False,0.12357082672738463,False
metformin,Tachycardia,109,46095,6,6482,2.3658628353574787,True,2.3691074466638242,True,0.11172748168042,True
metformin,Tachyphrenia,10,46194,0,6488,2.949226274212747,True,2.9496693329292447,True,0.1799514233517631,True
metformin,Tachypnoea,51,46153,3,6485,2.066464668325939,True,2.067654674076722,True,0.10602501230201677,True
metformin,Takayasu's arteritis,1,46203,0,6488,0.4213180391732496,False,0.42129925222115205,False,0.12357082672738463,False
metformin,Taste disorder,10,46194,1,6487,0.9830754247375825,False,0.9830715777852341,False,0.049540417300280325,True
metformin,Temperature intolerance,6,46198,0,6488,1.8257115030840816,False,1.8258276783878264,False,0.17406633864098864,True
metformin,Temperature perception test abnormal,5,46199,1,6487,0.5149442701006385,False,0.5148865247459388,False,-0.06694176086280622,False
metformin,Temporal arteritis,1,46203,0,6488,0.4213180391732496,False,0.42129925222115205,False,0.12357082672738463,False
metformin,Tenderness,5,46199,1,6487,0.5149442701006385,False,0.5148865247459388,False,-0.06694176086280622,False
metformin,Tendon discomfort,1,46203,0,6488,0.4213180391732496,False,0.42129925222115205,False,0.12357082672738463,False
metformin,Tendon disorder,3,46201,0,6488,0.9830754247375825,False,0.9830741426144173,False,0.16091202120883544,True
metformin,Tendon rupture,1,46203,0,6488,0.4213180391732496,False,0.42129925222115205,False,0.12357082672738463,False
metformin,Tendonitis,6,46198,0,6488,1.8257115030840816,False,1.8258276783878264,False,0.17406633864098864,True
metformin,Tenosynovitis,3,46201,0,6488,0.9830754247375825,False,0.9830741426144173,False,0.16091202120883544,True
metformin,Tension headache,6,46198,1,6487,0.6085705010280272,False,0.6085154279900863,False,-0.03032748881462012,False
metformin,Testicular pain,1,46203,1,6487,0.14043934639108324,False,0.14041144069172248,False,-0.5873577625365847,False
metformin,Thalamic infarction,6,46198,0,6488,1.8257115030840816,False,1.8258276783878264,False,0.17406633864098864,True
metformin,Therapeutic drug monitoring analysis not performed,3,46201,0,6488,0.9830754247375825,False,0.9830741426144173,False,0.16091202120883544,True
metformin,Therapeutic product effect decreased,35,46169,2,6486,1.9942387187533817,False,1.9950031947497806,False,0.10779601576156102,True
metformin,Therapeutic product effect delayed,1,46203,0,6488,0.4213180391732496,False,0.42129925222115205,False,0.12357082672738463,False
metformin,Therapeutic product effect incomplete,52,46152,6,6482,1.1343177977741334,False,1.1344705887255044,False,0.031716531879062336,True
metformin,Therapeutic product effect variable,2,46202,2,6486,0.14043934639108321,False,0.14039283588550402,False,-0.6807662952310448,False
metformin,Therapeutic product ineffective,1,46203,0,6488,0.4213180391732496,False,0.42129925222115205,False,0.12357082672738463,False
metformin,Therapeutic reaction time decreased,2,46202,0,6488,0.702196731955416,False,0.7021806179319301,False,0.1496078316296215,False
metformin,Therapeutic response changed,1,46203,0,6488,0.4213180391732496,False,0.42129925222115205,False,0.12357082672738463,False
metformin,Therapeutic response decreased,11,46193,2,6486,0.6460209933989828,False,0.6459328693430894,False,-0.049243039654018994,False
metformin,Therapeutic response shortened,7,46197,0,6488,2.1065901958662483,True,2.106769846853185,True,0.1761233886528062,True
metformin,Therapeutic response unexpected,13,46191,3,6485,0.5416946217941782,False,0.5415606767478865,False,-0.1060663261056314,False
metformin,Therapy cessation,8,46196,13,6475,0.088424773653645,False,0.08825704689027668,False,-1.1539393152147375,False
metformin,Therapy change,2,46202,3,6485,0.10031381885077373,False,0.10026513716790217,False,-0.9662375348948117,False
metformin,Therapy interrupted,6,46198,1,6487,0.6085705010280272,False,0.6085154279900863,False,-0.03032748881462012,False
metformin,Therapy non-responder,43,46161,8,6480,0.7187190080014259,False,0.7184539446228109,False,-0.05595634440030998,False
metformin,Therapy partial responder,7,46197,2,6486,0.42131803917324967,False,0.42122409221278206,False,-0.16209385722545852,False
metformin,Thinking abnormal,5,46199,0,6488,1.5448328103019153,False,1.5448976720527279,False,0.17126598885512306,True
metformin,Thirst,48,46156,9,6479,0.7169798210492143,False,0.7166824311110883,False,-0.05777155141642111,False
metformin,Thoracotomy,1,46203,0,6488,0.4213180391732496,False,0.42129925222115205,False,0.12357082672738463,False
metformin,Throat cancer,1,46203,0,6488,0.4213180391732496,False,0.42129925222115205,False,0.12357082672738463,False
metformin,Throat irritation,14,46190,0,6488,4.072741045341413,True,4.0737056321104985,True,0.18259737779543883,True
metformin,Throat tightness,11,46193,0,6488,3.230104966994914,True,3.230660157814411,True,0.18078495057853297,True
metformin,Thrombocytopenia,34,46170,3,6485,1.3843307001406775,False,1.3846178837136267,False,0.06657335303504812,True
metformin,Thrombocytosis,6,46198,0,6488,1.8257115030840816,False,1.8258276783878264,False,0.17406633864098864,True
metformin,Thrombophlebitis,3,46201,0,6488,0.9830754247375825,False,0.9830741426144173,False,0.16091202120883544,True
metformin,Thrombophlebitis septic,1,46203,0,6488,0.4213180391732496,False,0.42129925222115205,False,0.12357082672738463,False
metformin,Thrombophlebitis superficial,2,46202,0,6488,0.702196731955416,False,0.7021806179319301,False,0.1496078316296215,False
metformin,Thrombosis,26,46178,2,6486,1.4886570717454821,False,1.4889374925560597,False,0.08104688574990147,True
metformin,Thrombotic microangiopathy,3,46201,1,6487,0.32769180824586086,False,0.3276408774606885,False,-0.19533946806080307,False
metformin,Thrombotic thrombocytopenic purpura,2,46202,0,6488,0.702196731955416,False,0.7021806179319301,False,0.1496078316296215,False
metformin,Thyroid cancer,3,46201,1,6487,0.32769180824586086,False,0.3276408774606885,False,-0.19533946806080307,False
metformin,Thyroid cancer recurrent,1,46203,0,6488,0.4213180391732496,False,0.42129925222115205,False,0.12357082672738463,False
metformin,Thyroid disorder,8,46196,0,6488,2.3874688886484146,True,2.387724178238611,True,0.1776984083072978,True
metformin,Thyroid function test abnormal,4,46200,0,6488,1.2639541175197488,False,1.2639798270581488,False,0.1672306113239052,True
metformin,Thyroid hormones decreased,1,46203,0,6488,0.4213180391732496,False,0.42129925222115205,False,0.12357082672738463,False
metformin,Thyroid mass,3,46201,0,6488,0.9830754247375825,False,0.9830741426144173,False,0.16091202120883544,True
metformin,Thyroxine free decreased,2,46202,0,6488,0.702196731955416,False,0.7021806179319301,False,0.1496078316296215,False
metformin,Tinnitus,19,46185,0,6488,5.477134509252245,True,5.479024802156521,True,0.18438104497414554,True
metformin,Toe amputation,4,46200,10,6478,0.06018829131046423,False,0.06009675219965152,False,-1.5054586158898207,False
metformin,Tongue biting,6,46198,0,6488,1.8257115030840816,False,1.8258276783878264,False,0.17406633864098864,True
metformin,Tongue blistering,1,46203,0,6488,0.4213180391732496,False,0.42129925222115205,False,0.12357082672738463,False
metformin,Tongue discomfort,4,46200,0,6488,1.2639541175197488,False,1.2639798270581488,False,0.1672306113239052,True
metformin,Tongue disorder,1,46203,0,6488,0.4213180391732496,False,0.42129925222115205,False,0.12357082672738463,False
metformin,Tongue injury,1,46203,0,6488,0.4213180391732496,False,0.42129925222115205,False,0.12357082672738463,False
metformin,Tongue neoplasm,2,46202,0,6488,0.702196731955416,False,0.7021806179319301,False,0.1496078316296215,False
metformin,Tongue neoplasm malignant stage unspecified,2,46202,0,6488,0.702196731955416,False,0.7021806179319301,False,0.1496078316296215,False
metformin,Tongue oedema,9,46195,0,6488,2.6683475814305813,True,2.6686906733339826,True,0.17894306060960852,True
metformin,Tongue pruritus,1,46203,0,6488,0.4213180391732496,False,0.42129925222115205,False,0.12357082672738463,False
metformin,Tongue ulceration,1,46203,0,6488,0.4213180391732496,False,0.42129925222115205,False,0.12357082672738463,False
metformin,Tonsil cancer,1,46203,0,6488,0.4213180391732496,False,0.42129925222115205,False,0.12357082672738463,False
metformin,Tonsillar hypertrophy,6,46198,0,6488,1.8257115030840816,False,1.8258276783878264,False,0.17406633864098864,True
metformin,Tonsillitis,2,46202,0,6488,0.702196731955416,False,0.7021806179319301,False,0.1496078316296215,False
metformin,Tonsillitis fungal,1,46203,0,6488,0.4213180391732496,False,0.42129925222115205,False,0.12357082672738463,False
metformin,Tooth abscess,6,46198,0,6488,1.8257115030840816,False,1.8258276783878264,False,0.17406633864098864,True
metformin,Tooth disorder,3,46201,1,6487,0.32769180824586086,False,0.3276408774606885,False,-0.19533946806080307,False
metformin,Tooth extraction,1,46203,0,6488,0.4213180391732496,False,0.42129925222115205,False,0.12357082672738463,False
metformin,Tooth fracture,2,46202,0,6488,0.702196731955416,False,0.7021806179319301,False,0.1496078316296215,False
metformin,Tooth infection,10,46194,0,6488,2.949226274212747,True,2.9496693329292447,True,0.1799514233517631,True
metformin,Tooth injury,2,46202,0,6488,0.702196731955416,False,0.7021806179319301,False,0.1496078316296215,False
metformin,Tooth loss,2,46202,0,6488,0.702196731955416,False,0.7021806179319301,False,0.1496078316296215,False
metformin,Tooth repair,2,46202,0,6488,0.702196731955416,False,0.7021806179319301,False,0.1496078316296215,False
metformin,Tooth restoration,1,46203,0,6488,0.4213180391732496,False,0.42129925222115205,False,0.12357082672738463,False
metformin,Toothache,29,46175,1,6487,2.76197381235797,True,2.763099479161027,True,0.13815465959418052,True
metformin,Tourette's disorder,1,46203,0,6488,0.4213180391732496,False,0.42129925222115205,False,0.12357082672738463,False
metformin,Toxic encephalopathy,26,46178,0,6488,7.443285358727411,True,7.446982903299155,True,0.18574889457123128,True
metformin,Toxic epidermal necrolysis,12,46192,8,6480,0.2065284505751224,False,0.20631373185741256,False,-0.5290622680805858,False
metformin,Toxic skin eruption,21,46183,4,6484,0.6709879883129531,False,0.6708348219602239,False,-0.060561184761057256,False
metformin,Toxicity to various agents,1075,45129,40,6448,3.729444865274321,True,3.79449140805903,True,0.1367923951764659,True
metformin,Toxicologic test abnormal,1,46203,0,6488,0.4213180391732496,False,0.42129925222115205,False,0.12357082672738463,False
metformin,Tracheo-oesophageal fistula,2,46202,0,6488,0.702196731955416,False,0.7021806179319301,False,0.1496078316296215,False
metformin,Tracheostomy,1,46203,0,6488,0.4213180391732496,False,0.42129925222115205,False,0.12357082672738463,False
metformin,Tractional retinal detachment,1,46203,0,6488,0.4213180391732496,False,0.42129925222115205,False,0.12357082672738463,False
metformin,Transaminases increased,7,46197,8,6480,0.12391707034507343,False,0.1237748413938875,False,-0.8642597508894572,False
metformin,Transcription medication error,4,46200,1,6487,0.42131803917324967,False,0.42126167465720066,False,-0.11824062833986163,False
metformin,Transferrin saturation decreased,3,46201,0,6488,0.9830754247375825,False,0.9830741426144173,False,0.16091202120883544,True
metformin,Transient ischaemic attack,30,46174,0,6488,8.566800129856075,True,8.571798286933264,True,0.18624894779522563,True
metformin,Transitional cell carcinoma,1,46203,3,6485,0.06018829131046424,False,0.0601577802547426,False,-1.4177318893972508,False
metformin,Treatment failure,47,46157,5,6483,1.212885264286628,False,1.2131043413608544,False,0.04324819065931997,True
metformin,Treatment noncompliance,46,46158,9,6479,0.6874136428616179,False,0.6870987438591171,False,-0.06751480026688603,False
metformin,Tremor,67,46137,11,6477,0.8243179027302711,False,0.8240608766329379,False,-0.02952873565870731,False
metformin,Tricuspid valve incompetence,16,46188,2,6486,0.9268996861811493,False,0.9268735724260367,False,0.0190420510324641,True
metformin,Trigeminal neuralgia,1,46203,0,6488,0.4213180391732496,False,0.42129925222115205,False,0.12357082672738463,False
metformin,Trigger finger,14,46190,0,6488,4.072741045341413,True,4.0737056321104985,True,0.18259737779543883,True
metformin,Trismus,1,46203,0,6488,0.4213180391732496,False,0.42129925222115205,False,0.12357082672738463,False
metformin,Troponin I increased,1,46203,0,6488,0.4213180391732496,False,0.42129925222115205,False,0.12357082672738463,False
metformin,Troponin T increased,1,46203,0,6488,0.4213180391732496,False,0.42129925222115205,False,0.12357082672738463,False
metformin,Troponin increased,1,46203,1,6487,0.14043934639108324,False,0.14041144069172248,False,-0.5873577625365847,False
metformin,Tuberculosis,8,46196,0,6488,2.3874688886484146,True,2.387724178238611,True,0.1776984083072978,True
metformin,Tubulointerstitial nephritis,10,46194,6,6482,0.2268635595548267,False,0.22668782580676855,False,-0.46863640549033964,False
metformin,Tumour invasion,3,46201,1,6487,0.32769180824586086,False,0.3276408774606885,False,-0.19533946806080307,False
metformin,Tumour ulceration,2,46202,0,6488,0.702196731955416,False,0.7021806179319301,False,0.1496078316296215,False
metformin,Tunnel vision,2,46202,0,6488,0.702196731955416,False,0.7021806179319301,False,0.1496078316296215,False
metformin,Type 1 diabetes mellitus,6,46198,0,6488,1.8257115030840816,False,1.8258276783878264,False,0.17406633864098864,True
metformin,Type 2 diabetes mellitus,70,46134,6,6482,1.5232267570109794,False,1.5240263210328997,False,0.07040622189329328,True
metformin,Type I hypersensitivity,1,46203,0,6488,0.4213180391732496,False,0.42129925222115205,False,0.12357082672738463,False
metformin,Type III immune complex mediated reaction,1,46203,0,6488,0.4213180391732496,False,0.42129925222115205,False,0.12357082672738463,False
metformin,Type V hyperlipidaemia,1,46203,1,6487,0.14043934639108324,False,0.14041144069172248,False,-0.5873577625365847,False
metformin,Uhthoff's phenomenon,2,46202,0,6488,0.702196731955416,False,0.7021806179319301,False,0.1496078316296215,False
metformin,Ulcer,8,46196,2,6486,0.47749377772968293,False,0.4773976383492256,False,-0.12490315817665788,False
metformin,Ulcer haemorrhage,3,46201,0,6488,0.9830754247375825,False,0.9830741426144173,False,0.16091202120883544,True
metformin,Ulcerative gastritis,1,46203,1,6487,0.14043934639108324,False,0.14041144069172248,False,-0.5873577625365847,False
metformin,Ultrasound Doppler abnormal,1,46203,0,6488,0.4213180391732496,False,0.42129925222115205,False,0.12357082672738463,False
metformin,Umbilical cord abnormality,1,46203,0,6488,0.4213180391732496,False,0.42129925222115205,False,0.12357082672738463,False
metformin,Umbilical cord around neck,1,46203,0,6488,0.4213180391732496,False,0.42129925222115205,False,0.12357082672738463,False
metformin,Umbilical cord vascular disorder,1,46203,0,6488,0.4213180391732496,False,0.42129925222115205,False,0.12357082672738463,False
metformin,Umbilical hernia,5,46199,0,6488,1.5448328103019153,False,1.5448976720527279,False,0.17126598885512306,True
metformin,Underdose,6,46198,1,6487,0.6085705010280272,False,0.6085154279900863,False,-0.03032748881462012,False
metformin,Underweight,1,46203,0,6488,0.4213180391732496,False,0.42129925222115205,False,0.12357082672738463,False
metformin,Unevaluable event,17,46187,3,6485,0.7021967319554162,False,0.7020838971583221,False,-0.04363544091034389,False
metformin,Unmasking of previously unidentified disease,8,46196,0,6488,2.3874688886484146,True,2.387724178238611,True,0.1776984083072978,True
metformin,Unresponsive to stimuli,36,46168,3,6485,1.4645817552212965,False,1.4649490453447698,False,0.07304791410806177,True
metformin,Upper gastrointestinal haemorrhage,4,46200,1,6487,0.42131803917324967,False,0.42126167465720066,False,-0.11824062833986163,False
metformin,Upper limb fracture,4,46200,1,6487,0.42131803917324967,False,0.42126167465720066,False,-0.11824062833986163,False
metformin,Upper respiratory tract infection,9,46195,0,6488,2.6683475814305813,True,2.6686906733339826,True,0.17894306060960852,True
metformin,Ureteric obstruction,1,46203,0,6488,0.4213180391732496,False,0.42129925222115205,False,0.12357082672738463,False
metformin,Urethral caruncle,2,46202,0,6488,0.702196731955416,False,0.7021806179319301,False,0.1496078316296215,False
metformin,Urinary incontinence,23,46181,8,6480,0.38827348708123005,False,0.3879622028428751,False,-0.23633693203948805,False
metformin,Urinary retention,27,46177,11,6477,0.33583321963085117,False,0.33543768963333825,False,-0.29848921076141777,False
metformin,Urinary tract discomfort,1,46203,0,6488,0.4213180391732496,False,0.42129925222115205,False,0.12357082672738463,False
metformin,Urinary tract disorder,11,46193,0,6488,3.230104966994914,True,3.230660157814411,True,0.18078495057853297,True
metformin,Urinary tract infection,123,46081,83,6405,0.20771567999160212,False,0.20559233084886508,False,-0.5525549899712855,False
metformin,Urinary tract infection bacterial,1,46203,0,6488,0.4213180391732496,False,0.42129925222115205,False,0.12357082672738463,False
metformin,Urinary tract infection staphylococcal,1,46203,0,6488,0.4213180391732496,False,0.42129925222115205,False,0.12357082672738463,False
metformin,Urinary tract obstruction,1,46203,1,6487,0.14043934639108324,False,0.14041144069172248,False,-0.5873577625365847,False
metformin,Urine abnormality,4,46200,3,6485,0.18056487393139273,False,0.18048505968550124,False,-0.5608422055134,False
metformin,Urine albumin/creatinine ratio abnormal,1,46203,0,6488,0.4213180391732496,False,0.42129925222115205,False,0.12357082672738463,False
metformin,Urine calcium/creatinine ratio increased,3,46201,0,6488,0.9830754247375825,False,0.9830741426144173,False,0.16091202120883544,True
metformin,Urine chloride decreased,3,46201,0,6488,0.9830754247375825,False,0.9830741426144173,False,0.16091202120883544,True
metformin,Urine flow decreased,1,46203,1,6487,0.14043934639108324,False,0.14041144069172248,False,-0.5873577625365847,False
metformin,Urine ketone body present,3,46201,22,6466,0.021846120549724055,False,0.02177202038894841,False,-2.679471017405551,False
metformin,Urine magnesium,2,46202,0,6488,0.702196731955416,False,0.7021806179319301,False,0.1496078316296215,False
metformin,Urine odour abnormal,7,46197,2,6486,0.42131803917324967,False,0.42122409221278206,False,-0.16209385722545852,False
metformin,Urine output decreased,20,46184,8,6480,0.33870665894320073,False,0.3384131294367285,False,-0.2893215641952141,False
metformin,Urine output increased,8,46196,2,6486,0.47749377772968293,False,0.4773976383492256,False,-0.12490315817665788,False
metformin,Urine sodium decreased,3,46201,0,6488,0.9830754247375825,False,0.9830741426144173,False,0.16091202120883544,True
metformin,Urobilinogen urine increased,1,46203,0,6488,0.4213180391732496,False,0.42129925222115205,False,0.12357082672738463,False
metformin,Urogenital infection bacterial,1,46203,0,6488,0.4213180391732496,False,0.42129925222115205,False,0.12357082672738463,False
metformin,Urosepsis,20,46184,16,6472,0.17448524854649733,False,0.17411882577684956,False,-0.6454788307230538,False
metformin,Urticaria,85,46119,19,6469,0.6157725187916725,False,0.6150602073042689,False,-0.10090940923097803,False
metformin,Uterine cancer,3,46201,0,6488,0.9830754247375825,False,0.9830741426144173,False,0.16091202120883544,True
metformin,Uterine dehiscence,1,46203,0,6488,0.4213180391732496,False,0.42129925222115205,False,0.12357082672738463,False
metformin,Uterine disorder,8,46196,0,6488,2.3874688886484146,True,2.387724178238611,True,0.1776984083072978,True
metformin,Uterine leiomyoma,1,46203,1,6487,0.14043934639108324,False,0.14041144069172248,False,-0.5873577625365847,False
metformin,Uterine operation,3,46201,0,6488,0.9830754247375825,False,0.9830741426144173,False,0.16091202120883544,True
metformin,Uterine rupture,2,46202,0,6488,0.702196731955416,False,0.7021806179319301,False,0.1496078316296215,False
metformin,Vaccination site mass,1,46203,0,6488,0.4213180391732496,False,0.42129925222115205,False,0.12357082672738463,False
metformin,Vaginal abscess,1,46203,0,6488,0.4213180391732496,False,0.42129925222115205,False,0.12357082672738463,False
metformin,Vaginal haemorrhage,2,46202,1,6487,0.23406557731847205,False,0.2340241328932417,False,-0.3245148059614062,False
metformin,Vaginal infection,3,46201,1,6487,0.32769180824586086,False,0.3276408774606885,False,-0.19533946806080307,False
metformin,Varicella,1,46203,0,6488,0.4213180391732496,False,0.42129925222115205,False,0.12357082672738463,False
metformin,Varices oesophageal,3,46201,0,6488,0.9830754247375825,False,0.9830741426144173,False,0.16091202120883544,True
metformin,Varicose vein,2,46202,0,6488,0.702196731955416,False,0.7021806179319301,False,0.1496078316296215,False
metformin,Varicose vein ruptured,1,46203,0,6488,0.4213180391732496,False,0.42129925222115205,False,0.12357082672738463,False
metformin,Vascular cognitive impairment,1,46203,0,6488,0.4213180391732496,False,0.42129925222115205,False,0.12357082672738463,False
metformin,Vascular graft,2,46202,0,6488,0.702196731955416,False,0.7021806179319301,False,0.1496078316296215,False
metformin,Vascular operation,1,46203,0,6488,0.4213180391732496,False,0.42129925222115205,False,0.12357082672738463,False
metformin,Vasculitis,9,46195,4,6484,0.2964830646033979,False,0.2963383879382191,False,-0.3248774822674464,False
metformin,Vasodilatation,6,46198,0,6488,1.8257115030840816,False,1.8258276783878264,False,0.17406633864098864,True
metformin,Vasoplegia syndrome,8,46196,0,6488,2.3874688886484146,True,2.387724178238611,True,0.1776984083072978,True
metformin,Vein disorder,1,46203,1,6487,0.14043934639108324,False,0.14041144069172248,False,-0.5873577625365847,False
metformin,Vein rupture,1,46203,0,6488,0.4213180391732496,False,0.42129925222115205,False,0.12357082672738463,False
metformin,Venous injury,1,46203,0,6488,0.4213180391732496,False,0.42129925222115205,False,0.12357082672738463,False
metformin,Venous thrombosis,1,46203,0,6488,0.4213180391732496,False,0.42129925222115205,False,0.12357082672738463,False
metformin,Ventricular arrhythmia,23,46181,2,6486,1.320129856076182,False,1.3202927579225447,False,0.0677629122144821,True
metformin,Ventricular enlargement,4,46200,0,6488,1.2639541175197488,False,1.2639798270581488,False,0.1672306113239052,True
metformin,Ventricular extrasystoles,5,46199,2,6486,0.3089665620603831,False,0.308884295284581,False,-0.27133558831841514,False
metformin,Ventricular fibrillation,7,46197,3,6485,0.3009414565523212,False,0.30082796688132474,False,-0.30547540381847865,False
metformin,Ventricular hypokinesia,7,46197,0,6488,2.1065901958662483,True,2.106769846853185,True,0.1761233886528062,True
metformin,Ventricular septal defect,4,46200,0,6488,1.2639541175197488,False,1.2639798270581488,False,0.1672306113239052,True
metformin,Ventricular tachycardia,22,46182,5,6483,0.5745245988726132,False,0.5743173083074561,False,-0.10361908886805042,False
metformin,Vertigo,28,46176,7,6481,0.5336695162861163,False,0.5333816984829945,False,-0.13014140221575088,False
metformin,Vertigo positional,2,46202,0,6488,0.702196731955416,False,0.7021806179319301,False,0.1496078316296215,False
metformin,Very long-chain acyl-coenzyme A dehydrogenase deficiency,1,46203,0,6488,0.4213180391732496,False,0.42129925222115205,False,0.12357082672738463,False
metformin,Vestibular disorder,3,46201,0,6488,0.9830754247375825,False,0.9830741426144173,False,0.16091202120883544,True
metformin,Victim of chemical submission,1,46203,0,6488,0.4213180391732496,False,0.42129925222115205,False,0.12357082672738463,False
metformin,Vipoma,1,46203,0,6488,0.4213180391732496,False,0.42129925222115205,False,0.12357082672738463,False
metformin,Viral infection,12,46192,0,6488,3.5109836597770805,True,3.5116631487795638,True,0.18148548580331975,True
metformin,Visceral congestion,14,46190,0,6488,4.072741045341413,True,4.0737056321104985,True,0.18259737779543883,True
metformin,Vision blurred,64,46140,11,6477,0.7876815514978146,False,0.7873847506411183,False,-0.03895229301687183,False
metformin,Visual field defect,1,46203,0,6488,0.4213180391732496,False,0.42129925222115205,False,0.12357082672738463,False
metformin,Visual impairment,75,46129,10,6478,1.009825776431122,False,1.009841858246892,False,0.008934192436297365,True
metformin,Vital capacity decreased,4,46200,1,6487,0.42131803917324967,False,0.42126167465720066,False,-0.11824062833986163,False
metformin,Vitamin B complex deficiency,7,46197,0,6488,2.1065901958662483,True,2.106769846853185,True,0.1761233886528062,True
metformin,Vitamin B1 decreased,7,46197,0,6488,2.1065901958662483,True,2.106769846853185,True,0.1761233886528062,True
metformin,Vitamin B1 deficiency,12,46192,0,6488,3.5109836597770805,True,3.5116631487795638,True,0.18148548580331975,True
metformin,Vitamin B12 decreased,11,46193,0,6488,3.230104966994914,True,3.230660157814411,True,0.18078495057853297,True
metformin,Vitamin B12 deficiency,79,46125,0,6488,22.32985607618223,True,22.36661933203976,True,0.188292632535683,True
metformin,Vitamin B6 deficiency,4,46200,0,6488,1.2639541175197488,False,1.2639798270581488,False,0.1672306113239052,True
metformin,Vitamin D deficiency,11,46193,0,6488,3.230104966994914,True,3.230660157814411,True,0.18078495057853297,True
metformin,Vitello-intestinal duct remnant,1,46203,0,6488,0.4213180391732496,False,0.42129925222115205,False,0.12357082672738463,False
metformin,Vitiligo,1,46203,0,6488,0.4213180391732496,False,0.42129925222115205,False,0.12357082672738463,False
metformin,Vitreous detachment,1,46203,0,6488,0.4213180391732496,False,0.42129925222115205,False,0.12357082672738463,False
metformin,Vitreous floaters,6,46198,3,6485,0.2608159290120117,False,0.2607119278764462,False,-0.36854473469288485,False
metformin,Vitreous haemorrhage,1,46203,0,6488,0.4213180391732496,False,0.42129925222115205,False,0.12357082672738463,False
metformin,Vomiting,548,45656,75,6413,1.0202779006027702,False,1.0205215116653925,False,0.004505797777056725,True
metformin,Vomiting projectile,3,46201,0,6488,0.9830754247375825,False,0.9830741426144173,False,0.16091202120883544,True
metformin,Vulval abscess,1,46203,0,6488,0.4213180391732496,False,0.42129925222115205,False,0.12357082672738463,False
metformin,Vulvovaginal burning sensation,3,46201,0,6488,0.9830754247375825,False,0.9830741426144173,False,0.16091202120883544,True
metformin,Vulvovaginal candidiasis,1,46203,2,6486,0.08426360783464994,False,0.08423387838583657,False,-1.0614804001276124,False
metformin,Vulvovaginal discomfort,2,46202,1,6487,0.23406557731847205,False,0.2340241328932417,False,-0.3245148059614062,False
metformin,Vulvovaginal mycotic infection,1,46203,1,6487,0.14043934639108324,False,0.14041144069172248,False,-0.5873577625365847,False
metformin,Vulvovaginal pruritus,1,46203,5,6483,0.03830163992484088,False,0.03827041831738446,False,-1.9414108787789472,False
metformin,Weight abnormal,1,46203,0,6488,0.4213180391732496,False,0.42129925222115205,False,0.12357082672738463,False
metformin,Weight decreased,271,45933,46,6442,0.8199845708640666,False,0.8189205502906199,False,-0.0365572035919025,False
metformin,Weight fluctuation,7,46197,0,6488,2.1065901958662483,True,2.106769846853185,True,0.1761233886528062,True
metformin,Weight increased,155,46049,24,6464,0.8913599332168751,False,0.8909930773251765,False,-0.01806726965433196,False
metformin,Weight loss poor,1,46203,0,6488,0.4213180391732496,False,0.42129925222115205,False,0.12357082672738463,False
metformin,Wheelchair user,1,46203,0,6488,0.4213180391732496,False,0.42129925222115205,False,0.12357082672738463,False
metformin,Wheezing,41,46163,2,6486,2.3312931500919816,True,2.332489954184583,True,0.11933544278286436,True
metformin,White blood cell count,1,46203,0,6488,0.4213180391732496,False,0.42129925222115205,False,0.12357082672738463,False
metformin,White blood cell count abnormal,1,46203,0,6488,0.4213180391732496,False,0.42129925222115205,False,0.12357082672738463,False
metformin,White blood cell count decreased,11,46193,0,6488,3.230104966994914,True,3.230660157814411,True,0.18078495057853297,True
metformin,White blood cell count increased,10,46194,1,6487,0.9830754247375825,False,0.9830715777852341,False,0.049540417300280325,True
metformin,White blood cells urine,1,46203,1,6487,0.14043934639108324,False,0.14041144069172248,False,-0.5873577625365847,False
metformin,White blood cells urine positive,2,46202,1,6487,0.23406557731847205,False,0.2340241328932417,False,-0.3245148059614062,False
metformin,Withdrawal syndrome,4,46200,0,6488,1.2639541175197488,False,1.2639798270581488,False,0.1672306113239052,True
metformin,Wound,12,46192,5,6483,0.31918033270700735,False,0.318996098343395,False,-0.3016371848160134,False
metformin,Wound complication,5,46199,0,6488,1.5448328103019153,False,1.5448976720527279,False,0.17126598885512306,True
metformin,Wound drainage,2,46202,0,6488,0.702196731955416,False,0.7021806179319301,False,0.1496078316296215,False
metformin,Wrist surgery,1,46203,0,6488,0.4213180391732496,False,0.42129925222115205,False,0.12357082672738463,False
metformin,Wrong dosage formulation,1,46203,0,6488,0.4213180391732496,False,0.42129925222115205,False,0.12357082672738463,False
metformin,Wrong dose,21,46183,3,6485,0.8626988421166542,False,0.8626349237281713,False,-0.003007364964510416,False
metformin,Wrong drug,1,46203,0,6488,0.4213180391732496,False,0.42129925222115205,False,0.12357082672738463,False
metformin,Wrong patient received product,30,46174,1,6487,2.8556000432853588,True,2.8568257371492924,True,0.1398115538457608,True
metformin,Wrong product administered,8,46196,2,6486,0.47749377772968293,False,0.4773976383492256,False,-0.12490315817665788,False
metformin,Wrong schedule,1,46203,1,6487,0.14043934639108324,False,0.14041144069172248,False,-0.5873577625365847,False
metformin,Wrong technique in product usage process,32,46172,8,6480,0.5369739714953182,False,0.5366480557245368,False,-0.13041487992219364,False
metformin,Yawning,1,46203,0,6488,0.4213180391732496,False,0.42129925222115205,False,0.12357082672738463,False
metformin,Yellow skin,2,46202,1,6487,0.23406557731847205,False,0.2340241328932417,False,-0.3245148059614062,False
metformin,pH urine increased,1,46203,0,6488,0.4213180391732496,False,0.42129925222115205,False,0.12357082672738463,False
nateglinide,Dizziness,1,7,334,52350,26.250622820129546,False,31.300747384155457,False,1.445200669529292,False
nateglinide,Drug ineffective,1,7,644,52040,13.624256529609516,False,16.14910783553142,False,1.3269198395194586,False
nateglinide,Gastrointestinal disorder,1,7,130,52554,67.2860791826309,False,80.54329501915709,False,1.5286865010503754,False
nateglinide,Hypoglycaemia,1,7,879,51805,9.983892363085086,False,11.780670835702104,False,1.2433031875659755,False
nateglinide,Lip swelling,1,7,11,52673,763.5507246376811,False,916.0608695652174,False,1.5797151385702615,False
nateglinide,Malaise,1,7,381,52303,23.016601135867187,False,27.41992136304063,False,1.426632146776006,False
nateglinide,Paraesthesia,1,7,83,52601,105.15968063872255,False,125.99161676646706,False,1.5486255575058532,False
nateglinide,Therapy non-responder,1,7,50,52634,173.87788778877888,False,208.45346534653464,False,1.562791835533793,False
pioglitazone,Abdominal discomfort,1,719,221,51751,0.48815759401132736,False,0.48709051463817515,False,-1.236126249375171,False
pioglitazone,Abdominal distension,1,719,91,51881,1.18171483140447,False,1.1820936670502056,False,-0.22824761793530124,False
pioglitazone,Abdominal pain,1,719,303,51669,0.35626658014335755,False,0.35492453687749936,False,-1.6334936022379931,False
pioglitazone,Abdominal pain upper,1,719,206,51766,0.5236169834068233,False,0.522623829098429,False,-1.1499152446569771,False
pioglitazone,Acute kidney injury,16,704,1821,50151,0.6529761064005486,False,0.644848506337538,False,-0.6337535059539592,False
pioglitazone,Acute respiratory failure,2,718,66,51906,2.7099475457019806,False,2.7158972588046315,False,0.8067472190879249,False
pioglitazone,Adult failure to thrive,4,716,0,51972,648.7614424410541,True,652.8297278436846,True,3.0202565527284055,True
pioglitazone,Agitation,1,719,70,51902,1.5337149939504824,False,1.5348276728815815,False,0.028983193784153382,False
pioglitazone,Alopecia,2,718,45,51927,3.960692566795202,False,3.9709942110777185,False,1.130084097694154,False
pioglitazone,Altered state of consciousness,1,719,43,51929,2.485676024678368,False,2.488773333972347,False,0.44584696032841686,False
pioglitazone,Anaemia,3,717,105,51867,2.3914323839322686,True,2.398219858975841,True,0.8249575487754678,True
pioglitazone,Ankle fracture,2,718,8,51964,21.201354328139022,False,21.271644357116543,False,1.9733712843846418,False
pioglitazone,Anuria,1,719,90,51882,1.1947724538509283,False,1.1951785117811249,False,-0.2169845716659606,False
pioglitazone,Arthralgia,1,719,217,51755,0.4971352049356736,False,0.49608684191608154,False,-1.2136356630331337,False
pioglitazone,Arthritis,1,719,35,51937,3.045828368267859,False,3.0500934725797455,False,0.5966736892398963,False
pioglitazone,Ascites,5,715,10,51962,37.758602470114255,True,38.04116335562876,True,2.9638086938206762,True
pioglitazone,Asthenia,3,717,307,51665,0.8204751756255425,False,0.8195994447749355,False,-0.4362950114403861,False
pioglitazone,Asthma,1,719,82,51890,1.310629176648594,False,1.3112767704845536,False,-0.12356732933965586,False
pioglitazone,Ataxia,1,719,1,51971,72.08460471567267,False,72.23280055594162,False,1.5081882781440044,False
pioglitazone,Atrial fibrillation,1,719,78,51894,1.3774128289618983,False,1.378199652093855,False,-0.0744878591178194,False
pioglitazone,Atrioventricular block second degree,7,713,1,51971,360.42302357836337,True,364.2011212333567,True,3.6216316011336978,True
pioglitazone,Autonomic nervous system imbalance,2,718,2,51970,72.08460471567268,False,72.33194154488518,False,2.1722596461734556,False
pioglitazone,Back pain,3,717,113,51859,2.222873273170523,True,2.2288385086494036,True,0.7472657799125562,True
pioglitazone,Bladder cancer,23,697,15,51957,109.28956198827794,True,112.9380275176321,True,4.527089517793198,True
pioglitazone,"Bladder cancer stage 0, with cancer in situ",1,719,0,51972,216.25381414701803,False,216.70257123002085,False,1.5460647491283446,False
pioglitazone,Bladder cancer stage II,3,717,0,51972,504.5922330097087,True,507.0487804878049,True,2.6936732497733016,True
pioglitazone,Bladder neoplasm,4,716,1,51971,216.253814147018,True,217.60572226099092,True,2.9851456320673617,True
pioglitazone,Bladder transitional cell carcinoma,5,715,0,51972,792.9306518723995,True,799.0181691125088,True,3.2746522492623464,True
pioglitazone,Bladder wall calcification,1,719,0,51972,216.25381414701803,False,216.70257123002085,False,1.5460647491283446,False
pioglitazone,Blood creatine phosphokinase increased,2,718,33,51939,5.379448113109901,False,5.394686276342712,False,1.3536515572346273,False
pioglitazone,Blood electrolytes abnormal,6,714,0,51972,937.0998613037448,True,945.6158152554234,True,3.481383661267424,True
pioglitazone,Blood glucose decreased,1,719,108,51864,0.996561355516212,False,0.9965541866951896,False,-0.4073782468775358,False
pioglitazone,Blood glucose increased,6,714,430,51542,1.0883854370542914,False,1.0891895033116081,False,0.009432561769987888,True
pioglitazone,Blood potassium increased,1,719,18,51954,5.844697679649136,False,5.854797813797119,False,0.9816089938801517,False
pioglitazone,Bone deformity,1,719,0,51972,216.25381414701803,False,216.70257123002085,False,1.5460647491283446,False
pioglitazone,Bone density decreased,1,719,4,51968,24.028201571890893,False,24.076210331248554,False,1.4001831313462054,False
pioglitazone,Bone development abnormal,1,719,0,51972,216.25381414701803,False,216.70257123002085,False,1.5460647491283446,False
pioglitazone,Bone pain,1,719,28,51944,3.793926563982772,False,3.799751289272521,False,0.7429650953371219,False
pioglitazone,Bradycardia,7,713,110,51862,4.892620229570545,True,4.933537751254887,True,1.837377686631393,True
pioglitazone,Bronchitis,1,719,38,51934,2.808491092818416,False,2.8122614008645974,False,0.5382504309019798,False
pioglitazone,Burning sensation,1,719,24,51948,4.413343145857511,False,4.42045921912893,False,0.8337424614179202,False
pioglitazone,Calculus bladder,1,719,3,51969,30.893402021002572,False,30.95572322049042,False,1.4352940520072495,False
pioglitazone,Candida infection,1,719,13,51959,8.009400523963631,False,8.024013589684195,False,1.1175778619969434,False
pioglitazone,Cardiac disorder,1,719,28,51944,3.793926563982772,False,3.799751289272521,False,0.7429650953371219,False
pioglitazone,Cardiac failure,17,703,108,51864,11.62654914768914,True,11.890891166288373,True,2.9865172509195332,True
pioglitazone,Cardiac failure acute,7,713,10,51962,51.48900336833763,True,52.01972169386325,True,3.3563970405962924,True
pioglitazone,Cardiac failure chronic,3,717,21,51951,11.73470309324904,True,11.787067498581962,True,2.0797506610391565,True
pioglitazone,Cardiac failure congestive,2,718,20,51952,8.790805453130814,False,8.817913335709557,False,1.6427477348704032,False
pioglitazone,Cardiac tamponade,13,707,1,51971,648.761442441054,True,661.121554770318,True,4.287502863439256,True
pioglitazone,Cardiomegaly,1,719,11,51961,9.402339745522523,False,9.419856784602834,False,1.175768712424546,False
pioglitazone,Cataract,3,717,35,51937,7.106932859291671,True,7.136722775678461,True,1.7798555881731641,True
pioglitazone,Cerebrovascular accident,1,719,107,51865,1.0058316937070606,False,1.0058438515118704,False,-0.39743487256098026,False
pioglitazone,Cholelithiasis,1,719,32,51940,3.3269817561079695,False,3.331833003688459,False,0.6575630700948656,False
pioglitazone,Chromaturia,1,719,19,51953,5.544969593513283,False,5.5544448602127545,False,0.9558880028636787,False
pioglitazone,Chronic graft versus host disease,1,719,0,51972,216.25381414701803,False,216.70257123002085,False,1.5460647491283446,False
pioglitazone,Chronic graft versus host disease in eye,1,719,0,51972,216.25381414701803,False,216.70257123002085,False,1.5460647491283446,False
pioglitazone,Chronic graft versus host disease in skin,1,719,0,51972,216.25381414701803,False,216.70257123002085,False,1.5460647491283446,False
pioglitazone,Clavicle fracture,6,714,1,51971,312.3666204345816,True,315.1992069045953,True,3.4479024825896376,True
pioglitazone,Clostridium difficile infection,1,719,16,51956,6.55314588324297,False,6.564722976814707,False,1.0344689457089302,False
pioglitazone,Coating in mouth,1,719,0,51972,216.25381414701803,False,216.70257123002085,False,1.5460647491283446,False
pioglitazone,Completed suicide,1,719,286,51686,0.37740630741189884,False,0.37610833584986664,False,-1.5596249206041852,False
pioglitazone,Compression fracture,1,719,0,51972,216.25381414701803,False,216.70257123002085,False,1.5460647491283446,False
pioglitazone,Condition aggravated,2,718,234,51738,0.7684925875871288,False,0.767687064231482,False,-0.5752263299084998,False
pioglitazone,Confusional state,5,715,196,51776,2.017635246494655,True,2.0254577396542923,True,0.7605344167028197,True
pioglitazone,Constipation,6,714,130,51842,3.59042092453542,True,3.6139866852204876,True,1.4626639440819647,True
pioglitazone,Contraindicated product administered,4,716,67,51905,4.805640314378179,True,4.829541753896255,True,1.6139456945053097,True
pioglitazone,Contraindicated product prescribed,3,717,11,51961,21.93879273955255,True,22.040933191940614,True,2.3399702833333915,True
pioglitazone,Cough,3,717,143,51829,1.7581610906261627,False,1.7618594374097052,False,0.4883210323901445,True
pioglitazone,Death,1,719,201,51771,0.5366099606625758,False,0.5356438938675707,False,-1.1199941201838295,False
pioglitazone,Decreased appetite,4,716,195,51777,1.659236425680445,False,1.663376780063644,False,0.4832235260312454,True
pioglitazone,Dehydration,4,716,319,51653,1.0152761227559532,False,1.0153720649086424,False,-0.1268475524131906,False
pioglitazone,Delirium,1,719,25,51947,4.240270865627805,False,4.247026121080816,False,0.8105070370335716,False
pioglitazone,Diabetes mellitus inadequate control,3,717,279,51693,0.9026694687114646,False,0.9021946856320083,False,-0.3147665752936226,False
pioglitazone,Diabetic metabolic decompensation,2,718,69,51903,2.5929713926500964,False,2.5985140906064292,False,0.7659487879503596,False
pioglitazone,Diarrhoea,10,710,1085,50887,0.6972716255316104,False,0.6927978071897131,False,-0.5583770958722853,False
pioglitazone,Disease progression,1,719,77,51895,1.3951858977226967,False,1.3960097738124593,False,-0.06195259779954318,False
pioglitazone,Disorientation,1,719,34,51938,3.1341132485075076,False,3.138562407468955,False,0.616685963068421,False
pioglitazone,Dizziness,6,714,329,51643,1.4220028244366385,False,1.425841898416818,False,0.35630860375231005,True
pioglitazone,Drug hypersensitivity,1,719,109,51863,0.9874603385708586,False,0.987434196121736,False,-0.41725355809056175,False
pioglitazone,Drug ineffective,6,714,639,51333,0.7326816742015205,False,0.7302498069969158,False,-0.5188809449877986,False
pioglitazone,Drug interaction,4,716,337,51635,0.9611280628756356,False,0.9608839264945336,False,-0.19731489002436856,False
pioglitazone,Drug intolerance,2,718,136,51836,1.3202308555984008,False,1.321345089612313,False,0.06753042845819876,False
pioglitazone,Drug-induced liver injury,1,719,18,51954,5.844697679649136,False,5.854797813797119,False,0.9816089938801517,False
pioglitazone,Dry skin,2,718,20,51952,8.790805453130814,False,8.817913335709557,False,1.6427477348704032,False
pioglitazone,Dry throat,1,719,1,51971,72.08460471567267,False,72.23280055594162,False,1.5081882781440044,False
pioglitazone,Dysphonia,1,719,18,51954,5.844697679649136,False,5.854797813797119,False,0.9816089938801517,False
pioglitazone,Dyspnoea,17,703,361,51611,3.4895728423907935,True,3.551502515087082,True,1.62717893226192,True
pioglitazone,Dyspnoea at rest,2,718,8,51964,21.201354328139022,False,21.271644357116543,False,1.9733712843846418,False
pioglitazone,Dyspnoea exertional,1,719,17,51955,6.178680404200515,False,6.1894768192196965,False,1.0077968865625908,False
pioglitazone,Dysuria,1,719,41,51931,2.6054676403255184,False,2.608814688915495,False,0.48210128246643374,False
pioglitazone,Effusion,1,719,1,51971,72.08460471567267,False,72.23280055594162,False,1.5081882781440044,False
pioglitazone,Electrocardiogram QT prolonged,1,719,27,51945,3.931887529945782,False,3.9379998736496304,False,0.7651295826088262,False
pioglitazone,Enterocolitis bacterial,1,719,0,51972,216.25381414701803,False,216.70257123002085,False,1.5460647491283446,False
pioglitazone,Erythema,2,718,60,51912,2.9787026742013505,False,2.9855875130120717,False,0.8919775136973023,False
pioglitazone,Eye discharge,1,719,1,51971,72.08460471567267,False,72.23280055594162,False,1.5081882781440044,False
pioglitazone,Eye disorder,1,719,23,51949,4.601144981851447,False,4.6086525808407135,False,0.8573582397027089,False
pioglitazone,Eyelid margin crusting,1,719,0,51972,216.25381414701803,False,216.70257123002085,False,1.5460647491283446,False
pioglitazone,Face oedema,1,719,7,51965,14.416920943134537,False,14.444892286309937,False,1.2997035062463351,False
pioglitazone,Fall,10,710,186,51786,4.058382571123663,True,4.103580343110712,True,1.7241050479054365,True
pioglitazone,Fatigue,2,718,439,51533,0.4100375694861927,False,0.407984812247105,False,-1.384262535100279,False
pioglitazone,Fear of disease,1,719,1,51971,72.08460471567267,False,72.23280055594162,False,1.5081882781440044,False
pioglitazone,Femoral neck fracture,6,714,0,51972,937.0998613037448,True,945.6158152554234,True,3.481383661267424,True
pioglitazone,Fluid retention,7,713,19,51953,27.724847967566415,True,28.005767883132986,True,3.1324351319209343,True
pioglitazone,Foetal exposure during pregnancy,2,718,155,51817,1.1589164745284997,False,1.1594694198121758,False,-0.08150172316867899,False
pioglitazone,Foetal growth restriction,2,718,10,51962,17.16300112277921,False,17.219239818404745,False,1.912734306590752,False
pioglitazone,Foot fracture,1,719,5,51967,19.65943764972891,False,19.69833849264009,False,1.3659064438474882,False
pioglitazone,Fracture,1,719,4,51968,24.028201571890893,False,24.076210331248554,False,1.4001831313462054,False
pioglitazone,Gait inability,1,719,69,51903,1.5557828355900578,False,1.5569415211402802,False,0.04245488181407806,False
pioglitazone,Gastric ulcer,1,719,19,51953,5.544969593513283,False,5.5544448602127545,False,0.9558880028636787,False
pioglitazone,Gastrointestinal disorder,6,714,125,51847,3.7334655828834453,True,3.7583326595646804,True,1.505076337677506,True
pioglitazone,Generalised oedema,3,717,9,51963,26.557485947879407,True,26.682156611039794,True,2.398161133760994,True
pioglitazone,Glycosylated haemoglobin increased,2,718,160,51812,1.122813157564995,False,1.1232404823999462,False,-0.11828995691984248,False
pioglitazone,Graft versus host disease,2,718,0,51972,360.4230235783634,False,361.67362560890746,False,2.2451538723102105,False
pioglitazone,Haematotoxicity,6,714,1,51971,312.3666204345816,True,315.1992069045953,True,3.4479024825896376,True
pioglitazone,Haematuria,8,712,38,51934,15.914782859304358,True,16.092713602187285,True,2.912981745926045,True
pioglitazone,Haemoglobin decreased,2,718,31,51941,5.721000374259737,False,5.737426958721322,False,1.3945286642610717,False
pioglitazone,Haemorrhagic necrotic pancreatitis,1,719,0,51972,216.25381414701803,False,216.70257123002085,False,1.5460647491283446,False
pioglitazone,"Hallucination, visual",1,719,9,51963,11.381779691948317,False,11.403423430013532,False,1.2364056902184357,False
pioglitazone,Headache,6,714,319,51653,1.4665099550919325,False,1.4707539224930486,False,0.39566532246428016,True
pioglitazone,Hepatic enzyme increased,1,719,29,51943,3.6653188838477635,False,3.6708754902769107,False,0.7211359807473611,False
pioglitazone,Hepatitis,1,719,15,51957,6.975929488613485,False,6.988387993454236,False,1.0616434117947726,False
pioglitazone,Hepatitis fulminant,2,718,0,51972,360.4230235783634,False,361.67362560890746,False,2.2451538723102105,False
pioglitazone,Hepatotoxicity,2,718,21,51951,8.381930780892173,False,8.407615995857002,False,1.6183326260394568,False
pioglitazone,Hypercreatinaemia,1,719,0,51972,216.25381414701803,False,216.70257123002085,False,1.5460647491283446,False
pioglitazone,Hyperglycaemia,1,719,290,51682,0.3722096629036455,False,0.37090085747536955,False,-1.5773491234558974,False
pioglitazone,Hyperhidrosis,1,719,111,51861,0.969748045502323,False,0.9696849767994091,False,-0.43680367430714107,False
pioglitazone,Hyperkalaemia,3,717,363,51609,0.6940745983627354,False,0.6925822793303587,False,-0.6523753541058891,False
pioglitazone,Hyperkeratosis,2,718,1,51971,120.14100785945446,False,120.55555555555556,False,2.20824642260306,False
pioglitazone,Hyperlactacidaemia,1,719,113,51859,0.9526599742159384,False,0.9525612806250058,False,-0.45609240293374637,False
pioglitazone,Hypertension,1,719,176,51796,0.6126170372436771,False,0.6118094285652415,False,-0.9603058265441554,False
pioglitazone,Hypoglycaemia,26,694,854,51118,2.235508513710153,True,2.2826517471346586,True,1.0812283190172765,True
pioglitazone,Hyponatraemia,4,716,82,51890,3.9318875299457825,True,3.950301338577682,True,1.425651121958598,True
pioglitazone,Hypophosphataemia,1,719,13,51959,8.009400523963631,False,8.024013589684195,False,1.1175778619969434,False
pioglitazone,Hypophosphataemic osteomalacia,1,719,0,51972,216.25381414701803,False,216.70257123002085,False,1.5460647491283446,False
pioglitazone,Hypotension,1,719,408,51564,0.2646925509755423,False,0.26315959590460875,False,-2.0211727175781813,False
pioglitazone,Inappropriate schedule of product administration,1,719,75,51897,1.4321444645497883,False,1.4330453911610803,False,-0.03655051761108756,False
pioglitazone,Incorrect dose administered,2,718,38,51934,4.680818488030694,False,4.693625789659192,False,1.256255791063413,False
pioglitazone,Increased appetite,1,719,5,51967,19.65943764972891,False,19.69833849264009,False,1.3659064438474882,False
pioglitazone,Infection,1,719,41,51931,2.6054676403255184,False,2.608814688915495,False,0.48210128246643374,False
pioglitazone,Inflammatory bowel disease,1,719,3,51969,30.893402021002572,False,30.95572322049042,False,1.4352940520072495,False
pioglitazone,Influenza,1,719,61,51911,1.7581610906261627,False,1.7597416905371277,False,0.15501191953109605,False
pioglitazone,Insulin resistance,1,719,15,51957,6.975929488613485,False,6.988387993454236,False,1.0616434117947726,False
pioglitazone,Interstitial lung disease,1,719,22,51950,4.805640314378178,False,4.813574241371323,False,0.8813670318732507,False
pioglitazone,Joint swelling,8,712,63,51909,9.649120316271144,True,9.75230280425473,True,2.531483534313337,True
pioglitazone,Laboratory test abnormal,1,719,7,51965,14.416920943134537,False,14.444892286309937,False,1.2997035062463351,False
pioglitazone,Lacrimation increased,1,719,6,51966,16.63490878053985,False,16.667504142834233,False,1.3324252651697015,False
pioglitazone,Lactic acidosis,1,719,3088,48884,0.03500952147434321,False,0.0329977275649777,False,-4.831507874603746,False
pioglitazone,Left ventricular dysfunction,6,714,21,51951,21.793020030319646,True,21.982179764675248,True,2.903117126016489,True
pioglitazone,Leukopenia,4,716,3,51969,92.68020606300772,True,93.25600638022131,True,2.9173877658908576,True
pioglitazone,Limb discomfort,5,715,36,51936,10.862063724279444,True,10.9378727396303,True,2.3750450317660716,True
pioglitazone,Liver function test abnormal,7,713,26,51946,20.401303221416796,True,20.605241237058877,True,2.9794911649822278,True
pioglitazone,Liver function test increased,1,719,5,51967,19.65943764972891,False,19.69833849264009,False,1.3659064438474882,False
pioglitazone,Liver injury,1,719,24,51948,4.413343145857511,False,4.42045921912893,False,0.8337424614179202,False
pioglitazone,Loss of consciousness,1,719,131,51841,0.8222578484677492,False,0.8218872949899196,False,-0.6189836924691658,False
pioglitazone,Macular oedema,2,718,2,51970,72.08460471567268,False,72.33194154488518,False,2.1722596461734556,False
pioglitazone,Malaise,6,714,376,51596,1.244488527627815,False,1.246712705975724,False,0.18448316121371386,True
pioglitazone,Malignant neoplasm progression,1,719,33,51939,3.2276688678659404,False,3.2323130698142366,False,0.6369797456892236,False
pioglitazone,Mastication disorder,1,719,3,51969,30.893402021002572,False,30.95572322049042,False,1.4352940520072495,False
pioglitazone,Medication error,9,711,93,51879,7.3241042224480255,True,7.408544124223509,True,2.326674034445625,True
pioglitazone,Mental status changes,1,719,92,51880,1.1689395359298271,False,1.169291737881036,False,-0.23942341489068217,False
pioglitazone,Metabolic acidosis,2,718,909,51063,0.19814349839382264,False,0.19535346185378724,False,-2.372750382619985,False
pioglitazone,Metabolic disorder,4,716,21,51951,15.08747540560591,True,15.175952222528766,True,2.4187049621390764,True
pioglitazone,Mood swings,1,719,9,51963,11.381779691948317,False,11.403423430013532,False,1.2364056902184357,False
pioglitazone,Motor dysfunction,1,719,11,51961,9.402339745522523,False,9.419856784602834,False,1.175768712424546,False
pioglitazone,Movement disorder,1,719,15,51957,6.975929488613485,False,6.988387993454236,False,1.0616434117947726,False
pioglitazone,Muscular weakness,1,719,63,51909,1.7027859381654962,False,1.7042510930053132,False,0.12603874181256172,False
pioglitazone,Musculoskeletal stiffness,1,719,24,51948,4.413343145857511,False,4.42045921912893,False,0.8337424614179202,False
pioglitazone,Myalgia,3,717,102,51870,2.461425526876628,True,2.4685544318857824,True,0.8552055972476204,True
pioglitazone,Myocardial infarction,1,719,137,51835,0.7863775059891565,False,0.7859321498515384,False,-0.6694351657080072,False
pioglitazone,Myopathy,1,719,18,51954,5.844697679649136,False,5.854797813797119,False,0.9816089938801517,False
pioglitazone,Nausea,3,717,656,51316,0.38430482331280175,False,0.38130143220701057,False,-1.4412986931594551,False
pioglitazone,Near drowning,1,719,0,51972,216.25381414701803,False,216.70257123002085,False,1.5460647491283446,False
pioglitazone,Necrotising myositis,1,719,0,51972,216.25381414701803,False,216.70257123002085,False,1.5460647491283446,False
pioglitazone,Neoplasm malignant,1,719,37,51935,2.883384188626907,False,2.8873106323835995,False,0.5574631668367163,False
pioglitazone,Nervousness,1,719,43,51929,2.485676024678368,False,2.488773333972347,False,0.44584696032841686,False
pioglitazone,Neuropathy peripheral,2,718,43,51929,4.142793374463947,False,4.153728633247747,False,1.1650214128973277,False
pioglitazone,Oedema,15,705,30,51942,36.63315977353858,True,37.41602862752843,True,3.7972896283968405,True
pioglitazone,Oedema peripheral,8,712,81,51891,7.518026258689789,True,7.595785168442579,True,2.308309134152043,True
pioglitazone,Off label use,18,702,249,51723,5.344950650260299,True,5.459372838203096,True,2.1569082088286047,True
pioglitazone,Oliguria,1,719,16,51956,6.55314588324297,False,6.564722976814707,False,1.0344689457089302,False
pioglitazone,Pain,2,718,207,51765,0.8684892134418395,False,0.8680316254579906,False,-0.42474647986797437,False
pioglitazone,Pain in extremity,1,719,150,51822,0.7184512097907576,False,0.7178642421947689,False,-0.7730462063648197,False
pioglitazone,Palmar-plantar erythrodysaesthesia syndrome,3,717,4,51968,56.06580366774541,True,56.33441734417344,True,2.5548176865061496,True
pioglitazone,Palpitations,1,719,66,51906,1.6259685274211884,False,1.6272735347750893,False,0.08364158300590205,False
pioglitazone,Pancreatic carcinoma,1,719,24,51948,4.413343145857511,False,4.42045921912893,False,0.8337424614179202,False
pioglitazone,Pancreatitis,1,719,98,51874,1.097735097192985,False,1.0979388534762227,False,-0.3047189800856808,False
pioglitazone,Paraesthesia,3,717,81,51891,3.0956578712252067,True,3.1058805925482567,True,1.0868117407193132,True
pioglitazone,Pathological fracture,3,717,0,51972,504.5922330097087,True,507.0487804878049,True,2.6936732497733016,True
pioglitazone,Pemphigoid,1,719,78,51894,1.3774128289618983,False,1.378199652093855,False,-0.0744878591178194,False
pioglitazone,Pericardial effusion,12,708,6,51966,138.62423983783208,True,141.05233157809022,True,4.0666905756161595,True
pioglitazone,Peripancreatic fluid collection,1,719,0,51972,216.25381414701803,False,216.70257123002085,False,1.5460647491283446,False
pioglitazone,Peripheral swelling,2,718,100,51872,1.7931493710366337,False,1.795909111367311,False,0.4006746158894018,False
pioglitazone,Pharyngeal swelling,1,719,7,51965,14.416920943134537,False,14.444892286309937,False,1.2997035062463351,False
pioglitazone,Phosphaturic mesenchymal tumour,1,719,0,51972,216.25381414701803,False,216.70257123002085,False,1.5460647491283446,False
pioglitazone,Pleural effusion,16,704,47,51925,25.039915322286298,True,25.602950954390945,True,3.5998842181621202,True
pioglitazone,Pneumonia,7,713,178,51794,3.0287649040198605,True,3.0500903935505526,True,1.3085740019571965,True
pioglitazone,Pneumonia bacterial,3,717,2,51970,100.91844660194174,True,101.40585365853659,True,2.6225755526826533,True
pioglitazone,Product dispensing error,2,718,31,51941,5.721000374259737,False,5.737426958721322,False,1.3945286642610717,False
pioglitazone,Product packaging confusion,1,719,4,51968,24.028201571890893,False,24.076210331248554,False,1.4001831313462054,False
pioglitazone,Product substitution issue,1,719,139,51833,0.7751032765126094,False,0.7746344160744842,False,-0.6858677295732348,False
pioglitazone,Product use in unapproved indication,4,716,108,51864,2.989684066548636,True,3.002180337727239,True,1.148158826414015,True
pioglitazone,Productive cough,1,719,42,51930,2.5441625193766826,False,2.5473817602092956,False,0.4638602424024192,False
pioglitazone,Pruritus,1,719,165,51807,0.6533347859426526,False,0.652612064857057,False,-0.8840252975919981,False
pioglitazone,Pulmonary oedema,6,714,44,51928,10.529211924761178,True,10.615901746330033,True,2.4577266559670847,True
pioglitazone,Pyrexia,1,719,134,51838,0.8039175247101041,False,0.8035087356719738,False,-0.6444299557237956,False
pioglitazone,Radius fracture,6,714,1,51971,312.3666204345816,True,315.1992069045953,True,3.4479024825896376,True
pioglitazone,Renal failure,4,716,399,51573,0.8119667615031966,False,0.8107858130408999,False,-0.4166520022102047,False
pioglitazone,Renal impairment,3,717,218,51754,1.1546733020817133,False,1.155427805994307,False,-0.008143965861484357,False
pioglitazone,Respiratory alkalosis,1,719,12,51960,8.650152565880722,False,8.666101459346768,False,1.1463799173835851,False
pioglitazone,Respiratory depression,1,719,12,51960,8.650152565880722,False,8.666101459346768,False,1.1463799173835851,False
pioglitazone,Respiratory syncytial virus infection,1,719,1,51971,72.08460471567267,False,72.23280055594162,False,1.5081882781440044,False
pioglitazone,Retroperitoneal lymphadenopathy,1,719,0,51972,216.25381414701803,False,216.70257123002085,False,1.5460647491283446,False
pioglitazone,Rhabdomyolysis,5,715,88,51884,4.479834191369489,True,4.506583440918799,True,1.6350457030254588,True
pioglitazone,Rhinorrhoea,1,719,24,51948,4.413343145857511,False,4.42045921912893,False,0.8337424614179202,False
pioglitazone,Sinusitis,3,717,19,51953,12.938262384864325,True,12.996497811131958,True,2.1281745620406447,True
pioglitazone,Skin exfoliation,1,719,21,51951,5.029158468535303,False,5.037558381951291,False,0.905782140704197,False
pioglitazone,Skin fissures,1,719,7,51965,14.416920943134537,False,14.444892286309937,False,1.2997035062463351,False
pioglitazone,Splenic vein occlusion,1,719,0,51972,216.25381414701803,False,216.70257123002085,False,1.5460647491283446,False
pioglitazone,Staphylococcal infection,3,717,15,51957,16.2771688067648,True,16.351691581431943,True,2.2301893078990385,True
pioglitazone,Swelling face,1,719,14,51958,7.457028074035104,False,7.470489564113009,False,1.089339575904535,False
pioglitazone,Swelling of eyelid,1,719,1,51971,72.08460471567267,False,72.23280055594162,False,1.5081882781440044,False
pioglitazone,Swollen tongue,1,719,19,51953,5.544969593513283,False,5.5544448602127545,False,0.9558880028636787,False
pioglitazone,Syncope,3,717,70,51902,3.578668319217792,True,3.5912471890676354,True,1.2248038556389174,True
pioglitazone,Therapeutic product effect incomplete,1,719,57,51915,1.8804679491045047,False,1.882303532042179,False,0.21476453868604267,False
pioglitazone,Therapeutic response unexpected,2,718,14,51958,12.42838012339184,False,12.468144841984019,False,1.7986090059609787,False
pioglitazone,Therapy cessation,4,716,17,51955,18.536041212601543,True,18.646176851759545,True,2.515580056746325,True
pioglitazone,Therapy non-responder,1,719,50,51922,2.1411268727427526,False,2.143505872477449,False,0.32568400873261516,False
pioglitazone,Thrombocytopenia,1,719,36,51936,2.962381015712576,False,2.9664721505611773,False,0.5769352209410601,False
pioglitazone,Toxicity to various agents,1,719,1114,50858,0.09701831051907493,False,0.0951357913610188,False,-3.3910078146121503,False
pioglitazone,Transaminases increased,6,714,9,51963,49.32104533177604,True,49.76063496740451,True,3.204816793324471,True
pioglitazone,Transitional cell carcinoma,3,717,1,51971,168.19741100323623,True,169.0130081300813,True,2.6576864733436976,True
pioglitazone,Transurethral bladder resection,1,719,0,51972,216.25381414701803,False,216.70257123002085,False,1.5460647491283446,False
pioglitazone,Treatment failure,3,717,49,51923,5.09689124252231,True,5.116876077851687,True,1.5316990519542442,True
pioglitazone,Treatment noncompliance,2,718,53,51919,3.3684394726949853,False,3.3766803894406183,False,0.99822688071524,False
pioglitazone,Tumour invasion,1,719,3,51969,30.893402021002572,False,30.95572322049042,False,1.4352940520072495,False
pioglitazone,Urinary bladder haemorrhage,1,719,0,51972,216.25381414701803,False,216.70257123002085,False,1.5460647491283446,False
pioglitazone,Urinary tract infection,1,719,205,51767,0.5261649979246181,False,0.5251771556687278,False,-1.1439804584293969,False
pioglitazone,Urine output decreased,4,716,24,51948,13.240029437572533,True,13.316903314012276,True,2.3500920833299825,True
pioglitazone,Urine output increased,1,719,9,51963,11.381779691948317,False,11.403423430013532,False,1.2364056902184357,False
pioglitazone,Urosepsis,2,718,34,51938,5.2235220808458465,False,5.238217703952477,False,1.3336392834061024,False
pioglitazone,Urticaria,1,719,103,51869,1.0447044161691692,False,1.0447976150909952,False,-0.3569615491709404,False
pioglitazone,Ventricular extrasystoles,1,719,6,51966,16.63490878053985,False,16.667504142834233,False,1.3324252651697015,False
pioglitazone,Vision blurred,2,718,73,51899,2.451857303254173,False,2.4569089988117723,False,0.7132858336101874,False
pioglitazone,Vomiting,3,717,620,51352,0.4066013158821182,False,0.40370668815471394,False,-1.3646312159662606,False
pioglitazone,Weight decreased,2,718,315,51657,0.5711933812652351,False,0.5697013610191156,False,-0.9505691455321011,False
pioglitazone,Weight increased,12,708,167,51805,5.379448113109901,True,5.456714311294621,True,2.0851418093006333,True
pioglitazone,Wheezing,1,719,42,51930,2.5441625193766826,False,2.5473817602092956,False,0.4638602424024192,False
pioglitazone,Wrong schedule,1,719,1,51971,72.08460471567267,False,72.23280055594162,False,1.5081882781440044,False
repaglinide,Abdominal discomfort,4,370,218,52100,2.873354691075515,True,2.8961079869185373,True,1.1163110203231905,True
repaglinide,Abdominal pain,1,373,303,52015,0.6895420098846788,False,0.6882951906472679,False,-0.825241224642171,False
repaglinide,Abdominal pain upper,1,373,206,52112,1.0134430992736077,False,1.013497087624104,False,-0.3926876541150535,False
repaglinide,Acute kidney injury,1,373,1836,50482,0.11395371630819492,False,0.11039529749818769,False,-3.17406051281887,False
repaglinide,Agranulocytosis,2,372,33,52285,10.411741293532339,False,10.47490734248222,False,1.7399988088455278,False
repaglinide,Anaemia,2,372,106,52212,3.275054773082942,False,3.2903235970633644,False,0.9810035826077806,False
repaglinide,Anaphylactic reaction,1,373,8,52310,24.62070588235294,False,24.715568154972832,False,1.411500720633433,False
repaglinide,Angina pectoris,3,371,64,52254,7.570708010335919,True,7.632612392667481,True,1.8430582353174143,True
repaglinide,Ankle fracture,4,370,6,52312,96.58892307692307,True,97.74992214263469,True,2.9784166318046226,True
repaglinide,Anticonvulsant drug level decreased,1,373,0,52318,418.552,False,420.2289156626506,False,1.5646264332074395,False
repaglinide,Anxiety,2,372,94,52224,3.6909347442680778,False,3.708994708994709,False,1.0814381980048922,False
repaglinide,Arrhythmia,1,373,44,52274,4.702831460674157,False,4.71770226975317,False,0.8723168485962156,False
repaglinide,Arthralgia,2,372,216,52102,1.6110546574287914,False,1.615155695398112,False,0.28818326015295787,False
repaglinide,Ascites,1,373,14,52304,14.432827586206898,False,14.486774684946683,False,1.3064596066370833,False
repaglinide,Asthenia,5,369,305,52013,2.5117686852154937,True,2.5342713314095,True,1.0262937468373459,True
repaglinide,Balance disorder,1,373,37,52281,5.5806933333333335,False,5.599089692101741,False,0.9625599292408462,False
repaglinide,Blood glucose fluctuation,4,370,61,52257,10.208585365853658,True,10.320430532240545,True,2.226775781152829,True
repaglinide,Blood glucose increased,11,363,425,51893,3.7707387387387383,True,3.8583962229079147,True,1.6777053008117435,True
repaglinide,Blood magnesium abnormal,1,373,0,52318,418.552,False,420.2289156626506,False,1.5646264332074395,False
repaglinide,Blood potassium abnormal,1,373,2,52316,83.7104,False,84.0425702811245,False,1.5247945722920109,False
repaglinide,Blood pressure increased,1,373,138,52180,1.5110180505415163,False,1.5130703318689922,False,0.012944646783251613,False
repaglinide,Bradycardia,2,372,115,52203,3.0198556998557,False,3.0334117783782215,False,0.910015271184725,False
repaglinide,Bradyphrenia,6,368,4,52314,201.525037037037,True,205.06211367405396,True,3.508931348503402,True
repaglinide,Cardiac failure,1,373,124,52194,1.6809317269076305,False,1.6836663924775406,False,0.11275398064273964,False
repaglinide,Cholelithiasis,1,373,32,52286,6.439261538461538,False,6.461105962310781,False,1.0306602913197302,False
repaglinide,Cholestasis,4,370,23,52295,26.716085106382977,True,27.028426221035403,True,2.701827627401394,True
repaglinide,Chromaturia,4,370,16,52302,38.05018181818182,True,38.50018402649982,True,2.8093763564311223,True
repaglinide,Coma,1,373,135,52183,1.5444723247232472,False,1.5466589605655092,False,0.033758728032504896,False
repaglinide,Condition aggravated,9,365,227,52091,5.825998534798535,True,5.951434885224215,True,2.1268504306322766,True
repaglinide,Confusional state,2,372,199,52119,1.7483375104427736,False,1.7533599098417183,False,0.3758199660065919,False
repaglinide,Coronavirus infection,2,372,5,52313,63.4169696969697,False,63.83587553386211,False,2.185251179253936,False
repaglinide,Diabetes mellitus,1,373,181,52137,1.1530358126721763,False,1.1536504143294943,False,-0.2564543617139773,False
repaglinide,Diabetes mellitus inadequate control,4,370,278,52040,2.254319569120287,True,2.2695542197573757,True,0.8470772393453877,True
repaglinide,Diabetic ketoacidosis,4,370,404,51914,1.5521087762669963,False,1.5588145508775266,False,0.40612105035221596,True
repaglinide,Diarrhoea,1,373,1094,51224,0.1912069438099589,False,0.18795877892566154,False,-2.463299422748655,False
repaglinide,Diet noncompliance,2,372,6,52312,53.66051282051282,False,54.013939081053174,False,2.166741510746546,False
repaglinide,Dizziness,6,368,329,51989,2.752238745574102,True,2.783146620326427,True,1.1754832582238226,True
repaglinide,Drug abuse,1,373,35,52283,5.895098591549297,False,5.914757622037445,False,0.9894155695901421,False
repaglinide,Drug hypersensitivity,1,373,109,52209,1.9111963470319637,False,1.9148557701124131,False,0.22795819552914423,False
repaglinide,Drug ineffective,7,367,638,51680,1.6388097102584183,False,1.651846643120835,False,0.5625977205323716,True
repaglinide,Drug interaction,11,363,330,51988,4.854612203731719,True,4.976560045115254,True,1.977412066720733,True
repaglinide,Drug level increased,1,373,198,52120,1.054287153652393,False,1.0545051743497922,False,-0.3504764884134778,False
repaglinide,Drug-induced liver injury,1,373,18,52300,11.312216216216216,False,11.353630739172909,False,1.240453972938156,False
repaglinide,Dysarthria,3,371,37,52281,13.021617777777779,True,13.134876626289817,True,2.1585875034344073,True
repaglinide,Dysphagia,1,373,33,52285,6.247044776119403,False,6.268117245099802,False,1.0167806229720273,False
repaglinide,Dyspnoea,3,371,375,51943,1.3004278739458501,False,1.3032582846021366,False,0.13697323588777613,True
repaglinide,Encephalopathy,1,373,92,52226,2.2624432432432435,False,2.2675132964289593,False,0.3707130755735028,False
repaglinide,Extrapyramidal disorder,4,370,2,52316,251.1312,True,254.16923076923078,True,3.0519983217715496,True
repaglinide,Fall,10,364,186,52132,7.85486327077748,True,8.052328467878066,True,2.4730315580126754,True
repaglinide,Fat tissue increased,2,372,0,52318,697.5866666666667,False,702.261744966443,False,2.2815386348475863,False
repaglinide,Fatigue,4,370,437,51881,1.4350354285714286,False,1.4403192596876808,False,0.30989481169101973,True
repaglinide,Hepatocellular injury,1,373,32,52286,6.439261538461538,False,6.461105962310781,False,1.0306602913197302,False
repaglinide,Hyperglycaemia,1,373,290,52028,0.7203993115318417,False,0.7192764172006443,False,-0.7742633732750925,False
repaglinide,Hyperhidrosis,1,373,111,52207,1.876914798206278,False,1.8804365443838134,False,0.2120556488593094,False
repaglinide,Hypoglycaemia,39,335,841,51477,6.548941968706674,True,7.202245121505225,True,2.54972501961443,True
repaglinide,Hypoglycaemic coma,17,357,50,52268,48.347590759075906,True,50.66530499203767,True,4.164986330204776,True
repaglinide,Hypoglycaemic encephalopathy,2,372,25,52293,13.678169934640524,False,13.763258323463614,False,1.8538307208464442,False
repaglinide,Hypokinesia,6,368,15,52303,58.5072688172043,True,59.52164397951591,True,3.3240273333281674,True
repaglinide,Hypothalamo-pituitary disorder,2,372,0,52318,697.5866666666667,False,702.261744966443,False,2.2815386348475863,False
repaglinide,Influenza like illness,4,370,10,52308,59.79314285714286,True,60.50722961249277,True,2.9084064057951657,True
repaglinide,Injection site pain,2,372,52,52266,6.64368253968254,False,6.681559603707255,False,1.50097882770652,False
repaglinide,Insomnia,3,371,85,52233,5.711235867446394,True,5.7556216696968985,True,1.6379289272273156,True
repaglinide,Intentional product misuse,5,369,69,52249,11.04094004796163,True,11.190399236767554,True,2.4234685067104773,True
repaglinide,Intentional product use issue,2,372,28,52290,12.238362573099415,False,12.313787825267868,False,1.8100845281329125,False
repaglinide,Ischaemia,1,373,7,52311,27.90346666666667,False,28.011512717536814,False,1.4297759165803399,False
repaglinide,Lactic acidosis,9,365,3080,49238,0.43025958989341556,False,0.4154510156225194,False,-1.239125537674927,False
repaglinide,Loss of consciousness,5,369,127,52191,6.01839477124183,True,6.093093475549895,True,1.9364554705724522,True
repaglinide,Lung disorder,2,372,15,52303,22.502795698924732,False,22.647109764018186,False,2.0100449337974386,False
repaglinide,Malaise,4,370,378,51940,1.6587265521796566,False,1.6667272795340653,False,0.4867319114035209,True
repaglinide,Mania,1,373,0,52318,418.552,False,420.2289156626506,False,1.5646264332074395,False
repaglinide,Medication error,7,367,95,52223,10.956858638743457,True,11.160059835452506,True,2.6153095858031676,True
repaglinide,Metabolic acidosis,5,369,906,51412,0.8464923699209412,False,0.8442074119630664,False,-0.3409284426915201,False
repaglinide,Mixed liver injury,4,370,9,52309,66.08715789473683,True,66.87769017685915,True,2.925593038265448,True
repaglinide,Nausea,2,372,657,51661,0.5304841571609633,False,0.5273330441217751,False,-1.050323164326784,False
repaglinide,Nocturia,1,373,15,52303,13.50167741935484,False,13.551884959191606,False,1.289672933555406,False
repaglinide,Odynophagia,1,373,1,52317,139.51733333333334,False,140.07362784471218,False,1.54457304068138,False
repaglinide,Off label use,4,370,263,52055,2.382648956356736,True,2.3994422635189636,True,0.9098232099977841,True
repaglinide,Pain,2,372,207,52111,1.6809317269076307,False,1.6855017384976145,False,0.333915339173365,False
repaglinide,Pancreatic carcinoma,1,373,24,52294,8.541877551020407,False,8.572166215883945,False,1.1467840223247134,False
repaglinide,Pancreatic disorder,2,372,11,52307,30.32985507246377,False,30.526699737379634,False,2.077596131710498,False
repaglinide,Pancreatitis,1,373,98,52220,2.1246294416243656,False,2.1291460257272745,False,0.31870089377625926,False
repaglinide,Pancreatitis acute,1,373,94,52224,2.2145608465608464,False,2.2194386009647054,False,0.3531665048447183,False
repaglinide,Pemphigoid,4,370,75,52243,8.315602649006623,True,8.404456122476338,True,2.0848671414319853,True
repaglinide,Poverty of speech,2,372,3,52315,99.6552380952381,False,100.31735378715244,False,2.222998554308808,False
repaglinide,Presyncope,5,369,13,52305,56.84039506172839,True,57.671578208790656,True,3.1311435516727273,True
repaglinide,Product administration error,4,370,36,52282,17.200767123287672,True,17.397537574177804,True,2.5211575828191153,True
repaglinide,Product availability issue,1,373,6,52312,32.19630769230769,False,32.32159406858202,False,1.4482855850877299,False
repaglinide,Product contamination,1,373,28,52290,7.343017543859649,False,7.368491509899246,False,1.0875541100498896,False
repaglinide,Product dispensing error,4,370,29,52289,21.28230508474576,True,21.528648871200165,True,2.6156227920408863,True
repaglinide,Product monitoring error,2,372,21,52297,16.22294573643411,False,16.325113157484,False,1.9143021396032847,False
repaglinide,Product preparation error,4,370,1,52317,418.55199999999996,True,423.62348178137654,True,3.0709954608637586,True
repaglinide,Product solubility abnormal,1,373,19,52299,10.732102564102565,False,10.771187313355988,False,1.2244138557099662,False
repaglinide,Product storage error,1,373,45,52273,4.599472527472527,False,4.613928240434265,False,0.8598737221952645,False
repaglinide,Pruritus,4,370,162,52156,3.8635569230769233,True,3.8983369666770478,True,1.4229730527929494,True
repaglinide,Psoriasis,4,370,32,52286,19.317784615384614,True,19.540267829336656,True,2.5743780703112984,True
repaglinide,Pyrexia,1,373,134,52184,1.5559553903345726,False,1.5581881429061972,False,0.04076402522225371,False
repaglinide,Rash,1,373,144,52174,1.4482768166089965,False,1.4500771251094342,False,-0.027803747150162733,False
repaglinide,Rash maculo-papular,5,369,11,52307,66.72568115942029,True,67.70400658939813,True,3.164142051471547,True
repaglinide,Renal disorder,1,373,36,52282,5.7335890410958905,False,5.752599438851296,False,0.9759252608970244,False
repaglinide,Renal failure,4,370,399,51919,1.5715344180225281,False,1.578476131601749,False,0.42127733726294225,True
repaglinide,Renal impairment,1,373,220,52098,0.9490975056689344,False,0.9488930779808576,False,-0.4637097888701596,False
repaglinide,Renal injury,1,373,20,52298,10.20858536585366,False,10.245567636399256,False,1.2085501159082312,False
repaglinide,Rhabdomyolysis,4,370,89,52229,7.014837988826815,True,7.087892701241716,True,1.955675576294659,True
repaglinide,Shock,4,370,282,52036,2.2224000000000004,True,2.237246963562753,True,0.8307958413003554,True
repaglinide,Soft tissue necrosis,2,372,0,52318,697.5866666666667,False,702.261744966443,False,2.2815386348475863,False
repaglinide,Sopor,3,371,33,52285,14.576437810945276,True,14.704345031236818,True,2.21180799092659,True
repaglinide,Speech disorder,1,373,22,52296,9.301155555555555,False,9.334493529674253,False,1.1773365454370786,False
repaglinide,Stress,2,372,49,52269,7.046329966329967,False,7.086909362077147,False,1.53618432914081,False
repaglinide,Suicide attempt,1,373,223,52095,0.936357941834452,False,0.9361023512394095,False,-0.47848437091079915,False
repaglinide,Syncope,3,371,70,52248,6.9263924349881805,True,6.98222654944971,True,1.7814144741115177,True
repaglinide,Therapy non-responder,1,373,50,52268,4.144079207920792,False,4.156706032048988,False,0.7992187349746036,False
repaglinide,Toxicity to various agents,1,373,1114,51204,0.18777568416330195,False,0.18451373911978106,False,-2.487847253726766,False
repaglinide,Underdose,1,373,6,52312,32.19630769230769,False,32.32159406858202,False,1.4482855850877299,False
repaglinide,Urticaria,4,370,100,52218,6.247044776119403,True,6.310774064898181,True,1.861707933052882,True
repaglinide,Visual impairment,6,368,79,52239,11.407077568134172,True,11.5906488142478,True,2.5585918470045073,True
repaglinide,Wrong technique in product usage process,2,372,38,52280,9.0595670995671,False,9.113658153926611,False,1.6731606762641653,False
rosiglitazone,Bone density decreased,1,6,4,52681,2195.25,False,2701.6153846153848,False,1.583047188496016,False
rosiglitazone,Foetal exposure during pregnancy,1,6,156,52529,63.12220447284345,False,77.4580978127304,False,1.5260031017069338,False
rosiglitazone,Kyphosis,1,6,0,52685,19757.25,False,24316.384615384617,False,1.5845792348016658,False
rosiglitazone,Limb deformity,1,6,0,52685,19757.25,False,24316.384615384617,False,1.5845792348016658,False
rosiglitazone,Multiple fractures,1,6,0,52685,19757.25,False,24316.384615384617,False,1.5845792348016658,False
rosiglitazone,Osteopenia,1,6,1,52684,6585.75,False,8105.307692307692,False,1.58419607067344,False
rosiglitazone,Spinal compression fracture,1,6,2,52683,3951.45,False,4863.092307692307,False,1.5838130082824238,False
saxagliptin,Abdominal pain upper,2,134,205,52351,4.667004102509456,False,4.735164030065395,False,1.2733087492047808,False
saxagliptin,Acne,2,134,14,52542,66.1427133148754,False,67.35354441738238,False,2.207436886190775,False
saxagliptin,Angina pectoris,2,134,65,52491,14.642280046804478,False,14.89585402536962,False,1.893400871522475,False
saxagliptin,Arrhythmia,2,134,43,52513,22.047571104958468,False,22.43878989873093,False,2.0205823880314524,False
saxagliptin,Arthralgia,2,134,216,52340,4.429881492220293,False,4.493633936313607,False,1.234239790765402,False
saxagliptin,Asthenia,6,130,304,52252,8.189097838984575,True,8.54717550912557,True,2.321793308451357,True
saxagliptin,Blindness,1,135,52,52504,10.960792492179355,False,11.071059567738535,False,1.2360616794768025,False
saxagliptin,Blood glucose decreased,1,135,108,52448,5.303609270409365,False,5.351250701447107,False,0.9409529923602221,False
saxagliptin,Blood glucose increased,2,134,434,52122,2.20729423030079,False,2.229734643503407,False,0.6211935477715037,False
saxagliptin,Blood pressure diastolic abnormal,2,134,9,52547,100.95466769112562,False,102.81256114263354,False,2.2422491858364384,False
saxagliptin,Blood pressure diastolic decreased,2,134,23,52533,40.81146140705078,False,41.55145139602942,False,2.146816355610406,False
saxagliptin,Blood pressure fluctuation,2,134,20,52536,46.78387039344846,False,47.63487170187687,False,2.166741510746546,False
saxagliptin,Blood pressure systolic increased,1,135,72,52484,7.937125597785049,False,8.013920346100013,False,1.1236105983311553,False
saxagliptin,Cardiac failure acute,1,135,16,52540,34.87524883875249,False,35.25025159342503,False,1.463608511487839,False
saxagliptin,Cold sweat,1,135,23,52533,24.48687684423047,False,24.746879170919367,False,1.4164619505039375,False
saxagliptin,Condition aggravated,1,135,235,52321,2.4434887721418943,False,2.45946835264531,False,0.43554089017591646,False
saxagliptin,Confusional state,1,135,200,52356,2.870032946830005,False,2.890734418566131,False,0.5581080188044929,False
saxagliptin,Cyst,2,134,11,52545,83.39733417962552,False,84.92888314207208,False,2.228223303288168,False
saxagliptin,Decreased appetite,2,134,197,52359,4.856047306661739,False,4.927721048421251,False,1.302402150955563,False
saxagliptin,Dehydration,1,135,322,52234,1.7843150568664063,False,1.7929975113704626,False,0.1695554218382701,False
saxagliptin,Diabetes mellitus,1,135,181,52375,3.1704771671593175,False,3.194504589673996,False,0.6292796165208681,False
saxagliptin,Diarrhoea,2,134,1093,51463,0.8770638711163177,False,0.8747788129586285,False,-0.4119622133070956,False
saxagliptin,Dizziness,7,129,328,52228,8.758624137586242,True,9.207965303855715,True,2.458362378467645,True
saxagliptin,Drug interaction,2,134,339,52217,2.8249465186029257,False,2.8588674576104154,False,0.8571201581177762,False
saxagliptin,Dyspepsia,2,134,65,52491,14.642280046804478,False,14.89585402536962,False,1.893400871522475,False
saxagliptin,Dyspnoea,2,134,376,52180,2.5473289324454007,False,2.5760896932715234,False,0.7605951395986514,False
saxagliptin,Electrolyte imbalance,1,135,26,52530,21.71477757884589,False,21.94409245979252,False,1.3967185828549948,False
saxagliptin,Erythema,3,133,59,52497,22.566337483898668,True,23.131747080854815,True,2.406763893283697,True
saxagliptin,Eye disorder,1,135,23,52533,24.48687684423047,False,24.746879170919367,False,1.4164619505039375,False
saxagliptin,Eye pruritus,1,135,3,52553,164.41188738269034,False,166.22087506589352,False,1.5554766858086184,False
saxagliptin,Fall,2,134,194,52362,4.930947779258063,False,5.004013723110444,False,1.3134652352146452,False
saxagliptin,Fatigue,3,133,438,52118,3.06202298812308,True,3.1160835159015883,True,1.095210571247999,True
saxagliptin,Feeling of body temperature change,2,134,0,52556,1918.1386861313865,False,1953.7732342007434,False,2.307109859821569,False
saxagliptin,General physical health deterioration,1,135,148,52408,3.8750276487502764,False,3.9068545230906855,False,0.7619069281425473,False
saxagliptin,Haemolytic anaemia,1,135,8,52548,67.699012451696,False,68.4373779031908,False,1.5194471736713007,False
saxagliptin,Heart rate decreased,2,134,42,52514,22.566337483898668,False,22.96719877542095,False,2.026638527721612,False
saxagliptin,Hyperglycaemia,1,135,290,52266,1.9808661130444614,False,1.9917244094988282,False,0.26178642807485714,False
saxagliptin,Hypertension,2,134,175,52381,5.464782581570903,False,5.547771105391924,False,1.3855731452182412,False
saxagliptin,Hypoaesthesia,1,135,88,52468,6.502165037733516,False,6.563074613796985,False,1.0395628428323025,False
saxagliptin,Hypoglycaemia,1,135,879,51677,0.6542826672420876,False,0.650455538097166,False,-0.8856069183946323,False
saxagliptin,Hypoglycaemic coma,1,135,66,52490,8.65325723066791,False,8.737979635435453,False,1.156435277356269,False
saxagliptin,Infusion related reaction,2,134,8,52548,112.83168741949333,False,114.91034331948393,False,2.249313595629944,False
saxagliptin,Joint stiffness,2,134,6,52550,147.54912970241438,False,150.2730912210466,False,2.263547046268093,False
saxagliptin,Ketoacidosis,2,134,161,52395,5.938509864183859,False,6.0303037278304,False,1.4411108999271454,False
saxagliptin,Lip disorder,1,135,1,52555,383.62773722627736,False,387.86346863468634,False,1.570144265655363,False
saxagliptin,Loss of consciousness,2,134,130,52426,7.34919036831949,False,7.467205059180447,False,1.5722704708345878,False
saxagliptin,Musculoskeletal pain,2,134,32,52524,29.509825940482873,False,30.039748355733487,False,2.0886406521730345,False
saxagliptin,Myocardial ischaemia,1,135,13,52543,42.62530413625305,False,43.08610086100861,False,1.4842955734915793,False
saxagliptin,Nasopharyngitis,2,134,82,52474,11.625082946250828,False,11.822575194322406,False,1.802271251407525,False
saxagliptin,Nausea,7,129,652,51904,4.409514220991694,True,4.606976434562641,True,1.7687947947083984,True
saxagliptin,Neuralgia,2,134,8,52548,112.83168741949333,False,114.91034331948393,False,2.249313595629944,False
saxagliptin,Ocular hyperaemia,1,135,12,52544,46.035328467153285,False,46.53387453874539,False,1.4912577091219619,False
saxagliptin,Off label use,1,135,266,52290,2.1592555566206983,False,2.1720886439633627,False,0.3350477204028588,False
saxagliptin,Oxygen saturation decreased,2,134,40,52516,23.680724520140576,False,24.10229932534765,False,2.038827612191129,False
saxagliptin,Pain in extremity,2,134,149,52407,6.415179552278885,False,6.515833447302657,False,1.4904779183150594,False
saxagliptin,Palpitations,2,134,65,52491,14.642280046804478,False,14.89585402536962,False,1.893400871522475,False
saxagliptin,Pancreatitis necrotising,1,135,1,52555,383.62773722627736,False,387.86346863468634,False,1.570144265655363,False
saxagliptin,Pemphigoid,1,135,78,52478,7.3304663164256825,False,7.400545279338144,False,1.0915161731784817,False
saxagliptin,Pharyngeal oedema,2,134,1,52555,639.3795620437955,False,651.2453531598513,False,2.299757429699999,False
saxagliptin,Product prescribing error,1,135,53,52503,10.75591786615731,False,10.863916956926579,False,1.230226012559734,False
saxagliptin,Pruritus,1,135,165,52391,3.476988554920943,False,3.504409092429293,False,0.6920630565510473,False
saxagliptin,Pyrexia,1,135,134,52422,4.278376251594172,False,4.314668239619199,False,0.8220779722652567,False
saxagliptin,Rash,2,134,143,52413,6.683410056206922,False,6.789049648329728,False,1.5158097038095886,False
saxagliptin,Scab,2,134,8,52548,112.83168741949333,False,114.91034331948393,False,2.249313595629944,False
saxagliptin,Seizure,1,135,78,52478,7.3304663164256825,False,7.400545279338144,False,1.0915161731784817,False
saxagliptin,Sinusitis,2,134,20,52536,46.78387039344846,False,47.63487170187687,False,2.166741510746546,False
saxagliptin,Speech disorder,1,135,22,52534,25.575182481751828,False,25.847232472324723,False,1.4231035750413263,False
saxagliptin,Syncope,2,134,71,52485,13.413557245674033,False,13.644292510463513,False,1.8605761924973616,False
saxagliptin,Thermal burn,2,134,0,52556,1918.1386861313865,False,1953.7732342007434,False,2.307109859821569,False
saxagliptin,Toxicity to various agents,2,134,1113,51443,0.8613105909884987,False,0.858732720932523,False,-0.4341798260343975,False
saxagliptin,Vertigo,2,134,33,52523,28.628935613901294,False,29.14248460300727,False,2.082319148226763,False
saxagliptin,Vision blurred,1,135,74,52482,7.724048400529075,False,7.798484360682533,False,1.1128329307640217,False
saxagliptin,Vomiting,3,133,620,51936,2.1638953751683654,True,2.1944094861278356,True,0.7314896146556635,True
saxagliptin,Weight decreased,2,134,315,52241,3.0398394391939565,False,3.077754670405741,False,0.9233711653758115,False
saxagliptin,Yellow skin,1,135,2,52554,230.17664233576645,False,232.71365313653138,False,1.562791835533793,False
sitagliptin,Abdominal pain,7,358,297,52030,3.6043532166965147,True,3.6588375936148516,True,1.5251517712436857,True
sitagliptin,Abdominal pain lower,1,364,21,52306,9.974837971788029,False,10.011771461383864,False,1.2011447587949151,False
sitagliptin,Abdominal pain upper,2,363,205,52122,1.7393269780490073,False,1.744411757815507,False,0.37041573091461993,False
sitagliptin,Accidental exposure to product,1,364,28,52299,7.5248777681909695,False,7.551729117031261,False,1.097714113338905,False
sitagliptin,Accidental overdose,1,364,80,52247,2.6640871601669893,False,2.6709352554763184,False,0.4994142924010202,False
sitagliptin,Acquired haemophilia,1,364,5,52322,38.992548435171386,False,39.148896371118596,False,1.4697633201020417,False
sitagliptin,Acute hepatic failure,1,364,20,52307,10.46141543382647,False,10.500351299809294,False,1.21654501586658,False
sitagliptin,Acute kidney injury,5,360,1832,50495,0.42911308418878924,False,0.4204032976784934,False,-1.2657627493756587,False
sitagliptin,Adenocarcinoma pancreas,1,364,0,52327,428.91803278688525,False,430.679012345679,False,1.5651124527650293,False
sitagliptin,Adverse event,2,363,56,52271,6.326224672372939,False,6.3628562038197956,False,1.4710986431347925,False
sitagliptin,Adverse reaction,1,364,10,52317,20.424668227946917,False,20.504605134234765,False,1.380327131449108,False
sitagliptin,Agitation,1,364,70,52257,3.0419718637367748,False,3.0503750401307532,False,0.5968117105207128,False
sitagliptin,Agranulocytosis,1,364,34,52293,6.216203373722975,False,6.237669231228008,False,1.0146031924930141,False
sitagliptin,Alopecia,1,364,46,52281,4.612021857923498,False,4.626886145404664,False,0.8614978750360054,False
sitagliptin,Altered state of consciousness,1,364,43,52284,4.930092330883739,False,4.946265550352396,False,0.8982780357158773,False
sitagliptin,Anaemia,2,363,106,52221,3.356166140742451,False,3.3723708597296755,False,1.0021701094115885,False
sitagliptin,Anaphylactic shock,1,364,5,52322,38.992548435171386,False,39.148896371118596,False,1.4697633201020417,False
sitagliptin,Antiphospholipid antibodies positive,1,364,0,52327,428.91803278688525,False,430.679012345679,False,1.5651124527650293,False
sitagliptin,Anuria,1,364,90,52237,2.369712888325333,False,2.375349566878112,False,0.4081784647533581,False
sitagliptin,Aptyalism,1,364,1,52326,142.97267759562843,False,143.55692729766804,False,1.5455318190344083,False
sitagliptin,Arrhythmia,1,364,44,52283,4.819303739178486,False,4.835021038516669,False,0.8859135027278744,False
sitagliptin,Arthralgia,1,364,217,52110,0.9860184661767477,False,0.9859609290005203,False,-0.4223021976558322,False
sitagliptin,Aspergillus infection,1,364,2,52325,85.78360655737706,False,86.13251028806584,False,1.5262133841167933,False
sitagliptin,Asthenia,1,364,309,52018,0.6929208930321249,False,0.6916571930034504,False,-0.8196054077295869,False
sitagliptin,Atrial fibrillation,1,364,78,52249,2.731961992273155,False,2.739089407879217,False,0.5183748393124807,False
sitagliptin,Bacterial infection,1,364,2,52325,85.78360655737706,False,86.13251028806584,False,1.5262133841167933,False
sitagliptin,Balance disorder,1,364,37,52290,5.718907103825138,False,5.738326474622771,False,0.974776846873487,False
sitagliptin,Blood count abnormal,1,364,24,52303,8.753429240548678,False,8.785336356764928,False,1.155906437650604,False
sitagliptin,Body mass index abnormal,1,364,2,52325,85.78360655737706,False,86.13251028806584,False,1.5262133841167933,False
sitagliptin,Bradycardia,2,363,115,52212,3.0946467012040784,False,3.1090527995617405,False,0.9318497273699999,False
sitagliptin,COVID-19,3,362,53,52274,9.353352739900926,True,9.434005800837898,True,1.9788619725515133,True
sitagliptin,Carbohydrate antigen 19-9 increased,1,364,1,52326,142.97267759562843,False,143.55692729766804,False,1.5455318190344083,False
sitagliptin,Cellulitis,1,364,21,52306,9.974837971788029,False,10.011771461383864,False,1.2011447587949151,False
sitagliptin,Cerebrovascular disorder,1,364,0,52327,428.91803278688525,False,430.679012345679,False,1.5651124527650293,False
sitagliptin,Choking,1,364,21,52306,9.974837971788029,False,10.011771461383864,False,1.2011447587949151,False
sitagliptin,Choking sensation,1,364,5,52322,38.992548435171386,False,39.148896371118596,False,1.4697633201020417,False
sitagliptin,Cholecystitis acute,1,364,0,52327,428.91803278688525,False,430.679012345679,False,1.5651124527650293,False
sitagliptin,Chronic kidney disease,2,363,51,52276,6.9404212425062335,False,6.981276959442315,False,1.527602017256162,False
sitagliptin,Cognitive disorder,1,364,27,52300,7.798509687034278,False,7.82648709315376,False,1.1120436239050244,False
sitagliptin,Colitis,1,364,39,52288,5.429342187175763,False,5.447569932802001,False,0.9488239186287517,False
sitagliptin,Coma,1,364,135,52192,1.5827233682172888,False,1.5851214067696233,False,0.05681280655684206,False
sitagliptin,Compartment syndrome,1,364,20,52307,10.46141543382647,False,10.500351299809294,False,1.21654501586658,False
sitagliptin,Condition aggravated,5,360,231,52096,3.396759078945815,True,3.4333254449214103,True,1.3653420091607544,True
sitagliptin,Confusional state,3,362,198,52129,2.5209288241042795,True,2.5356136541301137,True,0.8871861925362196,True
sitagliptin,Constipation,1,364,135,52192,1.5827233682172888,False,1.5851214067696233,False,0.05681280655684206,False
sitagliptin,Crohn's disease,1,364,0,52327,428.91803278688525,False,430.679012345679,False,1.5651124527650293,False
sitagliptin,Death,1,364,201,52126,1.064312736443884,False,1.0645773979107311,False,-0.3404776856596882,False
sitagliptin,Decreased vibratory sense,1,364,11,52316,18.648610121168925,False,18.72123814635892,False,1.3630864760988033,False
sitagliptin,Deep vein thrombosis,1,364,7,52320,28.594535519125685,False,28.70809327846365,False,1.4333208655670056,False
sitagliptin,Dehydration,1,364,322,52005,0.664989198119202,False,0.6636105528439723,False,-0.8678629577616647,False
sitagliptin,Depressed level of consciousness,3,362,117,52210,4.258760609231485,True,4.290224504768892,True,1.3945780242939518,True
sitagliptin,Dermatitis bullous,2,363,23,52304,15.209859318683874,False,15.307588750036583,False,1.8928720318168102,False
sitagliptin,Diabetes mellitus,3,362,179,52148,2.787768086822838,True,2.80502929593699,True,0.9911872160448463,True
sitagliptin,Diabetes mellitus inadequate control,9,356,273,52054,4.966144194363693,True,5.0718338713523465,True,1.9531288941843126,True
sitagliptin,Diabetic ketoacidosis,1,364,407,51920,0.5262797948305341,False,0.5243303289656391,False,-1.1489278074733018,False
sitagliptin,Diabetic metabolic decompensation,2,363,69,52258,5.142902071785195,False,5.171395208454969,False,1.333777304686919,False
sitagliptin,Diabetic nephropathy,1,364,12,52315,17.156721311475412,False,17.22320987654321,False,1.3460494212577812,False
sitagliptin,Diabetic neuropathy,1,364,34,52293,6.216203373722975,False,6.237669231228008,False,1.0146031924930141,False
sitagliptin,Diarrhoea,5,360,1090,51237,0.72109099199996,False,0.7168357921552991,False,-0.555837083419682,False
sitagliptin,Disorientation,1,364,34,52293,6.216203373722975,False,6.237669231228008,False,1.0146031924930141,False
sitagliptin,Disturbance in attention,1,364,39,52288,5.429342187175763,False,5.447569932802001,False,0.9488239186287517,False
sitagliptin,Dizziness,2,363,333,51994,1.07175920236603,False,1.0722527319558928,False,-0.1740540413610225,False
sitagliptin,Drug ineffective,3,362,642,51685,0.7788394888477813,False,0.776704145981484,False,-0.5052945113517292,False
sitagliptin,Drug interaction,1,364,340,51987,0.6298355841217111,False,0.6283122737683025,False,-0.9321233150121868,False
sitagliptin,Drug reaction with eosinophilia and systemic symptoms,2,363,16,52311,21.662526908428546,False,21.80463507148514,False,2.0007230071656266,False
sitagliptin,Dysarthria,1,364,39,52288,5.429342187175763,False,5.447569932802001,False,0.9488239186287517,False
sitagliptin,Dyslipidaemia,1,364,13,52314,15.885853066180937,False,15.947111720774272,False,1.329211214228273,False
sitagliptin,Dyspnoea,3,362,375,51952,1.3326348111443393,False,1.3358464575967675,False,0.16653780028593587,True
sitagliptin,Dysuria,1,364,41,52286,5.167687142010665,False,5.1848381179037135,False,0.923329624465606,False
sitagliptin,Ecthyma,1,364,2,52325,85.78360655737706,False,86.13251028806584,False,1.5262133841167933,False
sitagliptin,Electrolyte imbalance,1,364,26,52301,8.092793071450664,False,8.121981520304372,False,1.1265168908072076,False
sitagliptin,End stage renal disease,1,364,4,52323,47.65755919854281,False,47.849565614997715,False,1.4883356643340884,False
sitagliptin,Enteritis,1,364,5,52322,38.992548435171386,False,39.148896371118596,False,1.4697633201020417,False
sitagliptin,Erythema,2,363,60,52267,5.907961884116877,False,5.941716780156195,False,1.4274370852080687,False
sitagliptin,Erythema multiforme,1,364,9,52318,22.57463330457291,False,22.66341780376868,False,1.3977763124621294,False
sitagliptin,Extraocular muscle paresis,1,364,0,52327,428.91803278688525,False,430.679012345679,False,1.5651124527650293,False
sitagliptin,Eyelid function disorder,1,364,0,52327,428.91803278688525,False,430.679012345679,False,1.5651124527650293,False
sitagliptin,Faeces discoloured,1,364,14,52313,14.790276992651215,False,14.847027103732085,False,1.3125672668095345,False
sitagliptin,Fall,4,361,192,52135,3.3422184373004042,True,3.3713746834078786,True,1.2764064064762362,True
sitagliptin,Fatigue,4,361,437,51890,1.4705761124121781,False,1.47643390634262,False,0.34014522127404784,True
sitagliptin,Flatulence,2,363,73,52254,4.863016244749265,False,4.889584444506826,False,1.2940258748429445,False
sitagliptin,Formication,1,364,0,52327,428.91803278688525,False,430.679012345679,False,1.5651124527650293,False
sitagliptin,Fracture,1,364,4,52323,47.65755919854281,False,47.849565614997715,False,1.4883356643340884,False
sitagliptin,Frequent bowel movements,1,364,19,52308,10.997898276586803,False,11.039041890893742,False,1.2321114405873534,False
sitagliptin,Fulminant type 1 diabetes mellitus,1,364,1,52326,142.97267759562843,False,143.55692729766804,False,1.5455318190344083,False
sitagliptin,Fungal infection,1,364,29,52298,7.269797165879411,False,7.295598800306898,False,1.0835255314399874,False
sitagliptin,Gait inability,1,364,69,52258,3.085741243071117,False,3.094324540367706,False,0.6069230970905011,False
sitagliptin,Gastrointestinal disorder,1,364,130,52197,1.6433641102945795,False,1.646011699225833,False,0.09188574337049606,False
sitagliptin,General physical health deterioration,8,357,141,52186,8.588464731892874,True,8.76888976747634,True,2.4719240193411656,True
sitagliptin,Glycosylated haemoglobin abnormal,2,363,10,52317,34.04111371324486,False,34.26835658610074,False,2.1000520702650096,False
sitagliptin,Groin abscess,1,364,4,52323,47.65755919854281,False,47.849565614997715,False,1.4883356643340884,False
sitagliptin,Haematochezia,2,363,33,52294,10.669602805643912,False,10.736106263729496,False,1.7515687866592202,False
sitagliptin,Haematoma,1,364,35,52292,6.041099053336412,False,6.061844316930389,False,1.0012052133186025,False
sitagliptin,Headache,3,362,322,52005,1.5516414622781378,False,1.5569676557070302,False,0.34724643509420655,True
sitagliptin,Hemiparesis,1,364,25,52302,8.410157505625202,False,8.440651980956991,False,1.1411368276813,False
sitagliptin,Hepatitis cholestatic,1,364,2,52325,85.78360655737706,False,86.13251028806584,False,1.5262133841167933,False
sitagliptin,Hyperglycaemia,3,362,288,52039,1.7345038876419394,False,1.7415956493157234,False,0.47635437650138157,True
sitagliptin,Hyperkalaemia,2,363,364,51963,0.9806082139617861,False,0.9804748454195701,False,-0.2799107713516437,False
sitagliptin,Hypertension,1,364,176,52151,1.2150652486880604,False,1.2159502908637312,False,-0.20254305927747476,False
sitagliptin,Hypertensive emergency,1,364,0,52327,428.91803278688525,False,430.679012345679,False,1.5651124527650293,False
sitagliptin,Hypoglycaemia,15,350,865,51462,2.5604581198523864,True,2.6294655402738187,True,1.232648215141953,True
sitagliptin,Hypokalaemia,1,364,69,52258,3.085741243071117,False,3.094324540367706,False,0.6069230970905011,False
sitagliptin,Hypotension,2,363,407,51920,0.8771329913842234,False,0.8762879638146513,False,-0.41496357199551653,False
sitagliptin,Hypothermia,2,363,80,52247,4.440145266944982,False,4.463805138106914,False,1.2269922472161257,False
sitagliptin,Infection,1,364,41,52286,5.167687142010665,False,5.1848381179037135,False,0.923329624465606,False
sitagliptin,Inflammatory bowel disease,2,363,2,52325,142.9726775956284,False,143.94910591471802,False,2.2441158128029923,False
sitagliptin,Infrequent bowel movements,1,364,6,52321,32.99369482976041,False,33.12535612535613,False,1.451427028913473,False
sitagliptin,Insomnia,1,364,87,52240,2.45096018735363,False,2.456931216931217,False,0.43494854950688205,False
sitagliptin,Intentional overdose,1,364,339,51988,0.6316907699365026,False,0.6301750940926198,False,-0.9286274032319394,False
sitagliptin,Intentional self-injury,1,364,12,52315,17.156721311475412,False,17.22320987654321,False,1.3460494212577812,False
sitagliptin,Interstitial lung disease,1,364,22,52305,9.531511839708562,False,9.566620941929584,False,1.1859071592141295,False
sitagliptin,Joint stiffness,1,364,7,52320,28.594535519125685,False,28.70809327846365,False,1.4333208655670056,False
sitagliptin,Joint swelling,1,364,70,52257,3.0419718637367748,False,3.0503750401307532,False,0.5968117105207128,False
sitagliptin,Ketoacidosis,2,363,161,52166,2.213199343585579,False,2.221543218025645,False,0.6178451523968893,False
sitagliptin,Klebsiella infection,1,364,11,52316,18.648610121168925,False,18.72123814635892,False,1.3630864760988033,False
sitagliptin,Labelled drug-drug interaction medication error,1,364,12,52315,17.156721311475412,False,17.22320987654321,False,1.3460494212577812,False
sitagliptin,Laboratory test abnormal,1,364,7,52320,28.594535519125685,False,28.70809327846365,False,1.4333208655670056,False
sitagliptin,Lactic acidosis,9,356,3080,49247,0.44091557771740625,False,0.42601711485153065,False,-1.2047766659810246,False
sitagliptin,Lichenoid keratosis,1,364,0,52327,428.91803278688525,False,430.679012345679,False,1.5651124527650293,False
sitagliptin,Loss of consciousness,3,362,129,52198,3.864126421503471,True,3.891780055917987,True,1.3071950337313345,True
sitagliptin,Malaise,4,361,378,51949,1.6998072633562162,False,1.708518557090941,False,0.5163456891584463,True
sitagliptin,Medication error,2,363,100,52227,3.55653426854797,False,3.5741170351817253,False,1.0510297856442818,False
sitagliptin,Melaena,1,364,9,52318,22.57463330457291,False,22.66341780376868,False,1.3977763124621294,False
sitagliptin,Memory impairment,1,364,85,52242,2.50829258939699,False,2.5144995547854547,False,0.4530752811431411,False
sitagliptin,Mental status changes,1,364,92,52235,2.3184758529020826,False,2.323901679457235,False,0.3906037825829119,False
sitagliptin,Metabolic acidosis,1,364,910,51417,0.23553983129428074,False,0.2323939046740926,False,-2.182806797518325,False
sitagliptin,Micturition disorder,1,364,1,52326,142.97267759562843,False,143.55692729766804,False,1.5455318190344083,False
sitagliptin,Monogenic diabetes,1,364,0,52327,428.91803278688525,False,430.679012345679,False,1.5651124527650293,False
sitagliptin,Muscular weakness,2,363,62,52265,5.718907103825137,False,5.751361760660248,False,1.4060920254949882,False
sitagliptin,Musculoskeletal pain,1,364,33,52294,6.401761683386347,False,6.423991155334439,False,1.0281267628864805,False
sitagliptin,Myocarditis,1,364,7,52320,28.594535519125685,False,28.70809327846365,False,1.4333208655670056,False
sitagliptin,Nausea,3,362,656,51671,0.7622305736248278,False,0.7599348688184469,False,-0.5331858321983745,False
sitagliptin,Nephrotic syndrome,1,364,4,52323,47.65755919854281,False,47.849565614997715,False,1.4883356643340884,False
sitagliptin,Neurodermatitis,1,364,2,52325,85.78360655737706,False,86.13251028806584,False,1.5262133841167933,False
sitagliptin,Nocturnal dyspnoea,1,364,1,52326,142.97267759562843,False,143.55692729766804,False,1.5455318190344083,False
sitagliptin,Nodular rash,1,364,2,52325,85.78360655737706,False,86.13251028806584,False,1.5262133841167933,False
sitagliptin,Obstructive pancreatitis,1,364,9,52318,22.57463330457291,False,22.66341780376868,False,1.3977763124621294,False
sitagliptin,Oculomucocutaneous syndrome,1,364,0,52327,428.91803278688525,False,430.679012345679,False,1.5651124527650293,False
sitagliptin,Oedema,2,363,43,52284,8.216820551472898,False,8.266454805609575,False,1.6228790968940805,False
sitagliptin,Oedema peripheral,2,363,87,52240,4.084933645589383,False,4.1061505207309885,False,1.162935476024662,False
sitagliptin,Oral mucosa erosion,1,364,0,52327,428.91803278688525,False,430.679012345679,False,1.5651124527650293,False
sitagliptin,Oral pain,1,364,9,52318,22.57463330457291,False,22.66341780376868,False,1.3977763124621294,False
sitagliptin,Organising pneumonia,1,364,0,52327,428.91803278688525,False,430.679012345679,False,1.5651124527650293,False
sitagliptin,Oropharyngeal pain,1,364,46,52281,4.612021857923498,False,4.626886145404664,False,0.8614978750360054,False
sitagliptin,Orthostatic hypotension,1,364,15,52312,13.836065573770492,False,13.88888888888889,False,1.2961131477930696,False
sitagliptin,Overdose,2,363,419,51908,0.8520421787582145,False,0.8510245871403207,False,-0.45050112825983357,False
sitagliptin,Pain,3,362,206,52121,2.4232657219598037,True,2.4370075978959673,True,0.8455442003524992,True
sitagliptin,Palpitations,1,364,66,52261,3.224947614938987,False,3.234103777963427,False,0.6376895447928034,False
sitagliptin,Pancreatectomy,1,364,1,52326,142.97267759562843,False,143.55692729766804,False,1.5455318190344083,False
sitagliptin,Pancreatic carcinoma,2,363,23,52304,15.209859318683874,False,15.307588750036583,False,1.8928720318168102,False
sitagliptin,Pancreatic neuroendocrine tumour,1,364,4,52323,47.65755919854281,False,47.849565614997715,False,1.4883356643340884,False
sitagliptin,Pancreatitis,3,362,96,52231,5.185537529375124,True,5.225949615865642,True,1.561521318551124,True
sitagliptin,Pancreatitis chronic,1,364,10,52317,20.424668227946917,False,20.504605134234765,False,1.380327131449108,False
sitagliptin,Pancytopenia,1,364,53,52274,4.008579745671825,False,4.020960732279527,False,0.7791573236523175,False
sitagliptin,Papule,1,364,4,52323,47.65755919854281,False,47.849565614997715,False,1.4883356643340884,False
sitagliptin,Paraesthesia,2,363,82,52245,4.332505381685709,False,4.3554249510233,False,1.2083982612645578,False
sitagliptin,Pemphigoid,3,362,76,52251,6.541233615486267,True,6.594735181428893,True,1.7407672606489286,True
sitagliptin,Penile pain,1,364,8,52319,25.2304725168756,False,25.330186395545873,False,1.4154391251928293,False
sitagliptin,Peripheral arterial occlusive disease,1,364,32,52295,6.598738965952081,False,6.621779044001266,False,1.0417783013541766,False
sitagliptin,Peripheral swelling,2,363,100,52227,3.55653426854797,False,3.5741170351817253,False,1.0510297856442818,False
sitagliptin,Pneumonia,1,364,184,52143,1.1623794926473856,False,1.1630477210121895,False,-0.24813308727341074,False
sitagliptin,Pneumonia aspiration,3,362,33,52294,14.937443927901477,True,15.072012352032939,True,2.2235976346550506,True
sitagliptin,Pollakiuria,1,364,86,52241,2.479294987207429,False,2.485382620899641,False,0.4439834463633452,False
sitagliptin,Polymyalgia rheumatica,1,364,6,52321,32.99369482976041,False,33.12535612535613,False,1.451427028913473,False
sitagliptin,Polyuria,1,364,44,52283,4.819303739178486,False,4.835021038516669,False,0.8859135027278744,False
sitagliptin,Product monitoring error,5,360,18,52309,42.50539063653817,True,43.13862128425235,True,3.0603762771302705,True
sitagliptin,Product prescribing error,5,360,49,52278,15.885853066180935,True,16.11296039451379,True,2.6536264415684587,True
sitagliptin,Product used for unknown indication,1,364,1,52326,142.97267759562843,False,143.55692729766804,False,1.5455318190344083,False
sitagliptin,Proteinuria,1,364,21,52306,9.974837971788029,False,10.011771461383864,False,1.2011447587949151,False
sitagliptin,Pruritus,2,363,164,52163,2.1728370455262676,False,2.1809033250690892,False,0.5995583176800423,False
sitagliptin,Pulmonary fibrosis,1,364,13,52314,15.885853066180937,False,15.947111720774272,False,1.329211214228273,False
sitagliptin,Pyoderma gangrenosum,1,364,2,52325,85.78360655737706,False,86.13251028806584,False,1.5262133841167933,False
sitagliptin,Pyrexia,3,362,132,52195,3.776636766676977,True,3.8034456733897204,True,1.286151934936261,True
sitagliptin,Rash,2,363,143,52184,2.4908131985301116,False,2.501066384214638,False,0.7327188591448259,False
sitagliptin,Rash erythematous,1,364,18,52309,11.592379264510411,False,11.635969302635969,False,1.2478476579801163,False
sitagliptin,Renal disorder,1,364,36,52291,5.875589490231305,False,5.895653644512092,False,0.9879305141201036,False
sitagliptin,Renal failure,2,363,401,51926,0.8902408318532279,False,0.8894859544932089,False,-0.3968610396039706,False
sitagliptin,Renal impairment,2,363,219,52108,1.62839040541718,False,1.632712210131191,False,0.2998248368514874,False
sitagliptin,Respiratory acidosis,1,364,27,52300,7.798509687034278,False,7.82648709315376,False,1.1120436239050244,False
sitagliptin,Seizure,2,363,77,52250,4.612021857923497,False,4.636863823933975,False,1.2553404334786868,False
sitagliptin,Sensitive skin,1,364,0,52327,428.91803278688525,False,430.679012345679,False,1.5651124527650293,False
sitagliptin,Sepsis,2,363,73,52254,4.863016244749265,False,4.889584444506826,False,1.2940258748429445,False
sitagliptin,Septic shock,1,364,94,52233,2.2694075808829908,False,2.2746314803927974,False,0.37324061830998817,False
sitagliptin,Seronegative arthritis,2,363,0,52327,714.8633879781421,False,719.7730398899587,False,2.2824974132006144,False
sitagliptin,Skin erosion,1,364,2,52325,85.78360655737706,False,86.13251028806584,False,1.5262133841167933,False
sitagliptin,Skin haemorrhage,1,364,16,52311,12.99751614505713,False,13.046888639481232,False,1.2798445758810242,False
sitagliptin,Skin lesion,1,364,13,52314,15.885853066180937,False,15.947111720774272,False,1.329211214228273,False
sitagliptin,Skin ulcer,1,364,18,52309,11.592379264510411,False,11.635969302635969,False,1.2478476579801163,False
sitagliptin,Somnolence,3,362,109,52218,4.569902936846571,True,4.60437096520233,True,1.4559195517250056,True
sitagliptin,Spinal compression fracture,1,364,2,52325,85.78360655737706,False,86.13251028806584,False,1.5262133841167933,False
sitagliptin,Spinal subdural haematoma,1,364,0,52327,428.91803278688525,False,430.679012345679,False,1.5651124527650293,False
sitagliptin,Splenomegaly,1,364,6,52321,32.99369482976041,False,33.12535612535613,False,1.451427028913473,False
sitagliptin,Stevens-Johnson syndrome,2,363,5,52322,64.98758072528564,False,65.42766037263974,False,2.1883926230796793,False
sitagliptin,Sudden death,1,364,9,52318,22.57463330457291,False,22.66341780376868,False,1.3977763124621294,False
sitagliptin,Suicide attempt,1,364,223,52104,0.9595481717827412,False,0.9593817033538634,False,-0.4518282502987771,False
sitagliptin,Syncope,1,364,72,52255,2.9580553985302434,False,2.9661132396764582,False,0.5767990880969562,False
sitagliptin,Tachycardia,1,364,114,52213,1.8730045099863983,False,1.8765971211386059,False,0.21021734948485019,False
sitagliptin,Temperature perception test abnormal,1,364,5,52322,38.992548435171386,False,39.148896371118596,False,1.4697633201020417,False
sitagliptin,Tension headache,1,364,6,52321,32.99369482976041,False,33.12535612535613,False,1.451427028913473,False
sitagliptin,Therapy partial responder,1,364,8,52319,25.2304725168756,False,25.330186395545873,False,1.4154391251928293,False
sitagliptin,Thirst,1,364,56,52271,3.795734803423764,False,3.8072398849193343,False,0.7452580724574819,False
sitagliptin,Thrombocytopenia,2,363,35,52292,10.068498422227352,False,10.130867737373347,False,1.7248961082863097,False
sitagliptin,Thrombotic microangiopathy,1,364,3,52324,61.274004683840744,False,61.52204585537919,False,1.5071502186367862,False
sitagliptin,Toxic skin eruption,2,363,23,52304,15.209859318683874,False,15.307588750036583,False,1.8928720318168102,False
sitagliptin,Transplant rejection,1,364,0,52327,428.91803278688525,False,430.679012345679,False,1.5651124527650293,False
sitagliptin,Treatment noncompliance,1,364,54,52273,3.9350278237328924,False,3.947106127534262,False,0.7677688395024223,False
sitagliptin,Tubulointerstitial nephritis,2,363,14,52313,24.65046165441869,False,24.813119575013044,False,2.033078741959276,False
sitagliptin,Ulcer,1,364,9,52318,22.57463330457291,False,22.66341780376868,False,1.3977763124621294,False
sitagliptin,Upper gastrointestinal haemorrhage,1,364,4,52323,47.65755919854281,False,47.849565614997715,False,1.4883356643340884,False
sitagliptin,Urinary tract infection,2,363,204,52123,1.7478322444453354,False,1.7529755198541752,False,0.37559260881742224,False
sitagliptin,Urine abnormality,1,364,6,52321,32.99369482976041,False,33.12535612535613,False,1.451427028913473,False
sitagliptin,Urosepsis,1,364,35,52292,6.041099053336412,False,6.061844316930389,False,1.0012052133186025,False
sitagliptin,Urticaria,2,363,102,52225,3.487138477942156,False,3.504243969537357,False,1.0345586822917103,False
sitagliptin,Vasculitis,1,364,12,52315,17.156721311475412,False,17.22320987654321,False,1.3460494212577812,False
sitagliptin,Ventricular arrhythmia,1,364,24,52303,8.753429240548678,False,8.785336356764928,False,1.155906437650604,False
sitagliptin,Vomiting,3,362,620,51707,0.8064534594435124,False,0.8045847342243463,False,-0.4603458844425808,False
sitagliptin,Weight decreased,1,364,316,52011,0.6775956284153006,False,0.6762688614540466,False,-0.8457906416077512,False
sitagliptin,Wound,1,364,16,52311,12.99751614505713,False,13.046888639481232,False,1.2798445758810242,False
sitagliptin,Wrong dose,1,364,23,52304,9.125915591210324,False,9.159355573067158,False,1.170828817028428,False
sitagliptin,Wrong patient received product,1,364,30,52297,7.031443160440742,False,7.0562639141874115,False,1.0694751331573582,False
